=== A: SLOG=1  LEVEL=unset ===
[INFO] RUNTIME(3689,m23_gdn_prefill_j12):2026-09-27-11:34:57.818.429 [task_fail_callback_data_manager.cc:93] 3689 TaskFailCallBackManager: Constructor.
[INFO] RUNTIME(3689,m23_gdn_prefill_j12):2026-09-27-11:34:57.818.447 [xpu_task_fail_callback_data_manager.cc:59] 3689 XpuTaskFailCallBackManager: XpuTaskFailCallBackManager Constructor.
[INFO] RUNTIME(3689,m23_gdn_prefill_j12):2026-09-27-11:34:57.819.856 [runtime_keeper.cc:211] 3689 CreateRuntimeImpl: Open libruntime_v200.so successfully
[INFO] RUNTIME(3689,m23_gdn_prefill_j12):2026-09-27-11:34:57.820.573 [runtime.cc:4440] 3689 GetVisibleDevices: ASCEND_RT_VISIBLE_DEVICES param was not set
[INFO] TDT(3689,m23_gdn_prefill_j12):2026-09-27-11:34:57.821.147 [package_worker_factory.cpp:38][RegisterPackageWorkerCreator][tid:3689] Register[2] package worker was created successfully
[INFO] TDT(3689,m23_gdn_prefill_j12):2026-09-27-11:34:57.821.154 [package_worker_factory.cpp:38][RegisterPackageWorkerCreator][tid:3689] Register[3] package worker was created successfully
[INFO] PROFILING(3689,m23_gdn_prefill_j12):2026-09-27-11:34:57.827.549 [platform.cpp:52] (tid:3689) Profiling platform version: 1.0.
[INFO] PROFILING(3689,m23_gdn_prefill_j12):2026-09-27-11:34:57.827.561 [platform.cpp:264] (tid:3689) Succeeded to DrvGetApiVersion version: 0x72418
[INFO] ASCENDCL(3689,m23_gdn_prefill_j12):2026-09-27-11:34:57.827.633 [acl.cpp:350]3689 GetAllPackageVersion: Version of runtime package is 9.1.0
[INFO] ASCENDCL(3689,m23_gdn_prefill_j12):2026-09-27-11:34:57.827.646 [acl.cpp:350]3689 GetAllPackageVersion: Version of runtime package is 9.1.0
[INFO] ASCENDCL(3689,m23_gdn_prefill_j12):2026-09-27-11:34:57.827.659 [acl.cpp:350]3689 GetAllPackageVersion: Version of bisheng-compiler package is 9.1.0
[INFO] ASCENDCL(3689,m23_gdn_prefill_j12):2026-09-27-11:34:57.827.672 [acl.cpp:350]3689 GetAllPackageVersion: Version of hccl package is 9.1.0
[INFO] ASCENDCL(3689,m23_gdn_prefill_j12):2026-09-27-11:34:57.827.689 [acl.cpp:350]3689 GetAllPackageVersion: Version of oam-tools package is 9.1.0
[INFO] ASCENDCL(3689,m23_gdn_prefill_j12):2026-09-27-11:34:57.827.705 [acl.cpp:350]3689 GetAllPackageVersion: Version of ops-legacy package is 9.1.0
[INFO] ASCENDCL(3689,m23_gdn_prefill_j12):2026-09-27-11:34:57.827.724 [acl.cpp:350]3689 GetAllPackageVersion: Version of ops-legacy package is 9.1.0
[INFO] ASCENDCL(3689,m23_gdn_prefill_j12):2026-09-27-11:34:57.827.739 [acl.cpp:350]3689 GetAllPackageVersion: Version of driver package is 25.7.rc1.6
[INFO] ATRACE(3689,m23_gdn_prefill_j12):2026-09-27-11:34:57.834.745 [atrace_client_core.c:160](tid:3689) start to receive device[0] trace log.
[INFO] TDT(3689,m23_gdn_prefill_j12):2026-09-27-11:34:57.834.758 [client_manager.cpp:141][GetInstance][tid:3689] [ClientManager] Current mode:1
[INFO] TDT(3689,m23_gdn_prefill_j12):2026-09-27-11:34:57.834.768 [process_mode_base.cpp:145][GetLogLevel][tid:3689] [TsdClient] get ASCEND_GLOBAL_LOG_LEVEL [] ASCEND_GLOBAL_EVENT_ENABLE [] ASCEND_MODULE_LOG_LEVEL []
[INFO] TDT(3689,m23_gdn_prefill_j12):2026-09-27-11:34:57.834.788 [process_mode_manager.cpp:132][OpenProcess][tid:3689] [ProcessModeManager] enter into open process deviceId[0] rankSize[0]
[INFO] TDT(3689,m23_gdn_prefill_j12):2026-09-27-11:34:57.834.815 [process_mode_manager.cpp:269][IsSupportCommonSink][tid:3689] mutexFile[/usr/local/Ascend/driver/lib64/driver/sink_file_mutex_0.cfg] found means supporting common sink
[INFO] TDT(3689,m23_gdn_prefill_j12):2026-09-27-11:34:57.834.881 [process_mode_manager.cpp:561][InitTsdClient][tid:3689] [TsdClient] deviceId[0] begin to init hdc client
[INFO] TDT(3689,m23_gdn_prefill_j12):2026-09-27-11:34:57.845.400 [version_verify.cpp:39][SetVersionInfo][tid:3689] VersionVerify: send client version to server
[INFO] TDT(3689,m23_gdn_prefill_j12):2026-09-27-11:34:57.853.017 [version_verify.cpp:71][PeerVersionCheck][tid:3689] VersionVerify: Check client version info, server[1230], client[1230]
[INFO] TDT(3689,m23_gdn_prefill_j12):2026-09-27-11:34:57.853.022 [version_verify.cpp:92][ParseVersionInfo][tid:3689] VersionVerify: pass client version info success
[INFO] TDT(3689,m23_gdn_prefill_j12):2026-09-27-11:34:57.853.030 [hdc_client.cpp:243][CheckHdcConnection][tid:3689] Service create hdc successfully.
[INFO] TDT(3689,m23_gdn_prefill_j12):2026-09-27-11:34:57.853.876 [process_mode_manager.cpp:2520][GetShortSocVersion][tid:3689] get short_soc_version:Ascend950
[INFO] TDT(3689,m23_gdn_prefill_j12):2026-09-27-11:34:57.853.927 [package_process_config.cpp:264][SetConfigDataOnHost][tid:3689] insert package:Ascend-aicpu_legacy.tar.gz config
[INFO] TDT(3689,m23_gdn_prefill_j12):2026-09-27-11:34:57.853.934 [package_process_config.cpp:264][SetConfigDataOnHost][tid:3689] insert package:Ascend910-aicpu_legacy.tar.gz config
[INFO] TDT(3689,m23_gdn_prefill_j12):2026-09-27-11:34:57.853.940 [package_process_config.cpp:264][SetConfigDataOnHost][tid:3689] insert package:Ascend310P-aicpu_legacy.tar.gz config
[INFO] TDT(3689,m23_gdn_prefill_j12):2026-09-27-11:34:57.853.950 [package_process_config.cpp:264][SetConfigDataOnHost][tid:3689] insert package:aicpu_hccl.tar.gz config
[INFO] TDT(3689,m23_gdn_prefill_j12):2026-09-27-11:34:57.853.956 [package_process_config.cpp:264][SetConfigDataOnHost][tid:3689] insert package:mc2_server.tar.gz config
[INFO] TDT(3689,m23_gdn_prefill_j12):2026-09-27-11:34:57.853.963 [package_process_config.cpp:264][SetConfigDataOnHost][tid:3689] insert package:aicpu_hcomm.tar.gz config
[INFO] TDT(3689,m23_gdn_prefill_j12):2026-09-27-11:34:57.853.969 [package_process_config.cpp:264][SetConfigDataOnHost][tid:3689] insert package:cann-hixl-compat.tar.gz config
[INFO] TDT(3689,m23_gdn_prefill_j12):2026-09-27-11:34:57.853.976 [package_process_config.cpp:264][SetConfigDataOnHost][tid:3689] insert package:cann-hcomm-compat.tar.gz config
[INFO] TDT(3689,m23_gdn_prefill_j12):2026-09-27-11:34:57.853.982 [package_process_config.cpp:264][SetConfigDataOnHost][tid:3689] insert package:cann-hccd-compat.tar.gz config
[INFO] TDT(3689,m23_gdn_prefill_j12):2026-09-27-11:34:57.853.987 [package_process_config.cpp:264][SetConfigDataOnHost][tid:3689] insert package:cann-udf-compat.tar.gz config
[INFO] TDT(3689,m23_gdn_prefill_j12):2026-09-27-11:34:57.853.994 [package_process_config.cpp:264][SetConfigDataOnHost][tid:3689] insert package:cann-tsch-compat.tar.gz config
[INFO] TDT(3689,m23_gdn_prefill_j12):2026-09-27-11:34:57.854.005 [package_process_config.cpp:328][RefreshHostPluginVersions][tid:3689] host plugin pkg:cann-hcomm-compat.tar.gz ini parsed, version:9.1.0 timestamp:20260730_231653901
[INFO] TDT(3689,m23_gdn_prefill_j12):2026-09-27-11:34:57.854.014 [package_process_config.cpp:328][RefreshHostPluginVersions][tid:3689] host plugin pkg:cann-tsch-compat.tar.gz ini parsed, version:9.1.0 timestamp:20260730_231653901
[INFO] TDT(3689,m23_gdn_prefill_j12):2026-09-27-11:34:57.854.039 [version_verify.cpp:117][SpecialFeatureCheck][tid:3689] VersionVerify: previous type[69], supported
[INFO] TDT(3689,m23_gdn_prefill_j12):2026-09-27-11:34:57.856.551 [process_mode_msg_parse.cpp:202][HandleDevicePluginVersionRsp][tid:3689] device plugin info rsp, pkgCount:0
[INFO] TDT(3689,m23_gdn_prefill_j12):2026-09-27-11:34:57.856.556 [process_mode_manager.cpp:2216][LoadPackageConfigInfoToDevice][tid:3689] Receive load package config response result:0
[INFO] TDT(3689,m23_gdn_prefill_j12):2026-09-27-11:34:57.856.566 [process_mode_manager.cpp:269][IsSupportCommonSink][tid:3689] mutexFile[/usr/local/Ascend/driver/lib64/driver/sink_file_mutex_0.cfg] found means supporting common sink
[INFO] TDT(3689,m23_gdn_prefill_j12):2026-09-27-11:34:57.856.570 [process_mode_manager.cpp:287][LoadSysOpKernel][tid:3689] [TsdClient][logicDeviceId_=0] use legacy package
[INFO] TDT(3689,m23_gdn_prefill_j12):2026-09-27-11:34:57.856.617 [client_manager.cpp:282][CheckPackageExistsOnce][tid:3689] [TsdClient][deviceId=0] pkg size[0] in path[/usr/local/Ascend/cann-9.1.0/opp/built-in/] must be only one, skip send package, packageType[6]
[INFO] TDT(3689,m23_gdn_prefill_j12):2026-09-27-11:34:57.856.621 [process_mode_manager.cpp:292][LoadSysOpKernel][tid:3689] [TsdClient][logicDeviceId_=0] can not find aicpu packages
[INFO] TDT(3689,m23_gdn_prefill_j12):2026-09-27-11:34:57.856.630 [process_mode_manager.cpp:269][IsSupportCommonSink][tid:3689] mutexFile[/usr/local/Ascend/driver/lib64/driver/sink_file_mutex_0.cfg] found means supporting common sink
[INFO] TDT(3689,m23_gdn_prefill_j12):2026-09-27-11:34:57.856.636 [process_mode_manager.cpp:2307][LoadSinglePackageToDevice][tid:3689] begin to load package:Ascend-aicpu_legacy.tar.gz to device:0
[INFO] TDT(3689,m23_gdn_prefill_j12):2026-09-27-11:34:57.856.640 [package_process_config.cpp:393][GetPkgHostAndDeviceDstPath][tid:3689] get orgFile:/usr/local/Ascend/cann-9.1.0/opp/Ascend/aicpu/Ascend-aicpu_legacy.tar.gz, dstFile:/home/HwHiAiUser/hdcd/device0/aicpu/3198286_Ascend-aicpu_legacy.tar.gz
[INFO] TDT(3689,m23_gdn_prefill_j12):2026-09-27-11:34:58.118.121 [process_mode_manager.cpp:2333][LoadSinglePackageToDevice][tid:3689] current package:Ascend-aicpu_legacy.tar.gz is same as device, skip load
[INFO] TDT(3689,m23_gdn_prefill_j12):2026-09-27-11:34:58.118.146 [process_mode_manager.cpp:2307][LoadSinglePackageToDevice][tid:3689] begin to load package:Ascend310P-aicpu_legacy.tar.gz to device:0
[INFO] TDT(3689,m23_gdn_prefill_j12):2026-09-27-11:34:58.118.152 [process_mode_manager.cpp:2322][LoadSinglePackageToDevice][tid:3689] cannot find package:Ascend310P-aicpu_legacy.tar.gz, optional is true skip
[INFO] TDT(3689,m23_gdn_prefill_j12):2026-09-27-11:34:58.118.154 [process_mode_manager.cpp:2307][LoadSinglePackageToDevice][tid:3689] begin to load package:Ascend910-aicpu_legacy.tar.gz to device:0
[INFO] TDT(3689,m23_gdn_prefill_j12):2026-09-27-11:34:58.118.157 [process_mode_manager.cpp:2322][LoadSinglePackageToDevice][tid:3689] cannot find package:Ascend910-aicpu_legacy.tar.gz, optional is true skip
[INFO] TDT(3689,m23_gdn_prefill_j12):2026-09-27-11:34:58.118.159 [process_mode_manager.cpp:2307][LoadSinglePackageToDevice][tid:3689] begin to load package:aicpu_hccl.tar.gz to device:0
[INFO] TDT(3689,m23_gdn_prefill_j12):2026-09-27-11:34:58.118.165 [package_process_config.cpp:393][GetPkgHostAndDeviceDstPath][tid:3689] get orgFile:/usr/local/Ascend/cann-9.1.0/opp/built-in/op_impl/aicpu/kernel/aicpu_hccl.tar.gz, dstFile:/home/HwHiAiUser/hdcd/device0/aicpu/3198286_aicpu_hccl.tar.gz
[INFO] TDT(3689,m23_gdn_prefill_j12):2026-09-27-11:34:58.122.906 [process_mode_manager.cpp:2333][LoadSinglePackageToDevice][tid:3689] current package:aicpu_hccl.tar.gz is same as device, skip load
[INFO] TDT(3689,m23_gdn_prefill_j12):2026-09-27-11:34:58.122.918 [process_mode_manager.cpp:2307][LoadSinglePackageToDevice][tid:3689] begin to load package:aicpu_hcomm.tar.gz to device:0
[INFO] TDT(3689,m23_gdn_prefill_j12):2026-09-27-11:34:58.122.923 [package_process_config.cpp:393][GetPkgHostAndDeviceDstPath][tid:3689] get orgFile:/usr/local/Ascend/cann-9.1.0/opp/built-in/op_impl/aicpu/kernel/aicpu_hcomm.tar.gz, dstFile:/home/HwHiAiUser/hdcd/device0/aicpu/3198286_aicpu_hcomm.tar.gz
[INFO] TDT(3689,m23_gdn_prefill_j12):2026-09-27-11:34:58.148.960 [process_mode_manager.cpp:2333][LoadSinglePackageToDevice][tid:3689] current package:aicpu_hcomm.tar.gz is same as device, skip load
[INFO] TDT(3689,m23_gdn_prefill_j12):2026-09-27-11:34:58.148.972 [process_mode_manager.cpp:2307][LoadSinglePackageToDevice][tid:3689] begin to load package:cann-hccd-compat.tar.gz to device:0
[INFO] TDT(3689,m23_gdn_prefill_j12):2026-09-27-11:34:58.148.974 [process_mode_manager.cpp:2309][LoadSinglePackageToDevice][tid:3689] current package:cann-hccd-compat.tar.gz does not need to load to device:0
[INFO] TDT(3689,m23_gdn_prefill_j12):2026-09-27-11:34:58.148.977 [process_mode_manager.cpp:2307][LoadSinglePackageToDevice][tid:3689] begin to load package:cann-hcomm-compat.tar.gz to device:0
[INFO] TDT(3689,m23_gdn_prefill_j12):2026-09-27-11:34:58.148.980 [package_process_config.cpp:393][GetPkgHostAndDeviceDstPath][tid:3689] get orgFile:/usr/local/Ascend/cann-9.1.0/compat/cann-hcomm-compat.tar.gz, dstFile:/home/HwHiAiUser/hdcd/device0/aicpu/3198286_cann-hcomm-compat.tar.gz
[WARNING] TDT(3689,m23_gdn_prefill_j12):2026-09-27-11:34:58.159.842 [process_mode_manager.cpp:2414][GetPluginUpdateStrategy][tid:3689] [TsdClient][deviceId=0] halGetDeviceInfo(INFO_TYPE_SWPLUGIN_UPGRADE_POLICY) failed, retCode[3], fallback to PLUGIN_NOT_FORCE_UPDATE
[INFO] TDT(3689,m23_gdn_prefill_j12):2026-09-27-11:34:58.159.857 [process_mode_manager.cpp:2452][CompareHostDeviceCompatPluginVersion][tid:3689] device plugin pkg:cann-hcomm-compat.tar.gz version unavailable, fallback to checkcode compare
[INFO] TDT(3689,m23_gdn_prefill_j12):2026-09-27-11:34:58.159.860 [process_mode_manager.cpp:2329][LoadSinglePackageToDevice][tid:3689] skip load compat plugin package:cann-hcomm-compat.tar.gz by version/strategy check
[INFO] TDT(3689,m23_gdn_prefill_j12):2026-09-27-11:34:58.159.862 [process_mode_manager.cpp:2307][LoadSinglePackageToDevice][tid:3689] begin to load package:cann-hixl-compat.tar.gz to device:0
[INFO] TDT(3689,m23_gdn_prefill_j12):2026-09-27-11:34:58.159.866 [package_process_config.cpp:393][GetPkgHostAndDeviceDstPath][tid:3689] get orgFile:/usr/local/Ascend/cann-9.1.0/opp/built-in/op_impl/aicpu/kernel/cann-hixl-compat.tar.gz, dstFile:/home/HwHiAiUser/hdcd/device0/aicpu/3198286_cann-hixl-compat.tar.gz
[INFO] TDT(3689,m23_gdn_prefill_j12):2026-09-27-11:34:58.160.054 [process_mode_manager.cpp:2333][LoadSinglePackageToDevice][tid:3689] current package:cann-hixl-compat.tar.gz is same as device, skip load
[INFO] TDT(3689,m23_gdn_prefill_j12):2026-09-27-11:34:58.160.057 [process_mode_manager.cpp:2307][LoadSinglePackageToDevice][tid:3689] begin to load package:cann-tsch-compat.tar.gz to device:0
[INFO] TDT(3689,m23_gdn_prefill_j12):2026-09-27-11:34:58.160.059 [process_mode_manager.cpp:2282][SupportLoadPkg][tid:3689] current device chip:15 does not support package:cann-tsch-compat.tar.gz
[INFO] TDT(3689,m23_gdn_prefill_j12):2026-09-27-11:34:58.160.062 [process_mode_manager.cpp:2309][LoadSinglePackageToDevice][tid:3689] current package:cann-tsch-compat.tar.gz does not need to load to device:0
[INFO] TDT(3689,m23_gdn_prefill_j12):2026-09-27-11:34:58.160.064 [process_mode_manager.cpp:2307][LoadSinglePackageToDevice][tid:3689] begin to load package:cann-udf-compat.tar.gz to device:0
[INFO] TDT(3689,m23_gdn_prefill_j12):2026-09-27-11:34:58.160.066 [process_mode_manager.cpp:2309][LoadSinglePackageToDevice][tid:3689] current package:cann-udf-compat.tar.gz does not need to load to device:0
[INFO] TDT(3689,m23_gdn_prefill_j12):2026-09-27-11:34:58.160.069 [process_mode_manager.cpp:2307][LoadSinglePackageToDevice][tid:3689] begin to load package:mc2_server.tar.gz to device:0
[INFO] TDT(3689,m23_gdn_prefill_j12):2026-09-27-11:34:58.160.072 [package_process_config.cpp:393][GetPkgHostAndDeviceDstPath][tid:3689] get orgFile:/usr/local/Ascend/cann-9.1.0/opp/built-in/op_impl/aicpu/kernel/mc2_server.tar.gz, dstFile:/home/HwHiAiUser/hdcd/device0/aicpu/3198286_mc2_server.tar.gz
[INFO] TDT(3689,m23_gdn_prefill_j12):2026-09-27-11:34:58.161.710 [process_mode_manager.cpp:2333][LoadSinglePackageToDevice][tid:3689] current package:mc2_server.tar.gz is same as device, skip load
[INFO] TDT(3689,m23_gdn_prefill_j12):2026-09-27-11:34:58.161.753 [process_mode_manager.cpp:620][ConstructOpenMsg][tid:3689] [TsdClient] tsd get process sign successfully, procpid[3198286] signSize[0]
[INFO] TDT(3689,m23_gdn_prefill_j12):2026-09-27-11:34:58.161.764 [version_verify.cpp:117][SpecialFeatureCheck][tid:3689] VersionVerify: previous type[6], supported
[INFO] TDT(3689,m23_gdn_prefill_j12):2026-09-27-11:34:58.161.958 [process_mode_manager.cpp:159][OpenProcess][tid:3689] [ProcessModeManager] deviceId[0] sessionId[1] rankSize[0], wait subprocess start response
[INFO] TDT(3689,m23_gdn_prefill_j12):2026-09-27-11:34:59.205.371 [stub_process_mode_nowin.cpp:22][ProcessQueueForAdc][tid:3689] [TsdClient] it is unnecessary for current mode[0] to grant queue auth to aicpusd
[INFO] TDT(3689,m23_gdn_prefill_j12):2026-09-27-11:34:59.205.389 [process_mode_manager.cpp:197][OpenProcess][tid:3689] [TsdClient][deviceId=0] [sessionId=1] start hccp and computer process success,whole process spent time as follows:phase1:[21]ms load sink package config to device,phase2:[0]ms load opkernel to device,phase3:[305]ms load sink package to device,phase4:[0]ms send open message to device,phase5:[1043]ms receive open message to device,phase6:[0]ms process for adc on host,whole duration:[1370]ms
[INFO] DRV(3689,m23_gdn_prefill_j12):2026-09-27-11:34:59.205.422 [event_sched.c:1536][ascend][curpid:3689,3689][drv][event-sche][esched_device_open]The dev_id has opened. (dev_id=0)
[INFO] DRV(3689,m23_gdn_prefill_j12):2026-09-27-11:34:59.205.711 [drv_share_log.c:229][ascend][curpid:3689,3689][drv][devmm][share_log_read_in_single_module]Open. (udevid=65; tgid=3198286)
[INFO] DRV(3689,m23_gdn_prefill_j12):2026-09-27-11:34:59.205.904 [drv_share_log.c:229][ascend][curpid:3689,3689][drv][devmm][share_log_read_in_single_module]Open. (udevid=1; tgid=3198286)
[INFO] DRV(3689,m23_gdn_prefill_j12):2026-09-27-11:34:59.236.654 [queue_interface.c:954][ascend][curpid:3689,3689][drv][queuemng][queue_device_open]queue open finish. (dev_id=0)
[INFO] RUNTIME(3689,m23_gdn_prefill_j12):2026-09-27-11:34:59.237.034 [raw_device.cc:560] 3689 Init: isAddrFlat:0
[INFO] TDT(3689,m23_gdn_prefill_j12):2026-09-27-11:34:59.246.948 [tsd_client.cpp:188][TsdCapabilityGet][tid:3689] TsdCapabilityGet Begin.
[INFO] TDT(3689,m23_gdn_prefill_j12):2026-09-27-11:34:59.246.955 [process_mode_manager.cpp:1075][CapabilityGet][tid:3689] [ProcessModeManager] enter into CapabilityGet process deviceId[0] type[0].
[INFO] TDT(3689,m23_gdn_prefill_j12):2026-09-27-11:34:59.246.961 [version_verify.cpp:117][SpecialFeatureCheck][tid:3689] VersionVerify: previous type[38], supported
[INFO] TDT(3689,m23_gdn_prefill_j12):2026-09-27-11:34:59.247.148 [process_mode_manager.cpp:1098][CapabilityGet][tid:3689] [TsdClient][deviceId=0] [sessionId=1] [type=0]send capability successfully.
[INFO] TDT(3689,m23_gdn_prefill_j12):2026-09-27-11:34:59.252.685 [process_mode_msg_parse.cpp:262][PidQosMsgProc][tid:3689] [TsdClient] PidQosMsgProc recvMsg realDeviceId[0] msgType[39] localDevId[0] rspCode[0],pidqos[1]
[INFO] TDT(3689,m23_gdn_prefill_j12):2026-09-27-11:34:59.252.689 [process_mode_manager.cpp:1103][CapabilityGet][tid:3689] [TsdClient][logicDeviceId_=0][type=0][pidQos=1][ret=0]recv capability response finished.
[INFO] RUNTIME(3689,m23_gdn_prefill_j12):2026-09-27-11:34:59.252.695 [engine.cc:82] 3689 Engine: Constructor.
[INFO] RUNTIME(3689,m23_gdn_prefill_j12):2026-09-27-11:34:59.252.698 [stars_engine.cc:53] 3689 StarsEngine: Constructor.
[INFO] RUNTIME(3689,m23_gdn_prefill_j12):2026-09-27-11:34:59.301.552 [runtime.cc:4926] 3689 CreateReportRasThread: Start report ras thread success!
[INFO] RUNTIME(3689,m23_gdn_prefill_j12):2026-09-27-11:34:59.301.658 [npu_driver_res.cc:269] 3713 GetDeviceStatus: GetDeviceStatus status=1.
[INFO] ATRACE(3689,m23_gdn_prefill_j12):2026-09-27-11:34:59.310.046 [tracer_mgr_operate.c:66](tid:3689) create object RUNTIME_ATRACE_DEV0_TS0 successfully, exitSave(false), noLock(false).
[INFO] TDT(3689,m23_gdn_prefill_j12):2026-09-27-11:34:59.310.061 [client_manager.cpp:210][SetProfilingCallback][tid:3689] [TsdClient] set profiling callback successfully
[ERROR] RUNTIME(3689,m23_gdn_prefill_j12):2026-09-27-11:34:59.479.898 [task_recycle_cqrpt_base.cc:68]3715 PrintTaskErrorMsg:Task run failed, stream_id=61, pos=1, task_sn=3, sqe_type=0(aic), errType=0x1(task exception), sqSwStatus=0.
[INFO] RUNTIME(3689,m23_gdn_prefill_j12):2026-09-27-11:34:59.539.603 [runtime.cc:4809] 3715 SetWatchDogDevStatus: There is errInfo of devId=0, tsId=0
[ERROR] RUNTIME(3689,m23_gdn_prefill_j12):2026-09-27-11:34:59.539.729 [device_error_proc_c.cc:599]3715 ProcessCoreErrorClass:comm_flag=2
[ERROR] RUNTIME(3689,m23_gdn_prefill_j12):2026-09-27-11:34:59.539.771 [device_error_proc_c.cc:566]3715 SetDeviceFaultTypeByAixErrClass:hardware local error, stream_id=61, task_id=1, errorCode=0x701002d.
[ERROR] RUNTIME(3689,m23_gdn_prefill_j12):2026-09-27-11:34:59.539.777 [device_error_proc_c.cc:661]3715 AddExceptionRegInfo:add error register: core_id=0, stream_id=61, task_sn=3
[ERROR] RUNTIME(3689,m23_gdn_prefill_j12):2026-09-27-11:34:59.539.786 [device_error_proc_c.cc:716]3715 ProcessDavidStarsCoreErrorInfo:The error from device(chipId:0, dieId:0), serial number is 1244, there is an aicore error exception, core id is 0, error code = 0, dump info: pc start: 0x120041000000, current: 0x120041000704, sc error info: 0xffffffffffff, su error info: 0xfbbddff31d34ffee,0xfd74f2afd800ffff, mte error info: 0x13d10000000202ce, vec error info: 0, cube error info: 0, l1 error info: 0x2090000e814, aic error mask: 0x395856, para base: 0x120000200000, mte error: 0, aic cond: 0.
The extend info: errcode:(0) errorStr: timeout or trap error. subErrType: 0x4.
For details, see the troubleshooting document on the Ascend official website. Search for the keyword "AI Core Error".
[ERROR] RUNTIME(3689,m23_gdn_prefill_j12):2026-09-27-11:34:59.539.834 [device_error_proc_c.cc:661]3715 AddExceptionRegInfo:add error register: core_id=1, stream_id=61, task_sn=3
[ERROR] RUNTIME(3689,m23_gdn_prefill_j12):2026-09-27-11:34:59.539.838 [device_error_proc_c.cc:716]3715 ProcessDavidStarsCoreErrorInfo:The error from device(chipId:0, dieId:0), serial number is 1244, there is an aicore error exception, core id is 1, error code = 171, dump info: pc start: 0x120041000000, current: 0x120041000478, sc error info: 0xffffffffffff, su error info: 0xffbfffdf1aacfefd,0x73f9f55bf800dfff, mte error info: 0x13d15000000202ce, vec error info: 0, cube error info: 0, l1 error info: 0x23800001897, aic error mask: 0x395856, para base: 0x120000200000, mte error: 0, aic cond: 0.
The extend info: errcode:(171) errorStr: A multi-bit ECC error occurs when fixpipe reads L0C. See the RAS alarm handling. subErrType: 0x4.
For details, see the troubleshooting document on the Ascend official website. Search for the keyword "AI Core Error".
[ERROR] RUNTIME(3689,m23_gdn_prefill_j12):2026-09-27-11:34:59.539.847 [device_error_proc_c.cc:661]3715 AddExceptionRegInfo:add error register: core_id=2, stream_id=61, task_sn=3
[ERROR] RUNTIME(3689,m23_gdn_prefill_j12):2026-09-27-11:34:59.539.850 [device_error_proc_c.cc:716]3715 ProcessDavidStarsCoreErrorInfo:The error from device(chipId:0, dieId:0), serial number is 1244, there is an aicore error exception, core id is 2, error code = 0, dump info: pc start: 0x120041000000, current: 0x120041000704, sc error info: 0xffffffffffff, su error info: 0xbfbdffff184cdde5,0xffd7d4cdf000ffdf, mte error info: 0x13d1a000000202ce, vec error info: 0, cube error info: 0, l1 error info: 0x23800001893, aic error mask: 0x395856, para base: 0x120000200000, mte error: 0, aic cond: 0.
The extend info: errcode:(0) errorStr: timeout or trap error. subErrType: 0x4.
For details, see the troubleshooting document on the Ascend official website. Search for the keyword "AI Core Error".
[ERROR] RUNTIME(3689,m23_gdn_prefill_j12):2026-09-27-11:34:59.539.858 [device_error_proc_c.cc:661]3715 AddExceptionRegInfo:add error register: core_id=3, stream_id=61, task_sn=3
[ERROR] RUNTIME(3689,m23_gdn_prefill_j12):2026-09-27-11:34:59.539.861 [device_error_proc_c.cc:716]3715 ProcessDavidStarsCoreErrorInfo:The error from device(chipId:0, dieId:0), serial number is 1244, there is an aicore error exception, core id is 3, error code = 171, dump info: pc start: 0x120041000000, current: 0x120041000478, sc error info: 0xffffffffffff, su error info: 0xaff7fe791e04cfff,0xddddfd069800efbf, mte error info: 0x13d1f000000202ce, vec error info: 0, cube error info: 0, l1 error info: 0x23800001086, aic error mask: 0x395856, para base: 0x120000200000, mte error: 0, aic cond: 0.
The extend info: errcode:(171) errorStr: A multi-bit ECC error occurs when fixpipe reads L0C. See the RAS alarm handling. subErrType: 0x4.
For details, see the troubleshooting document on the Ascend official website. Search for the keyword "AI Core Error".
[ERROR] RUNTIME(3689,m23_gdn_prefill_j12):2026-09-27-11:34:59.539.869 [device_error_proc_c.cc:661]3715 AddExceptionRegInfo:add error register: core_id=4, stream_id=61, task_sn=3
[ERROR] RUNTIME(3689,m23_gdn_prefill_j12):2026-09-27-11:34:59.539.872 [device_error_proc_c.cc:716]3715 ProcessDavidStarsCoreErrorInfo:The error from device(chipId:0, dieId:0), serial number is 1244, there is an aicore error exception, core id is 4, error code = 0, dump info: pc start: 0x120041000000, current: 0x120041000704, sc error info: 0xffffffffffff, su error info: 0xcbbf7ffe0eeedaf7,0x6bfe3559f000dfef, mte error info: 0x13d24000000202ce, vec error info: 0, cube error info: 0, l1 error info: 0x23800001893, aic error mask: 0x395856, para base: 0x120000200000, mte error: 0, aic cond: 0.
The extend info: errcode:(0) errorStr: timeout or trap error. subErrType: 0x4.
For details, see the troubleshooting document on the Ascend official website. Search for the keyword "AI Core Error".
[ERROR] RUNTIME(3689,m23_gdn_prefill_j12):2026-09-27-11:34:59.539.881 [device_error_proc_c.cc:661]3715 AddExceptionRegInfo:add error register: core_id=5, stream_id=61, task_sn=3
[ERROR] RUNTIME(3689,m23_gdn_prefill_j12):2026-09-27-11:34:59.539.883 [device_error_proc_c.cc:716]3715 ProcessDavidStarsCoreErrorInfo:The error from device(chipId:0, dieId:0), serial number is 1244, there is an aicore error exception, core id is 5, error code = 0, dump info: pc start: 0x120041000000, current: 0x120041000704, sc error info: 0xffffffffffff, su error info: 0xffff7ffe0b9e9fce,0x4ffdef7ef800fffd, mte error info: 0x13d29000000202ce, vec error info: 0, cube error info: 0, l1 error info: 0x1f600001811, aic error mask: 0x395856, para base: 0x120000200000, mte error: 0, aic cond: 0.
The extend info: errcode:(0) errorStr: timeout or trap error. subErrType: 0x4.
For details, see the troubleshooting document on the Ascend official website. Search for the keyword "AI Core Error".
[ERROR] RUNTIME(3689,m23_gdn_prefill_j12):2026-09-27-11:34:59.539.891 [device_error_proc_c.cc:661]3715 AddExceptionRegInfo:add error register: core_id=6, stream_id=61, task_sn=3
[ERROR] RUNTIME(3689,m23_gdn_prefill_j12):2026-09-27-11:34:59.539.893 [device_error_proc_c.cc:716]3715 ProcessDavidStarsCoreErrorInfo:The error from device(chipId:0, dieId:0), serial number is 1244, there is an aicore error exception, core id is 6, error code = 0, dump info: pc start: 0x120041000000, current: 0x120041000704, sc error info: 0xffffffffffff, su error info: 0xff9ffff31fba0ff8,0xdff07cefb800bffb, mte error info: 0x13d2e000000202ce, vec error info: 0, cube error info: 0, l1 error info: 0x1f600001c9f, aic error mask: 0x395856, para base: 0x120000200000, mte error: 0, aic cond: 0.
The extend info: errcode:(0) errorStr: timeout or trap error. subErrType: 0x4.
For details, see the troubleshooting document on the Ascend official website. Search for the keyword "AI Core Error".
[ERROR] RUNTIME(3689,m23_gdn_prefill_j12):2026-09-27-11:34:59.539.901 [device_error_proc_c.cc:661]3715 AddExceptionRegInfo:add error register: core_id=7, stream_id=61, task_sn=3
[ERROR] RUNTIME(3689,m23_gdn_prefill_j12):2026-09-27-11:34:59.539.903 [device_error_proc_c.cc:716]3715 ProcessDavidStarsCoreErrorInfo:The error from device(chipId:0, dieId:0), serial number is 1244, there is an aicore error exception, core id is 7, error code = 0, dump info: pc start: 0x120041000000, current: 0x120041000704, sc error info: 0xffffffffffff, su error info: 0xffbffeff1fb8dfef,0x9fcd6f5378005fff, mte error info: 0x13d33000000202ce, vec error info: 0, cube error info: 0, l1 error info: 0x1f600001c18, aic error mask: 0x395856, para base: 0x120000200000, mte error: 0, aic cond: 0.
The extend info: errcode:(0) errorStr: timeout or trap error. subErrType: 0x4.
For details, see the troubleshooting document on the Ascend official website. Search for the keyword "AI Core Error".
[ERROR] RUNTIME(3689,m23_gdn_prefill_j12):2026-09-27-11:34:59.539.911 [device_error_proc_c.cc:661]3715 AddExceptionRegInfo:add error register: core_id=8, stream_id=61, task_sn=3
[ERROR] RUNTIME(3689,m23_gdn_prefill_j12):2026-09-27-11:34:59.539.913 [device_error_proc_c.cc:716]3715 ProcessDavidStarsCoreErrorInfo:The error from device(chipId:0, dieId:0), serial number is 1244, there is an aicore error exception, core id is 8, error code = 0, dump info: pc start: 0x120041000000, current: 0x120041000704, sc error info: 0xffffffffffff, su error info: 0xffff7f9b11e6fe6d,0xdecddfc4e800ffef, mte error info: 0x13d38000000202ce, vec error info: 0, cube error info: 0, l1 error info: 0x1fc0000840c, aic error mask: 0x395856, para base: 0x120000200000, mte error: 0, aic cond: 0.
The extend info: errcode:(0) errorStr: timeout or trap error. subErrType: 0x4.
For details, see the troubleshooting document on the Ascend official website. Search for the keyword "AI Core Error".
[ERROR] RUNTIME(3689,m23_gdn_prefill_j12):2026-09-27-11:34:59.539.922 [device_error_proc_c.cc:661]3715 AddExceptionRegInfo:add error register: core_id=9, stream_id=61, task_sn=3
[ERROR] RUNTIME(3689,m23_gdn_prefill_j12):2026-09-27-11:34:59.539.925 [device_error_proc_c.cc:716]3715 ProcessDavidStarsCoreErrorInfo:The error from device(chipId:0, dieId:0), serial number is 1244, there is an aicore error exception, core id is 9, error code = 171, dump info: pc start: 0x120041000000, current: 0x120041000810, sc error info: 0xffffffffffff, su error info: 0xf7ffffee14763f9f,0xf6eec5f8b800ffff, mte error info: 0x13d3d000000202ce, vec error info: 0, cube error info: 0, l1 error info: 0x1f600001c9e, aic error mask: 0x395856, para base: 0x120000200000, mte error: 0, aic cond: 0.
The extend info: errcode:(171) errorStr: A multi-bit ECC error occurs when fixpipe reads L0C. See the RAS alarm handling. subErrType: 0x4.
For details, see the troubleshooting document on the Ascend official website. Search for the keyword "AI Core Error".
[ERROR] RUNTIME(3689,m23_gdn_prefill_j12):2026-09-27-11:34:59.539.932 [device_error_proc_c.cc:661]3715 AddExceptionRegInfo:add error register: core_id=12, stream_id=61, task_sn=3
[ERROR] RUNTIME(3689,m23_gdn_prefill_j12):2026-09-27-11:34:59.539.935 [device_error_proc_c.cc:716]3715 ProcessDavidStarsCoreErrorInfo:The error from device(chipId:0, dieId:0), serial number is 1244, there is an aicore error exception, core id is 12, error code = 0, dump info: pc start: 0x120041000000, current: 0x120041000704, sc error info: 0xffffffffffff, su error info: 0xdfff6ffe1ba4df5f,0xc7ccd1ddf800ffef, mte error info: 0x13d42000000202ce, vec error info: 0, cube error info: 0, l1 error info: 0x1fc00008087, aic error mask: 0x395856, para base: 0x120000200000, mte error: 0, aic cond: 0.
The extend info: errcode:(0) errorStr: timeout or trap error. subErrType: 0x4.
For details, see the troubleshooting document on the Ascend official website. Search for the keyword "AI Core Error".
[ERROR] RUNTIME(3689,m23_gdn_prefill_j12):2026-09-27-11:34:59.539.942 [device_error_proc_c.cc:661]3715 AddExceptionRegInfo:add error register: core_id=13, stream_id=61, task_sn=3
[ERROR] RUNTIME(3689,m23_gdn_prefill_j12):2026-09-27-11:34:59.539.945 [device_error_proc_c.cc:716]3715 ProcessDavidStarsCoreErrorInfo:The error from device(chipId:0, dieId:0), serial number is 1244, there is an aicore error exception, core id is 13, error code = 171, dump info: pc start: 0x120041000000, current: 0x120041000478, sc error info: 0xffffffffffff, su error info: 0xfffdffff1430cf9f,0xd5fc7ddff000ffef, mte error info: 0x13d47000000202ce, vec error info: 0, cube error info: 0, l1 error info: 0x23800001896, aic error mask: 0x395856, para base: 0x120000200000, mte error: 0, aic cond: 0.
The extend info: errcode:(171) errorStr: A multi-bit ECC error occurs when fixpipe reads L0C. See the RAS alarm handling. subErrType: 0x4.
For details, see the troubleshooting document on the Ascend official website. Search for the keyword "AI Core Error".
[ERROR] RUNTIME(3689,m23_gdn_prefill_j12):2026-09-27-11:34:59.539.953 [device_error_proc_c.cc:661]3715 AddExceptionRegInfo:add error register: core_id=14, stream_id=61, task_sn=3
[ERROR] RUNTIME(3689,m23_gdn_prefill_j12):2026-09-27-11:34:59.539.956 [device_error_proc_c.cc:716]3715 ProcessDavidStarsCoreErrorInfo:The error from device(chipId:0, dieId:0), serial number is 1244, there is an aicore error exception, core id is 14, error code = 0, dump info: pc start: 0x120041000000, current: 0x120041000704, sc error info: 0xffffffffffff, su error info: 0xf5fdb75f0638ebe6,0xeed7f59df800bfca, mte error info: 0x13d4c000000202ce, vec error info: 0, cube error info: 0, l1 error info: 0x23800001811, aic error mask: 0x395856, para base: 0x120000200000, mte error: 0, aic cond: 0.
The extend info: errcode:(0) errorStr: timeout or trap error. subErrType: 0x4.
For details, see the troubleshooting document on the Ascend official website. Search for the keyword "AI Core Error".
[ERROR] RUNTIME(3689,m23_gdn_prefill_j12):2026-09-27-11:34:59.539.964 [device_error_proc_c.cc:661]3715 AddExceptionRegInfo:add error register: core_id=15, stream_id=61, task_sn=3
[ERROR] RUNTIME(3689,m23_gdn_prefill_j12):2026-09-27-11:34:59.539.967 [device_error_proc_c.cc:716]3715 ProcessDavidStarsCoreErrorInfo:The error from device(chipId:0, dieId:0), serial number is 1244, there is an aicore error exception, core id is 15, error code = 171, dump info: pc start: 0x120041000000, current: 0x120041000810, sc error info: 0xffffffffffff, su error info: 0xfffdff7b09befffe,0xf5deddf5e800fdff, mte error info: 0x13d51000000202ce, vec error info: 0, cube error info: 0, l1 error info: 0x1f600001810, aic error mask: 0x395856, para base: 0x120000200000, mte error: 0, aic cond: 0.
The extend info: errcode:(171) errorStr: A multi-bit ECC error occurs when fixpipe reads L0C. See the RAS alarm handling. subErrType: 0x4.
For details, see the troubleshooting document on the Ascend official website. Search for the keyword "AI Core Error".
[ERROR] RUNTIME(3689,m23_gdn_prefill_j12):2026-09-27-11:34:59.539.974 [device_error_proc_c.cc:661]3715 AddExceptionRegInfo:add error register: core_id=18, stream_id=61, task_sn=3
[ERROR] RUNTIME(3689,m23_gdn_prefill_j12):2026-09-27-11:34:59.539.977 [device_error_proc_c.cc:716]3715 ProcessDavidStarsCoreErrorInfo:The error from device(chipId:0, dieId:0), serial number is 1244, there is an aicore error exception, core id is 18, error code = 171, dump info: pc start: 0x120041000000, current: 0x120041000810, sc error info: 0xffffffffffff, su error info: 0xbfbeffee013a3bde,0xed4237d47800bfff, mte error info: 0x13d56000000202ce, vec error info: 0, cube error info: 0, l1 error info: 0x1f600001814, aic error mask: 0x395856, para base: 0x120000200000, mte error: 0, aic cond: 0.
The extend info: errcode:(171) errorStr: A multi-bit ECC error occurs when fixpipe reads L0C. See the RAS alarm handling. subErrType: 0x4.
For details, see the troubleshooting document on the Ascend official website. Search for the keyword "AI Core Error".
[ERROR] RUNTIME(3689,m23_gdn_prefill_j12):2026-09-27-11:34:59.539.984 [device_error_proc_c.cc:661]3715 AddExceptionRegInfo:add error register: core_id=19, stream_id=61, task_sn=3
[ERROR] RUNTIME(3689,m23_gdn_prefill_j12):2026-09-27-11:34:59.539.987 [device_error_proc_c.cc:716]3715 ProcessDavidStarsCoreErrorInfo:The error from device(chipId:0, dieId:0), serial number is 1244, there is an aicore error exception, core id is 19, error code = 171, dump info: pc start: 0x120041000000, current: 0x120041000478, sc error info: 0xffffffffffff, su error info: 0x7f7fafef1bacefff,0xfdc9f4cbf800feff, mte error info: 0x13d5b000000202ce, vec error info: 0, cube error info: 0, l1 error info: 0x23800001c1d, aic error mask: 0x395856, para base: 0x120000200000, mte error: 0, aic cond: 0.
The extend info: errcode:(171) errorStr: A multi-bit ECC error occurs when fixpipe reads L0C. See the RAS alarm handling. subErrType: 0x4.
For details, see the troubleshooting document on the Ascend official website. Search for the keyword "AI Core Error".
[ERROR] RUNTIME(3689,m23_gdn_prefill_j12):2026-09-27-11:34:59.539.994 [device_error_proc_c.cc:661]3715 AddExceptionRegInfo:add error register: core_id=20, stream_id=61, task_sn=3
[ERROR] RUNTIME(3689,m23_gdn_prefill_j12):2026-09-27-11:34:59.539.997 [device_error_proc_c.cc:716]3715 ProcessDavidStarsCoreErrorInfo:The error from device(chipId:0, dieId:0), serial number is 1244, there is an aicore error exception, core id is 20, error code = 0, dump info: pc start: 0x120041000000, current: 0x120041000704, sc error info: 0xffffffffffff, su error info: 0xffffffff1a7cfefe,0xdf89fd19a000fb7f, mte error info: 0x13d60000000202ce, vec error info: 0, cube error info: 0, l1 error info: 0x1f600001c19, aic error mask: 0x395856, para base: 0x120000200000, mte error: 0, aic cond: 0.
The extend info: errcode:(0) errorStr: timeout or trap error. subErrType: 0x4.
For details, see the troubleshooting document on the Ascend official website. Search for the keyword "AI Core Error".
[ERROR] RUNTIME(3689,m23_gdn_prefill_j12):2026-09-27-11:34:59.540.006 [device_error_proc_c.cc:661]3715 AddExceptionRegInfo:add error register: core_id=22, stream_id=61, task_sn=3
[ERROR] RUNTIME(3689,m23_gdn_prefill_j12):2026-09-27-11:34:59.540.009 [device_error_proc_c.cc:716]3715 ProcessDavidStarsCoreErrorInfo:The error from device(chipId:0, dieId:0), serial number is 1244, there is an aicore error exception, core id is 22, error code = 171, dump info: pc start: 0x120041000000, current: 0x120041000478, sc error info: 0xffffffffffff, su error info: 0xefff7ff91adc9ffe,0xfe734d95f800ef7f, mte error info: 0x13d65000000202ce, vec error info: 0, cube error info: 0, l1 error info: 0x23800001811, aic error mask: 0x395856, para base: 0x120000200000, mte error: 0, aic cond: 0.
The extend info: errcode:(171) errorStr: A multi-bit ECC error occurs when fixpipe reads L0C. See the RAS alarm handling. subErrType: 0x4.
For details, see the troubleshooting document on the Ascend official website. Search for the keyword "AI Core Error".
[ERROR] RUNTIME(3689,m23_gdn_prefill_j12):2026-09-27-11:34:59.540.016 [device_error_proc_c.cc:661]3715 AddExceptionRegInfo:add error register: core_id=23, stream_id=61, task_sn=3
[ERROR] RUNTIME(3689,m23_gdn_prefill_j12):2026-09-27-11:34:59.540.019 [device_error_proc_c.cc:716]3715 ProcessDavidStarsCoreErrorInfo:The error from device(chipId:0, dieId:0), serial number is 1244, there is an aicore error exception, core id is 23, error code = 171, dump info: pc start: 0x120041000000, current: 0x120041000810, sc error info: 0xffffffffffff, su error info: 0xfffff4ff0fda0cf8,0xee4d7ffee000ffff, mte error info: 0x13d6a000000202ce, vec error info: 0, cube error info: 0, l1 error info: 0x1f600001c1c, aic error mask: 0x395856, para base: 0x120000200000, mte error: 0, aic cond: 0.
The extend info: errcode:(171) errorStr: A multi-bit ECC error occurs when fixpipe reads L0C. See the RAS alarm handling. subErrType: 0x4.
For details, see the troubleshooting document on the Ascend official website. Search for the keyword "AI Core Error".
[ERROR] RUNTIME(3689,m23_gdn_prefill_j12):2026-09-27-11:34:59.540.027 [device_error_proc_c.cc:661]3715 AddExceptionRegInfo:add error register: core_id=24, stream_id=61, task_sn=3
[ERROR] RUNTIME(3689,m23_gdn_prefill_j12):2026-09-27-11:34:59.540.029 [device_error_proc_c.cc:716]3715 ProcessDavidStarsCoreErrorInfo:The error from device(chipId:0, dieId:0), serial number is 1244, there is an aicore error exception, core id is 24, error code = 0, dump info: pc start: 0x120041000000, current: 0x120041000468, sc error info: 0xffffffffffff, su error info: 0xfebffff70df8d7c8,0xd3cf9efff800bffb, mte error info: 0x13d6f000000202ce, vec error info: 0, cube error info: 0, l1 error info: 0x1f600001c1c, aic error mask: 0x395856, para base: 0x120000200000, mte error: 0, aic cond: 0.
The extend info: errcode:(0) errorStr: timeout or trap error. subErrType: 0x4.
For details, see the troubleshooting document on the Ascend official website. Search for the keyword "AI Core Error".
[ERROR] RUNTIME(3689,m23_gdn_prefill_j12):2026-09-27-11:34:59.540.037 [device_error_proc_c.cc:661]3715 AddExceptionRegInfo:add error register: core_id=25, stream_id=61, task_sn=3
[ERROR] RUNTIME(3689,m23_gdn_prefill_j12):2026-09-27-11:34:59.540.039 [device_error_proc_c.cc:716]3715 ProcessDavidStarsCoreErrorInfo:The error from device(chipId:0, dieId:0), serial number is 1244, there is an aicore error exception, core id is 25, error code = 171, dump info: pc start: 0x120041000000, current: 0x120041000810, sc error info: 0xffffffffffff, su error info: 0xfbbff7fb1d2effbf,0x97ff7dd77000f7bf, mte error info: 0x13d74000000202ce, vec error info: 0, cube error info: 0, l1 error info: 0x1f600001811, aic error mask: 0x395856, para base: 0x120000200000, mte error: 0, aic cond: 0.
The extend info: errcode:(171) errorStr: A multi-bit ECC error occurs when fixpipe reads L0C. See the RAS alarm handling. subErrType: 0x4.
For details, see the troubleshooting document on the Ascend official website. Search for the keyword "AI Core Error".
[ERROR] RUNTIME(3689,m23_gdn_prefill_j12):2026-09-27-11:34:59.540.047 [device_error_proc_c.cc:661]3715 AddExceptionRegInfo:add error register: core_id=26, stream_id=61, task_sn=3
[ERROR] RUNTIME(3689,m23_gdn_prefill_j12):2026-09-27-11:34:59.540.050 [device_error_proc_c.cc:716]3715 ProcessDavidStarsCoreErrorInfo:The error from device(chipId:0, dieId:0), serial number is 1244, there is an aicore error exception, core id is 26, error code = 0, dump info: pc start: 0x120041000000, current: 0x120041000704, sc error info: 0xffffffffffff, su error info: 0xfff7fbff11fadebe,0xdddd71c4f800fffa, mte error info: 0x13d79000000202ce, vec error info: 0, cube error info: 0, l1 error info: 0x1f600001c1c, aic error mask: 0x395856, para base: 0x120000200000, mte error: 0, aic cond: 0.
The extend info: errcode:(0) errorStr: timeout or trap error. subErrType: 0x4.
For details, see the troubleshooting document on the Ascend official website. Search for the keyword "AI Core Error".
[ERROR] RUNTIME(3689,m23_gdn_prefill_j12):2026-09-27-11:34:59.540.058 [device_error_proc_c.cc:661]3715 AddExceptionRegInfo:add error register: core_id=27, stream_id=61, task_sn=3
[ERROR] RUNTIME(3689,m23_gdn_prefill_j12):2026-09-27-11:34:59.540.060 [device_error_proc_c.cc:716]3715 ProcessDavidStarsCoreErrorInfo:The error from device(chipId:0, dieId:0), serial number is 1244, there is an aicore error exception, core id is 27, error code = 171, dump info: pc start: 0x120041000000, current: 0x120041000810, sc error info: 0xffffffffffff, su error info: 0xf7ff27ff1dfaf774,0x7415e7d5d800fdf7, mte error info: 0x13d7e000000202ce, vec error info: 0, cube error info: 0, l1 error info: 0x1f600001c9a, aic error mask: 0x395856, para base: 0x120000200000, mte error: 0, aic cond: 0.
The extend info: errcode:(171) errorStr: A multi-bit ECC error occurs when fixpipe reads L0C. See the RAS alarm handling. subErrType: 0x4.
For details, see the troubleshooting document on the Ascend official website. Search for the keyword "AI Core Error".
[ERROR] RUNTIME(3689,m23_gdn_prefill_j12):2026-09-27-11:34:59.540.068 [device_error_proc_c.cc:661]3715 AddExceptionRegInfo:add error register: core_id=28, stream_id=61, task_sn=3
[ERROR] RUNTIME(3689,m23_gdn_prefill_j12):2026-09-27-11:34:59.540.070 [device_error_proc_c.cc:716]3715 ProcessDavidStarsCoreErrorInfo:The error from device(chipId:0, dieId:0), serial number is 1244, there is an aicore error exception, core id is 28, error code = 171, dump info: pc start: 0x120041000000, current: 0x120041000478, sc error info: 0xffffffffffff, su error info: 0xffffff53068aefcf,0x7f4f6dccf800fbfb, mte error info: 0x13d83000000202ce, vec error info: 0, cube error info: 0, l1 error info: 0x23800001811, aic error mask: 0x395856, para base: 0x120000200000, mte error: 0, aic cond: 0.
The extend info: errcode:(171) errorStr: A multi-bit ECC error occurs when fixpipe reads L0C. See the RAS alarm handling. subErrType: 0x4.
For details, see the troubleshooting document on the Ascend official website. Search for the keyword "AI Core Error".
[ERROR] RUNTIME(3689,m23_gdn_prefill_j12):2026-09-27-11:34:59.540.081 [device_error_proc_c.cc:599]3715 ProcessCoreErrorClass:comm_flag=2
[ERROR] RUNTIME(3689,m23_gdn_prefill_j12):2026-09-27-11:34:59.540.104 [device_error_proc_c.cc:566]3715 SetDeviceFaultTypeByAixErrClass:hardware local error, stream_id=61, task_id=1, errorCode=0x701002d.
[ERROR] RUNTIME(3689,m23_gdn_prefill_j12):2026-09-27-11:34:59.540.107 [device_error_proc_c.cc:661]3715 AddExceptionRegInfo:add error register: core_id=0, stream_id=61, task_sn=3
[ERROR] RUNTIME(3689,m23_gdn_prefill_j12):2026-09-27-11:34:59.540.110 [device_error_proc_c.cc:716]3715 ProcessDavidStarsCoreErrorInfo:The error from device(chipId:0, dieId:0), serial number is 1245, there is an aivec error exception, core id is 0, error code = 0, dump info: pc start: 0x120041000a00, current: 0x120041001490, sc error info: 0xffffffffffff, su error info: 0xeffbd7fd0fd83980,0xc00000585800eeb9, mte error info: 0x8508d800000235cb, vec error info: 0x410062180031126e, cube error info: 0, l1 error info: 0, aic error mask: 0x395856, para base: 0x120000200000, mte error: 0, aic cond: 0.
The extend info: errcode:(0) errorStr: timeout or trap error. subErrType: 0x4.
For details, see the troubleshooting document on the Ascend official website. Search for the keyword "AI Core Error".
[ERROR] RUNTIME(3689,m23_gdn_prefill_j12):2026-09-27-11:34:59.540.118 [device_error_proc_c.cc:661]3715 AddExceptionRegInfo:add error register: core_id=1, stream_id=61, task_sn=3
[ERROR] RUNTIME(3689,m23_gdn_prefill_j12):2026-09-27-11:34:59.540.121 [device_error_proc_c.cc:716]3715 ProcessDavidStarsCoreErrorInfo:The error from device(chipId:0, dieId:0), serial number is 1245, there is an aivec error exception, core id is 1, error code = 0, dump info: pc start: 0x120041000a00, current: 0x120041001490, sc error info: 0xffffffffffff, su error info: 0xbbfff7ff2c9a0158,0xc0000058b8009c72, mte error info: 0x8508e00000020043, vec error info: 0x410062180031126e, cube error info: 0, l1 error info: 0, aic error mask: 0x395856, para base: 0x120000200000, mte error: 0, aic cond: 0.
The extend info: errcode:(0) errorStr: timeout or trap error. subErrType: 0x4.
For details, see the troubleshooting document on the Ascend official website. Search for the keyword "AI Core Error".
[ERROR] RUNTIME(3689,m23_gdn_prefill_j12):2026-09-27-11:34:59.540.128 [device_error_proc_c.cc:661]3715 AddExceptionRegInfo:add error register: core_id=2, stream_id=61, task_sn=3
[ERROR] RUNTIME(3689,m23_gdn_prefill_j12):2026-09-27-11:34:59.540.131 [device_error_proc_c.cc:716]3715 ProcessDavidStarsCoreErrorInfo:The error from device(chipId:0, dieId:0), serial number is 1245, there is an aivec error exception, core id is 2, error code = 0, dump info: pc start: 0x120041000a00, current: 0x120041001490, sc error info: 0xffffffffffff, su error info: 0xda9635af2bbe334c,0xc0000058f8005eba, mte error info: 0x8508e81000020043, vec error info: 0x410062180031126e, cube error info: 0, l1 error info: 0, aic error mask: 0x395856, para base: 0x120000200000, mte error: 0, aic cond: 0.
The extend info: errcode:(0) errorStr: timeout or trap error. subErrType: 0x4.
For details, see the troubleshooting document on the Ascend official website. Search for the keyword "AI Core Error".
[ERROR] RUNTIME(3689,m23_gdn_prefill_j12):2026-09-27-11:34:59.540.138 [device_error_proc_c.cc:661]3715 AddExceptionRegInfo:add error register: core_id=3, stream_id=61, task_sn=3
[ERROR] RUNTIME(3689,m23_gdn_prefill_j12):2026-09-27-11:34:59.540.141 [device_error_proc_c.cc:716]3715 ProcessDavidStarsCoreErrorInfo:The error from device(chipId:0, dieId:0), serial number is 1245, there is an aivec error exception, core id is 3, error code = 0, dump info: pc start: 0x120041000a00, current: 0x120041001490, sc error info: 0xffffffffffff, su error info: 0xffd7df7e1fe2334c,0xc000005878009396, mte error info: 0x8508f00000020043, vec error info: 0x410062180031126e, cube error info: 0, l1 error info: 0, aic error mask: 0x395856, para base: 0x120000200000, mte error: 0, aic cond: 0.
The extend info: errcode:(0) errorStr: timeout or trap error. subErrType: 0x4.
For details, see the troubleshooting document on the Ascend official website. Search for the keyword "AI Core Error".
[ERROR] RUNTIME(3689,m23_gdn_prefill_j12):2026-09-27-11:34:59.540.148 [device_error_proc_c.cc:661]3715 AddExceptionRegInfo:add error register: core_id=4, stream_id=61, task_sn=3
[ERROR] RUNTIME(3689,m23_gdn_prefill_j12):2026-09-27-11:34:59.540.151 [device_error_proc_c.cc:716]3715 ProcessDavidStarsCoreErrorInfo:The error from device(chipId:0, dieId:0), serial number is 1245, there is an aivec error exception, core id is 4, error code = 0, dump info: pc start: 0x120041000a00, current: 0x120041001490, sc error info: 0xffffffffffff, su error info: 0xffffbb3f1eec334c,0xc0000058e800fff3, mte error info: 0x8508f80000020043, vec error info: 0x410062180031126e, cube error info: 0, l1 error info: 0, aic error mask: 0x395856, para base: 0x120000200000, mte error: 0, aic cond: 0.
The extend info: errcode:(0) errorStr: timeout or trap error. subErrType: 0x4.
For details, see the troubleshooting document on the Ascend official website. Search for the keyword "AI Core Error".
[ERROR] RUNTIME(3689,m23_gdn_prefill_j12):2026-09-27-11:34:59.540.160 [device_error_proc_c.cc:661]3715 AddExceptionRegInfo:add error register: core_id=5, stream_id=61, task_sn=3
[ERROR] RUNTIME(3689,m23_gdn_prefill_j12):2026-09-27-11:34:59.540.163 [device_error_proc_c.cc:716]3715 ProcessDavidStarsCoreErrorInfo:The error from device(chipId:0, dieId:0), serial number is 1245, there is an aivec error exception, core id is 5, error code = 0, dump info: pc start: 0x120041000a00, current: 0x120041001490, sc error info: 0xffffffffffff, su error info: 0xddd7bff114fc334c,0xc0000058f0005dd9, mte error info: 0x8509000000020043, vec error info: 0x410062180031126e, cube error info: 0, l1 error info: 0, aic error mask: 0x395856, para base: 0x120000200000, mte error: 0, aic cond: 0.
The extend info: errcode:(0) errorStr: timeout or trap error. subErrType: 0x4.
For details, see the troubleshooting document on the Ascend official website. Search for the keyword "AI Core Error".
[ERROR] RUNTIME(3689,m23_gdn_prefill_j12):2026-09-27-11:34:59.540.170 [device_error_proc_c.cc:661]3715 AddExceptionRegInfo:add error register: core_id=6, stream_id=61, task_sn=3
[ERROR] RUNTIME(3689,m23_gdn_prefill_j12):2026-09-27-11:34:59.540.173 [device_error_proc_c.cc:716]3715 ProcessDavidStarsCoreErrorInfo:The error from device(chipId:0, dieId:0), serial number is 1245, there is an aivec error exception, core id is 6, error code = 0, dump info: pc start: 0x120041000a00, current: 0x120041001490, sc error info: 0xffffffffffff, su error info: 0x96ffa7b12aea334c,0xc00000584800fbfb, mte error info: 0x8509080000020043, vec error info: 0x410062180031126e, cube error info: 0, l1 error info: 0, aic error mask: 0x395856, para base: 0x120000200000, mte error: 0, aic cond: 0.
The extend info: errcode:(0) errorStr: timeout or trap error. subErrType: 0x4.
For details, see the troubleshooting document on the Ascend official website. Search for the keyword "AI Core Error".
[ERROR] RUNTIME(3689,m23_gdn_prefill_j12):2026-09-27-11:34:59.540.180 [device_error_proc_c.cc:661]3715 AddExceptionRegInfo:add error register: core_id=7, stream_id=61, task_sn=3
[ERROR] RUNTIME(3689,m23_gdn_prefill_j12):2026-09-27-11:34:59.540.183 [device_error_proc_c.cc:716]3715 ProcessDavidStarsCoreErrorInfo:The error from device(chipId:0, dieId:0), serial number is 1245, there is an aivec error exception, core id is 7, error code = 0, dump info: pc start: 0x120041000a00, current: 0x120041001490, sc error info: 0xffffffffffff, su error info: 0x95df5fbc193e334c,0xc0000058e000dfae, mte error info: 0x8509100000020043, vec error info: 0x410062180031126e, cube error info: 0, l1 error info: 0, aic error mask: 0x395856, para base: 0x120000200000, mte error: 0, aic cond: 0.
The extend info: errcode:(0) errorStr: timeout or trap error. subErrType: 0x4.
For details, see the troubleshooting document on the Ascend official website. Search for the keyword "AI Core Error".
[ERROR] RUNTIME(3689,m23_gdn_prefill_j12):2026-09-27-11:34:59.540.190 [device_error_proc_c.cc:661]3715 AddExceptionRegInfo:add error register: core_id=8, stream_id=61, task_sn=3
[ERROR] RUNTIME(3689,m23_gdn_prefill_j12):2026-09-27-11:34:59.540.193 [device_error_proc_c.cc:716]3715 ProcessDavidStarsCoreErrorInfo:The error from device(chipId:0, dieId:0), serial number is 1245, there is an aivec error exception, core id is 8, error code = 0, dump info: pc start: 0x120041000a00, current: 0x120041001490, sc error info: 0xffffffffffff, su error info: 0xf797b3ef2bdc334c,0xc000005868003f74, mte error info: 0x8509187000020043, vec error info: 0x410062180031126e, cube error info: 0, l1 error info: 0, aic error mask: 0x395856, para base: 0x120000200000, mte error: 0, aic cond: 0.
The extend info: errcode:(0) errorStr: timeout or trap error. subErrType: 0x4.
For details, see the troubleshooting document on the Ascend official website. Search for the keyword "AI Core Error".
[ERROR] RUNTIME(3689,m23_gdn_prefill_j12):2026-09-27-11:34:59.540.201 [device_error_proc_c.cc:661]3715 AddExceptionRegInfo:add error register: core_id=9, stream_id=61, task_sn=3
[ERROR] RUNTIME(3689,m23_gdn_prefill_j12):2026-09-27-11:34:59.540.204 [device_error_proc_c.cc:716]3715 ProcessDavidStarsCoreErrorInfo:The error from device(chipId:0, dieId:0), serial number is 1245, there is an aivec error exception, core id is 9, error code = 0, dump info: pc start: 0x120041000a00, current: 0x120041001490, sc error info: 0xffffffffffff, su error info: 0x7ef7f6ec35be334c,0xc00000587800fdfe, mte error info: 0x8509200000020043, vec error info: 0x410062180031126e, cube error info: 0, l1 error info: 0, aic error mask: 0x395856, para base: 0x120000200000, mte error: 0, aic cond: 0.
The extend info: errcode:(0) errorStr: timeout or trap error. subErrType: 0x4.
For details, see the troubleshooting document on the Ascend official website. Search for the keyword "AI Core Error".
[ERROR] RUNTIME(3689,m23_gdn_prefill_j12):2026-09-27-11:34:59.540.211 [device_error_proc_c.cc:661]3715 AddExceptionRegInfo:add error register: core_id=10, stream_id=61, task_sn=3
[ERROR] RUNTIME(3689,m23_gdn_prefill_j12):2026-09-27-11:34:59.540.214 [device_error_proc_c.cc:716]3715 ProcessDavidStarsCoreErrorInfo:The error from device(chipId:0, dieId:0), serial number is 1245, there is an aivec error exception, core id is 10, error code = 0, dump info: pc start: 0x120041000a00, current: 0x120041001490, sc error info: 0xffffffffffff, su error info: 0xffd7a3d02af8334c,0xc0000058c800bfae, mte error info: 0x8509281000020043, vec error info: 0x410062180031126e, cube error info: 0, l1 error info: 0, aic error mask: 0x395856, para base: 0x120000200000, mte error: 0, aic cond: 0.
The extend info: errcode:(0) errorStr: timeout or trap error. subErrType: 0x4.
For details, see the troubleshooting document on the Ascend official website. Search for the keyword "AI Core Error".
[ERROR] RUNTIME(3689,m23_gdn_prefill_j12):2026-09-27-11:34:59.540.221 [device_error_proc_c.cc:661]3715 AddExceptionRegInfo:add error register: core_id=11, stream_id=61, task_sn=3
[ERROR] RUNTIME(3689,m23_gdn_prefill_j12):2026-09-27-11:34:59.540.224 [device_error_proc_c.cc:716]3715 ProcessDavidStarsCoreErrorInfo:The error from device(chipId:0, dieId:0), serial number is 1245, there is an aivec error exception, core id is 11, error code = 0, dump info: pc start: 0x120041000a00, current: 0x120041001490, sc error info: 0xffffffffffff, su error info: 0xc4fffffd01fe334c,0xc0000058f00026fb, mte error info: 0x8509300000020043, vec error info: 0x410062180031126e, cube error info: 0, l1 error info: 0, aic error mask: 0x395856, para base: 0x120000200000, mte error: 0, aic cond: 0.
The extend info: errcode:(0) errorStr: timeout or trap error. subErrType: 0x4.
For details, see the troubleshooting document on the Ascend official website. Search for the keyword "AI Core Error".
[ERROR] RUNTIME(3689,m23_gdn_prefill_j12):2026-09-27-11:34:59.540.231 [device_error_proc_c.cc:661]3715 AddExceptionRegInfo:add error register: core_id=12, stream_id=61, task_sn=3
[ERROR] RUNTIME(3689,m23_gdn_prefill_j12):2026-09-27-11:34:59.540.234 [device_error_proc_c.cc:716]3715 ProcessDavidStarsCoreErrorInfo:The error from device(chipId:0, dieId:0), serial number is 1245, there is an aivec error exception, core id is 12, error code = 0, dump info: pc start: 0x120041000a00, current: 0x120041001490, sc error info: 0xffffffffffff, su error info: 0x7f1ca5a5328e334c,0xc0000058c8004b70, mte error info: 0x8509380000020043, vec error info: 0x410062180031126e, cube error info: 0, l1 error info: 0, aic error mask: 0x395856, para base: 0x120000200000, mte error: 0, aic cond: 0.
The extend info: errcode:(0) errorStr: timeout or trap error. subErrType: 0x4.
For details, see the troubleshooting document on the Ascend official website. Search for the keyword "AI Core Error".
[ERROR] RUNTIME(3689,m23_gdn_prefill_j12):2026-09-27-11:34:59.540.241 [device_error_proc_c.cc:661]3715 AddExceptionRegInfo:add error register: core_id=13, stream_id=61, task_sn=3
[ERROR] RUNTIME(3689,m23_gdn_prefill_j12):2026-09-27-11:34:59.540.244 [device_error_proc_c.cc:716]3715 ProcessDavidStarsCoreErrorInfo:The error from device(chipId:0, dieId:0), serial number is 1245, there is an aivec error exception, core id is 13, error code = 0, dump info: pc start: 0x120041000a00, current: 0x120041001490, sc error info: 0xffffffffffff, su error info: 0xa3777bf919fc334c,0xc00000582000bdff, mte error info: 0x8509400000020043, vec error info: 0x410062180031126e, cube error info: 0, l1 error info: 0, aic error mask: 0x395856, para base: 0x120000200000, mte error: 0, aic cond: 0.
The extend info: errcode:(0) errorStr: timeout or trap error. subErrType: 0x4.
For details, see the troubleshooting document on the Ascend official website. Search for the keyword "AI Core Error".
[ERROR] RUNTIME(3689,m23_gdn_prefill_j12):2026-09-27-11:34:59.540.252 [device_error_proc_c.cc:661]3715 AddExceptionRegInfo:add error register: core_id=14, stream_id=61, task_sn=3
[ERROR] RUNTIME(3689,m23_gdn_prefill_j12):2026-09-27-11:34:59.540.254 [device_error_proc_c.cc:716]3715 ProcessDavidStarsCoreErrorInfo:The error from device(chipId:0, dieId:0), serial number is 1245, there is an aivec error exception, core id is 14, error code = 0, dump info: pc start: 0x120041000a00, current: 0x120041001490, sc error info: 0xffffffffffff, su error info: 0xc64f375f2f0c334c,0x81efff7fc800843e, mte error info: 0x8509480000020043, vec error info: 0x410062180031126e, cube error info: 0, l1 error info: 0, aic error mask: 0x395856, para base: 0x120000200000, mte error: 0, aic cond: 0.
The extend info: errcode:(0) errorStr: timeout or trap error. subErrType: 0x4.
For details, see the troubleshooting document on the Ascend official website. Search for the keyword "AI Core Error".
[ERROR] RUNTIME(3689,m23_gdn_prefill_j12):2026-09-27-11:34:59.540.262 [device_error_proc_c.cc:661]3715 AddExceptionRegInfo:add error register: core_id=15, stream_id=61, task_sn=3
[ERROR] RUNTIME(3689,m23_gdn_prefill_j12):2026-09-27-11:34:59.540.265 [device_error_proc_c.cc:716]3715 ProcessDavidStarsCoreErrorInfo:The error from device(chipId:0, dieId:0), serial number is 1245, there is an aivec error exception, core id is 15, error code = 0, dump info: pc start: 0x120041000a00, current: 0x120041001490, sc error info: 0xffffffffffff, su error info: 0x34fffbfe3a2c334c,0xdbfd67df0000ddfe, mte error info: 0x8509500000020043, vec error info: 0x410062180031126e, cube error info: 0, l1 error info: 0, aic error mask: 0x395856, para base: 0x120000200000, mte error: 0, aic cond: 0.
The extend info: errcode:(0) errorStr: timeout or trap error. subErrType: 0x4.
For details, see the troubleshooting document on the Ascend official website. Search for the keyword "AI Core Error".
[ERROR] RUNTIME(3689,m23_gdn_prefill_j12):2026-09-27-11:34:59.540.272 [device_error_proc_c.cc:661]3715 AddExceptionRegInfo:add error register: core_id=16, stream_id=61, task_sn=3
[ERROR] RUNTIME(3689,m23_gdn_prefill_j12):2026-09-27-11:34:59.540.275 [device_error_proc_c.cc:716]3715 ProcessDavidStarsCoreErrorInfo:The error from device(chipId:0, dieId:0), serial number is 1245, there is an aivec error exception, core id is 16, error code = 0, dump info: pc start: 0x120041000a00, current: 0x120041001490, sc error info: 0xffffffffffff, su error info: 0xbfce6ff529fc334c,0x147cf7732800fa3f, mte error info: 0x8509581000020043, vec error info: 0x410062180031126e, cube error info: 0, l1 error info: 0, aic error mask: 0x395856, para base: 0x120000200000, mte error: 0, aic cond: 0.
The extend info: errcode:(0) errorStr: timeout or trap error. subErrType: 0x4.
For details, see the troubleshooting document on the Ascend official website. Search for the keyword "AI Core Error".
[ERROR] RUNTIME(3689,m23_gdn_prefill_j12):2026-09-27-11:34:59.540.282 [device_error_proc_c.cc:661]3715 AddExceptionRegInfo:add error register: core_id=17, stream_id=61, task_sn=3
[ERROR] RUNTIME(3689,m23_gdn_prefill_j12):2026-09-27-11:34:59.540.285 [device_error_proc_c.cc:716]3715 ProcessDavidStarsCoreErrorInfo:The error from device(chipId:0, dieId:0), serial number is 1245, there is an aivec error exception, core id is 17, error code = 0, dump info: pc start: 0x120041000a00, current: 0x120041001490, sc error info: 0xffffffffffff, su error info: 0x6fffbfff3938334c,0xbdfcc9e8f800fd7f, mte error info: 0x8509600000020043, vec error info: 0x410062180031126e, cube error info: 0, l1 error info: 0, aic error mask: 0x395856, para base: 0x120000200000, mte error: 0, aic cond: 0.
The extend info: errcode:(0) errorStr: timeout or trap error. subErrType: 0x4.
For details, see the troubleshooting document on the Ascend official website. Search for the keyword "AI Core Error".
[ERROR] RUNTIME(3689,m23_gdn_prefill_j12):2026-09-27-11:34:59.540.292 [device_error_proc_c.cc:661]3715 AddExceptionRegInfo:add error register: core_id=18, stream_id=61, task_sn=3
[ERROR] RUNTIME(3689,m23_gdn_prefill_j12):2026-09-27-11:34:59.540.295 [device_error_proc_c.cc:716]3715 ProcessDavidStarsCoreErrorInfo:The error from device(chipId:0, dieId:0), serial number is 1245, there is an aivec error exception, core id is 18, error code = 0, dump info: pc start: 0x120041000a00, current: 0x1200410015bc, sc error info: 0xffffffffffff, su error info: 0xdba3fa9c23e0334c,0xf87fe5fc7800bf28, mte error info: 0x8509684000020043, vec error info: 0x410062180031126e, cube error info: 0, l1 error info: 0, aic error mask: 0x395856, para base: 0x120000200000, mte error: 0, aic cond: 0.
The extend info: errcode:(0) errorStr: timeout or trap error. subErrType: 0x4.
For details, see the troubleshooting document on the Ascend official website. Search for the keyword "AI Core Error".
[ERROR] RUNTIME(3689,m23_gdn_prefill_j12):2026-09-27-11:34:59.540.303 [device_error_proc_c.cc:661]3715 AddExceptionRegInfo:add error register: core_id=19, stream_id=61, task_sn=3
[ERROR] RUNTIME(3689,m23_gdn_prefill_j12):2026-09-27-11:34:59.540.305 [device_error_proc_c.cc:716]3715 ProcessDavidStarsCoreErrorInfo:The error from device(chipId:0, dieId:0), serial number is 1245, there is an aivec error exception, core id is 19, error code = 0, dump info: pc start: 0x120041000a00, current: 0x1200410015bc, sc error info: 0xffffffffffff, su error info: 0xf66fdbb805b8334c,0xab276a1e2000dddb, mte error info: 0x8509700000020043, vec error info: 0x410062180031126e, cube error info: 0, l1 error info: 0, aic error mask: 0x395856, para base: 0x120000200000, mte error: 0, aic cond: 0.
The extend info: errcode:(0) errorStr: timeout or trap error. subErrType: 0x4.
For details, see the troubleshooting document on the Ascend official website. Search for the keyword "AI Core Error".
[ERROR] RUNTIME(3689,m23_gdn_prefill_j12):2026-09-27-11:34:59.540.313 [device_error_proc_c.cc:661]3715 AddExceptionRegInfo:add error register: core_id=24, stream_id=61, task_sn=3
[ERROR] RUNTIME(3689,m23_gdn_prefill_j12):2026-09-27-11:34:59.540.315 [device_error_proc_c.cc:716]3715 ProcessDavidStarsCoreErrorInfo:The error from device(chipId:0, dieId:0), serial number is 1245, there is an aivec error exception, core id is 24, error code = 0, dump info: pc start: 0x120041000a00, current: 0x120041001490, sc error info: 0xffffffffffff, su error info: 0xfdf78fab1d7c334c,0x5c56f3ddf8004ff0, mte error info: 0x8509780000020043, vec error info: 0x410062180031126e, cube error info: 0, l1 error info: 0, aic error mask: 0x395856, para base: 0x120000200000, mte error: 0, aic cond: 0.
The extend info: errcode:(0) errorStr: timeout or trap error. subErrType: 0x4.
For details, see the troubleshooting document on the Ascend official website. Search for the keyword "AI Core Error".
[ERROR] RUNTIME(3689,m23_gdn_prefill_j12):2026-09-27-11:34:59.540.322 [device_error_proc_c.cc:661]3715 AddExceptionRegInfo:add error register: core_id=25, stream_id=61, task_sn=3
[ERROR] RUNTIME(3689,m23_gdn_prefill_j12):2026-09-27-11:34:59.540.325 [device_error_proc_c.cc:716]3715 ProcessDavidStarsCoreErrorInfo:The error from device(chipId:0, dieId:0), serial number is 1245, there is an aivec error exception, core id is 25, error code = 0, dump info: pc start: 0x120041000a00, current: 0x120041001490, sc error info: 0xffffffffffff, su error info: 0x7a9daffc3bba334c,0x65d05736b8001774, mte error info: 0x8509801000020043, vec error info: 0x410062180031126e, cube error info: 0, l1 error info: 0, aic error mask: 0x395856, para base: 0x120000200000, mte error: 0, aic cond: 0.
The extend info: errcode:(0) errorStr: timeout or trap error. subErrType: 0x4.
For details, see the troubleshooting document on the Ascend official website. Search for the keyword "AI Core Error".
[ERROR] RUNTIME(3689,m23_gdn_prefill_j12):2026-09-27-11:34:59.540.337 [device_error_proc_c.cc:661]3715 AddExceptionRegInfo:add error register: core_id=26, stream_id=61, task_sn=3
[ERROR] RUNTIME(3689,m23_gdn_prefill_j12):2026-09-27-11:34:59.540.340 [device_error_proc_c.cc:716]3715 ProcessDavidStarsCoreErrorInfo:The error from device(chipId:0, dieId:0), serial number is 1245, there is an aivec error exception, core id is 26, error code = 0, dump info: pc start: 0x120041000a00, current: 0x120041001490, sc error info: 0xffffffffffff, su error info: 0xf9aab8ee3bba334c,0x7dfff759c000f6db, mte error info: 0x8509880000020043, vec error info: 0x410062180031126e, cube error info: 0, l1 error info: 0, aic error mask: 0x395856, para base: 0x120000200000, mte error: 0, aic cond: 0.
The extend info: errcode:(0) errorStr: timeout or trap error. subErrType: 0x4.
For details, see the troubleshooting document on the Ascend official website. Search for the keyword "AI Core Error".
[ERROR] RUNTIME(3689,m23_gdn_prefill_j12):2026-09-27-11:34:59.540.347 [device_error_proc_c.cc:661]3715 AddExceptionRegInfo:add error register: core_id=27, stream_id=61, task_sn=3
[ERROR] RUNTIME(3689,m23_gdn_prefill_j12):2026-09-27-11:34:59.540.350 [device_error_proc_c.cc:716]3715 ProcessDavidStarsCoreErrorInfo:The error from device(chipId:0, dieId:0), serial number is 1245, there is an aivec error exception, core id is 27, error code = 0, dump info: pc start: 0x120041000a00, current: 0x120041001490, sc error info: 0xffffffffffff, su error info: 0xfffbff1c3478334c,0x2174cd067000977f, mte error info: 0x8509901000020043, vec error info: 0x410062180031126e, cube error info: 0, l1 error info: 0, aic error mask: 0x395856, para base: 0x120000200000, mte error: 0, aic cond: 0.
The extend info: errcode:(0) errorStr: timeout or trap error. subErrType: 0x4.
For details, see the troubleshooting document on the Ascend official website. Search for the keyword "AI Core Error".
[ERROR] RUNTIME(3689,m23_gdn_prefill_j12):2026-09-27-11:34:59.540.357 [device_error_proc_c.cc:661]3715 AddExceptionRegInfo:add error register: core_id=28, stream_id=61, task_sn=3
[ERROR] RUNTIME(3689,m23_gdn_prefill_j12):2026-09-27-11:34:59.540.359 [device_error_proc_c.cc:716]3715 ProcessDavidStarsCoreErrorInfo:The error from device(chipId:0, dieId:0), serial number is 1245, there is an aivec error exception, core id is 28, error code = 0, dump info: pc start: 0x120041000a00, current: 0x120041001490, sc error info: 0xffffffffffff, su error info: 0xbfffb7fc203e33e4,0x9dfce95cf000defe, mte error info: 0x8509980000020043, vec error info: 0x410062180031126e, cube error info: 0, l1 error info: 0, aic error mask: 0x395856, para base: 0x120000200000, mte error: 0, aic cond: 0.
The extend info: errcode:(0) errorStr: timeout or trap error. subErrType: 0x4.
For details, see the troubleshooting document on the Ascend official website. Search for the keyword "AI Core Error".
[ERROR] RUNTIME(3689,m23_gdn_prefill_j12):2026-09-27-11:34:59.540.367 [device_error_proc_c.cc:661]3715 AddExceptionRegInfo:add error register: core_id=29, stream_id=61, task_sn=3
[ERROR] RUNTIME(3689,m23_gdn_prefill_j12):2026-09-27-11:34:59.540.369 [device_error_proc_c.cc:716]3715 ProcessDavidStarsCoreErrorInfo:The error from device(chipId:0, dieId:0), serial number is 1245, there is an aivec error exception, core id is 29, error code = 0, dump info: pc start: 0x120041000a00, current: 0x120041001490, sc error info: 0xffffffffffff, su error info: 0xaebe3f1d3ffc33e4,0x959076d97800dfda, mte error info: 0x8509a02000020043, vec error info: 0x410062180031126e, cube error info: 0, l1 error info: 0, aic error mask: 0x395856, para base: 0x120000200000, mte error: 0, aic cond: 0.
The extend info: errcode:(0) errorStr: timeout or trap error. subErrType: 0x4.
For details, see the troubleshooting document on the Ascend official website. Search for the keyword "AI Core Error".
[ERROR] RUNTIME(3689,m23_gdn_prefill_j12):2026-09-27-11:34:59.540.377 [device_error_proc_c.cc:661]3715 AddExceptionRegInfo:add error register: core_id=30, stream_id=61, task_sn=3
[ERROR] RUNTIME(3689,m23_gdn_prefill_j12):2026-09-27-11:34:59.540.380 [device_error_proc_c.cc:716]3715 ProcessDavidStarsCoreErrorInfo:The error from device(chipId:0, dieId:0), serial number is 1245, there is an aivec error exception, core id is 30, error code = 0, dump info: pc start: 0x120041000a00, current: 0x1200410015bc, sc error info: 0xffffffffffff, su error info: 0x2ffaf1ec33fe33e4,0xeeb5f7fad800df9e, mte error info: 0x8509a80000020043, vec error info: 0x410062180031126e, cube error info: 0, l1 error info: 0, aic error mask: 0x395856, para base: 0x120000200000, mte error: 0, aic cond: 0.
The extend info: errcode:(0) errorStr: timeout or trap error. subErrType: 0x4.
For details, see the troubleshooting document on the Ascend official website. Search for the keyword "AI Core Error".
[ERROR] RUNTIME(3689,m23_gdn_prefill_j12):2026-09-27-11:34:59.540.387 [device_error_proc_c.cc:661]3715 AddExceptionRegInfo:add error register: core_id=31, stream_id=61, task_sn=3
[ERROR] RUNTIME(3689,m23_gdn_prefill_j12):2026-09-27-11:34:59.540.390 [device_error_proc_c.cc:716]3715 ProcessDavidStarsCoreErrorInfo:The error from device(chipId:0, dieId:0), serial number is 1245, there is an aivec error exception, core id is 31, error code = 0, dump info: pc start: 0x120041000a00, current: 0x1200410015bc, sc error info: 0xffffffffffff, su error info: 0xaeefefad2ffa3484,0x77f77f76e8001fff, mte error info: 0x8509b00000020043, vec error info: 0x410062180031126e, cube error info: 0, l1 error info: 0, aic error mask: 0x395856, para base: 0x120000200000, mte error: 0, aic cond: 0.
The extend info: errcode:(0) errorStr: timeout or trap error. subErrType: 0x4.
For details, see the troubleshooting document on the Ascend official website. Search for the keyword "AI Core Error".
[ERROR] RUNTIME(3689,m23_gdn_prefill_j12):2026-09-27-11:34:59.540.397 [device_error_proc_c.cc:661]3715 AddExceptionRegInfo:add error register: core_id=36, stream_id=61, task_sn=3
[ERROR] RUNTIME(3689,m23_gdn_prefill_j12):2026-09-27-11:34:59.540.400 [device_error_proc_c.cc:716]3715 ProcessDavidStarsCoreErrorInfo:The error from device(chipId:0, dieId:0), serial number is 1245, there is an aivec error exception, core id is 36, error code = 0, dump info: pc start: 0x120041000a00, current: 0x1200410015bc, sc error info: 0xffffffffffff, su error info: 0xbf5f7fe72bdc3484,0xc00000580800f58e, mte error info: 0x8509b80000020043, vec error info: 0x410062180031126e, cube error info: 0, l1 error info: 0, aic error mask: 0x395856, para base: 0x120000200000, mte error: 0, aic cond: 0.
The extend info: errcode:(0) errorStr: timeout or trap error. subErrType: 0x4.
For details, see the troubleshooting document on the Ascend official website. Search for the keyword "AI Core Error".
[ERROR] RUNTIME(3689,m23_gdn_prefill_j12):2026-09-27-11:34:59.540.407 [device_error_proc_c.cc:661]3715 AddExceptionRegInfo:add error register: core_id=37, stream_id=61, task_sn=3
[ERROR] RUNTIME(3689,m23_gdn_prefill_j12):2026-09-27-11:34:59.540.410 [device_error_proc_c.cc:716]3715 ProcessDavidStarsCoreErrorInfo:The error from device(chipId:0, dieId:0), serial number is 1245, there is an aivec error exception, core id is 37, error code = 0, dump info: pc start: 0x120041000a00, current: 0x1200410015bc, sc error info: 0xffffffffffff, su error info: 0xf27c777c16883484,0xc0000058b0006ff9, mte error info: 0x8509c00000020043, vec error info: 0x410062180031126e, cube error info: 0, l1 error info: 0, aic error mask: 0x395856, para base: 0x120000200000, mte error: 0, aic cond: 0.
The extend info: errcode:(0) errorStr: timeout or trap error. subErrType: 0x4.
For details, see the troubleshooting document on the Ascend official website. Search for the keyword "AI Core Error".
[ERROR] RUNTIME(3689,m23_gdn_prefill_j12):2026-09-27-11:34:59.540.418 [device_error_proc_c.cc:661]3715 AddExceptionRegInfo:add error register: core_id=38, stream_id=61, task_sn=3
[ERROR] RUNTIME(3689,m23_gdn_prefill_j12):2026-09-27-11:34:59.540.420 [device_error_proc_c.cc:716]3715 ProcessDavidStarsCoreErrorInfo:The error from device(chipId:0, dieId:0), serial number is 1245, there is an aivec error exception, core id is 38, error code = 0, dump info: pc start: 0x120041000a00, current: 0x120041001490, sc error info: 0xffffffffffff, su error info: 0xfcd7dff73bfa3484,0xc0000058c000ff0f, mte error info: 0x8509c80000020043, vec error info: 0x410062180031126e, cube error info: 0, l1 error info: 0, aic error mask: 0x395856, para base: 0x120000200000, mte error: 0, aic cond: 0.
The extend info: errcode:(0) errorStr: timeout or trap error. subErrType: 0x4.
For details, see the troubleshooting document on the Ascend official website. Search for the keyword "AI Core Error".
[ERROR] RUNTIME(3689,m23_gdn_prefill_j12):2026-09-27-11:34:59.540.428 [device_error_proc_c.cc:661]3715 AddExceptionRegInfo:add error register: core_id=39, stream_id=61, task_sn=3
[ERROR] RUNTIME(3689,m23_gdn_prefill_j12):2026-09-27-11:34:59.540.430 [device_error_proc_c.cc:716]3715 ProcessDavidStarsCoreErrorInfo:The error from device(chipId:0, dieId:0), serial number is 1245, there is an aivec error exception, core id is 39, error code = 0, dump info: pc start: 0x120041000a00, current: 0x120041001490, sc error info: 0xffffffffffff, su error info: 0xfe7f6f65112834fa,0xc00000587000bf7e, mte error info: 0x8509d00000020043, vec error info: 0x410062180031126e, cube error info: 0, l1 error info: 0, aic error mask: 0x395856, para base: 0x120000200000, mte error: 0, aic cond: 0.
The extend info: errcode:(0) errorStr: timeout or trap error. subErrType: 0x4.
For details, see the troubleshooting document on the Ascend official website. Search for the keyword "AI Core Error".
[ERROR] RUNTIME(3689,m23_gdn_prefill_j12):2026-09-27-11:34:59.540.438 [device_error_proc_c.cc:661]3715 AddExceptionRegInfo:add error register: core_id=40, stream_id=61, task_sn=3
[ERROR] RUNTIME(3689,m23_gdn_prefill_j12):2026-09-27-11:34:59.540.440 [device_error_proc_c.cc:716]3715 ProcessDavidStarsCoreErrorInfo:The error from device(chipId:0, dieId:0), serial number is 1245, there is an aivec error exception, core id is 40, error code = 0, dump info: pc start: 0x120041000a00, current: 0x120041001490, sc error info: 0xffffffffffff, su error info: 0xbfdff3c70bfa01de,0xc0000058f800fffc, mte error info: 0x8509d81000020043, vec error info: 0x410062180031126e, cube error info: 0, l1 error info: 0, aic error mask: 0x395856, para base: 0x120000200000, mte error: 0, aic cond: 0.
The extend info: errcode:(0) errorStr: timeout or trap error. subErrType: 0x4.
For details, see the troubleshooting document on the Ascend official website. Search for the keyword "AI Core Error".
[ERROR] RUNTIME(3689,m23_gdn_prefill_j12):2026-09-27-11:34:59.540.448 [device_error_proc_c.cc:661]3715 AddExceptionRegInfo:add error register: core_id=41, stream_id=61, task_sn=3
[ERROR] RUNTIME(3689,m23_gdn_prefill_j12):2026-09-27-11:34:59.540.450 [device_error_proc_c.cc:716]3715 ProcessDavidStarsCoreErrorInfo:The error from device(chipId:0, dieId:0), serial number is 1245, there is an aivec error exception, core id is 41, error code = 0, dump info: pc start: 0x120041000a00, current: 0x120041001490, sc error info: 0xffffffffffff, su error info: 0xffef7eff3bf201de,0xc000005818005f69, mte error info: 0x8509e00000020043, vec error info: 0x410062180031126e, cube error info: 0, l1 error info: 0, aic error mask: 0x395856, para base: 0x120000200000, mte error: 0, aic cond: 0.
The extend info: errcode:(0) errorStr: timeout or trap error. subErrType: 0x4.
For details, see the troubleshooting document on the Ascend official website. Search for the keyword "AI Core Error".
[ERROR] RUNTIME(3689,m23_gdn_prefill_j12):2026-09-27-11:34:59.540.458 [device_error_proc_c.cc:661]3715 AddExceptionRegInfo:add error register: core_id=44, stream_id=61, task_sn=3
[ERROR] RUNTIME(3689,m23_gdn_prefill_j12):2026-09-27-11:34:59.540.461 [device_error_proc_c.cc:716]3715 ProcessDavidStarsCoreErrorInfo:The error from device(chipId:0, dieId:0), serial number is 1245, there is an aivec error exception, core id is 44, error code = 0, dump info: pc start: 0x120041000a00, current: 0x120041001490, sc error info: 0xffffffffffff, su error info: 0xbfd3dbc539ba01de,0xc0000058780076cb, mte error info: 0x8509e80000020043, vec error info: 0x410062180031126e, cube error info: 0, l1 error info: 0, aic error mask: 0x395856, para base: 0x120000200000, mte error: 0, aic cond: 0.
The extend info: errcode:(0) errorStr: timeout or trap error. subErrType: 0x4.
For details, see the troubleshooting document on the Ascend official website. Search for the keyword "AI Core Error".
[ERROR] RUNTIME(3689,m23_gdn_prefill_j12):2026-09-27-11:34:59.540.468 [device_error_proc_c.cc:661]3715 AddExceptionRegInfo:add error register: core_id=45, stream_id=61, task_sn=3
[ERROR] RUNTIME(3689,m23_gdn_prefill_j12):2026-09-27-11:34:59.540.471 [device_error_proc_c.cc:716]3715 ProcessDavidStarsCoreErrorInfo:The error from device(chipId:0, dieId:0), serial number is 1245, there is an aivec error exception, core id is 45, error code = 0, dump info: pc start: 0x120041000a00, current: 0x120041001490, sc error info: 0xffffffffffff, su error info: 0xf8de2bb52bea01de,0xc00000587800c9df, mte error info: 0x8509f00000020043, vec error info: 0x410062180031126e, cube error info: 0, l1 error info: 0, aic error mask: 0x395856, para base: 0x120000200000, mte error: 0, aic cond: 0.
The extend info: errcode:(0) errorStr: timeout or trap error. subErrType: 0x4.
For details, see the troubleshooting document on the Ascend official website. Search for the keyword "AI Core Error".
[ERROR] RUNTIME(3689,m23_gdn_prefill_j12):2026-09-27-11:34:59.540.478 [device_error_proc_c.cc:661]3715 AddExceptionRegInfo:add error register: core_id=46, stream_id=61, task_sn=3
[ERROR] RUNTIME(3689,m23_gdn_prefill_j12):2026-09-27-11:34:59.540.481 [device_error_proc_c.cc:716]3715 ProcessDavidStarsCoreErrorInfo:The error from device(chipId:0, dieId:0), serial number is 1245, there is an aivec error exception, core id is 46, error code = 0, dump info: pc start: 0x120041000a00, current: 0x1200410015bc, sc error info: 0xffffffffffff, su error info: 0xd792babf3ffc01de,0xc0000058f800fef3, mte error info: 0x8509f82000020043, vec error info: 0x410062180031126e, cube error info: 0, l1 error info: 0, aic error mask: 0x395856, para base: 0x120000200000, mte error: 0, aic cond: 0.
The extend info: errcode:(0) errorStr: timeout or trap error. subErrType: 0x4.
For details, see the troubleshooting document on the Ascend official website. Search for the keyword "AI Core Error".
[ERROR] RUNTIME(3689,m23_gdn_prefill_j12):2026-09-27-11:34:59.540.488 [device_error_proc_c.cc:661]3715 AddExceptionRegInfo:add error register: core_id=47, stream_id=61, task_sn=3
[ERROR] RUNTIME(3689,m23_gdn_prefill_j12):2026-09-27-11:34:59.540.491 [device_error_proc_c.cc:716]3715 ProcessDavidStarsCoreErrorInfo:The error from device(chipId:0, dieId:0), serial number is 1245, there is an aivec error exception, core id is 47, error code = 0, dump info: pc start: 0x120041000a00, current: 0x1200410015bc, sc error info: 0xffffffffffff, su error info: 0xd7fb579f392e01de,0xc0000058e000cbde, mte error info: 0x850a000000020043, vec error info: 0x410062180031126e, cube error info: 0, l1 error info: 0, aic error mask: 0x395856, para base: 0x120000200000, mte error: 0, aic cond: 0.
The extend info: errcode:(0) errorStr: timeout or trap error. subErrType: 0x4.
For details, see the troubleshooting document on the Ascend official website. Search for the keyword "AI Core Error".
[ERROR] RUNTIME(3689,m23_gdn_prefill_j12):2026-09-27-11:34:59.540.498 [device_error_proc_c.cc:661]3715 AddExceptionRegInfo:add error register: core_id=48, stream_id=61, task_sn=3
[ERROR] RUNTIME(3689,m23_gdn_prefill_j12):2026-09-27-11:34:59.540.501 [device_error_proc_c.cc:716]3715 ProcessDavidStarsCoreErrorInfo:The error from device(chipId:0, dieId:0), serial number is 1245, there is an aivec error exception, core id is 48, error code = 0, dump info: pc start: 0x120041000a00, current: 0x120041001490, sc error info: 0xffffffffffff, su error info: 0x7ffff5702fe601de,0xc0000058d800eeff, mte error info: 0x850a080000020043, vec error info: 0x410062180031126e, cube error info: 0, l1 error info: 0, aic error mask: 0x395856, para base: 0x120000200000, mte error: 0, aic cond: 0.
The extend info: errcode:(0) errorStr: timeout or trap error. subErrType: 0x4.
For details, see the troubleshooting document on the Ascend official website. Search for the keyword "AI Core Error".
[ERROR] RUNTIME(3689,m23_gdn_prefill_j12):2026-09-27-11:34:59.540.509 [device_error_proc_c.cc:661]3715 AddExceptionRegInfo:add error register: core_id=49, stream_id=61, task_sn=3
[ERROR] RUNTIME(3689,m23_gdn_prefill_j12):2026-09-27-11:34:59.540.511 [device_error_proc_c.cc:716]3715 ProcessDavidStarsCoreErrorInfo:The error from device(chipId:0, dieId:0), serial number is 1245, there is an aivec error exception, core id is 49, error code = 0, dump info: pc start: 0x120041000a00, current: 0x120041001490, sc error info: 0xffffffffffff, su error info: 0xff9b312e30da01de,0xc00000587000b957, mte error info: 0x850a103000020043, vec error info: 0x410062180031126e, cube error info: 0, l1 error info: 0, aic error mask: 0x395856, para base: 0x120000200000, mte error: 0, aic cond: 0.
The extend info: errcode:(0) errorStr: timeout or trap error. subErrType: 0x4.
For details, see the troubleshooting document on the Ascend official website. Search for the keyword "AI Core Error".
[ERROR] RUNTIME(3689,m23_gdn_prefill_j12):2026-09-27-11:34:59.540.519 [device_error_proc_c.cc:661]3715 AddExceptionRegInfo:add error register: core_id=50, stream_id=61, task_sn=3
[ERROR] RUNTIME(3689,m23_gdn_prefill_j12):2026-09-27-11:34:59.540.522 [device_error_proc_c.cc:716]3715 ProcessDavidStarsCoreErrorInfo:The error from device(chipId:0, dieId:0), serial number is 1245, there is an aivec error exception, core id is 50, error code = 0, dump info: pc start: 0x120041000a00, current: 0x1200410015bc, sc error info: 0xffffffffffff, su error info: 0x5aeaffff19bc01de,0xc0000058e000b8b2, mte error info: 0x850a180000020043, vec error info: 0x410062180031126e, cube error info: 0, l1 error info: 0, aic error mask: 0x395856, para base: 0x120000200000, mte error: 0, aic cond: 0.
The extend info: errcode:(0) errorStr: timeout or trap error. subErrType: 0x4.
For details, see the troubleshooting document on the Ascend official website. Search for the keyword "AI Core Error".
[ERROR] RUNTIME(3689,m23_gdn_prefill_j12):2026-09-27-11:34:59.540.529 [device_error_proc_c.cc:661]3715 AddExceptionRegInfo:add error register: core_id=51, stream_id=61, task_sn=3
[ERROR] RUNTIME(3689,m23_gdn_prefill_j12):2026-09-27-11:34:59.540.532 [device_error_proc_c.cc:716]3715 ProcessDavidStarsCoreErrorInfo:The error from device(chipId:0, dieId:0), serial number is 1245, there is an aivec error exception, core id is 51, error code = 0, dump info: pc start: 0x120041000a00, current: 0x1200410015bc, sc error info: 0xffffffffffff, su error info: 0x38f87e3a1c9c01de,0xc000005870005ffe, mte error info: 0x850a200000020043, vec error info: 0x410062180031126e, cube error info: 0, l1 error info: 0, aic error mask: 0x395856, para base: 0x120000200000, mte error: 0, aic cond: 0.
The extend info: errcode:(0) errorStr: timeout or trap error. subErrType: 0x4.
For details, see the troubleshooting document on the Ascend official website. Search for the keyword "AI Core Error".
[ERROR] RUNTIME(3689,m23_gdn_prefill_j12):2026-09-27-11:34:59.540.540 [device_error_proc_c.cc:661]3715 AddExceptionRegInfo:add error register: core_id=52, stream_id=61, task_sn=3
[ERROR] RUNTIME(3689,m23_gdn_prefill_j12):2026-09-27-11:34:59.540.542 [device_error_proc_c.cc:716]3715 ProcessDavidStarsCoreErrorInfo:The error from device(chipId:0, dieId:0), serial number is 1245, there is an aivec error exception, core id is 52, error code = 0, dump info: pc start: 0x120041000a00, current: 0x120041001490, sc error info: 0xffffffffffff, su error info: 0xe8f2ef6d2fb201de,0xe4eb70d17000fc4f, mte error info: 0x850a280000020043, vec error info: 0x410062180031126e, cube error info: 0, l1 error info: 0, aic error mask: 0x395856, para base: 0x120000200000, mte error: 0, aic cond: 0.
The extend info: errcode:(0) errorStr: timeout or trap error. subErrType: 0x4.
For details, see the troubleshooting document on the Ascend official website. Search for the keyword "AI Core Error".
[ERROR] RUNTIME(3689,m23_gdn_prefill_j12):2026-09-27-11:34:59.540.550 [device_error_proc_c.cc:661]3715 AddExceptionRegInfo:add error register: core_id=53, stream_id=61, task_sn=3
[ERROR] RUNTIME(3689,m23_gdn_prefill_j12):2026-09-27-11:34:59.540.553 [device_error_proc_c.cc:716]3715 ProcessDavidStarsCoreErrorInfo:The error from device(chipId:0, dieId:0), serial number is 1245, there is an aivec error exception, core id is 53, error code = 0, dump info: pc start: 0x120041000a00, current: 0x120041001490, sc error info: 0xffffffffffff, su error info: 0x6ef555e43bca01de,0x4ec06ae4f800ffdf, mte error info: 0x850a300000020043, vec error info: 0x410062180031126e, cube error info: 0, l1 error info: 0, aic error mask: 0x395856, para base: 0x120000200000, mte error: 0, aic cond: 0.
The extend info: errcode:(0) errorStr: timeout or trap error. subErrType: 0x4.
For details, see the troubleshooting document on the Ascend official website. Search for the keyword "AI Core Error".
[ERROR] RUNTIME(3689,m23_gdn_prefill_j12):2026-09-27-11:34:59.540.560 [device_error_proc_c.cc:661]3715 AddExceptionRegInfo:add error register: core_id=54, stream_id=61, task_sn=3
[ERROR] RUNTIME(3689,m23_gdn_prefill_j12):2026-09-27-11:34:59.540.563 [device_error_proc_c.cc:716]3715 ProcessDavidStarsCoreErrorInfo:The error from device(chipId:0, dieId:0), serial number is 1245, there is an aivec error exception, core id is 54, error code = 0, dump info: pc start: 0x120041000a00, current: 0x1200410015bc, sc error info: 0xffffffffffff, su error info: 0xdb3bfad639c401de,0x77fddd9fe8007ffc, mte error info: 0x850a380000020043, vec error info: 0x410062180031126e, cube error info: 0, l1 error info: 0, aic error mask: 0x395856, para base: 0x120000200000, mte error: 0, aic cond: 0.
The extend info: errcode:(0) errorStr: timeout or trap error. subErrType: 0x4.
For details, see the troubleshooting document on the Ascend official website. Search for the keyword "AI Core Error".
[ERROR] RUNTIME(3689,m23_gdn_prefill_j12):2026-09-27-11:34:59.540.570 [device_error_proc_c.cc:661]3715 AddExceptionRegInfo:add error register: core_id=55, stream_id=61, task_sn=3
[ERROR] RUNTIME(3689,m23_gdn_prefill_j12):2026-09-27-11:34:59.540.573 [device_error_proc_c.cc:716]3715 ProcessDavidStarsCoreErrorInfo:The error from device(chipId:0, dieId:0), serial number is 1245, there is an aivec error exception, core id is 55, error code = 0, dump info: pc start: 0x120041000a00, current: 0x1200410015bc, sc error info: 0xffffffffffff, su error info: 0x6d7edfbc3bfc01de,0xf1dfd6f7f000dfff, mte error info: 0x850a402000020043, vec error info: 0x410062180031126e, cube error info: 0, l1 error info: 0, aic error mask: 0x395856, para base: 0x120000200000, mte error: 0, aic cond: 0.
The extend info: errcode:(0) errorStr: timeout or trap error. subErrType: 0x4.
For details, see the troubleshooting document on the Ascend official website. Search for the keyword "AI Core Error".
[ERROR] RUNTIME(3689,m23_gdn_prefill_j12):2026-09-27-11:34:59.540.580 [device_error_proc_c.cc:661]3715 AddExceptionRegInfo:add error register: core_id=56, stream_id=61, task_sn=3
[ERROR] RUNTIME(3689,m23_gdn_prefill_j12):2026-09-27-11:34:59.540.583 [device_error_proc_c.cc:716]3715 ProcessDavidStarsCoreErrorInfo:The error from device(chipId:0, dieId:0), serial number is 1245, there is an aivec error exception, core id is 56, error code = 0, dump info: pc start: 0x120041000a00, current: 0x120041001490, sc error info: 0xffffffffffff, su error info: 0xe4fa32553abe01de,0xde6515fec800bb1b, mte error info: 0x850a480000020043, vec error info: 0x410062180031126e, cube error info: 0, l1 error info: 0, aic error mask: 0x395856, para base: 0x120000200000, mte error: 0, aic cond: 0.
The extend info: errcode:(0) errorStr: timeout or trap error. subErrType: 0x4.
For details, see the troubleshooting document on the Ascend official website. Search for the keyword "AI Core Error".
[ERROR] RUNTIME(3689,m23_gdn_prefill_j12):2026-09-27-11:34:59.540.591 [device_error_proc_c.cc:661]3715 AddExceptionRegInfo:add error register: core_id=57, stream_id=61, task_sn=3
[ERROR] RUNTIME(3689,m23_gdn_prefill_j12):2026-09-27-11:34:59.540.594 [device_error_proc_c.cc:716]3715 ProcessDavidStarsCoreErrorInfo:The error from device(chipId:0, dieId:0), serial number is 1245, there is an aivec error exception, core id is 57, error code = 0, dump info: pc start: 0x120041000a00, current: 0x120041001490, sc error info: 0xffffffffffff, su error info: 0xffb5ffdf298e01de,0x5fa58f9f0000ee9d, mte error info: 0x850a500000020043, vec error info: 0x410062180031126e, cube error info: 0, l1 error info: 0, aic error mask: 0x395856, para base: 0x120000200000, mte error: 0, aic cond: 0.
The extend info: errcode:(0) errorStr: timeout or trap error. subErrType: 0x4.
For details, see the troubleshooting document on the Ascend official website. Search for the keyword "AI Core Error".
[ERROR] RUNTIME(3689,m23_gdn_prefill_j12):2026-09-27-11:34:59.540.605 [davinci_kernel_task_v200_base.cc:255]3715 SetStarsResultByErrorType:AI Core kernel task execution failed, retCode=0x26.
[ERROR] RUNTIME(3689,m23_gdn_prefill_j12):2026-09-27-11:34:59.540.609 [davinci_kernel_task.cc:1262]3715 PreCheckTaskErr:An error occurred in the kernel task, retCode=0x26, [aicore exception].
[ERROR] RUNTIME(3689,m23_gdn_prefill_j12):2026-09-27-11:34:59.540.661 [davinci_kernel_task.cc:1076]3715 GetArgsInfo:[AIC_INFO] args(0 to 10) after execute:0x12004e400000, 0x120050600000, 0x120052800000, 0x120000017000, 0x1200000d8000, 0x12004ca00000, 0x120058a00000, 0x12004c600000, 0x12004ce00000, 0x3000001001, 0x104100001008.
[ERROR] RUNTIME(3689,m23_gdn_prefill_j12):2026-09-27-11:34:59.540.665 [davinci_kernel_task.cc:1080]3715 GetArgsInfo:tilingKey = 0, print 1 Times totalLen=(11*8), argsSize=92, schemMode=0, blockDim=28
[ERROR] RUNTIME(3689,m23_gdn_prefill_j12):2026-09-27-11:34:59.540.671 [davinci_kernel_task.cc:1180]3715 PrintErrorInfoForDavinciTask:[AIC_INFO] after execute:args print end
[ERROR] RUNTIME(3689,m23_gdn_prefill_j12):2026-09-27-11:34:59.540.673 [davinci_kernel_task.cc:1028]3715 GetMixCtxInfo:descAlignBuf is invalid, device_id=0, stream_id=61, task_id=1.
[ERROR] RUNTIME(3689,m23_gdn_prefill_j12):2026-09-27-11:34:59.540.675 [davinci_kernel_task.cc:1185]3715 PrintErrorInfoForDavinciTask:[AIC_INFO] after execute:(no result)
[ERROR] RUNTIME(3689,m23_gdn_prefill_j12):2026-09-27-11:34:59.541.157 [davinci_kernel_task.cc:1210]3715 PrintErrorInfoForDavinciTask:[DFX_INFO]AI Core kernel execution failed, device_id=0, stream_id=61, report_stream_id=61, task_id=1, flip_num=0, fault kernel_name=_Z22m23_gdn_prefill_kernelPhS_S_S_S_S_S_S_S_jjjjf, fault kernel info ext=none, program id=0, hash=13344283972177065418.
[ERROR] RUNTIME(3689,m23_gdn_prefill_j12):2026-09-27-11:34:59.859.640 [stream.cc:1743]3689 GetError:Stream Synchronize failed, stream_id=61, retCode=0x26, [aicore exception].
[ERROR] RUNTIME(3689,m23_gdn_prefill_j12):2026-09-27-11:34:59.859.665 [stream.cc:1746]3689 GetError:AI Core kernel task execution failed, retCode=0x26.
[ERROR] RUNTIME(3689,m23_gdn_prefill_j12):2026-09-27-11:34:59.859.706 [stream.cc:1746]3689 GetError:[AIC_INFO] after execute:args print end
[ERROR] RUNTIME(3689,m23_gdn_prefill_j12):2026-09-27-11:34:59.859.712 [stream.cc:1746]3689 GetError:[AIC_INFO] after execute:(no result)
[ERROR] RUNTIME(3689,m23_gdn_prefill_j12):2026-09-27-11:34:59.859.724 [stream.cc:1746]3689 GetError:[DFX_INFO]AI Core kernel execution failed, device_id=0, stream_id=61, report_stream_id=61, task_id=1, flip_num=0, fault kernel_name=_Z22m23_gdn_prefill_kernelPhS_S_S_S_S_S_S_S_jjjjf, fault kernel info ext=none, program id=0, hash=13344283972177065418.
[ERROR] RUNTIME(3689,m23_gdn_prefill_j12):2026-09-27-11:34:59.859.744 [api_error.cc:1101]3689 StreamSynchronize:Stream synchronize failed, stream_id=61, timeout=-1ms.
[ERROR] RUNTIME(3689,m23_gdn_prefill_j12):2026-09-27-11:34:59.859.764 [api_c_stream.cc:158]3689 rtStreamSynchronize:ErrCode=507015, desc=[aicore exception], InnerCode=0x7150026
[ERROR] RUNTIME(3689,m23_gdn_prefill_j12):2026-09-27-11:34:59.859.768 [error_message_manage.cc:69]3689 FuncErrorReason:rtStreamSynchronize execution failed, reason=aicore exception
[M23] mix(1,2) launch: nblk(AIC)=28 → AIV 线程数=56；slot=753664 B；scratch=21102592 B
[M23] m1       H=48 T=1    blk=28 : 0.069 ms  (o[0..3]=0.000000 0.000000 0.000000 0.000000, dump ok)
[M23][FAIL] H=48 T=4097 launch/sync error 507015 : EZ9999: Inner Error!
EZ9999[PID: 3689] 2026-09-27-11:34:59.539.799 (EZ9999):  The error from device(chipId:0, dieId:0), serial number is 1244, there is an aicore error exception, core id is 0, error code = 0, dump info: pc start: 0x120041000000, current: 0x120041000704, sc error info: 0xffffffffffff, su error info: 0xfbbddff31d34ffee,0xfd74f2afd800ffff, mte error info: 0x13d10000000202ce, vec error info: 0, cube error info: 0, l1 error info: 0x2090000e814, aic error mask: 0x395856, para base: 0x120000200000, mte error: 0, aic cond: 0.
The extend info: errcode:(0) errorStr: timeout or trap error. subErrType: 0x4.
For details, see the troubleshooting document on the Ascend official website. Search for the keyword "AI Core Error".[FUNC:ProcessDavidStarsCoreErrorInfo][FILE:device_error_proc_c.cc][LINE:716]
TraceBack (most recent call last):
       The error from device(chipId:0, dieId:0), serial number is 1244, there is an aicore error exception, core id is 1, error code = 171, dump info: pc start: 0x120041000000, current: 0x120041000478, sc error info: 0xffffffffffff, su error info: 0xffbfffdf1aacfefd,0x73f9f55bf800dfff, mte error info: 0x13d15000000202ce, vec error info: 0, cube error info: 0, l1 error info: 0x23800001897, aic error mask: 0x395856, para base: 0x120000200000, mte error: 0, aic cond: 0.
The extend info: errcode:(171) errorStr: A multi-bit ECC error occurs when fixpipe reads L0C. See the RAS alarm handling. subErrType: 0x4.
For details, see the troubleshooting document on the Ascend official website. Search for the keyword "AI Core Error".[FUNC:ProcessDavidStarsCoreErrorInfo][FILE:device_error_proc_c.cc][LINE:716]
       The error from device(chipId:0, dieId:0), serial number is 1244, there is an aicore error exception, core id is 2, error code = 0, dump info: pc start: 0x120041000000, current: 0x120041000704, sc error info: 0xffffffffffff, su error info: 0xbfbdffff184cdde5,0xffd7d4cdf000ffdf, mte error info: 0x13d1a000000202ce, vec error info: 0, cube error info: 0, l1 error info: 0x23800001893, aic error mask: 0x395856, para base: 0x120000200000, mte error: 0, aic cond: 0.
The extend info: errcode:(0) errorStr: timeout or trap error. subErrType: 0x4.
For details, see the troubleshooting document on the Ascend official website. Search for the keyword "AI Core Error".[FUNC:ProcessDavidStarsCoreErrorInfo][FILE:device_error_proc_c.cc][LINE:716]
       The error from device(chipId:0, dieId:0), serial number is 1244, there is an aicore error exception, core id is 3, error code = 171, dump info: pc start: 0x120041000000, current: 0x120041000478, sc error info: 0xffffffffffff, su error info: 0xaff7fe791e04cfff,0xddddfd069800efbf, mte error info: 0x13d1f000000202ce, vec error info: 0, cube error info: 0, l1 error info: 0x23800001086, aic error mask: 0x395856, para base: 0x120000200000, mte error: 0, aic cond: 0.
The extend info: errcode:(171) errorStr: A multi-bit ECC error occurs when fixpipe reads L0C. See the RAS alarm handling. subErrType: 0x4.
For details, see the troubleshooting document on the Ascend official website. Search for the keyword "AI Core Error".[FUNC:ProcessDavidStarsCoreErrorInfo][FILE:device_error_proc_c.cc][LINE:716]
       The error from device(chipId:0, dieId:0), serial number is 1244, there is an aicore error exception, core id is 4, error code = 0, dump info: pc start: 0x120041000000, current: 0x120041000704, sc error info: 0xffffffffffff, su error info: 0xcbbf7ffe0eeedaf7,0x6bfe3559f000dfef, mte error info: 0x13d24000000202ce, vec error info: 0, cube error info: 0, l1 error info: 0x23800001893, aic error mask: 0x395856, para base: 0x120000200000, mte error: 0, aic cond: 0.
The extend info: errcode:(0) errorStr: timeout or trap error. subErrType: 0x4.
For details, see the troubleshooting document on the Ascend official website. Search for the keyword "AI Core Error".[FUNC:ProcessDavidStarsCoreErrorInfo][FILE:device_error_proc_c.cc][LINE:716]
       The error from device(chipId:0, dieId:0), serial number is 1244, there is an aicore error exception, core id is 5, error code = 0, dump info: pc start: 0x120041000000, current: 0x120041000704, sc error info: 0xffffffffffff, su error info: 0xffff7ffe0b9e9fce,0x4ffdef7ef800fffd, mte error info: 0x13d29000000202ce, vec error info: 0, cube error info: 0, l1 error info: 0x1f600001811, aic error mask: 0x395856, para base: 0x120000200000, mte error: 0, aic cond: 0.
The extend info: errcode:(0) errorStr: timeout or trap error. subErrType: 0x4.
For details, see the troubleshooting document on the Ascend official website. Search for the keyword "AI Core Error".[FUNC:ProcessDavidStarsCoreErrorInfo][FILE:device_error_proc_c.cc][LINE:716]
       The error from device(chipId:0, dieId:0), serial number is 1244, there is an aicore error exception, core id is 6, error code = 0, dump info: pc start: 0x120041000000, current: 0x120041000704, sc error info: 0xffffffffffff, su error info: 0xff9ffff31fba0ff8,0xdff07cefb800bffb, mte error info: 0x13d2e000000202ce, vec error info: 0, cube error info: 0, l1 error info: 0x1f600001c9f, aic error mask: 0x395856, para base: 0x120000200000, mte error: 0, aic cond: 0.
The extend info: errcode:(0) errorStr: timeout or trap error. subErrType: 0x4.
For details, see the troubleshooting document on the Ascend official website. Search for the keyword "AI Core Error".[FUNC:ProcessDavidStarsCoreErrorInfo][FILE:device_error_proc_c.cc][LINE:716]
       The error from device(chipId:0, dieId:0), serial number is 1244, there is an aicore error exception, core id is 7, error code = 0, dump info: pc start: 0x120041000000, current: 0x120041000704, sc error info: 0xffffffffffff, su error info: 0xffbffeff1fb8dfef,0x9fcd6f5378005fff, mte error info: 0x13d33000000202ce, vec error info: 0, cube error info: 0, l1 error info: 0x1f600001c18, aic error mask: 0x395856, para base: 0x120000200000, mte error: 0, aic cond: 0.
The extend info: errcode:(0) errorStr: timeout or trap error. subErrType: 0x4.
For details, see the troubleshooting document on the Ascend official website. Search for the keyword "AI Core Error".[FUNC:ProcessDavidStarsCoreErrorInfo][FILE:device_error_proc_c.cc][LINE:716]
       The error from device(chipId:0, dieId:0), serial number is 1244, there is an aicore error exception, core id is 8, error code = 0, dump info: pc start: 0x120041000000, current: 0x120041000704, sc error info: 0xffffffffffff, su error info: 0xffff7f9b11e6fe6d,0xdecddfc4e800ffef, mte error info: 0x13d38000000202ce, vec error info: 0, cube error info: 0, l1 error info: 0x1fc0000840c, aic error mask: 0x395856, para base: 0x120000200000, mte error: 0, aic cond: 0.
The extend info: errcode:(0) errorStr: timeout or trap error. subErrType: 0x4.
For details, see the troubleshooting document on the Ascend official website. Search for the keyword "AI Core Error".[FUNC:ProcessDavidStarsCoreErrorInfo][FILE:device_error_proc_c.cc][LINE:716]
       The error from device(chipId:0, dieId:0), serial number is 1244, there is an aicore error exception, core id is 9, error code = 171, dump info: pc start: 0x120041000000, current: 0x120041000810, sc error info: 0xffffffffffff, su error info: 0xf7ffffee14763f9f,0xf6eec5f8b800ffff, mte error info: 0x13d3d000000202ce, vec error info: 0, cube error info: 0, l1 error info: 0x1f600001c9e, aic error mask: 0x395856, para base: 0x120000200000, mte error: 0, aic cond: 0.
The extend info: errcode:(171) errorStr: A multi-bit ECC error occurs when fixpipe reads L0C. See the RAS alarm handling. subErrType: 0x4.
For details, see the troubleshooting document on the Ascend official website. Search for the keyword "AI Core Error".[FUNC:ProcessDavidStarsCoreErrorInfo][FILE:device_error_proc_c.cc][LINE:716]
       The error from device(chipId:0, dieId:0), serial number is 1244, there is an aicore error exception, core id is 12, error code = 0, dump info: pc start: 0x120041000000, current: 0x120041000704, sc error info: 0xffffffffffff, su error info: 0xdfff6ffe1ba4df5f,0xc7ccd1ddf800ffef, mte error info: 0x13d42000000202ce, vec error info: 0, cube error info: 0, l1 error info: 0x1fc00008087, aic error mask: 0x395856, para base: 0x120000200000, mte error: 0, aic cond: 0.
The extend info: errcode:(0) errorStr: timeout or trap error. subErrType: 0x4.
For details, see the troubleshooting document on the Ascend official website. Search for the keyword "AI Core Error".[FUNC:ProcessDavidStarsCoreErrorInfo][FILE:device_error_proc_c.cc][LINE:716]
       The error from device(chipId:0, dieId:0), serial number is 1244, there is an aicore error exception, core id is 13, error code = 171, dump info: pc start: 0x120041000000, current: 0x120041000478, sc error info: 0xffffffffffff, su error info: 0xfffdffff1430cf9f,0xd5fc7ddff000ffef, mte error info: 0x13d47000000202ce, vec error info: 0, cube error info: 0, l1 error info: 0x23800001896, aic error mask: 0x395856, para base: 0x120000200000, mte error: 0, aic cond: 0.
The extend info: errcode:(171) errorStr: A multi-bit ECC error occurs when fixpipe reads L0C. See the RAS alarm handling. subErrType: 0x4.
For details, see the troubleshooting document on the Ascend official website. Search for the keyword "AI Core Error".[FUNC:ProcessDavidStarsCoreErrorInfo][FILE:device_error_proc_c.cc][LINE:716]
       The error from device(chipId:0, dieId:0), serial number is 1244, there is an aicore error exception, core id is 14, error code = 0, dump info: pc start: 0x120041000000, current: 0x120041000704, sc error info: 0xffffffffffff, su error info: 0xf5fdb75f0638ebe6,0xeed7f59df800bfca, mte error info: 0x13d4c000000202ce, vec error info: 0, cube error info: 0, l1 error info: 0x23800001811, aic error mask: 0x395856, para base: 0x120000200000, mte error: 0, aic cond: 0.
The extend info: errcode:(0) errorStr: timeout or trap error. subErrType: 0x4.
For details, see the troubleshooting document on the Ascend official website. Search for the keyword "AI Core Error".[FUNC:ProcessDavidStarsCoreErrorInfo][FILE:device_error_proc_c.cc][LINE:716]
       The error from device(chipId:0, dieId:0), serial number is 1244, there is an aicore error exception, core id is 15, error code = 171, dump info: pc start: 0x120041000000, current: 0x120041000810, sc error info: 0xffffffffffff, su error info: 0xfffdff7b09befffe,0xf5deddf5e800fdff, mte error info: 0x13d51000000202ce, vec error info: 0, cube error info: 0, l1 error info: 0x1f600001810, aic error mask: 0x395856, para base: 0x120000200000, mte error: 0, aic cond: 0.
The extend info: errcode:(171) errorStr: A multi-bit ECC error occurs when fixpipe reads L0C. See the RAS alarm handling. subErrType: 0x4.
For details, see the troubleshooting document on the Ascend official website. Search for the keyword "AI Core Error".[FUNC:ProcessDavidStarsCoreErrorInfo][FILE:device_error_proc_c.cc][LINE:716]
       The error from device(chipId:0, dieId:0), serial number is 1244, there is an aicore error exception, core id is 18, error code = 171, dump info: pc start: 0x120041000000, current: 0x120041000810, sc error info: 0xffffffffffff, su error info: 0xbfbeffee013a3bde,0xed4237d47800bfff, mte error info: 0x13d56000000202ce, vec error info: 0, cube error info: 0, l1 error info: 0x1f600001814, aic error mask: 0x395856, para base: 0x120000200000, mte error: 0, aic cond: 0.
The extend info: errcode:(171) errorStr: A multi-bit ECC error occurs when fixpipe reads L0C. See the RAS alarm handling. subErrType: 0x4.
For details, see the troubleshooting document on the Ascend official website. Search for the keyword "AI Core Error".[FUNC:ProcessDavidStarsCoreErrorInfo][FILE:device_error_proc_c.cc][LINE:716]
       The error from device(chipId:0, dieId:0), serial number is 1244, there is an aicore error exception, core id is 19, error code = 171, dump info: pc start: 0x120041000000, current: 0x120041000478, sc error info: 0xffffffffffff, su error info: 0x7f7fafef1bacefff,0xfdc9f4cbf800feff, mte error info: 0x13d5b000000202ce, vec error info: 0, cube error info: 0, l1 error info: 0x23800001c1d, aic error mask: 0x395856, para base: 0x120000200000, mte error: 0, aic cond: 0.
The extend info: errcode:(171) errorStr: A multi-bit ECC error occurs when fixpipe reads L0C. See the RAS alarm handling. subErrType: 0x4.
For details, see the troubleshooting document on the Ascend official website. Search for the keyword "AI Core Error".[FUNC:ProcessDavidStarsCoreErrorInfo][FILE:device_error_proc_c.cc][LINE:716]
       The error from device(chipId:0, dieId:0), serial number is 1244, there is an aicore error exception, core id is 20, error code = 0, dump info: pc start: 0x120041000000, current: 0x120041000704, sc error info: 0xffffffffffff, su error info: 0xffffffff1a7cfefe,0xdf89fd19a000fb7f, mte error info: 0x13d60000000202ce, vec error info: 0, cube error info: 0, l1 error info: 0x1f600001c19, aic error mask: 0x395856, para base: 0x120000200000, mte error: 0, aic cond: 0.
The extend info: errcode:(0) errorStr: timeout or trap error. subErrType: 0x4.
For details, see the troubleshooting document on the Ascend official website. Search for the keyword "AI Core Error".[FUNC:ProcessDavidStarsCoreErrorInfo][FILE:device_error_proc_c.cc][LINE:716]
       The error from device(chipId:0, dieId:0), serial number is 1244, there is an aicore error exception, core id is 22, error code = 171, dump info: pc start: 0x120041000000, current: 0x120041000478, sc error info: 0xffffffffffff, su error info: 0xefff7ff91adc9ffe,0xfe734d95f800ef7f, mte error info: 0x13d65000000202ce, vec error info: 0, cube error info: 0, l1 error info: 0x23800001811, aic error mask: 0x395856, para base: 0x120000200000, mte error: 0, aic cond: 0.
The extend info: errcode:(171) errorStr: A multi-bit ECC error occurs when fixpipe reads L0C. See the RAS alarm handling. subErrType: 0x4.
For details, see the troubleshooting document on the Ascend official website. Search for the keyword "AI Core Error".[FUNC:ProcessDavidStarsCoreErrorInfo][FILE:device_error_proc_c.cc][LINE:716]
       The error from device(chipId:0, dieId:0), serial number is 1244, there is an aicore error exception, core id is 23, error code = 171, dump info: pc start: 0x120041000000, current: 0x120041000810, sc error info: 0xffffffffffff, su error info: 0xfffff4ff0fda0cf8,0xee4d7ffee000ffff, mte error info: 0x13d6a000000202ce, vec error info: 0, cube error info: 0, l1 error info: 0x1f600001c1c, aic error mask: 0x395856, para base: 0x120000200000, mte error: 0, aic cond: 0.
The extend info: errcode:(171) errorStr: A multi-bit ECC error occurs when fixpipe reads L0C. See the RAS alarm handling. subErrType: 0x4.
For details, see the troubleshooting document on the Ascend official website. Search for the keyword "AI Core Error".[FUNC:ProcessDavidStarsCoreErrorInfo][FILE:device_error_proc_c.cc][LINE:716]
       The error from device(chipId:0, dieId:0), serial number is 1244, there is an aicore error exception, core id is 24, error code = 0, dump info: pc start: 0x120041000000, current: 0x120041000468, sc error info: 0xffffffffffff, su error info: 0xfebffff70df8d7c8,0xd3cf9efff800bffb, mte error info: 0x13d6f000000202ce, vec error info: 0, cube error info: 0, l1 error info: 0x1f600001c1c, aic error mask: 0x395856, para base: 0x120000200000, mte error: 0, aic cond: 0.
The extend info: errcode:(0) errorStr: timeout or trap error. subErrType: 0x4.
For details, see the troubleshooting document on the Ascend official website. Search for the keyword "AI Core Error".[FUNC:ProcessDavidStarsCoreErrorInfo][FILE:device_error_proc_c.cc][LINE:716]
       The error from device(chipId:0, dieId:0), serial number is 1244, there is an aicore error exception, core id is 25, error code = 171, dump info: pc start: 0x120041000000, current: 0x120041000810, sc error info: 0xffffffffffff, su error info: 0xfbbff7fb1d2effbf,0x97ff7dd77000f7bf, mte error info: 0x13d74000000202ce, vec error info: 0, cube error info: 0, l1 error info: 0x1f600001811, aic error mask: 0x395856, para base: 0x120000200000, mte error: 0, aic cond: 0.
The extend info: errcode:(171) errorStr: A multi-bit ECC error occurs when fixpipe reads L0C. See the RAS alarm handling. subErrType: 0x4.
For details, see the troubleshooting document on the Ascend official website. Search for the keyword "AI Core Error".[FUNC:ProcessDavidStarsCoreErrorInfo][FILE:device_error_proc_c.cc][LINE:716]
       The error from device(chipId:0, dieId:0), serial number is 1244, there is an aicore error exception, core id is 26, error code = 0, dump info: pc start: 0x120041000000, current: 0x120041000704, sc error info: 0xffffffffffff, su error info: 0xfff7fbff11fadebe,0xdddd71c4f800fffa, mte error info: 0x13d79000000202ce, vec error info: 0, cube error info: 0, l1 error info: 0x1f600001c1c, aic error mask: 0x395856, para base: 0x120000200000, mte error: 0, aic cond: 0.
The extend info: errcode:(0) errorStr: timeout or trap error. subErrType: 0x4.
For details, see the troubleshooting document on the Ascend official website. Search for the keyword "AI Core Error".[FUNC:ProcessDavidStarsCoreErrorInfo][FILE:device_error_proc_c.cc][LINE:716]
       The error from device(chipId:0, dieId:0), serial number is 1244, there is an aicore error exception, core id is 27, error code = 171, dump info: pc start: 0x120041000000, current: 0x120041000810, sc error info: 0xffffffffffff, su error info: 0xf7ff27ff1dfaf774,0x7415e7d5d800fdf7, mte error info: 0x13d7e000000202ce, vec error info: 0, cube error info: 0, l1 error info: 0x1f600001c9a, aic error mask: 0x395856, para base: 0x120000200000, mte error: 0, aic cond: 0.
The extend info: errcode:(171) errorStr: A multi-bit ECC error occurs when fixpipe reads L0C. See the RAS alarm handling. subErrType: 0x4.
For details, see the troubleshooting document on the Ascend official website. Search for the keyword "AI Core Error".[FUNC:ProcessDavidStarsCoreErrorInfo][FILE:device_error_proc_c.cc][LINE:716]
       The error from device(chipId:0, dieId:0), serial number is 1244, there is an aicore error exception, core id is 28, error code = 171, dump info: pc start: 0x120041000000, current: 0x120041000478, sc error info: 0xffffffffffff, su error info: 0xffffff53068aefcf,0x7f4f6dccf800fbfb, mte error info: 0x13d83000000202ce, vec error info: 0, cube error info: 0, l1 error info: 0x23800001811, aic error mask: 0x395856, para base: 0x120000200000, mte error: 0, aic cond: 0.
The extend info: errcode:(171) errorStr: A multi-bit ECC error occurs when fixpipe reads L0C. See the RAS alarm handling. subErrType: 0x4.
For details, see the troubleshooting document on the Ascend official website. Search for the keyword "AI Core Error".[FUNC:ProcessDavidStarsCoreErrorInfo][FILE:device_error_proc_c.cc][LINE:716]
       The error from device(chipId:0, dieId:0), serial number is 1245, there is an aivec error exception, core id is 0, error code = 0, dump info: pc start: 0x120041000a00, current: 0x120041001490, sc error info: 0xffffffffffff, su error info: 0xeffbd7fd0fd83980,0xc00000585800eeb9, mte error info: 0x8508d800000235cb, vec error info: 0x410062180031126e, cube error info: 0, l1 error info: 0, aic error mask: 0x395856, para base: 0x120000200000, mte error: 0, aic cond: 0.
The extend info: errcode:(0) errorStr: timeout or trap error. subErrType: 0x4.
For details, see the troubleshooting document on the Ascend official website. Search for the keyword "AI Core Error".[FUNC:ProcessDavidStarsCoreErrorInfo][FILE:device_error_proc_c.cc][LINE:716]
       The error from device(chipId:0, dieId:0), serial number is 1245, there is an aivec error exception, core id is 1, error code = 0, dump info: pc start: 0x120041000a00, current: 0x120041001490, sc error info: 0xffffffffffff, su error info: 0xbbfff7ff2c9a0158,0xc0000058b8009c72, mte error info: 0x8508e00000020043, vec error info: 0x410062180031126e, cube error info: 0, l1 error info: 0, aic error mask: 0x395856, para base: 0x120000200000, mte error: 0, aic cond: 0.
The extend info: errcode:(0) errorStr: timeout or trap error. subErrType: 0x4.
For details, see the troubleshooting document on the Ascend official website. Search for the keyword "AI Core Error".[FUNC:ProcessDavidStarsCoreErrorInfo][FILE:device_error_proc_c.cc][LINE:716]
       The error from device(chipId:0, dieId:0), serial number is 1245, there is an aivec error exception, core id is 2, error code = 0, dump info: pc start: 0x120041000a00, current: 0x120041001490, sc error info: 0xffffffffffff, su error info: 0xda9635af2bbe334c,0xc0000058f8005eba, mte error info: 0x8508e81000020043, vec error info: 0x410062180031126e, cube error info: 0, l1 error info: 0, aic error mask: 0x395856, para base: 0x120000200000, mte error: 0, aic cond: 0.
The extend info: errcode:(0) errorStr: timeout or trap error. subErrType: 0x4.
For details, see the troubleshooting document on the Ascend official website. Search for the keyword "AI Core Error".[FUNC:ProcessDavidStarsCoreErrorInfo][FILE:device_error_proc_c.cc][LINE:716]
       The error from device(chipId:0, dieId:0), serial number is 1245, there is an aivec error exception, core id is 3, error code = 0, dump info: pc start: 0x120041000a00, current: 0x120041001490, sc error info: 0xffffffffffff, su error info: 0xffd7df7e1fe2334c,0xc000005878009396, mte error info: 0x8508f00000020043, vec error info: 0x410062180031126e, cube error info: 0, l1 error info: 0, aic error mask: 0x395856, para base: 0x120000200000, mte error: 0, aic cond: 0.
The extend info: errcode:(0) errorStr: timeout or trap error. subErrType: 0x4.
For details, see the troubleshooting document on the Ascend official website. Search for the keyword "AI Core Error".[FUNC:ProcessDavidStarsCoreErrorInfo][FILE:device_error_proc_c.cc][LINE:716]
       The error from device(chipId:0, dieId:0), serial number is 1245, there is an aivec error exception, core id is 4, error code = 0, dump info: pc start: 0x120041000a00, current: 0x120041001490, sc error info: 0xffffffffffff, su error info: 0xffffbb3f1eec334c,0xc0000058e800fff3, mte error info: 0x8508f80000020043, vec error info: 0x410062180031126e, cube error info: 0, l1 error info: 0, aic error mask: 0x395856, para base: 0x120000200000, mte error: 0, aic cond: 0.
The extend info: errcode:(0) errorStr: timeout or trap error. subErrType: 0x4.
For details, see the troubleshooting document on the Ascend official website. Search for the keyword "AI Core Error".[FUNC:ProcessDavidStarsCoreErrorInfo][FILE:device_error_proc_c.cc][LINE:716]
       The error from device(chipId:0, dieId:0), serial number is 1245, there is an aivec error exception, core id is 5, error code = 0, dump info: pc start: 0x120041000a00, current: 0x120041001490, sc error info: 0xffffffffffff, su error info: 0xddd7bff114fc334c,0xc0000058f0005dd9, mte error info: 0x8509000000020043, vec error info: 0x410062180031126e, cube error info: 0, l1 error info: 0, aic error mask: 0x395856, para base: 0x120000200000, mte error: 0, aic cond: 0.
The extend info: errcode:(0) errorStr: timeout or trap error. subErrType: 0x4.
For details, see the troubleshooting document on the Ascend official website. Search for the keyword "AI Core Error".[FUNC:ProcessDavidStarsCoreErrorInfo][FILE:device_error_proc_c.cc][LINE:716]
       The error from device(chipId:0, dieId:0), serial number is 1245, there is an aivec error exception, core id is 6, error code = 0, dump info: pc start: 0x120041000a00, current: 0x120041001490, sc error info: 0xffffffffffff, su error info: 0x96ffa7b12aea334c,0xc00000584800fbfb, mte error info: 0x8509080000020043, vec error info: 0x410062180031126e, cube error info: 0, l1 error info: 0, aic error mask: 0x395856, para base: 0x120000200000, mte error: 0, aic cond: 0.
The extend info: errcode:(0) errorStr: timeout or trap error. subErrType: 0x4.
For details, see the troubleshooting document on the Ascend official website. Search for the keyword "AI Core Error".[FUNC:ProcessDavidStarsCoreErrorInfo][FILE:device_error_proc_c.cc][LINE:716]
       The error from device(chipId:0, dieId:0), serial number is 1245, there is an aivec error exception, core id is 7, error code = 0, dump info: pc start: 0x120041000a00, current: 0x120041001490, sc error info: 0xffffffffffff, su error info: 0x95df5fbc193e334c,0xc0000058e000dfae, mte error info: 0x8509100000020043, vec error info: 0x410062180031126e, cube error info: 0, l1 error info: 0, aic error mask: 0x395856, para base: 0x120000200000, mte error: 0, aic cond: 0.
The extend info: errcode:(0) errorStr: timeout or trap error. subErrType: 0x4.
For details, see the troubleshooting document on the Ascend official website. Search for the keyword "AI Core Error".[FUNC:ProcessDavidStarsCoreErrorInfo][FILE:device_error_proc_c.cc][LINE:716]
       The error from device(chipId:0, dieId:0), serial number is 1245, there is an aivec error exception, core id is 8, error code = 0, dump info: pc start: 0x120041000a00, current: 0x120041001490, sc error info: 0xffffffffffff, su error info: 0xf797b3ef2bdc334c,0xc000005868003f74, mte error info: 0x8509187000020043, vec error info: 0x410062180031126e, cube error info: 0, l1 error info: 0, aic error mask: 0x395856, para base: 0x120000200000, mte error: 0, aic cond: 0.
The extend info: errcode:(0) errorStr: timeout or trap error. subErrType: 0x4.
For details, see the troubleshooting document on the Ascend official website. Search for the keyword "AI Core Error".[FUNC:ProcessDavidStarsCoreErrorInfo][FILE:device_error_proc_c.cc][LINE:716]
       The error from device(chipId:0, dieId:0), serial number is 1245, there is an aivec error exception, core id is 9, error code = 0, dump info: pc start: 0x120041000a00, current: 0x120041001490, sc error info: 0xffffffffffff, su error info: 0x7ef7f6ec35be334c,0xc00000587800fdfe, mte error info: 0x8509200000020043, vec error info: 0x410062180031126e, cube error info: 0, l1 error info: 0, aic error mask: 0x395856, para base: 0x120000200000, mte error: 0, aic cond: 0.
The extend info: errcode:(0) errorStr: timeout or trap error. subErrType: 0x4.
For details, see the troubleshooting document on the Ascend official website. Search for the keyword "AI Core Error".[FUNC:ProcessDavidStarsCoreErrorInfo][FILE:device_error_proc_c.cc][LINE:716]
       The error from device(chipId:0, dieId:0), serial number is 1245, there is an aivec error exception, core id is 10, error code = 0, dump info: pc start: 0x120041000a00, current: 0x120041001490, sc error info: 0xffffffffffff, su error info: 0xffd7a3d02af8334c,0xc0000058c800bfae, mte error info: 0x8509281000020043, vec error info: 0x410062180031126e, cube error info: 0, l1 error info: 0, aic error mask: 0x395856, para base: 0x120000200000, mte error: 0, aic cond: 0.
The extend info: errcode:(0) errorStr: timeout or trap error. subErrType: 0x4.
For details, see the troubleshooting document on the Ascend official website. Search for the keyword "AI Core Error".[FUNC:ProcessDavidStarsCoreErrorInfo][FILE:device_error_proc_c.cc][LINE:716]
       The error from device(chipId:0, dieId:0), serial number is 1245, there is an aivec error exception, core id is 11, error code = 0, dump info: pc start: 0x120041000a00, current: 0x120041001490, sc error info: 0xffffffffffff, su error info: 0xc4fffffd01fe334c,0xc0000058f00026fb, mte error info: 0x8509300000020043, vec error info: 0x410062180031126e, cube error info: 0, l1 error info: 0, aic error mask: 0x395856, para base: 0x120000200000, mte error: 0, aic cond: 0.
The extend info: errcode:(0) errorStr: timeout or trap error. subErrType: 0x4.
For details, see the troubleshooting document on the Ascend official website. Search for the keyword "AI Core Error".[FUNC:ProcessDavidStarsCoreErrorInfo][FILE:device_error_proc_c.cc][LINE:716]
       The error from device(chipId:0, dieId:0), serial number is 1245, there is an aivec error exception, core id is 12, error code = 0, dump info: pc start: 0x120041000a00, current: 0x120041001490, sc error info: 0xffffffffffff, su error info: 0x7f1ca5a5328e334c,0xc0000058c8004b70, mte error info: 0x8509380000020043, vec error info: 0x410062180031126e, cube error info: 0, l1 error info: 0, aic error mask: 0x395856, para base: 0x120000200000, mte error: 0, aic cond: 0.
The extend info: errcode:(0) errorStr: timeout or trap error. subErrType: 0x4.
For details, see the troubleshooting document on the Ascend official website. Search for the keyword "AI Core Error".[FUNC:ProcessDavidStarsCoreErrorInfo][FILE:device_error_proc_c.cc][LINE:716]
       The error from device(chipId:0, dieId:0), serial number is 1245, there is an aivec error exception, core id is 13, error code = 0, dump info: pc start: 0x120041000a00, current: 0x120041001490, sc error info: 0xffffffffffff, su error info: 0xa3777bf919fc334c,0xc00000582000bdff, mte error info: 0x8509400000020043, vec error info: 0x410062180031126e, cube error info: 0, l1 error info: 0, aic error mask: 0x395856, para base: 0x120000200000, mte error: 0, aic cond: 0.
The extend info: errcode:(0) errorStr: timeout or trap error. subErrType: 0x4.
For details, see the troubleshooting document on the Ascend official website. Search for the keyword "AI Core Error".[FUNC:ProcessDavidStarsCoreErrorInfo][FILE:device_error_proc_c.cc][LINE:716]
       The error from device(chipId:0, dieId:0), serial number is 1245, there is an aivec error exception, core id is 14, error code = 0, dump info: pc start: 0x120041000a00, current: 0x120041001490, sc error info: 0xffffffffffff, su error info: 0xc64f375f2f0c334c,0x81efff7fc800843e, mte error info: 0x8509480000020043, vec error info: 0x410062180031126e, cube error info: 0, l1 error info: 0, aic error mask: 0x395856, para base: 0x120000200000, mte error: 0, aic cond: 0.
The extend info: errcode:(0) errorStr: timeout or trap error. subErrType: 0x4.
For details, see the troubleshooting document on the Ascend official website. Search for the keyword "AI Core Error".[FUNC:ProcessDavidStarsCoreErrorInfo][FILE:device_error_proc_c.cc][LINE:716]
       The error from device(chipId:0, dieId:0), serial number is 1245, there is an aivec error exception, core id is 15, error code = 0, dump info: pc start: 0x120041000a00, current: 0x120041001490, sc error info: 0xffffffffffff, su error info: 0x34fffbfe3a2c334c,0xdbfd67df0000ddfe, mte error info: 0x8509500000020043, vec error info: 0x410062180031126e, cube error info: 0, l1 error info: 0, aic error mask: 0x395856, para base: 0x120000200000, mte error: 0, aic cond: 0.
The extend info: errcode:(0) errorStr: timeout or trap error. subErrType: 0x4.
For details, see the troubleshooting document on the Ascend official website. Search for the keyword "AI Core Error".[FUNC:ProcessDavidStarsCoreErrorInfo][FILE:device_error_proc_c.cc][LINE:716]
       The error from device(chipId:0, dieId:0), serial number is 1245, there is an aivec error exception, core id is 16, error code = 0, dump info: pc start: 0x120041000a00, current: 0x120041001490, sc error info: 0xffffffffffff, su error info: 0xbfce6ff529fc334c,0x147cf7732800fa3f, mte error info: 0x8509581000020043, vec error info: 0x410062180031126e, cube error info: 0, l1 error info: 0, aic error mask: 0x395856, para base: 0x120000200000, mte error: 0, aic cond: 0.
The extend info: errcode:(0) errorStr: timeout or trap error. subErrType: 0x4.
For details, see the troubleshooting document on the Ascend official website. Search for the keyword "AI Core Error".[FUNC:ProcessDavidStarsCoreErrorInfo][FILE:device_error_proc_c.cc][LINE:716]
       The error from device(chipId:0, dieId:0), serial number is 1245, there is an aivec error exception, core id is 17, error code = 0, dump info: pc start: 0x120041000a00, current: 0x120041001490, sc error info: 0xffffffffffff, su error info: 0x6fffbfff3938334c,0xbdfcc9e8f800fd7f, mte error info: 0x8509600000020043, vec error info: 0x410062180031126e, cube error info: 0, l1 error info: 0, aic error mask: 0x395856, para base: 0x120000200000, mte error: 0, aic cond: 0.
The extend info: errcode:(0) errorStr: timeout or trap error. subErrType: 0x4.
For details, see the troubleshooting document on the Ascend official website. Search for the keyword "AI Core Error".[FUNC:ProcessDavidStarsCoreErrorInfo][FILE:device_error_proc_c.cc][LINE:716]
       The error from device(chipId:0, dieId:0), serial number is 1245, there is an aivec error exception, core id is 18, error code = 0, dump info: pc start: 0x120041000a00, current: 0x1200410015bc, sc error info: 0xffffffffffff, su error info: 0xdba3fa9c23e0334c,0xf87fe5fc7800bf28, mte error info: 0x8509684000020043, vec error info: 0x410062180031126e, cube error info: 0, l1 error info: 0, aic error mask: 0x395856, para base: 0x120000200000, mte error: 0, aic cond: 0.
The extend info: errcode:(0) errorStr: timeout or trap error. subErrType: 0x4.
For details, see the troubleshooting document on the Ascend official website. Search for the keyword "AI Core Error".[FUNC:ProcessDavidStarsCoreErrorInfo][FILE:device_error_proc_c.cc][LINE:716]
       The error from device(chipId:0, dieId:0), serial number is 1245, there is an aivec error exception, core id is 19, error code = 0, dump info: pc start: 0x120041000a00, current: 0x1200410015bc, sc error info: 0xffffffffffff, su error info: 0xf66fdbb805b8334c,0xab276a1e2000dddb, mte error info: 0x8509700000020043, vec error info: 0x410062180031126e, cube error info: 0, l1 error info: 0, aic error mask: 0x395856, para base: 0x120000200000, mte error: 0, aic cond: 0.
The extend info: errcode:(0) errorStr: timeout or trap error. subErrType: 0x4.
For details, see the troubleshooting document on the Ascend official website. Search for the keyword "AI Core Error".[FUNC:ProcessDavidStarsCoreErrorInfo][FILE:device_error_proc_c.cc][LINE:716]
       The error from device(chipId:0, dieId:0), serial number is 1245, there is an aivec error exception, core id is 24, error code = 0, dump info: pc start: 0x120041000a00, current: 0x120041001490, sc error info: 0xffffffffffff, su error info: 0xfdf78fab1d7c334c,0x5c56f3ddf8004ff0, mte error info: 0x8509780000020043, vec error info: 0x410062180031126e, cube error info: 0, l1 error info: 0, aic error mask: 0x395856, para base: 0x120000200000, mte error: 0, aic cond: 0.
The extend info: errcode:(0) errorStr: timeout or trap error. subErrType: 0x4.
For details, see the troubleshooting document on the Ascend official website. Search for the keyword "AI Core Error".[FUNC:ProcessDavidStarsCoreErrorInfo][FILE:device_error_proc_c.cc][LINE:716]
       The error from device(chipId:0, dieId:0), serial number is 1245, there is an aivec error exception, core id is 25, error code = 0, dump info: pc start: 0x120041000a00, current: 0x120041001490, sc error info: 0xffffffffffff, su error info: 0x7a9daffc3bba334c,0x65d05736b8001774, mte error info: 0x8509801000020043, vec error info: 0x410062180031126e, cube error info: 0, l1 error info: 0, aic error mask: 0x395856, para base: 0x120000200000, mte error: 0, aic cond: 0.
The extend info: errcode:(0) errorStr: timeout or trap error. subErrType: 0x4.
For details, see the troubleshooting document on the Ascend official website. Search for the keyword "AI Core Error".[FUNC:ProcessDavidStarsCoreErrorInfo][FILE:device_error_proc_c.cc][LINE:716]
       The error from device(chipId:0, dieId:0), serial number is 1245, there is an aivec error exception, core id is 26, error code = 0, dump info: pc start: 0x120041000a00, current: 0x120041001490, sc error info: 0xffffffffffff, su error info: 0xf9aab8ee3bba334c,0x7dfff759c000f6db, mte error info: 0x8509880000020043, vec error info: 0x410062180031126e, cube error info: 0, l1 error info: 0, aic error mask: 0x395856, para base: 0x120000200000, mte error: 0, aic cond: 0.
The extend info: errcode:(0) errorStr: timeout or trap error. subErrType: 0x4.
For details, see the troubleshooting document on the Ascend official website. Search for the keyword "AI Core Error".[FUNC:ProcessDavidStarsCoreErrorInfo][FILE:device_error_proc_c.cc][LINE:716]
       The error from device(chipId:0, dieId:0), serial number is 1245, there is an aivec error exception, core id is 27, error code = 0, dump info: pc start: 0x120041000a00, current: 0x120041001490, sc error info: 0xffffffffffff, su error info: 0xfffbff1c3478334c,0x2174cd067000977f, mte error info: 0x8509901000020043, vec error info: 0x410062180031126e, cube error info: 0, l1 error info: 0, aic error mask: 0x395856, para base: 0x120000200000, mte error: 0, aic cond: 0.
The extend info: errcode:(0) errorStr: timeout or trap error. subErrType: 0x4.
For details, see the troubleshooting document on the Ascend official website. Search for the keyword "AI Core Error".[FUNC:ProcessDavidStarsCoreErrorInfo][FILE:device_error_proc_c.cc][LINE:716]
       The error from device(chipId:0, dieId:0), serial number is 1245, there is an aivec error exception, core id is 28, error code = 0, dump info: pc start: 0x120041000a00, current: 0x120041001490, sc error info: 0xffffffffffff, su error info: 0xbfffb7fc203e33e4,0x9dfce95cf000defe, mte error info: 0x8509980000020043, vec error info: 0x410062180031126e, cube error info: 0, l1 error info: 0, aic error mask: 0x395856, para base: 0x120000200000, mte error: 0, aic cond: 0.
The extend info: errcode:(0) errorStr: timeout or trap error. subErrType: 0x4.
For details, see the troubleshooting document on the Ascend official website. Search for the keyword "AI Core Error".[FUNC:ProcessDavidStarsCoreErrorInfo][FILE:device_error_proc_c.cc][LINE:716]
       The error from device(chipId:0, dieId:0), serial number is 1245, there is an aivec error exception, core id is 29, error code = 0, dump info: pc start: 0x120041000a00, current: 0x120041001490, sc error info: 0xffffffffffff, su error info: 0xaebe3f1d3ffc33e4,0x959076d97800dfda, mte error info: 0x8509a02000020043, vec error info: 0x410062180031126e, cube error info: 0, l1 error info: 0, aic error mask: 0x395856, para base: 0x120000200000, mte error: 0, aic cond: 0.
The extend info: errcode:(0) errorStr: timeout or trap error. subErrType: 0x4.
For details, see the troubleshooting document on the Ascend official website. Search for the keyword "AI Core Error".[FUNC:ProcessDavidStarsCoreErrorInfo][FILE:device_error_proc_c.cc][LINE:716]
       The error from device(chipId:0, dieId:0), serial number is 1245, there is an aivec error exception, core id is 30, error code = 0, dump info: pc start: 0x120041000a00, current: 0x1200410015bc, sc error info: 0xffffffffffff, su error info: 0x2ffaf1ec33fe33e4,0xeeb5f7fad800df9e, mte error info: 0x8509a80000020043, vec error info: 0x410062180031126e, cube error info: 0, l1 error info: 0, aic error mask: 0x395856, para base: 0x120000200000, mte error: 0, aic cond: 0.
The extend info: errcode:(0) errorStr: timeout or trap error. subErrType: 0x4.
For details, see the troubleshooting document on the Ascend official website. Search for the keyword "AI Core Error".[FUNC:ProcessDavidStarsCoreErrorInfo][FILE:device_error_proc_c.cc][LINE:716]
       The error from device(chipId:0, dieId:0), serial number is 1245, there is an aivec error exception, core id is 31, error code = 0, dump info: pc start: 0x120041000a00, current: 0x1200410015bc, sc error info: 0xffffffffffff, su error info: 0xaeefefad2ffa3484,0x77f77f76e8001fff, mte error info: 0x8509b00000020043, vec error info: 0x410062180031126e, cube error info: 0, l1 error info: 0, aic error mask: 0x395856, para base: 0x120000200000, mte error: 0, aic cond: 0.
The extend info: errcode:(0) errorStr: timeout or trap error. subErrType: 0x4.
For details, see the troubleshooting document on the Ascend official website. Search for the keyword "AI Core Error".[FUNC:ProcessDavidStarsCoreErrorInfo][FILE:device_error_proc_c.cc][LINE:716]
       The error from device(chipId:0, dieId:0), serial number is 1245, there is an aivec error exception, core id is 36, error code = 0, dump info: pc start: 0x120041000a00, current: 0x1200410015bc, sc error info: 0xffffffffffff, su error info: 0xbf5f7fe72bdc3484,0xc00000580800f58e, mte error info: 0x8509b80000020043, vec error info: 0x410062180031126e, cube error info: 0, l1 error info: 0, aic error mask: 0x395856, para base: 0x120000200000, mte error: 0, aic cond: 0.
The extend info: errcode:(0) errorStr: timeout or trap error. subErrType: 0x4.
For details, see the troubleshooting document on the Ascend official website. Search for the keyword "AI Core Error".[FUNC:ProcessDavidStarsCoreErrorInfo][FILE:device_error_proc_c.cc][LINE:716]
       The error from device(chipId:0, dieId:0), serial number is 1245, there is an aivec error exception, core id is 37, error code = 0, dump info: pc start: 0x120041000a00, current: 0x1200410015bc, sc error info: 0xffffffffffff, su error info: 0xf27c777c16883484,0xc0000058b0006ff9, mte error info: 0x8509c00000020043, vec error info: 0x410062180031126e, cube error info: 0, l1 error info: 0, aic error mask: 0x395856, para base: 0x120000200000, mte error: 0, aic cond: 0.
The extend info: errcode:(0) errorStr: timeout or trap error. subErrType: 0x4.
For details, see the troubleshooting document on the Ascend official website. Search for the keyword "AI Core Error".[FUNC:ProcessDavidStarsCoreErrorInfo][FILE:device_error_proc_c.cc][LINE:716]
       The error from device(chipId:0, dieId:0), serial number is 1245, there is an aivec error exception, core id is 38, error code = 0, dump info: pc start: 0x120041000a00, current: 0x120041001490, sc error info: 0xffffffffffff, su error info: 0xfcd7dff73bfa3484,0xc0000058c000ff0f, mte error info: 0x8509c80000020043, vec error info: 0x410062180031126e, cube error info: 0, l1 error info: 0, aic error mask: 0x395856, para base: 0x120000200000, mte error: 0, aic cond: 0.
The extend info: errcode:(0) errorStr: timeout or trap error. subErrType: 0x4.
For details, see the troubleshooting document on the Ascend official website. Search for the keyword "AI Core Error".[FUNC:ProcessDavidStarsCoreErrorInfo][FILE:device_error_proc_c.cc][LINE:716]
       The error from device(chipId:0, dieId:0), serial number is 1245, there is an aivec error exception, core id is 39, error code = 0, dump info: pc start: 0x120041000a00, current: 0x120041001490, sc error info: 0xffffffffffff, su error info: 0xfe7f6f65112834fa,0xc00000587000bf7e, mte error info: 0x8509d00000020043, vec error info: 0x410062180031126e, cube error info: 0, l1 error info: 0, aic error mask: 0x395856, para base: 0x120000200000, mte error: 0, aic cond: 0.
The extend info: errcode:(0) errorStr: timeout or trap error. subErrType: 0x4.
For details, see the troubleshooting document on the Ascend official website. Search for the keyword "AI Core Error".[FUNC:ProcessDavidStarsCoreErrorInfo][FILE:device_error_proc_c.cc][LINE:716]
       The error from device(chipId:0, dieId:0), serial number is 1245, there is an aivec error exception, core id is 40, error code = 0, dump info: pc start: 0x120041000a00, current: 0x120041001490, sc error info: 0xffffffffffff, su error info: 0xbfdff3c70bfa01de,0xc0000058f800fffc, mte error info: 0x8509d81000020043, vec error info: 0x410062180031126e, cube error info: 0, l1 error info: 0, aic error mask: 0x395856, para base: 0x120000200000, mte error: 0, aic cond: 0.
The extend info: errcode:(0) errorStr: timeout or trap error. subErrType: 0x4.
For details, see the troubleshooting document on the Ascend official website. Search for the keyword "AI Core Error".[FUNC:ProcessDavidStarsCoreErrorInfo][FILE:device_error_proc_c.cc][LINE:716]
       The error from device(chipId:0, dieId:0), serial number is 1245, there is an aivec error exception, core id is 41, error code = 0, dump info: pc start: 0x120041000a00, current: 0x120041001490, sc error info: 0xffffffffffff, su error info: 0xffef7eff3bf201de,0xc000005818005f69, mte error info: 0x8509e00000020043, vec error info: 0x410062180031126e, cube error info: 0, l1 error info: 0, aic error mask: 0x395856, para base: 0x120000200000, mte error: 0, aic cond: 0.
The extend info: errcode:(0) errorStr: timeout or trap error. subErrType: 0x4.
For details, see the troubleshooting document on the Ascend official website. Search for the keyword "AI Core Error".[FUNC:ProcessDavidStarsCoreErrorInfo][FILE:device_error_proc_c.cc][LINE:716]
       The error from device(chipId:0, dieId:0), serial number is 1245, there is an aivec error exception, core id is 44, error code = 0, dump info: pc start: 0x120041000a00, current: 0x120041001490, sc error info: 0xffffffffffff, su error info: 0xbfd3dbc539ba01de,0xc0000058780076cb, mte error info: 0x8509e80000020043, vec error info: 0x410062180031126e, cube error info: 0, l1 error info: 0, aic error mask: 0x395856, para base: 0x120000200000, mte error: 0, aic cond: 0.
The extend info: errcode:(0) errorStr: timeout or trap error. subErrType: 0x4.
For details, see the troubleshooting document on the Ascend official website. Search for the keyword "AI Core Error".[FUNC:ProcessDavidStarsCoreErrorInfo][FILE:device_error_proc_c.cc][LINE:716]
       The error from device(chipId:0, dieId:0), serial number is 1245, there is an aivec error exception, core id is 45, error code = 0, dump info: pc start: 0x120041000a00, current: 0x120041001490, sc error info: 0xffffffffffff, su error info: 0xf8de2bb52bea01de,0xc00000587800c9df, mte error info: 0x8509f00000020043, vec error info: 0x410062180031126e, cube error info: 0, l1 error info: 0, aic error mask: 0x395856, para base: 0x120000200000, mte error: 0, aic cond: 0.
The extend info: errcode:(0) errorStr: timeout or trap error. subErrType: 0x4.
For details, see the troubleshooting document on the Ascend official website. Search for the keyword "AI Core Error".[FUNC:ProcessDavidStarsCoreErrorInfo][FILE:device_error_proc_c.cc][LINE:716]
       The error from device(chipId:0, dieId:0), serial number is 1245, there is an aivec error exception, core id is 46, error code = 0, dump info: pc start: 0x120041000a00, current: 0x1200410015bc, sc error info: 0xffffffffffff, su error info: 0xd792babf3ffc01de,0xc0000058f800fef3, mte error info: 0x8509f82000020043, vec error info: 0x410062180031126e, cube error info: 0, l1 error info: 0, aic error mask: 0x395856, para base: 0x120000200000, mte error: 0, aic cond: 0.
The extend info: errcode:(0) errorStr: timeout or trap error. subErrType: 0x4.
For details, see the troubleshooting document on the Ascend official website. Search for the keyword "AI Core Error".[FUNC:ProcessDavidStarsCoreErrorInfo][FILE:device_error_proc_c.cc][LINE:716]
       The error from device(chipId:0, dieId:0), serial number is 1245, there is an aivec error exception, core id is 47, error code = 0, dump info: pc start: 0x120041000a00, current: 0x1200410015bc, sc error info: 0xffffffffffff, su error info: 0xd7fb579f392e01de,0xc0000058e000cbde, mte error info: 0x850a000000020043, vec error info: 0x410062180031126e, cube error info: 0, l1 error info: 0, aic error mask: 0x395856, para base: 0x120000200000, mte error: 0, aic cond: 0.
The extend info: errcode:(0) errorStr: timeout or trap error. subErrType: 0x4.
For details, see the troubleshooting document on the Ascend official website. Search for the keyword "AI Core Error".[FUNC:ProcessDavidStarsCoreErrorInfo][FILE:device_error_proc_c.cc][LINE:716]
       The error from device(chipId:0, dieId:0), serial number is 1245, there is an aivec error exception, core id is 48, error code = 0, dump info: pc start: 0x120041000a00, current: 0x120041001490, sc error info: 0xffffffffffff, su error info: 0x7ffff5702fe601de,0xc0000058d800eeff, mte error info: 0x850a080000020043, vec error info: 0x410062180031126e, cube error info: 0, l1 error info: 0, aic error mask: 0x395856, para base: 0x120000200000, mte error: 0, aic cond: 0.
The extend info: errcode:(0) errorStr: timeout or trap error. subErrType: 0x4.
For details, see the troubleshooting document on the Ascend official website. Search for the keyword "AI Core Error".[FUNC:ProcessDavidStarsCoreErrorInfo][FILE:device_error_proc_c.cc][LINE:716]
       The error from device(chipId:0, dieId:0), serial number is 1245, there is an aivec error exception, core id is 49, error code = 0, dump info: pc start: 0x120041000a00, current: 0x120041001490, sc error info: 0xffffffffffff, su error info: 0xff9b312e30da01de,0xc00000587000b957, mte error info: 0x850a103000020043, vec error info: 0x410062180031126e, cube error info: 0, l1 error info: 0, aic error mask: 0x395856, para base: 0x120000200000, mte error: 0, aic cond: 0.
The extend info: errcode:(0) errorStr: timeout or trap error. subErrType: 0x4.
For details, see the troubleshooting document on the Ascend official website. Search for the keyword "AI Core Error".[FUNC:ProcessDavidStarsCoreErrorInfo][FILE:device_error_proc_c.cc][LINE:716]
       The error from device(chipId:0, dieId:0), serial number is 1245, there is an aivec error exception, core id is 50, error code = 0, dump info: pc start: 0x120041000a00, current: 0x1200410015bc, sc error info: 0xffffffffffff, su error info: 0x5aeaffff19bc01de,0xc0000058e000b8b2, mte error info: 0x850a180000020043, vec error info: 0x410062180031126e, cube error info: 0, l1 error info: 0, aic error mask: 0x395856, para base: 0x120000200000, mte error: 0, aic cond: 0.
The extend info: errcode:(0) errorStr: timeout or trap error. subErrType: 0x4.
For details, see the troubleshooting document on the Ascend official website. Search for the keyword "AI Core Error".[FUNC:ProcessDavidStarsCoreErrorInfo][FILE:device_error_proc_c.cc][LINE:716]
       The error from device(chipId:0, dieId:0), serial number is 1245, there is an aivec error exception, core id is 51, error code = 0, dump info: pc start: 0x120041000a00, current: 0x1200410015bc, sc error info: 0xffffffffffff, su error info: 0x38f87e3a1c9c01de,0xc000005870005ffe, mte error info: 0x850a200000020043, vec error info: 0x410062180031126e, cube error info: 0, l1 error info: 0, aic error mask: 0x395856, para base: 0x120000200000, mte error: 0, aic cond: 0.
The extend info: errcode:(0) errorStr: timeout or trap error. subErrType: 0x4.
For details, see the troubleshooting document on the Ascend official website. Search for the keyword "AI Core Error".[FUNC:ProcessDavidStarsCoreErrorInfo][FILE:device_error_proc_c.cc][LINE:716]
       The error from device(chipId:0, dieId:0), serial number is 1245, there is an aivec error exception, core id is 52, error code = 0, dump info: pc start: 0x120041000a00, current: 0x120041001490, sc error info: 0xffffffffffff, su error info: 0xe8f2ef6d2fb201de,0xe4eb70d17000fc4f, mte error info: 0x850a280000020043, vec error info: 0x410062180031126e, cube error info: 0, l1 error info: 0, aic error mask: 0x395856, para base: 0x120000200000, mte error: 0, aic cond: 0.
The extend info: errcode:(0) errorStr: timeout or trap error. subErrType: 0x4.
For details, see the troubleshooting document on the Ascend official website. Search for the keyword "AI Core Error".[FUNC:ProcessDavidStarsCoreErrorInfo][FILE:device_error_proc_c.cc][LINE:716]
       The error from device(chipId:0, dieId:0), serial number is 1245, there is an aivec error exception, core id is 53, error code = 0, dump info: pc start: 0x120041000a00, current: 0x120041001490, sc error info: 0xffffffffffff, su error info: 0x6ef555e43bca01de,0x4ec06ae4f800ffdf, mte error info: 0x850a300000020043, vec error info: 0x410062180031126e, cube error info: 0, l1 error info: 0, aic error mask: 0x395856, para base: 0x120000200000, mte error: 0, aic cond: 0.
The extend info: errcode:(0) errorStr: timeout or trap error. subErrType: 0x4.
For details, see the troubleshooting document on the Ascend official website. Search for the keyword "AI Core Error".[FUNC:ProcessDavidStarsCoreErrorInfo][FILE:device_error_proc_c.cc][LINE:716]
       The error from device(chipId:0, dieId:0), serial number is 1245, there is an aivec error exception, core id is 54, error code = 0, dump info: pc start: 0x120041000a00, current: 0x1200410015bc, sc error info: 0xffffffffffff, su error info: 0xdb3bfad639c401de,0x77fddd9fe8007ffc, mte error info: 0x850a380000020043, vec error info: 0x410062180031126e, cube error info: 0, l1 error info: 0, aic error mask: 0x395856, para base: 0x120000200000, mte error: 0, aic cond: 0.
The extend info: errcode:(0) errorStr: timeout or trap error. subErrType: 0x4.
For details, see the troubleshooting document on the Ascend official website. Search for the keyword "AI Core Error".[FUNC:ProcessDavidStarsCoreErrorInfo][FILE:device_error_proc_c.cc][LINE:716]
       The error from device(chipId:0, dieId:0), serial number is 1245, there is an aivec error exception, core id is 55, error code = 0, dump info: pc start: 0x120041000a00, current: 0x1200410015bc, sc error info: 0xffffffffffff, su error info: 0x6d7edfbc3bfc01de,0xf1dfd6f7f000dfff, mte error info: 0x850a402000020043, vec error info: 0x410062180031126e, cube error info: 0, l1 error info: 0, aic error mask: 0x395856, para base: 0x120000200000, mte error: 0, aic cond: 0.
The extend info: errcode:(0) errorStr: timeout or trap error. subErrType: 0x4.
For details, see the troubleshooting document on the Ascend official website. Search for the keyword "[INFO] ATRACE(3689,m23_gdn_prefill_j12):2026-09-27-11:34:59.883.289 [tracer_mgr_operate.c:248](tid:3689) destroy object RUNTIME_ATRACE_DEV0_TS0, exitSave(false).
[INFO] RUNTIME(3689,m23_gdn_prefill_j12):2026-09-27-11:34:59.885.138 [stars_engine.cc:60] 3689 ~StarsEngine: Destructor.
[INFO] RUNTIME(3689,m23_gdn_prefill_j12):2026-09-27-11:34:59.885.154 [engine.cc:88] 3689 ~Engine: Destructor.
[INFO] DRV(3689,m23_gdn_prefill_j12):2026-09-27-11:34:59.885.168 [queue_interface.c:969][ascend][curpid:3689,3689][drv][queuemng][queue_device_close]queue close finish. (dev_id=0)
[INFO] DRV(3689,m23_gdn_prefill_j12):2026-09-27-11:34:59.891.004 [svm_mem_stats_show.c:38][ascend][curpid:3689,3689][drv][devmm][module_mem_stats_show]MEM_HOST Mem stats (Bytes). (module_name=RUNTIME; module_id=7; current_alloced_size=0; allocated_peak_size=12288; alloc_cnt=2; free_cnt=2)
[INFO] DRV(3689,m23_gdn_prefill_j12):2026-09-27-11:34:59.891.031 [svm_mem_stats_show.c:38][ascend][curpid:3689,3689][drv][devmm][module_mem_stats_show]MEM_HOST Mem stats (Bytes). (module_name=DEVMM; module_id=22; current_alloced_size=524288; allocated_peak_size=524288; alloc_cnt=1; free_cnt=0)
[INFO] DRV(3689,m23_gdn_prefill_j12):2026-09-27-11:34:59.891.040 [svm_mem_stats_show.c:70][ascend][curpid:3689,3689][drv][devmm][cache_mem_stats_show]MEM_HOST Cached_size:1572864Bytes
[INFO] DRV(3689,m23_gdn_prefill_j12):2026-09-27-11:34:59.891.045 [svm_mem_stats_show.c:38][ascend][curpid:3689,3689][drv][devmm][module_mem_stats_show]MEM_DEV_SMALL_HBM dev0 Mem stats (Bytes). (module_name=RUNTIME; module_id=7; current_alloced_size=0; allocated_peak_size=94208; alloc_cnt=4; free_cnt=4)
[INFO] DRV(3689,m23_gdn_prefill_j12):2026-09-27-11:34:59.891.050 [svm_mem_stats_show.c:38][ascend][curpid:3689,3689][drv][devmm][module_mem_stats_show]MEM_DEV_SMALL_HBM dev0 Mem stats (Bytes). (module_name=APP; module_id=33; current_alloced_size=1581056; allocated_peak_size=1581056; alloc_cnt=8; free_cnt=6)
[INFO] DRV(3689,m23_gdn_prefill_j12):2026-09-27-11:34:59.891.055 [svm_mem_stats_show.c:70][ascend][curpid:3689,3689][drv][devmm][cache_mem_stats_show]MEM_DEV_SMALL_HBM dev0 Cached_size:2097152Bytes
[INFO] DRV(3689,m23_gdn_prefill_j12):2026-09-27-11:34:59.891.058 [svm_mem_stats_show.c:38][ascend][curpid:3689,3689][drv][devmm][module_mem_stats_show]MEM_DEV_HUGE_HBM dev0 Mem stats (Bytes). (module_name=RUNTIME; module_id=7; current_alloced_size=0; allocated_peak_size=203423744; alloc_cnt=8; free_cnt=8)
[INFO] DRV(3689,m23_gdn_prefill_j12):2026-09-27-11:34:59.891.063 [svm_mem_stats_show.c:38][ascend][curpid:3689,3689][drv][devmm][module_mem_stats_show]MEM_DEV_HUGE_HBM dev0 Mem stats (Bytes). (module_name=APP; module_id=33; current_alloced_size=308281344; allocated_peak_size=308281344; alloc_cnt=10; free_cnt=3)
[INFO] DRV(3689,m23_gdn_prefill_j12):2026-09-27-11:34:59.891.067 [svm_mem_stats_show.c:70][ascend][curpid:3689,3689][drv][devmm][cache_mem_stats_show]MEM_DEV_HUGE_HBM dev0 Cached_size:52428800Bytes
[INFO] DRV(3689,m23_gdn_prefill_j12):2026-09-27-11:34:59.891.071 [svm_mem_stats_show.c:38][ascend][curpid:3689,3689][drv][devmm][module_mem_stats_show]MEM_DEV_SMALL_P2P_HBM dev0 Mem stats (Bytes). (module_name=RUNTIME; module_id=7; current_alloced_size=0; allocated_peak_size=1048576; alloc_cnt=1; free_cnt=1)
[INFO] DRV(3689,m23_gdn_prefill_j12):2026-09-27-11:34:59.891.075 [svm_mem_stats_show.c:38][ascend][curpid:3689,3689][drv][devmm][module_mem_stats_show]MEM_DEV_SMALL_P2P_HBM dev0 Mem stats (Bytes). (module_name=TSDRV; module_id=23; current_alloced_size=0; allocated_peak_size=2097152; alloc_cnt=1; free_cnt=1)
[INFO] DRV(3689,m23_gdn_prefill_j12):2026-09-27-11:34:59.891.084 [svm_mem_stats_show.c:70][ascend][curpid:3689,3689][drv][devmm][cache_mem_stats_show]MEM_DEV_SMALL_P2P_HBM dev0 Cached_size:2097152Bytes
[INFO] DRV(3689,m23_gdn_prefill_j12):2026-09-27-11:34:59.891.088 [svm_mem_stats_show.c:38][ascend][curpid:3689,3689][drv][devmm][module_mem_stats_show]MEM_DEV_HUGE_P2P_HBM dev0 Mem stats (Bytes). (module_name=RUNTIME; module_id=7; current_alloced_size=0; allocated_peak_size=4194304; alloc_cnt=1; free_cnt=1)
[INFO] DRV(3689,m23_gdn_prefill_j12):2026-09-27-11:34:59.891.093 [svm_mem_stats_show.c:70][ascend][curpid:3689,3689][drv][devmm][cache_mem_stats_show]MEM_DEV_HUGE_P2P_HBM dev0 Cached_size:4194304Bytes
[INFO] DRV(3689,m23_gdn_prefill_j12):2026-09-27-11:34:59.895.523 [drv_share_log.c:229][ascend][curpid:3689,3689][drv][devmm][share_log_read_in_single_module]Release. (udevid=1; tgid=3198286; ret=0)
[INFO] DRV(3689,m23_gdn_prefill_j12):2026-09-27-11:34:59.905.877 [event_sched.c:1519][ascend][curpid:3689,3689][drv][event-sche][esched_device_close]Close success. (dev_id=0)
[INFO] TDT(3689,m23_gdn_prefill_j12):2026-09-27-11:34:59.905.897 [process_mode_manager.cpp:2030][ParseTsdCloseFlag][tid:3689] Parse tsd close flag [0]
[INFO] TDT(3689,m23_gdn_prefill_j12):2026-09-27-11:34:59.905.901 [process_mode_manager.cpp:231][Close][tid:3689] [TsdClient] Close [deviceId=0][sessionId=1] hccp and computer enter
[INFO] TDT(3689,m23_gdn_prefill_j12):2026-09-27-11:34:59.905.907 [version_verify.cpp:117][SpecialFeatureCheck][tid:3689] VersionVerify: previous type[7], supported
[INFO] TDT(3689,m23_gdn_prefill_j12):2026-09-27-11:34:59.905.979 [process_mode_manager.cpp:235][Close][tid:3689] [TsdClient][deviceId=0] [sessionId=1] wait hccp and computer process close response
[INFO] TDT(3689,m23_gdn_prefill_j12):2026-09-27-11:35:02.841.973 [process_mode_manager.cpp:238][Close][tid:3689] [TsdClient][logicDeviceId_=0]has recv close hccp and computer process response
[INFO] TDT(3689,m23_gdn_prefill_j12):2026-09-27-11:35:02.847.437 [process_mode_manager.cpp:255][Close][tid:3689] [TsdClient][deviceId=0] [sessionId=1] close hccp and computer process success
[INFO] ATRACE(3689,m23_gdn_prefill_j12):2026-09-27-11:35:03.755.815 [atrace_client_core.c:127](tid:3693) atrace receive thread exited, devId=0.
[INFO] ATRACE(3689,m23_gdn_prefill_j12):2026-09-27-11:35:03.755.881 [atrace_client_core.c:176](tid:3689) stop to receive device[0] trace log.
[INFO] ASCENDCL(3689,m23_gdn_prefill_j12):2026-09-27-11:35:04.195.093 [resource_statistics.cpp:113]3689 TraverseStatistics: The ResourceType:ACL_STATISTICS_MALLOC_FREE, applyTotal = 18, applySucc = 18, releaseTotal = 9, releaseSucc = 9
[INFO] ASCENDCL(3689,m23_gdn_prefill_j12):2026-09-27-11:35:04.195.120 [resource_statistics.cpp:113]3689 TraverseStatistics: The ResourceType:ACL_STATISTICS_MALLOC_FREE_HOST, applyTotal = 0, applySucc = 0, releaseTotal = 0, releaseSucc = 0
[INFO] ASCENDCL(3689,m23_gdn_prefill_j12):2026-09-27-11:35:04.195.128 [resource_statistics.cpp:113]3689 TraverseStatistics: The ResourceType:ACL_STATISTICS_CREATE_DESTROY_CONTEXT, applyTotal = 0, applySucc = 0, releaseTotal = 0, releaseSucc = 0
[INFO] ASCENDCL(3689,m23_gdn_prefill_j12):2026-09-27-11:35:04.195.134 [resource_statistics.cpp:113]3689 TraverseStatistics: The ResourceType:ACL_STATISTICS_SET_RESET_DEVICE, applyTotal = 1, applySucc = 1, releaseTotal = 1, releaseSucc = 1
[INFO] ASCENDCL(3689,m23_gdn_prefill_j12):2026-09-27-11:35:04.195.140 [resource_statistics.cpp:113]3689 TraverseStatistics: The ResourceType:ACL_STATISTICS_CREATE_DESTROY_EVENT, applyTotal = 0, applySucc = 0, releaseTotal = 0, releaseSucc = 0
[INFO] ASCENDCL(3689,m23_gdn_prefill_j12):2026-09-27-11:35:04.195.145 [resource_statistics.cpp:113]3689 TraverseStatistics: The ResourceType:ACL_STATISTICS_CREATE_DESTROY_STREAM, applyTotal = 1, applySucc = 1, releaseTotal = 1, releaseSucc = 1
[INFO] ASCENDCL(3689,m23_gdn_prefill_j12):2026-09-27-11:35:04.195.150 [resource_statistics.cpp:113]3689 TraverseStatistics: The ResourceType:ACL_STATISTICS_DVPP_MALLOC_FREE, applyTotal = 0, applySucc = 0, releaseTotal = 0, releaseSucc = 0
[INFO] ASCENDCL(3689,m23_gdn_prefill_j12):2026-09-27-11:35:04.195.162 [resource_statistics.cpp:113]3689 TraverseStatistics: The ResourceType:ACL_STATISTICS_RECORD_RESET_EVENT, applyTotal = 0, applySucc = 0, releaseTotal = 0, releaseSucc = 0
[INFO] ASCENDCL(3689,m23_gdn_prefill_j12):2026-09-27-11:35:04.195.167 [resource_statistics.cpp:113]3689 TraverseStatistics: The ResourceType:ACL_STATISTICS_CREATE_DESTROY_DATA_BUFFER, applyTotal = 0, applySucc = 0, releaseTotal = 0, releaseSucc = 0
[INFO] ASCENDCL(3689,m23_gdn_prefill_j12):2026-09-27-11:35:04.195.172 [resource_statistics.cpp:113]3689 TraverseStatistics: The ResourceType:ACL_STATISTICS_CREATE_DESTROY_TENSOR_DESC, applyTotal = 0, applySucc = 0, releaseTotal = 0, releaseSucc = 0
[INFO] ASCENDCL(3689,m23_gdn_prefill_j12):2026-09-27-11:35:04.195.177 [resource_statistics.cpp:113]3689 TraverseStatistics: The ResourceType:ACL_STATISTICS_CREATE_DESTROY_DESC, applyTotal = 0, applySucc = 0, releaseTotal = 0, releaseSucc = 0
[INFO] ASCENDCL(3689,m23_gdn_prefill_j12):2026-09-27-11:35:04.195.182 [resource_statistics.cpp:113]3689 TraverseStatistics: The ResourceType:ACL_STATISTICS_CREATE_DESTROY_DATASET, applyTotal = 0, applySucc = 0, releaseTotal = 0, releaseSucc = 0
[INFO] ASCENDCL(3689,m23_gdn_prefill_j12):2026-09-27-11:35:04.195.187 [resource_statistics.cpp:113]3689 TraverseStatistics: The ResourceType:ACL_STATISTICS_CREATE_LOAD_UNLOAD_MODEL, applyTotal = 0, applySucc = 0, releaseTotal = 0, releaseSucc = 0
[INFO] ASCENDCL(3689,m23_gdn_prefill_j12):2026-09-27-11:35:04.195.192 [resource_statistics.cpp:113]3689 TraverseStatistics: The ResourceType:ACL_STATISTICS_CREATE_DESTROY_AIPP, applyTotal = 0, applySucc = 0, releaseTotal = 0, releaseSucc = 0
[INFO] ASCENDCL(3689,m23_gdn_prefill_j12):2026-09-27-11:35:04.195.196 [resource_statistics.cpp:113]3689 TraverseStatistics: The ResourceType:ACL_STATISTICS_CREATE_DESTROY_ATTR, applyTotal = 0, applySucc = 0, releaseTotal = 0, releaseSucc = 0
[INFO] ASCENDCL(3689,m23_gdn_prefill_j12):2026-09-27-11:35:04.195.201 [resource_statistics.cpp:113]3689 TraverseStatistics: The ResourceType:ACL_STATISTICS_CREATE_DESTROY_HANDLE, applyTotal = 0, applySucc = 0, releaseTotal = 0, releaseSucc = 0
[INFO] ASCENDCL(3689,m23_gdn_prefill_j12):2026-09-27-11:35:04.195.206 [resource_statistics.cpp:113]3689 TraverseStatistics: The ResourceType:ACL_STATISTICS_CREATE_DESTROY_DVPP_CHANNEL_DESC, applyTotal = 0, applySucc = 0, releaseTotal = 0, releaseSucc = 0
[INFO] ASCENDCL(3689,m23_gdn_prefill_j12):2026-09-27-11:35:04.195.211 [resource_statistics.cpp:113]3689 TraverseStatistics: The ResourceType:ACL_STATISTICS_CREATE_DESTROY_DVPP_PIC_DESC, applyTotal = 0, applySucc = 0, releaseTotal = 0, releaseSucc = 0
[INFO] ASCENDCL(3689,m23_gdn_prefill_j12):2026-09-27-11:35:04.195.216 [resource_statistics.cpp:113]3689 TraverseStatistics: The ResourceType:ACL_STATISTICS_CREATE_DESTROY_DVPP_ROI_CONFIG, applyTotal = 0, applySucc = 0, releaseTotal = 0, releaseSucc = 0
[INFO] ASCENDCL(3689,m23_gdn_prefill_j12):2026-09-27-11:35:04.195.221 [resource_statistics.cpp:113]3689 TraverseStatistics: The ResourceType:ACL_STATISTICS_CREATE_DESTROY_DVPP_RESIZE_CONFIG, applyTotal = 0, applySucc = 0, releaseTotal = 0, releaseSucc = 0
[INFO] ASCENDCL(3689,m23_gdn_prefill_j12):2026-09-27-11:35:04.195.226 [resource_statistics.cpp:113]3689 TraverseStatistics: The ResourceType:ACL_STATISTICS_CREATE_DESTROY_DVPP_JPEGE_CONFIG, applyTotal = 0, applySucc = 0, releaseTotal = 0, releaseSucc = 0
[INFO] ASCENDCL(3689,m23_gdn_prefill_j12):2026-09-27-11:35:04.195.231 [resource_statistics.cpp:113]3689 TraverseStatistics: The ResourceType:ACL_STATISTICS_CREATE_DESTROY_VDEC_CHANNEL_DESC, applyTotal = 0, applySucc = 0, releaseTotal = 0, releaseSucc = 0
[INFO] ASCENDCL(3689,m23_gdn_prefill_j12):2026-09-27-11:35:04.195.236 [resource_statistics.cpp:113]3689 TraverseStatistics: The ResourceType:ACL_STATISTICS_CREATE_DESTROY_VENC_CHANNEL_DESC, applyTotal = 0, applySucc = 0, releaseTotal = 0, releaseSucc = 0
[INFO] ASCENDCL(3689,m23_gdn_prefill_j12):2026-09-27-11:35:04.195.242 [resource_statistics.cpp:113]3689 TraverseStatistics: The ResourceType:ACL_STATISTICS_CREATE_DESTROY_DVPP_STREAM_DESC, applyTotal = 0, applySucc = 0, releaseTotal = 0, releaseSucc = 0
[INFO] ASCENDCL(3689,m23_gdn_prefill_j12):2026-09-27-11:35:04.195.247 [resource_statistics.cpp:113]3689 TraverseStatistics: The ResourceType:ACL_STATISTICS_CREATE_DESTROY_VDEC_FRAME_CONFIG, applyTotal = 0, applySucc = 0, releaseTotal = 0, releaseSucc = 0
[INFO] ASCENDCL(3689,m23_gdn_prefill_j12):2026-09-27-11:35:04.195.252 [resource_statistics.cpp:113]3689 TraverseStatistics: The ResourceType:ACL_STATISTICS_CREATE_DESTROY_VENC_FRAME_CONFIG, applyTotal = 0, applySucc = 0, releaseTotal = 0, releaseSucc = 0
[INFO] ASCENDCL(3689,m23_gdn_prefill_j12):2026-09-27-11:35:04.195.257 [resource_statistics.cpp:113]3689 TraverseStatistics: The ResourceType:ACL_STATISTICS_CREATE_DESTROY_DVPP_CHANNEL, applyTotal = 0, applySucc = 0, releaseTotal = 0, releaseSucc = 0
[INFO] ASCENDCL(3689,m23_gdn_prefill_j12):2026-09-27-11:35:04.195.262 [resource_statistics.cpp:113]3689 TraverseStatistics: The ResourceType:ACL_STATISTICS_CREATE_DESTROY_VDEC_CHANNEL, applyTotal = 0, applySucc = 0, releaseTotal = 0, releaseSucc = 0
[INFO] ASCENDCL(3689,m23_gdn_prefill_j12):2026-09-27-11:35:04.195.267 [resource_statistics.cpp:113]3689 TraverseStatistics: The ResourceType:ACL_STATISTICS_CREATE_DESTROY_VENC_CHANNEL, applyTotal = 0, applySucc = 0, releaseTotal = 0, releaseSucc = 0
[INFO] ASCENDCL(3689,m23_gdn_prefill_j12):2026-09-27-11:35:04.195.272 [resource_statistics.cpp:113]3689 TraverseStatistics: The ResourceType:ACL_STATISTICS_CREATE_DESTROY_DVPP_BATCH_PIC_DESC, applyTotal = 0, applySucc = 0, releaseTotal = 0, releaseSucc = 0
[INFO] ASCENDCL(3689,m23_gdn_prefill_j12):2026-09-27-11:35:04.195.277 [resource_statistics.cpp:113]3689 TraverseStatistics: The ResourceType:ACL_STATISTICS_CREATE_DESTROY_GROUP_INFO, applyTotal = 0, applySucc = 0, releaseTotal = 0, releaseSucc = 0
[INFO] ASCENDCL(3689,m23_gdn_prefill_j12):2026-09-27-11:35:04.195.282 [resource_statistics.cpp:113]3689 TraverseStatistics: The ResourceType:ACL_STATISTICS_CREATE_DESTROY_PROF_CONFIG, applyTotal = 0, applySucc = 0, releaseTotal = 0, releaseSucc = 0
[INFO] ASCENDCL(3689,m23_gdn_prefill_j12):2026-09-27-11:35:04.195.287 [resource_statistics.cpp:113]3689 TraverseStatistics: The ResourceType:ACL_STATISTICS_CREATE_DESTROY_PROF_SUB_CONFIG, applyTotal = 0, applySucc = 0, releaseTotal = 0, releaseSucc = 0
[INFO] ASCENDCL(3689,m23_gdn_prefill_j12):2026-09-27-11:35:04.195.292 [resource_statistics.cpp:113]3689 TraverseStatistics: The ResourceType:ACL_STATISTICS_CREATE_DESTROY_MODEL_CONFIG, applyTotal = 0, applySucc = 0, releaseTotal = 0, releaseSucc = 0
[INFO] ASCENDCL(3689,m23_gdn_prefill_j12):2026-09-27-11:35:04.195.297 [resource_statistics.cpp:113]3689 TraverseStatistics: The ResourceType:ACL_STATISTICS_CREATE_DESTROY_QUEUE_ID, applyTotal = 0, applySucc = 0, releaseTotal = 0, releaseSucc = 0
[INFO] ASCENDCL(3689,m23_gdn_prefill_j12):2026-09-27-11:35:04.195.301 [resource_statistics.cpp:113]3689 TraverseStatistics: The ResourceType:ACL_STATISTICS_CREATE_DESTROY_QUEUE_ATTR, applyTotal = 0, applySucc = 0, releaseTotal = 0, releaseSucc = 0
[INFO] ASCENDCL(3689,m23_gdn_prefill_j12):2026-09-27-11:35:04.195.306 [resource_statistics.cpp:113]3689 TraverseStatistics: The ResourceType:ACL_STATISTICS_CREATE_DESTROY_QUEUE_ROUTE, applyTotal = 0, applySucc = 0, releaseTotal = 0, releaseSucc = 0
[INFO] ASCENDCL(3689,m23_gdn_prefill_j12):2026-09-27-11:35:04.195.311 [resource_statistics.cpp:113]3689 TraverseStatistics: The ResourceType:ACL_STATISTICS_CREATE_DESTROY_QUEUE_ROUTE_LIST, applyTotal = 0, applySucc = 0, releaseTotal = 0, releaseSucc = 0
[INFO] ASCENDCL(3689,m23_gdn_prefill_j12):2026-09-27-11:35:04.195.316 [resource_statistics.cpp:113]3689 TraverseStatistics: The ResourceType:ACL_STATISTICS_CREATE_DESTROY_QUEUE_ROUTE_QUERY, applyTotal = 0, applySucc = 0, releaseTotal = 0, releaseSucc = 0
[INFO] ASCENDCL(3689,m23_gdn_prefill_j12):2026-09-27-11:35:04.195.321 [resource_statistics.cpp:113]3689 TraverseStatistics: The ResourceType:ACL_STATISTICS_CREATE_DESTROY_MBUF, applyTotal = 0, applySucc = 0, releaseTotal = 0, releaseSucc = 0
[INFO] ASCENDCL(3689,m23_gdn_prefill_j12):2026-09-27-11:35:04.195.327 [resource_statistics.cpp:113]3689 TraverseStatistics: The ResourceType:ACL_STATISTICS_CREATE_DESTROY_GRAPH_DUMP_OPTION, applyTotal = 0, applySucc = 0, releaseTotal = 0, releaseSucc = 0
[INFO] ASCENDCL(3689,m23_gdn_prefill_j12):2026-09-27-11:35:04.195.331 [resource_statistics.cpp:113]3689 TraverseStatistics: The ResourceType:ACL_STATISTICS_CREATE_DESTROY_ALLOCATOR_DESC, applyTotal = 0, applySucc = 0, releaseTotal = 0, releaseSucc = 0
[INFO] ASCENDCL(3689,m23_gdn_prefill_j12):2026-09-27-11:35:04.195.336 [resource_statistics.cpp:113]3689 TraverseStatistics: The ResourceType:ACL_STATISTICS_CREATE_DESTROY_ALLOCATOR_BINARY_DESC, applyTotal = 0, applySucc = 0, releaseTotal = 0, releaseSucc = 0
[INFO] ASCENDCL(3689,m23_gdn_prefill_j12):2026-09-27-11:35:04.195.341 [resource_statistics.cpp:113]3689 TraverseStatistics: The ResourceType:ACL_STATISTICS_RESERVE_RELEASE_MEMORY_ADDRESS, applyTotal = 0, applySucc = 0, releaseTotal = 0, releaseSucc = 0
[INFO] ASCENDCL(3689,m23_gdn_prefill_j12):2026-09-27-11:35:04.195.346 [resource_statistics.cpp:113]3689 TraverseStatistics: The ResourceType:ACL_STATISTICS_MALLOC_FREE_PHYSICAL_MEMORY, applyTotal = 0, applySucc = 0, releaseTotal = 0, releaseSucc = 0
[INFO] ASCENDCL(3689,m23_gdn_prefill_j12):2026-09-27-11:35:04.195.351 [resource_statistics.cpp:113]3689 TraverseStatistics: The ResourceType:ACL_STATISTICS_MAP_UNMAP_MEMORY, applyTotal = 0, applySucc = 0, releaseTotal = 0, releaseSucc = 0
[INFO] ASCENDCL(3689,m23_gdn_prefill_j12):2026-09-27-11:35:04.195.356 [resource_statistics.cpp:113]3689 TraverseStatistics: The ResourceType:ACL_STATISTICS_LOAD_UNLOAD_BINARY, applyTotal = 0, applySucc = 0, releaseTotal = 0, releaseSucc = 0
[INFO] RUNTIME(3689,m23_gdn_prefill_j12):2026-09-27-11:35:04.197.019 [runtime_adapt.cc:58] 3689 ~Runtime: runtime destructor.
[INFO] RUNTIME(3689,m23_gdn_prefill_j12):2026-09-27-11:35:04.427.806 [runtime.cc:4967] 3714 ReportRasRun: Report ras thread exits normally!
[INFO] RUNTIME(3689,m23_gdn_prefill_j12):2026-09-27-11:35:04.427.891 [runtime.cc:4936] 3689 DestroyReportRasThread: Join report ras thread OK.
[INFO] RUNTIME(3689,m23_gdn_prefill_j12):2026-09-27-11:35:04.427.905 [runtime.cc:1340] 3689 WaitMonitorExit: wait monitor success, used count=0.
[INFO] RUNTIME(3689,m23_gdn_prefill_j12):2026-09-27-11:35:04.484.065 [tprt.cc:23][TPRT]TID[3689] ~TprtManage: ~TprtManage
[INFO] RUNTIME(3689,m23_gdn_prefill_j12):2026-09-27-11:35:04.484.084 [xpu_task_fail_callback_data_manager.cc:64] 3689 ~XpuTaskFailCallBackManager: XpuTaskFailCallBackManager Destructor.
[INFO] RUNTIME(3689,m23_gdn_prefill_j12):2026-09-27-11:35:04.484.087 [task_fail_callback_data_manager.cc:98] 3689 ~TaskFailCallBackManager: Destructor.
[INFO] ATRACE(3689,m23_gdn_prefill_j12):2026-09-27-11:35:04.484.115 [stacktrace_signal.c:199](tid:3689) unregister all signal handlers, can not capture signal.
AI Core Error".[FUNC:ProcessDavidStarsCoreErrorInfo][FILE:device_error_proc_c.cc][LINE:716]
       The error from device(chipId:0, dieId:0), serial number is 1245, there is an aivec error exception, core id is 56, error code = 0, dump info: pc start: 0x120041000a00, current: 0x120041001490, sc error info: 0xffffffffffff, su error info: 0xe4fa32553abe01de,0xde6515fec800bb1b, mte error info: 0x850a480000020043, vec error info: 0x410062180031126e, cube error info: 0, l1 error info: 0, aic error mask: 0x395856, para base: 0x120000200000, mte error: 0, aic cond: 0.
The extend info: errcode:(0) errorStr: timeout or trap error. subErrType: 0x4.
For details, see the troubleshooting document on the Ascend official website. Search for the keyword "AI Core Error".[FUNC:ProcessDavidStarsCoreErrorInfo][FILE:device_error_proc_c.cc][LINE:716]
       The error from device(chipId:0, dieId:0), serial number is 1245, there is an aivec error exception, core id is 57, error code = 0, dump info: pc start: 0x120041000a00, current: 0x120041001490, sc error info: 0xffffffffffff, su error info: 0xffb5ffdf298e01de,0x5fa58f9f0000ee9d, mte error info: 0x850a500000020043, vec error info: 0x410062180031126e, cube error info: 0, l1 error info: 0, aic error mask: 0x395856, para base: 0x120000200000, mte error: 0, aic cond: 0.
The extend info: errcode:(0) errorStr: timeout or trap error. subErrType: 0x4.
For details, see the troubleshooting document on the Ascend official website. Search for the keyword "AI Core Error".[FUNC:ProcessDavidStarsCoreErrorInfo][FILE:device_error_proc_c.cc][LINE:716]
       An error occurred in the kernel task, retCode=0x26, [aicore exception].[FUNC:PreCheckTaskErr][FILE:davinci_kernel_task.cc][LINE:1262]
       AI Core kernel task execution failed, retCode=0x26.[FUNC:GetError][FILE:stream.cc][LINE:1746]
       [AIC_INFO] after execute:args print end[FUNC:GetError][FILE:stream.cc][LINE:1746]
       [AIC_INFO] after execute:(no result)[FUNC:GetError][FILE:stream.cc][LINE:1746]
       [DFX_INFO]AI Core kernel execution failed, device_id=0, stream_id=61, report_stream_id=61, task_id=1, flip_num=0, fault kernel_name=_Z22m23_gdn_prefill_kernelPhS_S_S_S_S_S_S_S_jjjjf, fault kernel info ext=none, program id=0, hash=13344283972177065418.[FUNC:GetError][FILE:stream.cc][LINE:1746]
       rtStreamSynchronize execution failed, reason=aicore exception[FUNC:FuncErrorReason][FILE:error_message_manage.cc][LINE:69]

[M23] ===== FAILURES PRESENT（数值判据请运行 check_ref.py）=====
A_INNER_RC=1
