=== B: SLOG=1  LEVEL=0 ===
[DEBUG] DRV(3904,m23_gdn_prefill_j12):2026-09-27-11:35:04.676.356 [hdc_client.c:108][ascend][curpid:3904,3904][drv][hdc][drvHdcClientCreate]Create client success.
[INFO] ATRACE(3904,m23_gdn_prefill_j12):2026-09-27-11:35:04.676.405 [trace_attr.c:100](tid:3904) doesn't set env ASCEND_LOG_DEVICE_FLUSH_TIMEOUT, use default timeout=0ms.
[INFO] ATRACE(3904,m23_gdn_prefill_j12):2026-09-27-11:35:04.676.408 [trace_attr.c:190](tid:3904) attr init successfully, timeout=0ms.
[WARNING] ATRACE(3904,m23_gdn_prefill_j12):2026-09-27-11:35:04.676.411 [trace_system_api.c:111](tid:3904) Environment variable is null or the length exceeds 255.
[INFO] ATRACE(3904,m23_gdn_prefill_j12):2026-09-27-11:35:04.676.417 [trace_recorder.c:45](tid:3904) home_directory=/root.
[INFO] ATRACE(3904,m23_gdn_prefill_j12):2026-09-27-11:35:04.676.419 [trace_recorder.c:211](tid:3904) use root path: /root/ascend
[INFO] ATRACE(3904,m23_gdn_prefill_j12):2026-09-27-11:35:04.676.421 [trace_recorder.c:154](tid:3904) doesn't set env ASCEND_TRACE_RECORD_NUM, use default dir num=10.
[INFO] ATRACE(3904,m23_gdn_prefill_j12):2026-09-27-11:35:04.676.423 [trace_event.c:147](tid:3904) init trace event successfully
[DEBUG] ATRACE(3904,m23_gdn_prefill_j12):2026-09-27-11:35:04.676.436 [trace_event.c:204](tid:3904) insert event trace_inner_event to event list
[INFO] ATRACE(3904,m23_gdn_prefill_j12):2026-09-27-11:35:04.676.440 [atrace_client_core.c:185](tid:3904) init atrace client successfully.
[INFO] ATRACE(3904,m23_gdn_prefill_j12):2026-09-27-11:35:04.676.535 [stacktrace_dumper.c:244](tid:3904) path = /usr/local/Ascend/cann-9.1.0/x86_64-linux/bin/asc_dumper
[WARNING] ATRACE(3904,m23_gdn_prefill_j12):2026-09-27-11:35:04.676.542 [trace_system_api.c:111](tid:3904) Environment variable is null or the length exceeds 256.
[INFO] ATRACE(3904,m23_gdn_prefill_j12):2026-09-27-11:35:04.676.588 [stacktrace_signal.c:176](tid:3904) register signal handler for signal 2 succeed.
[INFO] ATRACE(3904,m23_gdn_prefill_j12):2026-09-27-11:35:04.676.590 [stacktrace_signal.c:176](tid:3904) register signal handler for signal 15 succeed.
[INFO] ATRACE(3904,m23_gdn_prefill_j12):2026-09-27-11:35:04.676.592 [stacktrace_signal.c:176](tid:3904) register signal handler for signal 3 succeed.
[INFO] ATRACE(3904,m23_gdn_prefill_j12):2026-09-27-11:35:04.676.593 [stacktrace_signal.c:176](tid:3904) register signal handler for signal 4 succeed.
[INFO] ATRACE(3904,m23_gdn_prefill_j12):2026-09-27-11:35:04.676.595 [stacktrace_signal.c:176](tid:3904) register signal handler for signal 5 succeed.
[INFO] ATRACE(3904,m23_gdn_prefill_j12):2026-09-27-11:35:04.676.596 [stacktrace_signal.c:176](tid:3904) register signal handler for signal 6 succeed.
[INFO] ATRACE(3904,m23_gdn_prefill_j12):2026-09-27-11:35:04.676.598 [stacktrace_signal.c:176](tid:3904) register signal handler for signal 7 succeed.
[INFO] ATRACE(3904,m23_gdn_prefill_j12):2026-09-27-11:35:04.676.599 [stacktrace_signal.c:176](tid:3904) register signal handler for signal 8 succeed.
[INFO] ATRACE(3904,m23_gdn_prefill_j12):2026-09-27-11:35:04.676.601 [stacktrace_signal.c:176](tid:3904) register signal handler for signal 11 succeed.
[INFO] ATRACE(3904,m23_gdn_prefill_j12):2026-09-27-11:35:04.676.602 [stacktrace_signal.c:176](tid:3904) register signal handler for signal 24 succeed.
[INFO] ATRACE(3904,m23_gdn_prefill_j12):2026-09-27-11:35:04.676.603 [stacktrace_signal.c:176](tid:3904) register signal handler for signal 25 succeed.
[INFO] ATRACE(3904,m23_gdn_prefill_j12):2026-09-27-11:35:04.676.605 [stacktrace_signal.c:176](tid:3904) register signal handler for signal 31 succeed.
[INFO] ATRACE(3904,m23_gdn_prefill_j12):2026-09-27-11:35:04.676.606 [stacktrace_signal.c:176](tid:3904) register signal handler for signal 35 succeed.
[INFO] ATRACE(3904,m23_gdn_prefill_j12):2026-09-27-11:35:04.676.607 [stacktrace_signal.c:179](tid:3904) trace signal init succeed.
[INFO] ATRACE(3904,m23_gdn_prefill_j12):2026-09-27-11:35:04.676.609 [trace_core.c:51](tid:3904) init trace successfully.
[INFO] ATRACE(3904,m23_gdn_prefill_j12):2026-09-27-11:35:04.676.634 [awatchdog_core.c:99](tid:3904) watchdog get platform host side
[INFO] ATRACE(3904,m23_gdn_prefill_j12):2026-09-27-11:35:04.676.657 [awatchdog_monitor.c:127](tid:3904) create monitor thread successfully, tid :140137542325952 
[INFO] ATRACE(3904,m23_gdn_prefill_j12):2026-09-27-11:35:04.676.659 [awatchdog_monitor.c:225](tid:3904) AwdMonitorInit
[DEBUG] ATRACE(3904,m23_gdn_prefill_j12):2026-09-27-11:35:04.676.671 [awatchdog_monitor.c:66](tid:3906) watchdog 0, period 200000, resPeriod 200000
[INFO] RUNTIME(3904,m23_gdn_prefill_j12):2026-09-27-11:35:04.677.074 [runtime_keeper.cc:285] 3904 RuntimeKeeper: start: 0x7f74527eae34
[WARNING] RUNTIME(3904,m23_gdn_prefill_j12):2026-09-27-11:35:04.677.117 [runtime_keeper.cc:258] 3904 RegisterDrvErrMsgHandle: [drv api] drv_log_report_err_msg_handle_register does not exist, skip register err msg handle.
[INFO] RUNTIME(3904,m23_gdn_prefill_j12):2026-09-27-11:35:04.677.121 [task_fail_callback_data_manager.cc:93] 3904 TaskFailCallBackManager: Constructor.
[INFO] RUNTIME(3904,m23_gdn_prefill_j12):2026-09-27-11:35:04.677.123 [xpu_task_fail_callback_data_manager.cc:59] 3904 XpuTaskFailCallBackManager: XpuTaskFailCallBackManager Constructor.
[INFO] IDEDD(3904,m23_gdn_prefill_j12):2026-09-27-11:35:04.677.492 [dump_config_converter.cpp:1153][tid:3904] No Env enable exception dump
[DEBUG] ASCENDCL(3904,m23_gdn_prefill_j12):2026-09-27-11:35:04.677.980 [kernel.cpp:408]3904 aclrtBinaryLoadFromDataImpl: start to execute aclrtBinaryLoadFromData, length is [22648]
[INFO] RUNTIME(3904,m23_gdn_prefill_j12):2026-09-27-11:35:04.677.996 [runtime_keeper.cc:98] 3904 GetDeviceType: hardwareVersion=0xf00
[INFO] RUNTIME(3904,m23_gdn_prefill_j12):2026-09-27-11:35:04.678.761 [plugin_old_arch.cc:21] 3904 ConstructRuntimeImpl: RuntimeImpl construct success, runtime = 0x563c50b44c50
[INFO] RUNTIME(3904,m23_gdn_prefill_j12):2026-09-27-11:35:04.678.768 [runtime_keeper.cc:211] 3904 CreateRuntimeImpl: Open libruntime_v200.so successfully
[INFO] RUNTIME(3904,m23_gdn_prefill_j12):2026-09-27-11:35:04.678.770 [runtime_keeper.cc:331] 3904 BootRuntime: new Runtime ok, Runtime_alloc_size 13816.
[INFO] RUNTIME(3904,m23_gdn_prefill_j12):2026-09-27-11:35:04.678.781 [runtime.cc:1081] 3904 CheckHaveDevice: hardwareVersion=0xf00
[DEBUG] FE(3904,m23_gdn_prefill_j12):2026-09-27-11:35:04.678.791 [platform_manager_v2.cpp:252]3904 GetSocSpec:Begin to get soc[Ascend950PR_9579] info: label[version], key[Chip_type].
[INFO] FE(3904,m23_gdn_prefill_j12):2026-09-27-11:35:04.678.811 [platform_manager_v2.cpp:75]3904 GetConfigFilePath:Current so file path is [/usr/local/Ascend/cann-9.1.0/x86_64-linux/].
[DEBUG] FE(3904,m23_gdn_prefill_j12):2026-09-27-11:35:04.678.820 [platform_manager_v2.cpp:220]3904 InitPlatformInfos:Begin to load ini file[/usr/local/Ascend/cann-9.1.0/x86_64-linux/data/platform_config/Ascend950PR_9579.ini].
[DEBUG] FE(3904,m23_gdn_prefill_j12):2026-09-27-11:35:04.679.344 [platform_manager_v2.cpp:116]3904 AssemblePlatformInfoVector:The platform info's os soc version[Ascend950PR_9579] has been initialized.
[DEBUG] FE(3904,m23_gdn_prefill_j12):2026-09-27-11:35:04.679.360 [platform_manager_v2.cpp:262]3904 GetSocSpec:GetSocSpec label[version], key[Chip_type], value[15].
[INFO] RUNTIME(3904,m23_gdn_prefill_j12):2026-09-27-11:35:04.679.365 [runtime.cc:687] 3904 InitSocVersionByDrvSocVersion: socVersion=Ascend950PR_9579, chipType=15
[DEBUG] RUNTIME(3904,m23_gdn_prefill_j12):2026-09-27-11:35:04.679.373 [npu_driver.cc:31] 3904 GetConnectUbFlagFromDrv:hdConnectType = 0, connectUbFlag = 0.
[DEBUG] RUNTIME(3904,m23_gdn_prefill_j12):2026-09-27-11:35:04.679.378 [runtime.cc:4867] 3904 InitAiCpuCnt:aicpuNum=5
[INFO] RUNTIME(3904,m23_gdn_prefill_j12):2026-09-27-11:35:04.679.385 [runtime.cc:810] 3904 InitChipTypeAndSocVersion: Runtime init: device type=15, soc version=Ascend950PR_9579, have device=1
[DEBUG] FE(3904,m23_gdn_prefill_j12):2026-09-27-11:35:04.679.395 [platform_manager_v2.cpp:252]3904 GetSocSpec:Begin to get soc[Ascend950PR_9579] info: label[SoCInfo], key[normal_stream_num].
[DEBUG] FE(3904,m23_gdn_prefill_j12):2026-09-27-11:35:04.679.398 [platform_manager_v2.cpp:262]3904 GetSocSpec:GetSocSpec label[SoCInfo], key[normal_stream_num], value[65535].
[DEBUG] FE(3904,m23_gdn_prefill_j12):2026-09-27-11:35:04.679.400 [platform_manager_v2.cpp:252]3904 GetSocSpec:Begin to get soc[Ascend950PR_9579] info: label[SoCInfo], key[normal_stream_depth].
[DEBUG] FE(3904,m23_gdn_prefill_j12):2026-09-27-11:35:04.679.402 [platform_manager_v2.cpp:262]3904 GetSocSpec:GetSocSpec label[SoCInfo], key[normal_stream_depth], value[2049].
[DEBUG] FE(3904,m23_gdn_prefill_j12):2026-09-27-11:35:04.679.403 [platform_manager_v2.cpp:252]3904 GetSocSpec:Begin to get soc[Ascend950PR_9579] info: label[SoCInfo], key[huge_stream_num].
[DEBUG] FE(3904,m23_gdn_prefill_j12):2026-09-27-11:35:04.679.405 [platform_manager_v2.cpp:262]3904 GetSocSpec:GetSocSpec label[SoCInfo], key[huge_stream_num], value[0].
[DEBUG] FE(3904,m23_gdn_prefill_j12):2026-09-27-11:35:04.679.407 [platform_manager_v2.cpp:252]3904 GetSocSpec:Begin to get soc[Ascend950PR_9579] info: label[SoCInfo], key[huge_stream_depth].
[DEBUG] FE(3904,m23_gdn_prefill_j12):2026-09-27-11:35:04.679.409 [platform_manager_v2.cpp:262]3904 GetSocSpec:GetSocSpec label[SoCInfo], key[huge_stream_depth], value[0].
[DEBUG] FE(3904,m23_gdn_prefill_j12):2026-09-27-11:35:04.679.410 [platform_manager_v2.cpp:252]3904 GetSocSpec:Begin to get soc[Ascend950PR_9579] info: label[SoCInfo], key[io_die_num].
[WARNING] FE(3904,m23_gdn_prefill_j12):2026-09-27-11:35:04.679.412 [platform_manager_v2.cpp:259]3904 GetSocSpec:Failed to get platform info, label[SoCInfo], key[io_die_num].
[INFO] RUNTIME(3904,m23_gdn_prefill_j12):2026-09-27-11:35:04.679.414 [ini_parse_utils.cc:108] 3904 GetStreamSpecFromIniFile: iniAttrs: normalStreamNum=65535, normalStreamDepth=2049, hugeStreamNum=0, hugeStreamDepth=0.
[DEBUG] FE(3904,m23_gdn_prefill_j12):2026-09-27-11:35:04.679.416 [platform_manager_v2.cpp:252]3904 GetSocSpec:Begin to get soc[Ascend950PR_9579] info: label[version], key[NpuArch].
[DEBUG] FE(3904,m23_gdn_prefill_j12):2026-09-27-11:35:04.679.418 [platform_manager_v2.cpp:262]3904 GetSocSpec:GetSocSpec label[version], key[NpuArch], value[3510].
[INFO] RUNTIME(3904,m23_gdn_prefill_j12):2026-09-27-11:35:04.679.419 [ini_parse_utils.cc:130] 3904 GetArchInfoFromIniFile: iniAttrs: socVersion=Ascend950PR_9579, npuArch=3510.
[INFO] RUNTIME(3904,m23_gdn_prefill_j12):2026-09-27-11:35:04.679.426 [runtime.cc:4440] 3904 GetVisibleDevices: ASCEND_RT_VISIBLE_DEVICES param was not set
[INFO] RUNTIME(3904,m23_gdn_prefill_j12):2026-09-27-11:35:04.679.428 [runtime.cc:822] 3904 InitApiImplies: ApiImpl:Runtime_alloc_size 16
[INFO] RUNTIME(3904,m23_gdn_prefill_j12):2026-09-27-11:35:04.679.430 [runtime.cc:830] 3904 InitApiImplies: ApiImplMbuf:Runtime_alloc_size 8
[INFO] RUNTIME(3904,m23_gdn_prefill_j12):2026-09-27-11:35:04.679.432 [runtime.cc:838] 3904 InitApiImplies: ApiImplSoma:Runtime_alloc_size 8
[INFO] RUNTIME(3904,m23_gdn_prefill_j12):2026-09-27-11:35:04.679.433 [runtime.cc:849] 3904 InitLogger: Logger:Runtime_alloc_size 32
[INFO] RUNTIME(3904,m23_gdn_prefill_j12):2026-09-27-11:35:04.679.438 [runtime.cc:860] 3904 InitApiProfiler: RProfiler:Runtime_alloc_size 168
[DEBUG] RUNTIME(3904,m23_gdn_prefill_j12):2026-09-27-11:35:04.679.443 [profiler.cc:80] 3904 Init:new ApiProfileDecorator ok, size=24
[DEBUG] RUNTIME(3904,m23_gdn_prefill_j12):2026-09-27-11:35:04.679.447 [profiler.cc:85] 3904 Init:new ApiProfileLogDecorator ok, size=24
[INFO] RUNTIME(3904,m23_gdn_prefill_j12):2026-09-27-11:35:04.679.449 [profiler.cc:88] 3904 Init: Init ok, Runtime_alloc_size 48
[INFO] RUNTIME(3904,m23_gdn_prefill_j12):2026-09-27-11:35:04.679.451 [runtime.cc:877] 3904 InitApiErrorDecorator: ApiErrorDecorator:Runtime_alloc_size 16.
[INFO] RUNTIME(3904,m23_gdn_prefill_j12):2026-09-27-11:35:04.679.452 [runtime.cc:888] 3904 InitThreadGuard: Runtime init:new ThreadGuard ok, Runtime_alloc_size 96.
[INFO] RUNTIME(3904,m23_gdn_prefill_j12):2026-09-27-11:35:04.679.454 [runtime.cc:900] 3904 InitStreamObserver: EngineStreamObserver:Runtime_alloc_size 8.
[INFO] RUNTIME(3904,m23_gdn_prefill_j12):2026-09-27-11:35:04.679.459 [runtime.cc:913] 3904 InitAicpuStreamIdBitmap: Bitmap(1024):Runtime_alloc_size 72.
[INFO] RUNTIME(3904,m23_gdn_prefill_j12):2026-09-27-11:35:04.679.461 [runtime.cc:931] 3904 InitCbSubscribe: The thread group num is 1024
[INFO] RUNTIME(3904,m23_gdn_prefill_j12):2026-09-27-11:35:04.679.462 [runtime.cc:938] 3904 InitCbSubscribe: Runtime init:new CbSubscribe ok, Runtime_alloc_size 296.
[DEBUG] RUNTIME(3904,m23_gdn_prefill_j12):2026-09-27-11:35:04.679.465 [runtime.cc:991] 3904 InitProgramAllocator:run mode = 1 [0:offline, 1:online], max program num 40000000, rtsqDepth=2049.
[INFO] RUNTIME(3904,m23_gdn_prefill_j12):2026-09-27-11:35:04.679.518 [runtime.cc:115] 3904 Init: ObjAllocator alloc success, Runtime_alloc_size 160000(bytes)
[INFO] RUNTIME(3904,m23_gdn_prefill_j12):2026-09-27-11:35:04.679.644 [runtime.cc:127] 3904 Init: ObjAllocator alloc success, Runtime_alloc_size 800000(bytes)
[INFO] RUNTIME(3904,m23_gdn_prefill_j12):2026-09-27-11:35:04.679.672 [runtime.cc:1011] 3904 InitLabelAllocator: Runtime init:new LabelAllocator ok, Runtime_alloc_size 131144.
[INFO] RUNTIME(3904,m23_gdn_prefill_j12):2026-09-27-11:35:04.679.674 [runtime.cc:1019] 3904 InitSetRuntimeVersion: set runtime api ver success
[INFO] TDT(3904,m23_gdn_prefill_j12):2026-09-27-11:35:04.680.041 [package_worker_factory.cpp:38][RegisterPackageWorkerCreator][tid:3904] Register[2] package worker was created successfully
[INFO] TDT(3904,m23_gdn_prefill_j12):2026-09-27-11:35:04.680.045 [package_worker_factory.cpp:38][RegisterPackageWorkerCreator][tid:3904] Register[3] package worker was created successfully
[INFO] RUNTIME(3904,m23_gdn_prefill_j12):2026-09-27-11:35:04.680.060 [runtime.cc:1032] 3904 InitNpuCollectPath: NPU_COLLECT_PATH is not set!
[INFO] RUNTIME(3904,m23_gdn_prefill_j12):2026-09-27-11:35:04.680.085 [runtime.cc:1188] 3904 GetDcacheLockMixOpPath: dcacheLockMixOpPath /usr/local/Ascend/cann-9.1.0/lib64/dcache_lock_mix_ascend950.o.
[INFO] RUNTIME(3904,m23_gdn_prefill_j12):2026-09-27-11:35:04.680.097 [runtime.cc:1233] 3904 FindDcacheLockOp: read dcache lock op file success
[INFO] PROFILING(3904,m23_gdn_prefill_j12):2026-09-27-11:35:04.680.102 [prof_cann_plugin.cpp:390] (tid:3904) Register module[RUNTIME(7)] callback.
[DEBUG] RUNTIME(3904,m23_gdn_prefill_j12):2026-09-27-11:35:04.680.122 [binary_loader.cc:142] 3904 ParseLoadOptions:Parse binary load option magic=0x43554245
[DEBUG] RUNTIME(3904,m23_gdn_prefill_j12):2026-09-27-11:35:04.680.124 [binary_loader.cc:128] 3904 ParseLoadOptions:Parse binary load option isLazyLoad=1
[INFO] RUNTIME(3904,m23_gdn_prefill_j12):2026-09-27-11:35:04.680.131 [binary_loader.cc:364] 3904 LoadFromData: New ElfProgram ok, magic=1129660997, kernelAttrType=3, Runtime_alloc_size=10560
[INFO] RUNTIME(3904,m23_gdn_prefill_j12):2026-09-27-11:35:04.680.141 [program.cc:204] 3904 SaveBinaryData: Malloc the buffer for elfData, len=22648
[INFO] RUNTIME(3904,m23_gdn_prefill_j12):2026-09-27-11:35:04.680.150 [elf.cc:884] 3904 ParseKernelMetaData: section name = .text.
[INFO] RUNTIME(3904,m23_gdn_prefill_j12):2026-09-27-11:35:04.680.153 [elf.cc:884] 3904 ParseKernelMetaData: section name = .ascend.meta.
[INFO] RUNTIME(3904,m23_gdn_prefill_j12):2026-09-27-11:35:04.680.155 [elf.cc:544] 3904 SetMetaFlag: Set elf binary addr type=3
[INFO] RUNTIME(3904,m23_gdn_prefill_j12):2026-09-27-11:35:04.680.157 [elf.cc:544] 3904 SetMetaFlag: Set elf binary addr type=3
[INFO] RUNTIME(3904,m23_gdn_prefill_j12):2026-09-27-11:35:04.680.158 [elf.cc:781] 3904 ParseElfBinaryMetaInfo: section name = .ascend.meta, flag=4.
[INFO] RUNTIME(3904,m23_gdn_prefill_j12):2026-09-27-11:35:04.680.160 [elf.cc:884] 3904 ParseKernelMetaData: section name = __CCE_KernelArgSize.
[INFO] RUNTIME(3904,m23_gdn_prefill_j12):2026-09-27-11:35:04.680.162 [elf.cc:884] 3904 ParseKernelMetaData: section name = __CCE_KernelMetaData.
[INFO] RUNTIME(3904,m23_gdn_prefill_j12):2026-09-27-11:35:04.680.163 [elf.cc:884] 3904 ParseKernelMetaData: section name = .ascend.meta._Z22m23_gdn_prefill_kernelPhS_S_S_S_S_S_S_S_jjjjf_mix_aic.
[INFO] RUNTIME(3904,m23_gdn_prefill_j12):2026-09-27-11:35:04.680.166 [elf.cc:575] 3904 ElfParseParamSummary: paramCount=14, paramTotalSize=92.
[INFO] RUNTIME(3904,m23_gdn_prefill_j12):2026-09-27-11:35:04.680.169 [elf.cc:610] 3904 ElfParseParamInfo: Cache param info: ordinal=0, offset=0, size=8, align=8, paramType=2, spaceIndex=0.
[INFO] RUNTIME(3904,m23_gdn_prefill_j12):2026-09-27-11:35:04.680.171 [elf.cc:610] 3904 ElfParseParamInfo: Cache param info: ordinal=1, offset=8, size=8, align=8, paramType=2, spaceIndex=0.
[INFO] RUNTIME(3904,m23_gdn_prefill_j12):2026-09-27-11:35:04.680.173 [elf.cc:610] 3904 ElfParseParamInfo: Cache param info: ordinal=2, offset=16, size=8, align=8, paramType=2, spaceIndex=0.
[INFO] RUNTIME(3904,m23_gdn_prefill_j12):2026-09-27-11:35:04.680.174 [elf.cc:610] 3904 ElfParseParamInfo: Cache param info: ordinal=3, offset=24, size=8, align=8, paramType=2, spaceIndex=0.
[INFO] RUNTIME(3904,m23_gdn_prefill_j12):2026-09-27-11:35:04.680.176 [elf.cc:610] 3904 ElfParseParamInfo: Cache param info: ordinal=4, offset=32, size=8, align=8, paramType=2, spaceIndex=0.
[INFO] RUNTIME(3904,m23_gdn_prefill_j12):2026-09-27-11:35:04.680.177 [elf.cc:610] 3904 ElfParseParamInfo: Cache param info: ordinal=5, offset=40, size=8, align=8, paramType=2, spaceIndex=0.
[INFO] RUNTIME(3904,m23_gdn_prefill_j12):2026-09-27-11:35:04.680.179 [elf.cc:610] 3904 ElfParseParamInfo: Cache param info: ordinal=6, offset=48, size=8, align=8, paramType=2, spaceIndex=0.
[INFO] RUNTIME(3904,m23_gdn_prefill_j12):2026-09-27-11:35:04.680.180 [elf.cc:610] 3904 ElfParseParamInfo: Cache param info: ordinal=7, offset=56, size=8, align=8, paramType=2, spaceIndex=0.
[INFO] RUNTIME(3904,m23_gdn_prefill_j12):2026-09-27-11:35:04.680.182 [elf.cc:610] 3904 ElfParseParamInfo: Cache param info: ordinal=8, offset=64, size=8, align=8, paramType=2, spaceIndex=0.
[INFO] RUNTIME(3904,m23_gdn_prefill_j12):2026-09-27-11:35:04.680.183 [elf.cc:610] 3904 ElfParseParamInfo: Cache param info: ordinal=9, offset=72, size=4, align=4, paramType=1, spaceIndex=0.
[INFO] RUNTIME(3904,m23_gdn_prefill_j12):2026-09-27-11:35:04.680.184 [elf.cc:610] 3904 ElfParseParamInfo: Cache param info: ordinal=10, offset=76, size=4, align=4, paramType=1, spaceIndex=0.
[INFO] RUNTIME(3904,m23_gdn_prefill_j12):2026-09-27-11:35:04.680.186 [elf.cc:610] 3904 ElfParseParamInfo: Cache param info: ordinal=11, offset=80, size=4, align=4, paramType=1, spaceIndex=0.
[INFO] RUNTIME(3904,m23_gdn_prefill_j12):2026-09-27-11:35:04.680.187 [elf.cc:610] 3904 ElfParseParamInfo: Cache param info: ordinal=12, offset=84, size=4, align=4, paramType=1, spaceIndex=0.
[INFO] RUNTIME(3904,m23_gdn_prefill_j12):2026-09-27-11:35:04.680.189 [elf.cc:610] 3904 ElfParseParamInfo: Cache param info: ordinal=13, offset=88, size=4, align=4, paramType=1, spaceIndex=0.
[INFO] RUNTIME(3904,m23_gdn_prefill_j12):2026-09-27-11:35:04.680.191 [elf.cc:669] 3904 ElfParseTlvInfo: tlvLength=4, minStackSize=672.
[INFO] RUNTIME(3904,m23_gdn_prefill_j12):2026-09-27-11:35:04.680.193 [elf.cc:916] 3904 ParseKernelMetaData: kernel_name=_Z22m23_gdn_prefill_kernelPhS_S_S_S_S_S_S_S_jjjjf_mix_aic, ration[0]=1, ration[1]=2, dfxAddr=0x563c50bb1728, dfxSize=600, funcType=4, crossCoreSync=0, kernelVfType=0, shareMemSize=0, minStackSize=672, isSupportFuncEntry=0, functionEntryFlag=128, functionEntry=0.
[INFO] RUNTIME(3904,m23_gdn_prefill_j12):2026-09-27-11:35:04.680.196 [elf.cc:884] 3904 ParseKernelMetaData: section name = .comment.
[INFO] RUNTIME(3904,m23_gdn_prefill_j12):2026-09-27-11:35:04.680.198 [elf.cc:884] 3904 ParseKernelMetaData: section name = .debug_frame.
[INFO] RUNTIME(3904,m23_gdn_prefill_j12):2026-09-27-11:35:04.680.199 [elf.cc:884] 3904 ParseKernelMetaData: section name = .ascend.meta._Z22m23_gdn_prefill_kernelPhS_S_S_S_S_S_S_S_jjjjf_mix_aiv.
[INFO] RUNTIME(3904,m23_gdn_prefill_j12):2026-09-27-11:35:04.680.201 [elf.cc:575] 3904 ElfParseParamSummary: paramCount=14, paramTotalSize=92.
[INFO] RUNTIME(3904,m23_gdn_prefill_j12):2026-09-27-11:35:04.680.202 [elf.cc:610] 3904 ElfParseParamInfo: Cache param info: ordinal=0, offset=0, size=8, align=8, paramType=2, spaceIndex=0.
[INFO] RUNTIME(3904,m23_gdn_prefill_j12):2026-09-27-11:35:04.680.204 [elf.cc:610] 3904 ElfParseParamInfo: Cache param info: ordinal=1, offset=8, size=8, align=8, paramType=2, spaceIndex=0.
[INFO] RUNTIME(3904,m23_gdn_prefill_j12):2026-09-27-11:35:04.680.205 [elf.cc:610] 3904 ElfParseParamInfo: Cache param info: ordinal=2, offset=16, size=8, align=8, paramType=2, spaceIndex=0.
[INFO] RUNTIME(3904,m23_gdn_prefill_j12):2026-09-27-11:35:04.680.207 [elf.cc:610] 3904 ElfParseParamInfo: Cache param info: ordinal=3, offset=24, size=8, align=8, paramType=2, spaceIndex=0.
[INFO] RUNTIME(3904,m23_gdn_prefill_j12):2026-09-27-11:35:04.680.208 [elf.cc:610] 3904 ElfParseParamInfo: Cache param info: ordinal=4, offset=32, size=8, align=8, paramType=2, spaceIndex=0.
[INFO] RUNTIME(3904,m23_gdn_prefill_j12):2026-09-27-11:35:04.680.210 [elf.cc:610] 3904 ElfParseParamInfo: Cache param info: ordinal=5, offset=40, size=8, align=8, paramType=2, spaceIndex=0.
[INFO] RUNTIME(3904,m23_gdn_prefill_j12):2026-09-27-11:35:04.680.211 [elf.cc:610] 3904 ElfParseParamInfo: Cache param info: ordinal=6, offset=48, size=8, align=8, paramType=2, spaceIndex=0.
[INFO] RUNTIME(3904,m23_gdn_prefill_j12):2026-09-27-11:35:04.680.213 [elf.cc:610] 3904 ElfParseParamInfo: Cache param info: ordinal=7, offset=56, size=8, align=8, paramType=2, spaceIndex=0.
[INFO] RUNTIME(3904,m23_gdn_prefill_j12):2026-09-27-11:35:04.680.214 [elf.cc:610] 3904 ElfParseParamInfo: Cache param info: ordinal=8, offset=64, size=8, align=8, paramType=2, spaceIndex=0.
[INFO] RUNTIME(3904,m23_gdn_prefill_j12):2026-09-27-11:35:04.680.216 [elf.cc:610] 3904 ElfParseParamInfo: Cache param info: ordinal=9, offset=72, size=4, align=4, paramType=1, spaceIndex=0.
[INFO] RUNTIME(3904,m23_gdn_prefill_j12):2026-09-27-11:35:04.680.217 [elf.cc:610] 3904 ElfParseParamInfo: Cache param info: ordinal=10, offset=76, size=4, align=4, paramType=1, spaceIndex=0.
[INFO] RUNTIME(3904,m23_gdn_prefill_j12):2026-09-27-11:35:04.680.219 [elf.cc:610] 3904 ElfParseParamInfo: Cache param info: ordinal=11, offset=80, size=4, align=4, paramType=1, spaceIndex=0.
[INFO] RUNTIME(3904,m23_gdn_prefill_j12):2026-09-27-11:35:04.680.220 [elf.cc:610] 3904 ElfParseParamInfo: Cache param info: ordinal=12, offset=84, size=4, align=4, paramType=1, spaceIndex=0.
[INFO] RUNTIME(3904,m23_gdn_prefill_j12):2026-09-27-11:35:04.680.222 [elf.cc:610] 3904 ElfParseParamInfo: Cache param info: ordinal=13, offset=88, size=4, align=4, paramType=1, spaceIndex=0.
[INFO] RUNTIME(3904,m23_gdn_prefill_j12):2026-09-27-11:35:04.680.223 [elf.cc:654] 3904 ElfParseTlvInfo: kernelVfType=2
[INFO] RUNTIME(3904,m23_gdn_prefill_j12):2026-09-27-11:35:04.680.225 [elf.cc:660] 3904 ElfParseTlvInfo: shareMemSize=8192.
[INFO] RUNTIME(3904,m23_gdn_prefill_j12):2026-09-27-11:35:04.680.226 [elf.cc:669] 3904 ElfParseTlvInfo: tlvLength=4, minStackSize=888.
[INFO] RUNTIME(3904,m23_gdn_prefill_j12):2026-09-27-11:35:04.680.228 [elf.cc:916] 3904 ParseKernelMetaData: kernel_name=_Z22m23_gdn_prefill_kernelPhS_S_S_S_S_S_S_S_jjjjf_mix_aiv, ration[0]=1, ration[1]=2, dfxAddr=0x563c50bb1f70, dfxSize=632, funcType=4, crossCoreSync=0, kernelVfType=2, shareMemSize=8192, minStackSize=888, isSupportFuncEntry=0, functionEntryFlag=128, functionEntry=0.
[DEBUG] RUNTIME(3904,m23_gdn_prefill_j12):2026-09-27-11:35:04.680.236 [elf.cc:370] 3904 GetSymbolName:st_name=_ZL23__asc_feature_l2cache__, st_value=0, size=8, idx=3
[DEBUG] RUNTIME(3904,m23_gdn_prefill_j12):2026-09-27-11:35:04.680.238 [runtime.cc:4642] 3904 ExeCallbackFillFunc:symbol:_ZL23__asc_feature_l2cache__, cfgAddr:0x563c50bb16f8 , cfg len:8.
[DEBUG] RUNTIME(3904,m23_gdn_prefill_j12):2026-09-27-11:35:04.680.240 [elf.cc:370] 3904 GetSymbolName:st_name=.Mix_Kernel_Type__Z22m23_gdn_prefill_kernelPhS_S_S_S_S_S_S_S_jjjjf_mix_aic, st_value=0, size=8, idx=6
[DEBUG] RUNTIME(3904,m23_gdn_prefill_j12):2026-09-27-11:35:04.680.242 [runtime.cc:4642] 3904 ExeCallbackFillFunc:symbol:.Mix_Kernel_Type__Z22m23_gdn_prefill_kernelPhS_S_S_S_S_S_S_S_jjjjf_mix_aic, cfgAddr:0x563c50bb1728 , cfg len:8.
[DEBUG] RUNTIME(3904,m23_gdn_prefill_j12):2026-09-27-11:35:04.680.244 [elf.cc:370] 3904 GetSymbolName:st_name=.Mix_Kernel_Ration__Z22m23_gdn_prefill_kernelPhS_S_S_S_S_S_S_S_jjjjf_mix_aic, st_value=8, size=8, idx=6
[DEBUG] RUNTIME(3904,m23_gdn_prefill_j12):2026-09-27-11:35:04.680.246 [runtime.cc:4642] 3904 ExeCallbackFillFunc:symbol:.Mix_Kernel_Ration__Z22m23_gdn_prefill_kernelPhS_S_S_S_S_S_S_S_jjjjf_mix_aic, cfgAddr:0x563c50bb1730 , cfg len:8.
[DEBUG] RUNTIME(3904,m23_gdn_prefill_j12):2026-09-27-11:35:04.680.248 [elf.cc:370] 3904 GetSymbolName:st_name=.ascend.meta.elf, st_value=8, size=8, idx=3
[DEBUG] RUNTIME(3904,m23_gdn_prefill_j12):2026-09-27-11:35:04.680.249 [runtime.cc:4642] 3904 ExeCallbackFillFunc:symbol:.ascend.meta.elf, cfgAddr:0x563c50bb1700 , cfg len:8.
[DEBUG] RUNTIME(3904,m23_gdn_prefill_j12):2026-09-27-11:35:04.680.251 [elf.cc:370] 3904 GetSymbolName:st_name=.ParamSummary__Z22m23_gdn_prefill_kernelPhS_S_S_S_S_S_S_S_jjjjf_mix_aic, st_value=16, size=16, idx=6
[DEBUG] RUNTIME(3904,m23_gdn_prefill_j12):2026-09-27-11:35:04.680.253 [runtime.cc:4642] 3904 ExeCallbackFillFunc:symbol:.ParamSummary__Z22m23_gdn_prefill_kernelPhS_S_S_S_S_S_S_S_jjjjf_mix_aic, cfgAddr:0x563c50bb1738 , cfg len:16.
[DEBUG] RUNTIME(3904,m23_gdn_prefill_j12):2026-09-27-11:35:04.680.255 [elf.cc:370] 3904 GetSymbolName:st_name=.ParamInfo__Z22m23_gdn_prefill_kernelPhS_S_S_S_S_S_S_S_jjjjf_mix_aic_0, st_value=32, size=40, idx=6
[DEBUG] RUNTIME(3904,m23_gdn_prefill_j12):2026-09-27-11:35:04.680.256 [runtime.cc:4642] 3904 ExeCallbackFillFunc:symbol:.ParamInfo__Z22m23_gdn_prefill_kernelPhS_S_S_S_S_S_S_S_jjjjf_mix_aic_0, cfgAddr:0x563c50bb1748 , cfg len:40.
[DEBUG] RUNTIME(3904,m23_gdn_prefill_j12):2026-09-27-11:35:04.680.258 [elf.cc:370] 3904 GetSymbolName:st_name=.ParamInfo__Z22m23_gdn_prefill_kernelPhS_S_S_S_S_S_S_S_jjjjf_mix_aic_1, st_value=72, size=40, idx=6
[DEBUG] RUNTIME(3904,m23_gdn_prefill_j12):2026-09-27-11:35:04.680.260 [runtime.cc:4642] 3904 ExeCallbackFillFunc:symbol:.ParamInfo__Z22m23_gdn_prefill_kernelPhS_S_S_S_S_S_S_S_jjjjf_mix_aic_1, cfgAddr:0x563c50bb1770 , cfg len:40.
[DEBUG] RUNTIME(3904,m23_gdn_prefill_j12):2026-09-27-11:35:04.680.262 [elf.cc:370] 3904 GetSymbolName:st_name=.ParamInfo__Z22m23_gdn_prefill_kernelPhS_S_S_S_S_S_S_S_jjjjf_mix_aic_2, st_value=112, size=40, idx=6
[DEBUG] RUNTIME(3904,m23_gdn_prefill_j12):2026-09-27-11:35:04.680.263 [runtime.cc:4642] 3904 ExeCallbackFillFunc:symbol:.ParamInfo__Z22m23_gdn_prefill_kernelPhS_S_S_S_S_S_S_S_jjjjf_mix_aic_2, cfgAddr:0x563c50bb1798 , cfg len:40.
[DEBUG] RUNTIME(3904,m23_gdn_prefill_j12):2026-09-27-11:35:04.680.265 [elf.cc:370] 3904 GetSymbolName:st_name=.ParamInfo__Z22m23_gdn_prefill_kernelPhS_S_S_S_S_S_S_S_jjjjf_mix_aic_3, st_value=152, size=40, idx=6
[DEBUG] RUNTIME(3904,m23_gdn_prefill_j12):2026-09-27-11:35:04.680.267 [runtime.cc:4642] 3904 ExeCallbackFillFunc:symbol:.ParamInfo__Z22m23_gdn_prefill_kernelPhS_S_S_S_S_S_S_S_jjjjf_mix_aic_3, cfgAddr:0x563c50bb17c0 , cfg len:40.
[DEBUG] RUNTIME(3904,m23_gdn_prefill_j12):2026-09-27-11:35:04.680.269 [elf.cc:370] 3904 GetSymbolName:st_name=.ParamInfo__Z22m23_gdn_prefill_kernelPhS_S_S_S_S_S_S_S_jjjjf_mix_aic_4, st_value=192, size=40, idx=6
[DEBUG] RUNTIME(3904,m23_gdn_prefill_j12):2026-09-27-11:35:04.680.270 [runtime.cc:4642] 3904 ExeCallbackFillFunc:symbol:.ParamInfo__Z22m23_gdn_prefill_kernelPhS_S_S_S_S_S_S_S_jjjjf_mix_aic_4, cfgAddr:0x563c50bb17e8 , cfg len:40.
[DEBUG] RUNTIME(3904,m23_gdn_prefill_j12):2026-09-27-11:35:04.680.272 [elf.cc:370] 3904 GetSymbolName:st_name=.ParamInfo__Z22m23_gdn_prefill_kernelPhS_S_S_S_S_S_S_S_jjjjf_mix_aic_5, st_value=232, size=40, idx=6
[DEBUG] RUNTIME(3904,m23_gdn_prefill_j12):2026-09-27-11:35:04.680.274 [runtime.cc:4642] 3904 ExeCallbackFillFunc:symbol:.ParamInfo__Z22m23_gdn_prefill_kernelPhS_S_S_S_S_S_S_S_jjjjf_mix_aic_5, cfgAddr:0x563c50bb1810 , cfg len:40.
[DEBUG] RUNTIME(3904,m23_gdn_prefill_j12):2026-09-27-11:35:04.680.275 [elf.cc:370] 3904 GetSymbolName:st_name=.ParamInfo__Z22m23_gdn_prefill_kernelPhS_S_S_S_S_S_S_S_jjjjf_mix_aic_6, st_value=272, size=40, idx=6
[DEBUG] RUNTIME(3904,m23_gdn_prefill_j12):2026-09-27-11:35:04.680.277 [runtime.cc:4642] 3904 ExeCallbackFillFunc:symbol:.ParamInfo__Z22m23_gdn_prefill_kernelPhS_S_S_S_S_S_S_S_jjjjf_mix_aic_6, cfgAddr:0x563c50bb1838 , cfg len:40.
[DEBUG] RUNTIME(3904,m23_gdn_prefill_j12):2026-09-27-11:35:04.680.279 [elf.cc:370] 3904 GetSymbolName:st_name=.ParamInfo__Z22m23_gdn_prefill_kernelPhS_S_S_S_S_S_S_S_jjjjf_mix_aic_7, st_value=312, size=40, idx=6
[DEBUG] RUNTIME(3904,m23_gdn_prefill_j12):2026-09-27-11:35:04.680.280 [runtime.cc:4642] 3904 ExeCallbackFillFunc:symbol:.ParamInfo__Z22m23_gdn_prefill_kernelPhS_S_S_S_S_S_S_S_jjjjf_mix_aic_7, cfgAddr:0x563c50bb1860 , cfg len:40.
[DEBUG] RUNTIME(3904,m23_gdn_prefill_j12):2026-09-27-11:35:04.680.282 [elf.cc:370] 3904 GetSymbolName:st_name=.ParamInfo__Z22m23_gdn_prefill_kernelPhS_S_S_S_S_S_S_S_jjjjf_mix_aic_8, st_value=352, size=40, idx=6
[DEBUG] RUNTIME(3904,m23_gdn_prefill_j12):2026-09-27-11:35:04.680.284 [runtime.cc:4642] 3904 ExeCallbackFillFunc:symbol:.ParamInfo__Z22m23_gdn_prefill_kernelPhS_S_S_S_S_S_S_S_jjjjf_mix_aic_8, cfgAddr:0x563c50bb1888 , cfg len:40.
[DEBUG] RUNTIME(3904,m23_gdn_prefill_j12):2026-09-27-11:35:04.680.286 [elf.cc:370] 3904 GetSymbolName:st_name=.ParamInfo__Z22m23_gdn_prefill_kernelPhS_S_S_S_S_S_S_S_jjjjf_mix_aic_9, st_value=392, size=40, idx=6
[DEBUG] RUNTIME(3904,m23_gdn_prefill_j12):2026-09-27-11:35:04.680.287 [runtime.cc:4642] 3904 ExeCallbackFillFunc:symbol:.ParamInfo__Z22m23_gdn_prefill_kernelPhS_S_S_S_S_S_S_S_jjjjf_mix_aic_9, cfgAddr:0x563c50bb18b0 , cfg len:40.
[DEBUG] RUNTIME(3904,m23_gdn_prefill_j12):2026-09-27-11:35:04.680.289 [elf.cc:370] 3904 GetSymbolName:st_name=.ParamInfo__Z22m23_gdn_prefill_kernelPhS_S_S_S_S_S_S_S_jjjjf_mix_aic_10, st_value=432, size=40, idx=6
[DEBUG] RUNTIME(3904,m23_gdn_prefill_j12):2026-09-27-11:35:04.680.291 [runtime.cc:4642] 3904 ExeCallbackFillFunc:symbol:.ParamInfo__Z22m23_gdn_prefill_kernelPhS_S_S_S_S_S_S_S_jjjjf_mix_aic_10, cfgAddr:0x563c50bb18d8 , cfg len:40.
[DEBUG] RUNTIME(3904,m23_gdn_prefill_j12):2026-09-27-11:35:04.680.293 [elf.cc:370] 3904 GetSymbolName:st_name=.ParamInfo__Z22m23_gdn_prefill_kernelPhS_S_S_S_S_S_S_S_jjjjf_mix_aic_11, st_value=472, size=40, idx=6
[DEBUG] RUNTIME(3904,m23_gdn_prefill_j12):2026-09-27-11:35:04.680.294 [runtime.cc:4642] 3904 ExeCallbackFillFunc:symbol:.ParamInfo__Z22m23_gdn_prefill_kernelPhS_S_S_S_S_S_S_S_jjjjf_mix_aic_11, cfgAddr:0x563c50bb1900 , cfg len:40.
[DEBUG] RUNTIME(3904,m23_gdn_prefill_j12):2026-09-27-11:35:04.680.296 [elf.cc:370] 3904 GetSymbolName:st_name=.ParamInfo__Z22m23_gdn_prefill_kernelPhS_S_S_S_S_S_S_S_jjjjf_mix_aic_12, st_value=512, size=40, idx=6
[DEBUG] RUNTIME(3904,m23_gdn_prefill_j12):2026-09-27-11:35:04.680.298 [runtime.cc:4642] 3904 ExeCallbackFillFunc:symbol:.ParamInfo__Z22m23_gdn_prefill_kernelPhS_S_S_S_S_S_S_S_jjjjf_mix_aic_12, cfgAddr:0x563c50bb1928 , cfg len:40.
[DEBUG] RUNTIME(3904,m23_gdn_prefill_j12):2026-09-27-11:35:04.680.299 [elf.cc:370] 3904 GetSymbolName:st_name=.ParamInfo__Z22m23_gdn_prefill_kernelPhS_S_S_S_S_S_S_S_jjjjf_mix_aic_13, st_value=552, size=40, idx=6
[DEBUG] RUNTIME(3904,m23_gdn_prefill_j12):2026-09-27-11:35:04.680.301 [runtime.cc:4642] 3904 ExeCallbackFillFunc:symbol:.ParamInfo__Z22m23_gdn_prefill_kernelPhS_S_S_S_S_S_S_S_jjjjf_mix_aic_13, cfgAddr:0x563c50bb1950 , cfg len:40.
[DEBUG] RUNTIME(3904,m23_gdn_prefill_j12):2026-09-27-11:35:04.680.303 [elf.cc:370] 3904 GetSymbolName:st_name=.AIV_Kernel_Type__Z22m23_gdn_prefill_kernelPhS_S_S_S_S_S_S_S_jjjjf_mix_aic, st_value=592, size=8, idx=6
[DEBUG] RUNTIME(3904,m23_gdn_prefill_j12):2026-09-27-11:35:04.680.305 [runtime.cc:4642] 3904 ExeCallbackFillFunc:symbol:.AIV_Kernel_Type__Z22m23_gdn_prefill_kernelPhS_S_S_S_S_S_S_S_jjjjf_mix_aic, cfgAddr:0x563c50bb1978 , cfg len:8.
[DEBUG] RUNTIME(3904,m23_gdn_prefill_j12):2026-09-27-11:35:04.680.306 [elf.cc:370] 3904 GetSymbolName:st_name=_ZL23__asc_feature_l2cache__, st_value=16, size=8, idx=3
[DEBUG] RUNTIME(3904,m23_gdn_prefill_j12):2026-09-27-11:35:04.680.308 [runtime.cc:4642] 3904 ExeCallbackFillFunc:symbol:_ZL23__asc_feature_l2cache__, cfgAddr:0x563c50bb1708 , cfg len:8.
[DEBUG] RUNTIME(3904,m23_gdn_prefill_j12):2026-09-27-11:35:04.680.310 [elf.cc:370] 3904 GetSymbolName:st_name=.Mix_Kernel_Type__Z22m23_gdn_prefill_kernelPhS_S_S_S_S_S_S_S_jjjjf_mix_aiv, st_value=0, size=8, idx=10
[DEBUG] RUNTIME(3904,m23_gdn_prefill_j12):2026-09-27-11:35:04.680.311 [runtime.cc:4642] 3904 ExeCallbackFillFunc:symbol:.Mix_Kernel_Type__Z22m23_gdn_prefill_kernelPhS_S_S_S_S_S_S_S_jjjjf_mix_aiv, cfgAddr:0x563c50bb1f70 , cfg len:8.
[DEBUG] RUNTIME(3904,m23_gdn_prefill_j12):2026-09-27-11:35:04.680.313 [elf.cc:370] 3904 GetSymbolName:st_name=.Mix_Kernel_Ration__Z22m23_gdn_prefill_kernelPhS_S_S_S_S_S_S_S_jjjjf_mix_aiv, st_value=8, size=8, idx=10
[DEBUG] RUNTIME(3904,m23_gdn_prefill_j12):2026-09-27-11:35:04.680.315 [runtime.cc:4642] 3904 ExeCallbackFillFunc:symbol:.Mix_Kernel_Ration__Z22m23_gdn_prefill_kernelPhS_S_S_S_S_S_S_S_jjjjf_mix_aiv, cfgAddr:0x563c50bb1f78 , cfg len:8.
[DEBUG] RUNTIME(3904,m23_gdn_prefill_j12):2026-09-27-11:35:04.680.317 [elf.cc:370] 3904 GetSymbolName:st_name=.ascend.meta.elf, st_value=24, size=8, idx=3
[DEBUG] RUNTIME(3904,m23_gdn_prefill_j12):2026-09-27-11:35:04.680.318 [runtime.cc:4642] 3904 ExeCallbackFillFunc:symbol:.ascend.meta.elf, cfgAddr:0x563c50bb1710 , cfg len:8.
[DEBUG] RUNTIME(3904,m23_gdn_prefill_j12):2026-09-27-11:35:04.680.320 [elf.cc:370] 3904 GetSymbolName:st_name=.ParamSummary__Z22m23_gdn_prefill_kernelPhS_S_S_S_S_S_S_S_jjjjf_mix_aiv, st_value=16, size=16, idx=10
[DEBUG] RUNTIME(3904,m23_gdn_prefill_j12):2026-09-27-11:35:04.680.321 [runtime.cc:4642] 3904 ExeCallbackFillFunc:symbol:.ParamSummary__Z22m23_gdn_prefill_kernelPhS_S_S_S_S_S_S_S_jjjjf_mix_aiv, cfgAddr:0x563c50bb1f80 , cfg len:16.
[DEBUG] RUNTIME(3904,m23_gdn_prefill_j12):2026-09-27-11:35:04.680.323 [elf.cc:370] 3904 GetSymbolName:st_name=.ParamInfo__Z22m23_gdn_prefill_kernelPhS_S_S_S_S_S_S_S_jjjjf_mix_aiv_0, st_value=32, size=40, idx=10
[DEBUG] RUNTIME(3904,m23_gdn_prefill_j12):2026-09-27-11:35:04.680.325 [runtime.cc:4642] 3904 ExeCallbackFillFunc:symbol:.ParamInfo__Z22m23_gdn_prefill_kernelPhS_S_S_S_S_S_S_S_jjjjf_mix_aiv_0, cfgAddr:0x563c50bb1f90 , cfg len:40.
[DEBUG] RUNTIME(3904,m23_gdn_prefill_j12):2026-09-27-11:35:04.680.327 [elf.cc:370] 3904 GetSymbolName:st_name=.ParamInfo__Z22m23_gdn_prefill_kernelPhS_S_S_S_S_S_S_S_jjjjf_mix_aiv_1, st_value=72, size=40, idx=10
[DEBUG] RUNTIME(3904,m23_gdn_prefill_j12):2026-09-27-11:35:04.680.328 [runtime.cc:4642] 3904 ExeCallbackFillFunc:symbol:.ParamInfo__Z22m23_gdn_prefill_kernelPhS_S_S_S_S_S_S_S_jjjjf_mix_aiv_1, cfgAddr:0x563c50bb1fb8 , cfg len:40.
[DEBUG] RUNTIME(3904,m23_gdn_prefill_j12):2026-09-27-11:35:04.680.330 [elf.cc:370] 3904 GetSymbolName:st_name=.ParamInfo__Z22m23_gdn_prefill_kernelPhS_S_S_S_S_S_S_S_jjjjf_mix_aiv_2, st_value=112, size=40, idx=10
[DEBUG] RUNTIME(3904,m23_gdn_prefill_j12):2026-09-27-11:35:04.680.332 [runtime.cc:4642] 3904 ExeCallbackFillFunc:symbol:.ParamInfo__Z22m23_gdn_prefill_kernelPhS_S_S_S_S_S_S_S_jjjjf_mix_aiv_2, cfgAddr:0x563c50bb1fe0 , cfg len:40.
[DEBUG] RUNTIME(3904,m23_gdn_prefill_j12):2026-09-27-11:35:04.680.334 [elf.cc:370] 3904 GetSymbolName:st_name=.ParamInfo__Z22m23_gdn_prefill_kernelPhS_S_S_S_S_S_S_S_jjjjf_mix_aiv_3, st_value=152, size=40, idx=10
[DEBUG] RUNTIME(3904,m23_gdn_prefill_j12):2026-09-27-11:35:04.680.335 [runtime.cc:4642] 3904 ExeCallbackFillFunc:symbol:.ParamInfo__Z22m23_gdn_prefill_kernelPhS_S_S_S_S_S_S_S_jjjjf_mix_aiv_3, cfgAddr:0x563c50bb2008 , cfg len:40.
[DEBUG] RUNTIME(3904,m23_gdn_prefill_j12):2026-09-27-11:35:04.680.337 [elf.cc:370] 3904 GetSymbolName:st_name=.ParamInfo__Z22m23_gdn_prefill_kernelPhS_S_S_S_S_S_S_S_jjjjf_mix_aiv_4, st_value=192, size=40, idx=10
[DEBUG] RUNTIME(3904,m23_gdn_prefill_j12):2026-09-27-11:35:04.680.339 [runtime.cc:4642] 3904 ExeCallbackFillFunc:symbol:.ParamInfo__Z22m23_gdn_prefill_kernelPhS_S_S_S_S_S_S_S_jjjjf_mix_aiv_4, cfgAddr:0x563c50bb2030 , cfg len:40.
[DEBUG] RUNTIME(3904,m23_gdn_prefill_j12):2026-09-27-11:35:04.680.341 [elf.cc:370] 3904 GetSymbolName:st_name=.ParamInfo__Z22m23_gdn_prefill_kernelPhS_S_S_S_S_S_S_S_jjjjf_mix_aiv_5, st_value=232, size=40, idx=10
[DEBUG] RUNTIME(3904,m23_gdn_prefill_j12):2026-09-27-11:35:04.680.342 [runtime.cc:4642] 3904 ExeCallbackFillFunc:symbol:.ParamInfo__Z22m23_gdn_prefill_kernelPhS_S_S_S_S_S_S_S_jjjjf_mix_aiv_5, cfgAddr:0x563c50bb2058 , cfg len:40.
[DEBUG] RUNTIME(3904,m23_gdn_prefill_j12):2026-09-27-11:35:04.680.344 [elf.cc:370] 3904 GetSymbolName:st_name=.ParamInfo__Z22m23_gdn_prefill_kernelPhS_S_S_S_S_S_S_S_jjjjf_mix_aiv_6, st_value=272, size=40, idx=10
[DEBUG] RUNTIME(3904,m23_gdn_prefill_j12):2026-09-27-11:35:04.680.346 [runtime.cc:4642] 3904 ExeCallbackFillFunc:symbol:.ParamInfo__Z22m23_gdn_prefill_kernelPhS_S_S_S_S_S_S_S_jjjjf_mix_aiv_6, cfgAddr:0x563c50bb2080 , cfg len:40.
[DEBUG] RUNTIME(3904,m23_gdn_prefill_j12):2026-09-27-11:35:04.680.347 [elf.cc:370] 3904 GetSymbolName:st_name=.ParamInfo__Z22m23_gdn_prefill_kernelPhS_S_S_S_S_S_S_S_jjjjf_mix_aiv_7, st_value=312, size=40, idx=10
[DEBUG] RUNTIME(3904,m23_gdn_prefill_j12):2026-09-27-11:35:04.680.349 [runtime.cc:4642] 3904 ExeCallbackFillFunc:symbol:.ParamInfo__Z22m23_gdn_prefill_kernelPhS_S_S_S_S_S_S_S_jjjjf_mix_aiv_7, cfgAddr:0x563c50bb20a8 , cfg len:40.
[DEBUG] RUNTIME(3904,m23_gdn_prefill_j12):2026-09-27-11:35:04.680.351 [elf.cc:370] 3904 GetSymbolName:st_name=.ParamInfo__Z22m23_gdn_prefill_kernelPhS_S_S_S_S_S_S_S_jjjjf_mix_aiv_8, st_value=352, size=40, idx=10
[DEBUG] RUNTIME(3904,m23_gdn_prefill_j12):2026-09-27-11:35:04.680.353 [runtime.cc:4642] 3904 ExeCallbackFillFunc:symbol:.ParamInfo__Z22m23_gdn_prefill_kernelPhS_S_S_S_S_S_S_S_jjjjf_mix_aiv_8, cfgAddr:0x563c50bb20d0 , cfg len:40.
[DEBUG] RUNTIME(3904,m23_gdn_prefill_j12):2026-09-27-11:35:04.680.354 [elf.cc:370] 3904 GetSymbolName:st_name=.ParamInfo__Z22m23_gdn_prefill_kernelPhS_S_S_S_S_S_S_S_jjjjf_mix_aiv_9, st_value=392, size=40, idx=10
[DEBUG] RUNTIME(3904,m23_gdn_prefill_j12):2026-09-27-11:35:04.680.356 [runtime.cc:4642] 3904 ExeCallbackFillFunc:symbol:.ParamInfo__Z22m23_gdn_prefill_kernelPhS_S_S_S_S_S_S_S_jjjjf_mix_aiv_9, cfgAddr:0x563c50bb20f8 , cfg len:40.
[DEBUG] RUNTIME(3904,m23_gdn_prefill_j12):2026-09-27-11:35:04.680.358 [elf.cc:370] 3904 GetSymbolName:st_name=.ParamInfo__Z22m23_gdn_prefill_kernelPhS_S_S_S_S_S_S_S_jjjjf_mix_aiv_10, st_value=432, size=40, idx=10
[DEBUG] RUNTIME(3904,m23_gdn_prefill_j12):2026-09-27-11:35:04.680.359 [runtime.cc:4642] 3904 ExeCallbackFillFunc:symbol:.ParamInfo__Z22m23_gdn_prefill_kernelPhS_S_S_S_S_S_S_S_jjjjf_mix_aiv_10, cfgAddr:0x563c50bb2120 , cfg len:40.
[DEBUG] RUNTIME(3904,m23_gdn_prefill_j12):2026-09-27-11:35:04.680.361 [elf.cc:370] 3904 GetSymbolName:st_name=.ParamInfo__Z22m23_gdn_prefill_kernelPhS_S_S_S_S_S_S_S_jjjjf_mix_aiv_11, st_value=472, size=40, idx=10
[DEBUG] RUNTIME(3904,m23_gdn_prefill_j12):2026-09-27-11:35:04.680.363 [runtime.cc:4642] 3904 ExeCallbackFillFunc:symbol:.ParamInfo__Z22m23_gdn_prefill_kernelPhS_S_S_S_S_S_S_S_jjjjf_mix_aiv_11, cfgAddr:0x563c50bb2148 , cfg len:40.
[DEBUG] RUNTIME(3904,m23_gdn_prefill_j12):2026-09-27-11:35:04.680.365 [elf.cc:370] 3904 GetSymbolName:st_name=.ParamInfo__Z22m23_gdn_prefill_kernelPhS_S_S_S_S_S_S_S_jjjjf_mix_aiv_12, st_value=512, size=40, idx=10
[DEBUG] RUNTIME(3904,m23_gdn_prefill_j12):2026-09-27-11:35:04.680.366 [runtime.cc:4642] 3904 ExeCallbackFillFunc:symbol:.ParamInfo__Z22m23_gdn_prefill_kernelPhS_S_S_S_S_S_S_S_jjjjf_mix_aiv_12, cfgAddr:0x563c50bb2170 , cfg len:40.
[DEBUG] RUNTIME(3904,m23_gdn_prefill_j12):2026-09-27-11:35:04.680.368 [elf.cc:370] 3904 GetSymbolName:st_name=.ParamInfo__Z22m23_gdn_prefill_kernelPhS_S_S_S_S_S_S_S_jjjjf_mix_aiv_13, st_value=552, size=40, idx=10
[DEBUG] RUNTIME(3904,m23_gdn_prefill_j12):2026-09-27-11:35:04.680.370 [runtime.cc:4642] 3904 ExeCallbackFillFunc:symbol:.ParamInfo__Z22m23_gdn_prefill_kernelPhS_S_S_S_S_S_S_S_jjjjf_mix_aiv_13, cfgAddr:0x563c50bb2198 , cfg len:40.
[DEBUG] RUNTIME(3904,m23_gdn_prefill_j12):2026-09-27-11:35:04.680.372 [elf.cc:370] 3904 GetSymbolName:st_name=.AIV_Kernel_Type__Z22m23_gdn_prefill_kernelPhS_S_S_S_S_S_S_S_jjjjf_mix_aiv, st_value=592, size=40, idx=10
[DEBUG] RUNTIME(3904,m23_gdn_prefill_j12):2026-09-27-11:35:04.680.373 [runtime.cc:4642] 3904 ExeCallbackFillFunc:symbol:.AIV_Kernel_Type__Z22m23_gdn_prefill_kernelPhS_S_S_S_S_S_S_S_jjjjf_mix_aiv, cfgAddr:0x563c50bb21c0 , cfg len:40.
[DEBUG] RUNTIME(3904,m23_gdn_prefill_j12):2026-09-27-11:35:04.680.375 [elf.cc:370] 3904 GetSymbolName:st_name=_ZN7AscendC8Internal10g_deqValueE, st_value=0, size=2, idx=11
[DEBUG] RUNTIME(3904,m23_gdn_prefill_j12):2026-09-27-11:35:04.680.377 [runtime.cc:4642] 3904 ExeCallbackFillFunc:symbol:_ZN7AscendC8Internal10g_deqValueE, cfgAddr:0x563c50bb21e8 , cfg len:2.
[DEBUG] RUNTIME(3904,m23_gdn_prefill_j12):2026-09-27-11:35:04.680.379 [elf.cc:370] 3904 GetSymbolName:st_name=_Z22m23_gdn_prefill_kernelPhS_S_S_S_S_S_S_S_jjjjf_mix_aic__, st_value=0, size=4, idx=4
[DEBUG] RUNTIME(3904,m23_gdn_prefill_j12):2026-09-27-11:35:04.680.380 [runtime.cc:4642] 3904 ExeCallbackFillFunc:symbol:_Z22m23_gdn_prefill_kernelPhS_S_S_S_S_S_S_S_jjjjf_mix_aic__, cfgAddr:0x563c50bb1718 , cfg len:4.
[DEBUG] RUNTIME(3904,m23_gdn_prefill_j12):2026-09-27-11:35:04.680.382 [elf.cc:370] 3904 GetSymbolName:st_name=__CCE_Mix_Kernel_Policy, st_value=0, size=4, idx=5
[DEBUG] RUNTIME(3904,m23_gdn_prefill_j12):2026-09-27-11:35:04.680.384 [runtime.cc:4642] 3904 ExeCallbackFillFunc:symbol:__CCE_Mix_Kernel_Policy, cfgAddr:0x563c50bb1720 , cfg len:4.
[DEBUG] RUNTIME(3904,m23_gdn_prefill_j12):2026-09-27-11:35:04.680.386 [elf.cc:370] 3904 GetSymbolName:st_name=_Z22m23_gdn_prefill_kernelPhS_S_S_S_S_S_S_S_jjjjf_mix_aiv__, st_value=4, size=4, idx=4
[DEBUG] RUNTIME(3904,m23_gdn_prefill_j12):2026-09-27-11:35:04.680.387 [runtime.cc:4642] 3904 ExeCallbackFillFunc:symbol:_Z22m23_gdn_prefill_kernelPhS_S_S_S_S_S_S_S_jjjjf_mix_aiv__, cfgAddr:0x563c50bb171c , cfg len:4.
[DEBUG] RUNTIME(3904,m23_gdn_prefill_j12):2026-09-27-11:35:04.680.390 [elf.cc:452] 3904 SetSymbolAddress:STT_OBJECT symbol=_ZL23__asc_feature_l2cache__, offset_in_copied=10072, size=8, st_value=0, sh_offset=10248, sh_addr=0, text_offset=176
[DEBUG] RUNTIME(3904,m23_gdn_prefill_j12):2026-09-27-11:35:04.680.392 [elf.cc:452] 3904 SetSymbolAddress:STT_OBJECT symbol=.Mix_Kernel_Type__Z22m23_gdn_prefill_kernelPhS_S_S_S_S_S_S_S_jjjjf_mix_aic, offset_in_copied=10120, size=8, st_value=0, sh_offset=10296, sh_addr=0, text_offset=176
[DEBUG] RUNTIME(3904,m23_gdn_prefill_j12):2026-09-27-11:35:04.680.395 [elf.cc:452] 3904 SetSymbolAddress:STT_OBJECT symbol=.Mix_Kernel_Ration__Z22m23_gdn_prefill_kernelPhS_S_S_S_S_S_S_S_jjjjf_mix_aic, offset_in_copied=10128, size=8, st_value=8, sh_offset=10296, sh_addr=0, text_offset=176
[DEBUG] RUNTIME(3904,m23_gdn_prefill_j12):2026-09-27-11:35:04.680.397 [elf.cc:452] 3904 SetSymbolAddress:STT_OBJECT symbol=.ascend.meta.elf, offset_in_copied=10080, size=8, st_value=8, sh_offset=10248, sh_addr=0, text_offset=176
[DEBUG] RUNTIME(3904,m23_gdn_prefill_j12):2026-09-27-11:35:04.680.399 [elf.cc:452] 3904 SetSymbolAddress:STT_OBJECT symbol=.ParamSummary__Z22m23_gdn_prefill_kernelPhS_S_S_S_S_S_S_S_jjjjf_mix_aic, offset_in_copied=10136, size=16, st_value=16, sh_offset=10296, sh_addr=0, text_offset=176
[DEBUG] RUNTIME(3904,m23_gdn_prefill_j12):2026-09-27-11:35:04.680.401 [elf.cc:452] 3904 SetSymbolAddress:STT_OBJECT symbol=.ParamInfo__Z22m23_gdn_prefill_kernelPhS_S_S_S_S_S_S_S_jjjjf_mix_aic_0, offset_in_copied=10152, size=40, st_value=32, sh_offset=10296, sh_addr=0, text_offset=176
[DEBUG] RUNTIME(3904,m23_gdn_prefill_j12):2026-09-27-11:35:04.680.403 [elf.cc:452] 3904 SetSymbolAddress:STT_OBJECT symbol=.ParamInfo__Z22m23_gdn_prefill_kernelPhS_S_S_S_S_S_S_S_jjjjf_mix_aic_1, offset_in_copied=10192, size=40, st_value=72, sh_offset=10296, sh_addr=0, text_offset=176
[DEBUG] RUNTIME(3904,m23_gdn_prefill_j12):2026-09-27-11:35:04.680.405 [elf.cc:452] 3904 SetSymbolAddress:STT_OBJECT symbol=.ParamInfo__Z22m23_gdn_prefill_kernelPhS_S_S_S_S_S_S_S_jjjjf_mix_aic_2, offset_in_copied=10232, size=40, st_value=112, sh_offset=10296, sh_addr=0, text_offset=176
[DEBUG] RUNTIME(3904,m23_gdn_prefill_j12):2026-09-27-11:35:04.680.407 [elf.cc:452] 3904 SetSymbolAddress:STT_OBJECT symbol=.ParamInfo__Z22m23_gdn_prefill_kernelPhS_S_S_S_S_S_S_S_jjjjf_mix_aic_3, offset_in_copied=10272, size=40, st_value=152, sh_offset=10296, sh_addr=0, text_offset=176
[DEBUG] RUNTIME(3904,m23_gdn_prefill_j12):2026-09-27-11:35:04.680.410 [elf.cc:452] 3904 SetSymbolAddress:STT_OBJECT symbol=.ParamInfo__Z22m23_gdn_prefill_kernelPhS_S_S_S_S_S_S_S_jjjjf_mix_aic_4, offset_in_copied=10312, size=40, st_value=192, sh_offset=10296, sh_addr=0, text_offset=176
[DEBUG] RUNTIME(3904,m23_gdn_prefill_j12):2026-09-27-11:35:04.680.412 [elf.cc:452] 3904 SetSymbolAddress:STT_OBJECT symbol=.ParamInfo__Z22m23_gdn_prefill_kernelPhS_S_S_S_S_S_S_S_jjjjf_mix_aic_5, offset_in_copied=10352, size=40, st_value=232, sh_offset=10296, sh_addr=0, text_offset=176
[DEBUG] RUNTIME(3904,m23_gdn_prefill_j12):2026-09-27-11:35:04.680.413 [elf.cc:452] 3904 SetSymbolAddress:STT_OBJECT symbol=.ParamInfo__Z22m23_gdn_prefill_kernelPhS_S_S_S_S_S_S_S_jjjjf_mix_aic_6, offset_in_copied=10392, size=40, st_value=272, sh_offset=10296, sh_addr=0, text_offset=176
[DEBUG] RUNTIME(3904,m23_gdn_prefill_j12):2026-09-27-11:35:04.680.416 [elf.cc:452] 3904 SetSymbolAddress:STT_OBJECT symbol=.ParamInfo__Z22m23_gdn_prefill_kernelPhS_S_S_S_S_S_S_S_jjjjf_mix_aic_7, offset_in_copied=10432, size=40, st_value=312, sh_offset=10296, sh_addr=0, text_offset=176
[DEBUG] RUNTIME(3904,m23_gdn_prefill_j12):2026-09-27-11:35:04.680.418 [elf.cc:452] 3904 SetSymbolAddress:STT_OBJECT symbol=.ParamInfo__Z22m23_gdn_prefill_kernelPhS_S_S_S_S_S_S_S_jjjjf_mix_aic_8, offset_in_copied=10472, size=40, st_value=352, sh_offset=10296, sh_addr=0, text_offset=176
[DEBUG] RUNTIME(3904,m23_gdn_prefill_j12):2026-09-27-11:35:04.680.420 [elf.cc:452] 3904 SetSymbolAddress:STT_OBJECT symbol=.ParamInfo__Z22m23_gdn_prefill_kernelPhS_S_S_S_S_S_S_S_jjjjf_mix_aic_9, offset_in_copied=10512, size=40, st_value=392, sh_offset=10296, sh_addr=0, text_offset=176
[DEBUG] RUNTIME(3904,m23_gdn_prefill_j12):2026-09-27-11:35:04.680.422 [elf.cc:452] 3904 SetSymbolAddress:STT_OBJECT symbol=.ParamInfo__Z22m23_gdn_prefill_kernelPhS_S_S_S_S_S_S_S_jjjjf_mix_aic_10, offset_in_copied=10552, size=40, st_value=432, sh_offset=10296, sh_addr=0, text_offset=176
[DEBUG] RUNTIME(3904,m23_gdn_prefill_j12):2026-09-27-11:35:04.680.424 [elf.cc:452] 3904 SetSymbolAddress:STT_OBJECT symbol=.ParamInfo__Z22m23_gdn_prefill_kernelPhS_S_S_S_S_S_S_S_jjjjf_mix_aic_11, offset_in_copied=10592, size=40, st_value=472, sh_offset=10296, sh_addr=0, text_offset=176
[DEBUG] RUNTIME(3904,m23_gdn_prefill_j12):2026-09-27-11:35:04.680.426 [elf.cc:452] 3904 SetSymbolAddress:STT_OBJECT symbol=.ParamInfo__Z22m23_gdn_prefill_kernelPhS_S_S_S_S_S_S_S_jjjjf_mix_aic_12, offset_in_copied=10632, size=40, st_value=512, sh_offset=10296, sh_addr=0, text_offset=176
[DEBUG] RUNTIME(3904,m23_gdn_prefill_j12):2026-09-27-11:35:04.680.428 [elf.cc:452] 3904 SetSymbolAddress:STT_OBJECT symbol=.ParamInfo__Z22m23_gdn_prefill_kernelPhS_S_S_S_S_S_S_S_jjjjf_mix_aic_13, offset_in_copied=10672, size=40, st_value=552, sh_offset=10296, sh_addr=0, text_offset=176
[DEBUG] RUNTIME(3904,m23_gdn_prefill_j12):2026-09-27-11:35:04.680.430 [elf.cc:452] 3904 SetSymbolAddress:STT_OBJECT symbol=.AIV_Kernel_Type__Z22m23_gdn_prefill_kernelPhS_S_S_S_S_S_S_S_jjjjf_mix_aic, offset_in_copied=10712, size=8, st_value=592, sh_offset=10296, sh_addr=0, text_offset=176
[DEBUG] RUNTIME(3904,m23_gdn_prefill_j12):2026-09-27-11:35:04.680.432 [elf.cc:452] 3904 SetSymbolAddress:STT_OBJECT symbol=_ZL23__asc_feature_l2cache__, offset_in_copied=10088, size=8, st_value=16, sh_offset=10248, sh_addr=0, text_offset=176
[DEBUG] RUNTIME(3904,m23_gdn_prefill_j12):2026-09-27-11:35:04.680.434 [elf.cc:452] 3904 SetSymbolAddress:STT_OBJECT symbol=.Mix_Kernel_Type__Z22m23_gdn_prefill_kernelPhS_S_S_S_S_S_S_S_jjjjf_mix_aiv, offset_in_copied=12240, size=8, st_value=0, sh_offset=12416, sh_addr=0, text_offset=176
[DEBUG] RUNTIME(3904,m23_gdn_prefill_j12):2026-09-27-11:35:04.680.436 [elf.cc:452] 3904 SetSymbolAddress:STT_OBJECT symbol=.Mix_Kernel_Ration__Z22m23_gdn_prefill_kernelPhS_S_S_S_S_S_S_S_jjjjf_mix_aiv, offset_in_copied=12248, size=8, st_value=8, sh_offset=12416, sh_addr=0, text_offset=176
[DEBUG] RUNTIME(3904,m23_gdn_prefill_j12):2026-09-27-11:35:04.680.438 [elf.cc:452] 3904 SetSymbolAddress:STT_OBJECT symbol=.ascend.meta.elf, offset_in_copied=10096, size=8, st_value=24, sh_offset=10248, sh_addr=0, text_offset=176
[DEBUG] RUNTIME(3904,m23_gdn_prefill_j12):2026-09-27-11:35:04.680.441 [elf.cc:452] 3904 SetSymbolAddress:STT_OBJECT symbol=.ParamSummary__Z22m23_gdn_prefill_kernelPhS_S_S_S_S_S_S_S_jjjjf_mix_aiv, offset_in_copied=12256, size=16, st_value=16, sh_offset=12416, sh_addr=0, text_offset=176
[DEBUG] RUNTIME(3904,m23_gdn_prefill_j12):2026-09-27-11:35:04.680.443 [elf.cc:452] 3904 SetSymbolAddress:STT_OBJECT symbol=.ParamInfo__Z22m23_gdn_prefill_kernelPhS_S_S_S_S_S_S_S_jjjjf_mix_aiv_0, offset_in_copied=12272, size=40, st_value=32, sh_offset=12416, sh_addr=0, text_offset=176
[DEBUG] RUNTIME(3904,m23_gdn_prefill_j12):2026-09-27-11:35:04.680.445 [elf.cc:452] 3904 SetSymbolAddress:STT_OBJECT symbol=.ParamInfo__Z22m23_gdn_prefill_kernelPhS_S_S_S_S_S_S_S_jjjjf_mix_aiv_1, offset_in_copied=12312, size=40, st_value=72, sh_offset=12416, sh_addr=0, text_offset=176
[DEBUG] RUNTIME(3904,m23_gdn_prefill_j12):2026-09-27-11:35:04.680.447 [elf.cc:452] 3904 SetSymbolAddress:STT_OBJECT symbol=.ParamInfo__Z22m23_gdn_prefill_kernelPhS_S_S_S_S_S_S_S_jjjjf_mix_aiv_2, offset_in_copied=12352, size=40, st_value=112, sh_offset=12416, sh_addr=0, text_offset=176
[DEBUG] RUNTIME(3904,m23_gdn_prefill_j12):2026-09-27-11:35:04.680.449 [elf.cc:452] 3904 SetSymbolAddress:STT_OBJECT symbol=.ParamInfo__Z22m23_gdn_prefill_kernelPhS_S_S_S_S_S_S_S_jjjjf_mix_aiv_3, offset_in_copied=12392, size=40, st_value=152, sh_offset=12416, sh_addr=0, text_offset=176
[DEBUG] RUNTIME(3904,m23_gdn_prefill_j12):2026-09-27-11:35:04.680.451 [elf.cc:452] 3904 SetSymbolAddress:STT_OBJECT symbol=.ParamInfo__Z22m23_gdn_prefill_kernelPhS_S_S_S_S_S_S_S_jjjjf_mix_aiv_4, offset_in_copied=12432, size=40, st_value=192, sh_offset=12416, sh_addr=0, text_offset=176
[DEBUG] RUNTIME(3904,m23_gdn_prefill_j12):2026-09-27-11:35:04.680.453 [elf.cc:452] 3904 SetSymbolAddress:STT_OBJECT symbol=.ParamInfo__Z22m23_gdn_prefill_kernelPhS_S_S_S_S_S_S_S_jjjjf_mix_aiv_5, offset_in_copied=12472, size=40, st_value=232, sh_offset=12416, sh_addr=0, text_offset=176
[DEBUG] RUNTIME(3904,m23_gdn_prefill_j12):2026-09-27-11:35:04.680.455 [elf.cc:452] 3904 SetSymbolAddress:STT_OBJECT symbol=.ParamInfo__Z22m23_gdn_prefill_kernelPhS_S_S_S_S_S_S_S_jjjjf_mix_aiv_6, offset_in_copied=12512, size=40, st_value=272, sh_offset=12416, sh_addr=0, text_offset=176
[DEBUG] RUNTIME(3904,m23_gdn_prefill_j12):2026-09-27-11:35:04.680.457 [elf.cc:452] 3904 SetSymbolAddress:STT_OBJECT symbol=.ParamInfo__Z22m23_gdn_prefill_kernelPhS_S_S_S_S_S_S_S_jjjjf_mix_aiv_7, offset_in_copied=12552, size=40, st_value=312, sh_offset=12416, sh_addr=0, text_offset=176
[DEBUG] RUNTIME(3904,m23_gdn_prefill_j12):2026-09-27-11:35:04.680.459 [elf.cc:452] 3904 SetSymbolAddress:STT_OBJECT symbol=.ParamInfo__Z22m23_gdn_prefill_kernelPhS_S_S_S_S_S_S_S_jjjjf_mix_aiv_8, offset_in_copied=12592, size=40, st_value=352, sh_offset=12416, sh_addr=0, text_offset=176
[DEBUG] RUNTIME(3904,m23_gdn_prefill_j12):2026-09-27-11:35:04.680.461 [elf.cc:452] 3904 SetSymbolAddress:STT_OBJECT symbol=.ParamInfo__Z22m23_gdn_prefill_kernelPhS_S_S_S_S_S_S_S_jjjjf_mix_aiv_9, offset_in_copied=12632, size=40, st_value=392, sh_offset=12416, sh_addr=0, text_offset=176
[DEBUG] RUNTIME(3904,m23_gdn_prefill_j12):2026-09-27-11:35:04.680.464 [elf.cc:452] 3904 SetSymbolAddress:STT_OBJECT symbol=.ParamInfo__Z22m23_gdn_prefill_kernelPhS_S_S_S_S_S_S_S_jjjjf_mix_aiv_10, offset_in_copied=12672, size=40, st_value=432, sh_offset=12416, sh_addr=0, text_offset=176
[DEBUG] RUNTIME(3904,m23_gdn_prefill_j12):2026-09-27-11:35:04.680.466 [elf.cc:452] 3904 SetSymbolAddress:STT_OBJECT symbol=.ParamInfo__Z22m23_gdn_prefill_kernelPhS_S_S_S_S_S_S_S_jjjjf_mix_aiv_11, offset_in_copied=12712, size=40, st_value=472, sh_offset=12416, sh_addr=0, text_offset=176
[DEBUG] RUNTIME(3904,m23_gdn_prefill_j12):2026-09-27-11:35:04.680.468 [elf.cc:452] 3904 SetSymbolAddress:STT_OBJECT symbol=.ParamInfo__Z22m23_gdn_prefill_kernelPhS_S_S_S_S_S_S_S_jjjjf_mix_aiv_12, offset_in_copied=12752, size=40, st_value=512, sh_offset=12416, sh_addr=0, text_offset=176
[DEBUG] RUNTIME(3904,m23_gdn_prefill_j12):2026-09-27-11:35:04.680.470 [elf.cc:452] 3904 SetSymbolAddress:STT_OBJECT symbol=.ParamInfo__Z22m23_gdn_prefill_kernelPhS_S_S_S_S_S_S_S_jjjjf_mix_aiv_13, offset_in_copied=12792, size=40, st_value=552, sh_offset=12416, sh_addr=0, text_offset=176
[DEBUG] RUNTIME(3904,m23_gdn_prefill_j12):2026-09-27-11:35:04.680.472 [elf.cc:452] 3904 SetSymbolAddress:STT_OBJECT symbol=.AIV_Kernel_Type__Z22m23_gdn_prefill_kernelPhS_S_S_S_S_S_S_S_jjjjf_mix_aiv, offset_in_copied=12832, size=40, st_value=592, sh_offset=12416, sh_addr=0, text_offset=176
[DEBUG] RUNTIME(3904,m23_gdn_prefill_j12):2026-09-27-11:35:04.680.474 [elf.cc:452] 3904 SetSymbolAddress:STT_OBJECT symbol=_ZN7AscendC8Internal10g_deqValueE, offset_in_copied=12872, size=2, st_value=0, sh_offset=13048, sh_addr=0, text_offset=176
[DEBUG] RUNTIME(3904,m23_gdn_prefill_j12):2026-09-27-11:35:04.680.476 [elf.cc:452] 3904 SetSymbolAddress:STT_OBJECT symbol=_Z22m23_gdn_prefill_kernelPhS_S_S_S_S_S_S_S_jjjjf_mix_aic__, offset_in_copied=10104, size=4, st_value=0, sh_offset=10280, sh_addr=0, text_offset=176
[DEBUG] RUNTIME(3904,m23_gdn_prefill_j12):2026-09-27-11:35:04.680.479 [elf.cc:452] 3904 SetSymbolAddress:STT_OBJECT symbol=__CCE_Mix_Kernel_Policy, offset_in_copied=10112, size=4, st_value=0, sh_offset=10288, sh_addr=0, text_offset=176
[DEBUG] RUNTIME(3904,m23_gdn_prefill_j12):2026-09-27-11:35:04.680.480 [elf.cc:452] 3904 SetSymbolAddress:STT_OBJECT symbol=_Z22m23_gdn_prefill_kernelPhS_S_S_S_S_S_S_S_jjjjf_mix_aiv__, offset_in_copied=10108, size=4, st_value=4, sh_offset=10280, sh_addr=0, text_offset=176
[DEBUG] RUNTIME(3904,m23_gdn_prefill_j12):2026-09-27-11:35:04.680.484 [elf.cc:1267] 3904 GetKernels:kernel_name=_Z22m23_gdn_prefill_kernelPhS_S_S_S_S_S_S_S_jjjjf_mix_aic, offset=0, length=2320, stackSize=0,
[DEBUG] RUNTIME(3904,m23_gdn_prefill_j12):2026-09-27-11:35:04.680.486 [elf.cc:1267] 3904 GetKernels:kernel_name=_Z22m23_gdn_prefill_kernelPhS_S_S_S_S_S_S_S_jjjjf_mix_aiv, offset=2560, length=3828, stackSize=0,
[INFO] RUNTIME(3904,m23_gdn_prefill_j12):2026-09-27-11:35:04.680.488 [elf.cc:1076] 3904 UpdateCachedParamInfos: Restore cached param info: kernel_name=_Z22m23_gdn_prefill_kernelPhS_S_S_S_S_S_S_S_jjjjf_mix_aic, ordinal=0, offset=0, size=8.
[INFO] RUNTIME(3904,m23_gdn_prefill_j12):2026-09-27-11:35:04.680.490 [elf.cc:1076] 3904 UpdateCachedParamInfos: Restore cached param info: kernel_name=_Z22m23_gdn_prefill_kernelPhS_S_S_S_S_S_S_S_jjjjf_mix_aic, ordinal=1, offset=8, size=8.
[INFO] RUNTIME(3904,m23_gdn_prefill_j12):2026-09-27-11:35:04.680.492 [elf.cc:1076] 3904 UpdateCachedParamInfos: Restore cached param info: kernel_name=_Z22m23_gdn_prefill_kernelPhS_S_S_S_S_S_S_S_jjjjf_mix_aic, ordinal=2, offset=16, size=8.
[INFO] RUNTIME(3904,m23_gdn_prefill_j12):2026-09-27-11:35:04.680.494 [elf.cc:1076] 3904 UpdateCachedParamInfos: Restore cached param info: kernel_name=_Z22m23_gdn_prefill_kernelPhS_S_S_S_S_S_S_S_jjjjf_mix_aic, ordinal=3, offset=24, size=8.
[INFO] RUNTIME(3904,m23_gdn_prefill_j12):2026-09-27-11:35:04.680.495 [elf.cc:1076] 3904 UpdateCachedParamInfos: Restore cached param info: kernel_name=_Z22m23_gdn_prefill_kernelPhS_S_S_S_S_S_S_S_jjjjf_mix_aic, ordinal=4, offset=32, size=8.
[INFO] RUNTIME(3904,m23_gdn_prefill_j12):2026-09-27-11:35:04.680.497 [elf.cc:1076] 3904 UpdateCachedParamInfos: Restore cached param info: kernel_name=_Z22m23_gdn_prefill_kernelPhS_S_S_S_S_S_S_S_jjjjf_mix_aic, ordinal=5, offset=40, size=8.
[INFO] RUNTIME(3904,m23_gdn_prefill_j12):2026-09-27-11:35:04.680.498 [elf.cc:1076] 3904 UpdateCachedParamInfos: Restore cached param info: kernel_name=_Z22m23_gdn_prefill_kernelPhS_S_S_S_S_S_S_S_jjjjf_mix_aic, ordinal=6, offset=48, size=8.
[INFO] RUNTIME(3904,m23_gdn_prefill_j12):2026-09-27-11:35:04.680.500 [elf.cc:1076] 3904 UpdateCachedParamInfos: Restore cached param info: kernel_name=_Z22m23_gdn_prefill_kernelPhS_S_S_S_S_S_S_S_jjjjf_mix_aic, ordinal=7, offset=56, size=8.
[INFO] RUNTIME(3904,m23_gdn_prefill_j12):2026-09-27-11:35:04.680.501 [elf.cc:1076] 3904 UpdateCachedParamInfos: Restore cached param info: kernel_name=_Z22m23_gdn_prefill_kernelPhS_S_S_S_S_S_S_S_jjjjf_mix_aic, ordinal=8, offset=64, size=8.
[INFO] RUNTIME(3904,m23_gdn_prefill_j12):2026-09-27-11:35:04.680.503 [elf.cc:1076] 3904 UpdateCachedParamInfos: Restore cached param info: kernel_name=_Z22m23_gdn_prefill_kernelPhS_S_S_S_S_S_S_S_jjjjf_mix_aic, ordinal=9, offset=72, size=4.
[INFO] RUNTIME(3904,m23_gdn_prefill_j12):2026-09-27-11:35:04.680.504 [elf.cc:1076] 3904 UpdateCachedParamInfos: Restore cached param info: kernel_name=_Z22m23_gdn_prefill_kernelPhS_S_S_S_S_S_S_S_jjjjf_mix_aic, ordinal=10, offset=76, size=4.
[INFO] RUNTIME(3904,m23_gdn_prefill_j12):2026-09-27-11:35:04.680.506 [elf.cc:1076] 3904 UpdateCachedParamInfos: Restore cached param info: kernel_name=_Z22m23_gdn_prefill_kernelPhS_S_S_S_S_S_S_S_jjjjf_mix_aic, ordinal=11, offset=80, size=4.
[INFO] RUNTIME(3904,m23_gdn_prefill_j12):2026-09-27-11:35:04.680.507 [elf.cc:1076] 3904 UpdateCachedParamInfos: Restore cached param info: kernel_name=_Z22m23_gdn_prefill_kernelPhS_S_S_S_S_S_S_S_jjjjf_mix_aic, ordinal=12, offset=84, size=4.
[INFO] RUNTIME(3904,m23_gdn_prefill_j12):2026-09-27-11:35:04.680.510 [elf.cc:1076] 3904 UpdateCachedParamInfos: Restore cached param info: kernel_name=_Z22m23_gdn_prefill_kernelPhS_S_S_S_S_S_S_S_jjjjf_mix_aic, ordinal=13, offset=88, size=4.
[INFO] RUNTIME(3904,m23_gdn_prefill_j12):2026-09-27-11:35:04.680.512 [elf.cc:1145] 3904 UpdateKernelsInfo: update meta info, kernel_name=_Z22m23_gdn_prefill_kernelPhS_S_S_S_S_S_S_S_jjjjf_mix_aic, dfxAddr=0x563c50bb1728, dfxSize=600, funcType=4, elfDataFlag=1, userArgsNum=0, crossCoreSync=0, kernelVfType=0, shareMemSize=0, minStackSize=672, funcEntryType=0, functionEntry=0, schedMode=0, taskRation_0=1, taskRation_1=2, hasParamSummary=1, paramCount=14, paramTotalSize=92.
[DEBUG] RUNTIME(3904,m23_gdn_prefill_j12):2026-09-27-11:35:04.680.522 [elf.cc:968] 3904 ConvertTaskRation:functionType=4, ratioValue=0
[INFO] RUNTIME(3904,m23_gdn_prefill_j12):2026-09-27-11:35:04.680.524 [elf.cc:1076] 3904 UpdateCachedParamInfos: Restore cached param info: kernel_name=_Z22m23_gdn_prefill_kernelPhS_S_S_S_S_S_S_S_jjjjf_mix_aiv, ordinal=0, offset=0, size=8.
[INFO] RUNTIME(3904,m23_gdn_prefill_j12):2026-09-27-11:35:04.680.526 [elf.cc:1076] 3904 UpdateCachedParamInfos: Restore cached param info: kernel_name=_Z22m23_gdn_prefill_kernelPhS_S_S_S_S_S_S_S_jjjjf_mix_aiv, ordinal=1, offset=8, size=8.
[INFO] RUNTIME(3904,m23_gdn_prefill_j12):2026-09-27-11:35:04.680.527 [elf.cc:1076] 3904 UpdateCachedParamInfos: Restore cached param info: kernel_name=_Z22m23_gdn_prefill_kernelPhS_S_S_S_S_S_S_S_jjjjf_mix_aiv, ordinal=2, offset=16, size=8.
[INFO] RUNTIME(3904,m23_gdn_prefill_j12):2026-09-27-11:35:04.680.529 [elf.cc:1076] 3904 UpdateCachedParamInfos: Restore cached param info: kernel_name=_Z22m23_gdn_prefill_kernelPhS_S_S_S_S_S_S_S_jjjjf_mix_aiv, ordinal=3, offset=24, size=8.
[INFO] RUNTIME(3904,m23_gdn_prefill_j12):2026-09-27-11:35:04.680.530 [elf.cc:1076] 3904 UpdateCachedParamInfos: Restore cached param info: kernel_name=_Z22m23_gdn_prefill_kernelPhS_S_S_S_S_S_S_S_jjjjf_mix_aiv, ordinal=4, offset=32, size=8.
[INFO] RUNTIME(3904,m23_gdn_prefill_j12):2026-09-27-11:35:04.680.532 [elf.cc:1076] 3904 UpdateCachedParamInfos: Restore cached param info: kernel_name=_Z22m23_gdn_prefill_kernelPhS_S_S_S_S_S_S_S_jjjjf_mix_aiv, ordinal=5, offset=40, size=8.
[INFO] RUNTIME(3904,m23_gdn_prefill_j12):2026-09-27-11:35:04.680.533 [elf.cc:1076] 3904 UpdateCachedParamInfos: Restore cached param info: kernel_name=_Z22m23_gdn_prefill_kernelPhS_S_S_S_S_S_S_S_jjjjf_mix_aiv, ordinal=6, offset=48, size=8.
[INFO] RUNTIME(3904,m23_gdn_prefill_j12):2026-09-27-11:35:04.680.535 [elf.cc:1076] 3904 UpdateCachedParamInfos: Restore cached param info: kernel_name=_Z22m23_gdn_prefill_kernelPhS_S_S_S_S_S_S_S_jjjjf_mix_aiv, ordinal=7, offset=56, size=8.
[INFO] RUNTIME(3904,m23_gdn_prefill_j12):2026-09-27-11:35:04.680.536 [elf.cc:1076] 3904 UpdateCachedParamInfos: Restore cached param info: kernel_name=_Z22m23_gdn_prefill_kernelPhS_S_S_S_S_S_S_S_jjjjf_mix_aiv, ordinal=8, offset=64, size=8.
[INFO] RUNTIME(3904,m23_gdn_prefill_j12):2026-09-27-11:35:04.680.538 [elf.cc:1076] 3904 UpdateCachedParamInfos: Restore cached param info: kernel_name=_Z22m23_gdn_prefill_kernelPhS_S_S_S_S_S_S_S_jjjjf_mix_aiv, ordinal=9, offset=72, size=4.
[INFO] RUNTIME(3904,m23_gdn_prefill_j12):2026-09-27-11:35:04.680.539 [elf.cc:1076] 3904 UpdateCachedParamInfos: Restore cached param info: kernel_name=_Z22m23_gdn_prefill_kernelPhS_S_S_S_S_S_S_S_jjjjf_mix_aiv, ordinal=10, offset=76, size=4.
[INFO] RUNTIME(3904,m23_gdn_prefill_j12):2026-09-27-11:35:04.680.541 [elf.cc:1076] 3904 UpdateCachedParamInfos: Restore cached param info: kernel_name=_Z22m23_gdn_prefill_kernelPhS_S_S_S_S_S_S_S_jjjjf_mix_aiv, ordinal=11, offset=80, size=4.
[INFO] RUNTIME(3904,m23_gdn_prefill_j12):2026-09-27-11:35:04.680.543 [elf.cc:1076] 3904 UpdateCachedParamInfos: Restore cached param info: kernel_name=_Z22m23_gdn_prefill_kernelPhS_S_S_S_S_S_S_S_jjjjf_mix_aiv, ordinal=12, offset=84, size=4.
[INFO] RUNTIME(3904,m23_gdn_prefill_j12):2026-09-27-11:35:04.680.544 [elf.cc:1076] 3904 UpdateCachedParamInfos: Restore cached param info: kernel_name=_Z22m23_gdn_prefill_kernelPhS_S_S_S_S_S_S_S_jjjjf_mix_aiv, ordinal=13, offset=88, size=4.
[INFO] RUNTIME(3904,m23_gdn_prefill_j12):2026-09-27-11:35:04.680.546 [elf.cc:1145] 3904 UpdateKernelsInfo: update meta info, kernel_name=_Z22m23_gdn_prefill_kernelPhS_S_S_S_S_S_S_S_jjjjf_mix_aiv, dfxAddr=0x563c50bb1f70, dfxSize=632, funcType=4, elfDataFlag=1, userArgsNum=0, crossCoreSync=0, kernelVfType=2, shareMemSize=8192, minStackSize=888, funcEntryType=0, functionEntry=0, schedMode=0, taskRation_0=1, taskRation_1=2, hasParamSummary=1, paramCount=14, paramTotalSize=92.
[DEBUG] RUNTIME(3904,m23_gdn_prefill_j12):2026-09-27-11:35:04.680.550 [elf.cc:968] 3904 ConvertTaskRation:functionType=4, ratioValue=0
[INFO] RUNTIME(3904,m23_gdn_prefill_j12):2026-09-27-11:35:04.680.552 [runtime.cc:1448] 3904 AddProgramToPool: progId=0
[INFO] RUNTIME(3904,m23_gdn_prefill_j12):2026-09-27-11:35:04.680.561 [program.cc:1639] 3904 GetKernelTypeAndMixType: Get kernel type success, kernelName=_Z22m23_gdn_prefill_kernelPhS_S_S_S_S_S_S_S_jjjjf_mix_aic, funcType=4, kernelAttrType=1, mixType=1
[DEBUG] RUNTIME(3904,m23_gdn_prefill_j12):2026-09-27-11:35:04.680.565 [kernel.cc:36] 3904 Kernel:GetDevProperties ret=(nil).
[INFO] RUNTIME(3904,m23_gdn_prefill_j12):2026-09-27-11:35:04.680.567 [program.cc:1119] 3904 SetKernelAttribute: kernel_name=_Z22m23_gdn_prefill_kernelPhS_S_S_S_S_S_S_S_jjjjf_mix_aic, kernelAttrType=1, userParamNum=0, sysParamNum=1, IsNeedSetFftsAddrInArg=0, isSupportOverFlow=1, elfDataFlag=1
[DEBUG] RUNTIME(3904,m23_gdn_prefill_j12):2026-09-27-11:35:04.680.571 [kernel.cc:73] 3904 GetPrefetchCnt:get prefetch cnt success, kernel_name=_Z22m23_gdn_prefill_kernelPhS_S_S_S_S_S_S_S_jjjjf, prefetchCnt1=1, prefetchCnt2=0, mixtype=1.
[INFO] RUNTIME(3904,m23_gdn_prefill_j12):2026-09-27-11:35:04.680.573 [program.cc:1690] 3904 BuildNewKernel: new kernel success, size=1312, programId=0, original kernel_name=_Z22m23_gdn_prefill_kernelPhS_S_S_S_S_S_S_S_jjjjf_mix_aic, register kernel_name=_Z22m23_gdn_prefill_kernelPhS_S_S_S_S_S_S_S_jjjjf, tilingKey=0, functionEntry=0, funcType=4, kernelAttrType=1, mixType=1, taskRation=2, offset=0, dfxAddr=94817052464936, dfxSize=600
[DEBUG] RUNTIME(3904,m23_gdn_prefill_j12):2026-09-27-11:35:04.680.577 [program.cc:349] 3904 KernelNameMapAdd:add mix kernel success, kernel_name=_Z22m23_gdn_prefill_kernelPhS_S_S_S_S_S_S_S_jjjjf
[INFO] RUNTIME(3904,m23_gdn_prefill_j12):2026-09-27-11:35:04.680.580 [program.cc:1639] 3904 GetKernelTypeAndMixType: Get kernel type success, kernelName=_Z22m23_gdn_prefill_kernelPhS_S_S_S_S_S_S_S_jjjjf_mix_aiv, funcType=4, kernelAttrType=2, mixType=2
[DEBUG] RUNTIME(3904,m23_gdn_prefill_j12):2026-09-27-11:35:04.680.583 [kernel.cc:73] 3904 GetPrefetchCnt:get prefetch cnt success, kernel_name=_Z22m23_gdn_prefill_kernelPhS_S_S_S_S_S_S_S_jjjjf, prefetchCnt1=1, prefetchCnt2=1, mixtype=3.
[INFO] RUNTIME(3904,m23_gdn_prefill_j12):2026-09-27-11:35:04.680.585 [program.cc:1762] 3904 MergeKernel: merge kernel success, programId=0, kernel name=[_Z22m23_gdn_prefill_kernelPhS_S_S_S_S_S_S_S_jjjjf], offset1=0, offset2=2560, mixType1=1, mixType2=2, final mixType=3, final kernelAttrType=3, kernelVfType=2, shareMemSize=8192
[DEBUG] RUNTIME(3904,m23_gdn_prefill_j12):2026-09-27-11:35:04.680.588 [program.cc:234] 3904 HalfSearch:Program HalfSearch searchLen=0, target=0.
[DEBUG] RUNTIME(3904,m23_gdn_prefill_j12):2026-09-27-11:35:04.680.590 [program.cc:293] 3904 ArrayInsert:Program ArrayInsert insertIndex=0, curLen=0, copySize=0
[DEBUG] RUNTIME(3904,m23_gdn_prefill_j12):2026-09-27-11:35:04.680.591 [program.cc:333] 3904 AllKernelAdd:Add kernel success, prog=0x563c50bac5a0, programId=0, kernelInfoExt=0
[INFO] PROFILING(3904,m23_gdn_prefill_j12):2026-09-27-11:35:04.680.595 [prof_cann_plugin.cpp:390] (tid:3904) Register module[UNKNOWN(69)] callback.
[INFO] RUNTIME(3904,m23_gdn_prefill_j12):2026-09-27-11:35:04.680.603 [api_impl.cc:1010] 3904 RegisterFuncSymbol: register function symbol, symbol=0x563c14ba0890.
[DEBUG] RUNTIME(3904,m23_gdn_prefill_j12):2026-09-27-11:35:04.680.608 [funcsymbol_table.cc:35] 3904 Register:Register function symbol success, symbol=0x563c14ba0890
[INFO] ASCENDCL(3904,m23_gdn_prefill_j12):2026-09-27-11:35:04.680.694 [acl.cpp:364]3904 aclInitImpl: start to execute aclInit
[INFO] ASCENDCL(3904,m23_gdn_prefill_j12):2026-09-27-11:35:04.680.700 [hash_utils.cpp:19]3904 CalculateSimpleHash: Begin to calculate hash for file: (null)
[INFO] ASCENDCL(3904,m23_gdn_prefill_j12):2026-09-27-11:35:04.680.704 [hash_utils.cpp:23]3904 CalculateSimpleHash: End to calculate hash for file: (null), hash value: 6142509188972423790
[INFO] ASCENDCL(3904,m23_gdn_prefill_j12):2026-09-27-11:35:04.680.706 [acl.cpp:397]3904 aclInitImpl: call ErrorManager.Initialize
[INFO] GE(3904,m23_gdn_prefill_j12):2026-09-27-11:35:04.680.728 [error_manager.cc:346]3904 Init:Begin to init, path is /usr/local/Ascend/cann-9.1.0/x86_64-linux/lib64/
[DEBUG] GE(3904,m23_gdn_prefill_j12):2026-09-27-11:35:04.680.730 [error_manager.cc:667]3904 ParseJsonFile:Begin to parse json file, path is /usr/local/Ascend/cann-9.1.0/x86_64-linux/lib64/../conf/error_manager/error_code.json
[DEBUG] GE(3904,m23_gdn_prefill_j12):2026-09-27-11:35:04.684.467 [error_manager.cc:766]3904 ReadJsonFile:Read json file success
[DEBUG] GE(3904,m23_gdn_prefill_j12):2026-09-27-11:35:04.684.471 [error_manager.cc:682]3904 ParseJsonFormatString:Begin to parse json string
[DEBUG] GE(3904,m23_gdn_prefill_j12):2026-09-27-11:35:04.684.481 [error_manager.cc:710]3904 ParseJsonFormatString:add error_code E20001 success
[DEBUG] GE(3904,m23_gdn_prefill_j12):2026-09-27-11:35:04.684.486 [error_manager.cc:710]3904 ParseJsonFormatString:add error_code E20002 success
[DEBUG] GE(3904,m23_gdn_prefill_j12):2026-09-27-11:35:04.684.490 [error_manager.cc:710]3904 ParseJsonFormatString:add error_code E20003 success
[DEBUG] GE(3904,m23_gdn_prefill_j12):2026-09-27-11:35:04.684.493 [error_manager.cc:710]3904 ParseJsonFormatString:add error_code E20007 success
[DEBUG] GE(3904,m23_gdn_prefill_j12):2026-09-27-11:35:04.684.497 [error_manager.cc:710]3904 ParseJsonFormatString:add error_code E20101 success
[DEBUG] GE(3904,m23_gdn_prefill_j12):2026-09-27-11:35:04.684.500 [error_manager.cc:710]3904 ParseJsonFormatString:add error_code E20103 success
[DEBUG] GE(3904,m23_gdn_prefill_j12):2026-09-27-11:35:04.684.504 [error_manager.cc:710]3904 ParseJsonFormatString:add error_code E21001 success
[DEBUG] GE(3904,m23_gdn_prefill_j12):2026-09-27-11:35:04.684.508 [error_manager.cc:710]3904 ParseJsonFormatString:add error_code E21002 success
[DEBUG] GE(3904,m23_gdn_prefill_j12):2026-09-27-11:35:04.684.511 [error_manager.cc:710]3904 ParseJsonFormatString:add error_code E22001 success
[DEBUG] GE(3904,m23_gdn_prefill_j12):2026-09-27-11:35:04.684.515 [error_manager.cc:710]3904 ParseJsonFormatString:add error_code E30003 success
[DEBUG] GE(3904,m23_gdn_prefill_j12):2026-09-27-11:35:04.684.518 [error_manager.cc:710]3904 ParseJsonFormatString:add error_code E30004 success
[DEBUG] GE(3904,m23_gdn_prefill_j12):2026-09-27-11:35:04.684.521 [error_manager.cc:710]3904 ParseJsonFormatString:add error_code E30008 success
[DEBUG] GE(3904,m23_gdn_prefill_j12):2026-09-27-11:35:04.684.525 [error_manager.cc:710]3904 ParseJsonFormatString:add error_code E30009 success
[DEBUG] GE(3904,m23_gdn_prefill_j12):2026-09-27-11:35:04.684.528 [error_manager.cc:710]3904 ParseJsonFormatString:add error_code E39001 success
[DEBUG] GE(3904,m23_gdn_prefill_j12):2026-09-27-11:35:04.684.531 [error_manager.cc:710]3904 ParseJsonFormatString:add error_code E39002 success
[DEBUG] GE(3904,m23_gdn_prefill_j12):2026-09-27-11:35:04.684.534 [error_manager.cc:710]3904 ParseJsonFormatString:add error_code E30007 success
[DEBUG] GE(3904,m23_gdn_prefill_j12):2026-09-27-11:35:04.684.537 [error_manager.cc:710]3904 ParseJsonFormatString:add error_code E39004 success
[DEBUG] GE(3904,m23_gdn_prefill_j12):2026-09-27-11:35:04.684.540 [error_manager.cc:710]3904 ParseJsonFormatString:add error_code E30005 success
[DEBUG] GE(3904,m23_gdn_prefill_j12):2026-09-27-11:35:04.684.543 [error_manager.cc:710]3904 ParseJsonFormatString:add error_code E39005 success
[DEBUG] GE(3904,m23_gdn_prefill_j12):2026-09-27-11:35:04.684.547 [error_manager.cc:710]3904 ParseJsonFormatString:add error_code E39006 success
[DEBUG] GE(3904,m23_gdn_prefill_j12):2026-09-27-11:35:04.684.550 [error_manager.cc:710]3904 ParseJsonFormatString:add error_code E39007 success
[DEBUG] GE(3904,m23_gdn_prefill_j12):2026-09-27-11:35:04.684.553 [error_manager.cc:710]3904 ParseJsonFormatString:add error_code E30006 success
[DEBUG] GE(3904,m23_gdn_prefill_j12):2026-09-27-11:35:04.684.556 [error_manager.cc:710]3904 ParseJsonFormatString:add error_code E39008 success
[DEBUG] GE(3904,m23_gdn_prefill_j12):2026-09-27-11:35:04.684.559 [error_manager.cc:710]3904 ParseJsonFormatString:add error_code E39009 success
[DEBUG] GE(3904,m23_gdn_prefill_j12):2026-09-27-11:35:04.684.562 [error_manager.cc:710]3904 ParseJsonFormatString:add error_code E39010 success
[DEBUG] GE(3904,m23_gdn_prefill_j12):2026-09-27-11:35:04.684.565 [error_manager.cc:710]3904 ParseJsonFormatString:add error_code E39011 success
[DEBUG] GE(3904,m23_gdn_prefill_j12):2026-09-27-11:35:04.684.569 [error_manager.cc:710]3904 ParseJsonFormatString:add error_code W40010 success
[DEBUG] GE(3904,m23_gdn_prefill_j12):2026-09-27-11:35:04.684.573 [error_manager.cc:710]3904 ParseJsonFormatString:add error_code W40011 success
[DEBUG] GE(3904,m23_gdn_prefill_j12):2026-09-27-11:35:04.684.576 [error_manager.cc:710]3904 ParseJsonFormatString:add error_code W40012 success
[DEBUG] GE(3904,m23_gdn_prefill_j12):2026-09-27-11:35:04.684.580 [error_manager.cc:710]3904 ParseJsonFormatString:add error_code E40001 success
[DEBUG] GE(3904,m23_gdn_prefill_j12):2026-09-27-11:35:04.684.584 [error_manager.cc:710]3904 ParseJsonFormatString:add error_code E40002 success
[DEBUG] GE(3904,m23_gdn_prefill_j12):2026-09-27-11:35:04.684.587 [error_manager.cc:710]3904 ParseJsonFormatString:add error_code E40003 success
[DEBUG] GE(3904,m23_gdn_prefill_j12):2026-09-27-11:35:04.684.591 [error_manager.cc:710]3904 ParseJsonFormatString:add error_code E40020 success
[DEBUG] GE(3904,m23_gdn_prefill_j12):2026-09-27-11:35:04.684.594 [error_manager.cc:710]3904 ParseJsonFormatString:add error_code E40021 success
[DEBUG] GE(3904,m23_gdn_prefill_j12):2026-09-27-11:35:04.684.598 [error_manager.cc:710]3904 ParseJsonFormatString:add error_code E40022 success
[DEBUG] GE(3904,m23_gdn_prefill_j12):2026-09-27-11:35:04.684.602 [error_manager.cc:710]3904 ParseJsonFormatString:add error_code E40023 success
[DEBUG] GE(3904,m23_gdn_prefill_j12):2026-09-27-11:35:04.684.605 [error_manager.cc:710]3904 ParseJsonFormatString:add error_code E40024 success
[DEBUG] GE(3904,m23_gdn_prefill_j12):2026-09-27-11:35:04.684.609 [error_manager.cc:710]3904 ParseJsonFormatString:add error_code E76002 success
[DEBUG] GE(3904,m23_gdn_prefill_j12):2026-09-27-11:35:04.684.612 [error_manager.cc:710]3904 ParseJsonFormatString:add error_code EE1001 success
[DEBUG] GE(3904,m23_gdn_prefill_j12):2026-09-27-11:35:04.684.616 [error_manager.cc:710]3904 ParseJsonFormatString:add error_code EE1002 success
[DEBUG] GE(3904,m23_gdn_prefill_j12):2026-09-27-11:35:04.684.620 [error_manager.cc:710]3904 ParseJsonFormatString:add error_code EE1003 success
[DEBUG] GE(3904,m23_gdn_prefill_j12):2026-09-27-11:35:04.684.623 [error_manager.cc:710]3904 ParseJsonFormatString:add error_code EE1004 success
[DEBUG] GE(3904,m23_gdn_prefill_j12):2026-09-27-11:35:04.684.626 [error_manager.cc:710]3904 ParseJsonFormatString:add error_code EE1005 success
[DEBUG] GE(3904,m23_gdn_prefill_j12):2026-09-27-11:35:04.684.630 [error_manager.cc:710]3904 ParseJsonFormatString:add error_code EE1006 success
[DEBUG] GE(3904,m23_gdn_prefill_j12):2026-09-27-11:35:04.684.634 [error_manager.cc:710]3904 ParseJsonFormatString:add error_code EE1007 success
[DEBUG] GE(3904,m23_gdn_prefill_j12):2026-09-27-11:35:04.684.638 [error_manager.cc:710]3904 ParseJsonFormatString:add error_code EE1009 success
[DEBUG] GE(3904,m23_gdn_prefill_j12):2026-09-27-11:35:04.684.641 [error_manager.cc:710]3904 ParseJsonFormatString:add error_code EE1010 success
[DEBUG] GE(3904,m23_gdn_prefill_j12):2026-09-27-11:35:04.684.645 [error_manager.cc:710]3904 ParseJsonFormatString:add error_code EE1011 success
[DEBUG] GE(3904,m23_gdn_prefill_j12):2026-09-27-11:35:04.684.649 [error_manager.cc:710]3904 ParseJsonFormatString:add error_code EE1012 success
[DEBUG] GE(3904,m23_gdn_prefill_j12):2026-09-27-11:35:04.684.652 [error_manager.cc:710]3904 ParseJsonFormatString:add error_code EE1013 success
[DEBUG] GE(3904,m23_gdn_prefill_j12):2026-09-27-11:35:04.684.659 [error_manager.cc:710]3904 ParseJsonFormatString:add error_code EE1014 success
[DEBUG] GE(3904,m23_gdn_prefill_j12):2026-09-27-11:35:04.684.663 [error_manager.cc:710]3904 ParseJsonFormatString:add error_code EE1015 success
[DEBUG] GE(3904,m23_gdn_prefill_j12):2026-09-27-11:35:04.684.666 [error_manager.cc:710]3904 ParseJsonFormatString:add error_code EE1016 success
[DEBUG] GE(3904,m23_gdn_prefill_j12):2026-09-27-11:35:04.684.670 [error_manager.cc:710]3904 ParseJsonFormatString:add error_code EE1017 success
[DEBUG] GE(3904,m23_gdn_prefill_j12):2026-09-27-11:35:04.684.674 [error_manager.cc:710]3904 ParseJsonFormatString:add error_code EE1018 success
[DEBUG] GE(3904,m23_gdn_prefill_j12):2026-09-27-11:35:04.684.677 [error_manager.cc:710]3904 ParseJsonFormatString:add error_code EE1019 success
[DEBUG] GE(3904,m23_gdn_prefill_j12):2026-09-27-11:35:04.684.681 [error_manager.cc:710]3904 ParseJsonFormatString:add error_code EE1020 success
[DEBUG] GE(3904,m23_gdn_prefill_j12):2026-09-27-11:35:04.684.685 [error_manager.cc:710]3904 ParseJsonFormatString:add error_code EE1021 success
[DEBUG] GE(3904,m23_gdn_prefill_j12):2026-09-27-11:35:04.684.689 [error_manager.cc:710]3904 ParseJsonFormatString:add error_code EE1022 success
[DEBUG] GE(3904,m23_gdn_prefill_j12):2026-09-27-11:35:04.684.692 [error_manager.cc:710]3904 ParseJsonFormatString:add error_code EE1023 success
[DEBUG] GE(3904,m23_gdn_prefill_j12):2026-09-27-11:35:04.684.696 [error_manager.cc:710]3904 ParseJsonFormatString:add error_code EE2002 success
[DEBUG] GE(3904,m23_gdn_prefill_j12):2026-09-27-11:35:04.684.699 [error_manager.cc:710]3904 ParseJsonFormatString:add error_code EE4001 success
[DEBUG] GE(3904,m23_gdn_prefill_j12):2026-09-27-11:35:04.684.703 [error_manager.cc:710]3904 ParseJsonFormatString:add error_code EE4002 success
[DEBUG] GE(3904,m23_gdn_prefill_j12):2026-09-27-11:35:04.684.706 [error_manager.cc:710]3904 ParseJsonFormatString:add error_code EE4004 success
[DEBUG] GE(3904,m23_gdn_prefill_j12):2026-09-27-11:35:04.684.710 [error_manager.cc:710]3904 ParseJsonFormatString:add error_code WE0001 success
[DEBUG] GE(3904,m23_gdn_prefill_j12):2026-09-27-11:35:04.684.713 [error_manager.cc:710]3904 ParseJsonFormatString:add error_code EF2001 success
[DEBUG] GE(3904,m23_gdn_prefill_j12):2026-09-27-11:35:04.684.723 [error_manager.cc:710]3904 ParseJsonFormatString:add error_code EF2002 success
[DEBUG] GE(3904,m23_gdn_prefill_j12):2026-09-27-11:35:04.684.726 [error_manager.cc:710]3904 ParseJsonFormatString:add error_code EF2003 success
[DEBUG] GE(3904,m23_gdn_prefill_j12):2026-09-27-11:35:04.684.729 [error_manager.cc:710]3904 ParseJsonFormatString:add error_code EF2004 success
[DEBUG] GE(3904,m23_gdn_prefill_j12):2026-09-27-11:35:04.684.733 [error_manager.cc:710]3904 ParseJsonFormatString:add error_code EF2005 success
[DEBUG] GE(3904,m23_gdn_prefill_j12):2026-09-27-11:35:04.684.736 [error_manager.cc:710]3904 ParseJsonFormatString:add error_code EF2006 success
[DEBUG] GE(3904,m23_gdn_prefill_j12):2026-09-27-11:35:04.684.739 [error_manager.cc:710]3904 ParseJsonFormatString:add error_code EF2007 success
[DEBUG] GE(3904,m23_gdn_prefill_j12):2026-09-27-11:35:04.684.744 [error_manager.cc:710]3904 ParseJsonFormatString:add error_code EF2008 success
[DEBUG] GE(3904,m23_gdn_prefill_j12):2026-09-27-11:35:04.684.747 [error_manager.cc:710]3904 ParseJsonFormatString:add error_code EH0001 success
[DEBUG] GE(3904,m23_gdn_prefill_j12):2026-09-27-11:35:04.684.751 [error_manager.cc:710]3904 ParseJsonFormatString:add error_code EH0002 success
[DEBUG] GE(3904,m23_gdn_prefill_j12):2026-09-27-11:35:04.684.754 [error_manager.cc:710]3904 ParseJsonFormatString:add error_code EH0003 success
[DEBUG] GE(3904,m23_gdn_prefill_j12):2026-09-27-11:35:04.684.758 [error_manager.cc:710]3904 ParseJsonFormatString:add error_code EH0004 success
[DEBUG] GE(3904,m23_gdn_prefill_j12):2026-09-27-11:35:04.684.761 [error_manager.cc:710]3904 ParseJsonFormatString:add error_code EH0005 success
[DEBUG] GE(3904,m23_gdn_prefill_j12):2026-09-27-11:35:04.684.765 [error_manager.cc:710]3904 ParseJsonFormatString:add error_code EH0006 success
[DEBUG] GE(3904,m23_gdn_prefill_j12):2026-09-27-11:35:04.684.768 [error_manager.cc:710]3904 ParseJsonFormatString:add error_code EH0007 success
[DEBUG] GE(3904,m23_gdn_prefill_j12):2026-09-27-11:35:04.684.772 [error_manager.cc:710]3904 ParseJsonFormatString:add error_code EH0008 success
[DEBUG] GE(3904,m23_gdn_prefill_j12):2026-09-27-11:35:04.684.776 [error_manager.cc:710]3904 ParseJsonFormatString:add error_code EH0009 success
[DEBUG] GE(3904,m23_gdn_prefill_j12):2026-09-27-11:35:04.684.780 [error_manager.cc:710]3904 ParseJsonFormatString:add error_code EH0010 success
[DEBUG] GE(3904,m23_gdn_prefill_j12):2026-09-27-11:35:04.684.783 [error_manager.cc:710]3904 ParseJsonFormatString:add error_code EH0011 success
[DEBUG] GE(3904,m23_gdn_prefill_j12):2026-09-27-11:35:04.684.787 [error_manager.cc:710]3904 ParseJsonFormatString:add error_code EH0012 success
[DEBUG] GE(3904,m23_gdn_prefill_j12):2026-09-27-11:35:04.684.791 [error_manager.cc:710]3904 ParseJsonFormatString:add error_code EH0013 success
[DEBUG] GE(3904,m23_gdn_prefill_j12):2026-09-27-11:35:04.684.794 [error_manager.cc:710]3904 ParseJsonFormatString:add error_code EH0014 success
[DEBUG] GE(3904,m23_gdn_prefill_j12):2026-09-27-11:35:04.684.798 [error_manager.cc:710]3904 ParseJsonFormatString:add error_code EI0001 success
[DEBUG] GE(3904,m23_gdn_prefill_j12):2026-09-27-11:35:04.684.802 [error_manager.cc:710]3904 ParseJsonFormatString:add error_code EI0002 success
[DEBUG] GE(3904,m23_gdn_prefill_j12):2026-09-27-11:35:04.684.805 [error_manager.cc:710]3904 ParseJsonFormatString:add error_code EI0003 success
[DEBUG] GE(3904,m23_gdn_prefill_j12):2026-09-27-11:35:04.684.809 [error_manager.cc:710]3904 ParseJsonFormatString:add error_code EI0004 success
[DEBUG] GE(3904,m23_gdn_prefill_j12):2026-09-27-11:35:04.684.813 [error_manager.cc:710]3904 ParseJsonFormatString:add error_code EI0005 success
[DEBUG] GE(3904,m23_gdn_prefill_j12):2026-09-27-11:35:04.684.816 [error_manager.cc:710]3904 ParseJsonFormatString:add error_code EI0006 success
[DEBUG] GE(3904,m23_gdn_prefill_j12):2026-09-27-11:35:04.684.820 [error_manager.cc:710]3904 ParseJsonFormatString:add error_code EI0007 success
[DEBUG] GE(3904,m23_gdn_prefill_j12):2026-09-27-11:35:04.684.823 [error_manager.cc:710]3904 ParseJsonFormatString:add error_code EI0008 success
[DEBUG] GE(3904,m23_gdn_prefill_j12):2026-09-27-11:35:04.684.828 [error_manager.cc:710]3904 ParseJsonFormatString:add error_code EI0010 success
[DEBUG] GE(3904,m23_gdn_prefill_j12):2026-09-27-11:35:04.684.831 [error_manager.cc:710]3904 ParseJsonFormatString:add error_code EI0011 success
[DEBUG] GE(3904,m23_gdn_prefill_j12):2026-09-27-11:35:04.684.835 [error_manager.cc:710]3904 ParseJsonFormatString:add error_code EI0012 success
[DEBUG] GE(3904,m23_gdn_prefill_j12):2026-09-27-11:35:04.684.839 [error_manager.cc:710]3904 ParseJsonFormatString:add error_code EI0013 success
[DEBUG] GE(3904,m23_gdn_prefill_j12):2026-09-27-11:35:04.684.842 [error_manager.cc:710]3904 ParseJsonFormatString:add error_code EI0014 success
[DEBUG] GE(3904,m23_gdn_prefill_j12):2026-09-27-11:35:04.684.846 [error_manager.cc:710]3904 ParseJsonFormatString:add error_code EI0015 success
[DEBUG] GE(3904,m23_gdn_prefill_j12):2026-09-27-11:35:04.684.849 [error_manager.cc:710]3904 ParseJsonFormatString:add error_code EI0016 success
[DEBUG] GE(3904,m23_gdn_prefill_j12):2026-09-27-11:35:04.684.853 [error_manager.cc:710]3904 ParseJsonFormatString:add error_code EI0017 success
[DEBUG] GE(3904,m23_gdn_prefill_j12):2026-09-27-11:35:04.684.856 [error_manager.cc:710]3904 ParseJsonFormatString:add error_code EJ0001 success
[DEBUG] GE(3904,m23_gdn_prefill_j12):2026-09-27-11:35:04.684.859 [error_manager.cc:710]3904 ParseJsonFormatString:add error_code EJ0002 success
[DEBUG] GE(3904,m23_gdn_prefill_j12):2026-09-27-11:35:04.684.863 [error_manager.cc:710]3904 ParseJsonFormatString:add error_code EJ0003 success
[DEBUG] GE(3904,m23_gdn_prefill_j12):2026-09-27-11:35:04.684.866 [error_manager.cc:710]3904 ParseJsonFormatString:add error_code EJ0004 success
[DEBUG] GE(3904,m23_gdn_prefill_j12):2026-09-27-11:35:04.684.870 [error_manager.cc:710]3904 ParseJsonFormatString:add error_code EK0001 success
[DEBUG] GE(3904,m23_gdn_prefill_j12):2026-09-27-11:35:04.684.873 [error_manager.cc:710]3904 ParseJsonFormatString:add error_code EK0002 success
[DEBUG] GE(3904,m23_gdn_prefill_j12):2026-09-27-11:35:04.684.877 [error_manager.cc:710]3904 ParseJsonFormatString:add error_code EK0003 success
[DEBUG] GE(3904,m23_gdn_prefill_j12):2026-09-27-11:35:04.684.880 [error_manager.cc:710]3904 ParseJsonFormatString:add error_code EK0004 success
[DEBUG] GE(3904,m23_gdn_prefill_j12):2026-09-27-11:35:04.684.884 [error_manager.cc:710]3904 ParseJsonFormatString:add error_code EK0005 success
[DEBUG] GE(3904,m23_gdn_prefill_j12):2026-09-27-11:35:04.684.888 [error_manager.cc:710]3904 ParseJsonFormatString:add error_code EK0006 success
[DEBUG] GE(3904,m23_gdn_prefill_j12):2026-09-27-11:35:04.684.891 [error_manager.cc:710]3904 ParseJsonFormatString:add error_code EK0007 success
[DEBUG] GE(3904,m23_gdn_prefill_j12):2026-09-27-11:35:04.684.894 [error_manager.cc:710]3904 ParseJsonFormatString:add error_code EK0201 success
[DEBUG] GE(3904,m23_gdn_prefill_j12):2026-09-27-11:35:04.684.898 [error_manager.cc:710]3904 ParseJsonFormatString:add error_code EK0202 success
[DEBUG] GE(3904,m23_gdn_prefill_j12):2026-09-27-11:35:04.684.901 [error_manager.cc:710]3904 ParseJsonFormatString:add error_code EK0203 success
[DEBUG] GE(3904,m23_gdn_prefill_j12):2026-09-27-11:35:04.684.904 [error_manager.cc:710]3904 ParseJsonFormatString:add error_code EK0204 success
[DEBUG] GE(3904,m23_gdn_prefill_j12):2026-09-27-11:35:04.684.908 [error_manager.cc:710]3904 ParseJsonFormatString:add error_code EK9999 success
[DEBUG] GE(3904,m23_gdn_prefill_j12):2026-09-27-11:35:04.684.911 [error_manager.cc:710]3904 ParseJsonFormatString:add error_code EL0001 success
[DEBUG] GE(3904,m23_gdn_prefill_j12):2026-09-27-11:35:04.684.914 [error_manager.cc:710]3904 ParseJsonFormatString:add error_code EL0002 success
[DEBUG] GE(3904,m23_gdn_prefill_j12):2026-09-27-11:35:04.684.917 [error_manager.cc:710]3904 ParseJsonFormatString:add error_code EL0003 success
[DEBUG] GE(3904,m23_gdn_prefill_j12):2026-09-27-11:35:04.684.921 [error_manager.cc:710]3904 ParseJsonFormatString:add error_code EL0004 success
[DEBUG] GE(3904,m23_gdn_prefill_j12):2026-09-27-11:35:04.684.924 [error_manager.cc:710]3904 ParseJsonFormatString:add error_code EL0005 success
[DEBUG] GE(3904,m23_gdn_prefill_j12):2026-09-27-11:35:04.684.927 [error_manager.cc:710]3904 ParseJsonFormatString:add error_code EL0006 success
[DEBUG] GE(3904,m23_gdn_prefill_j12):2026-09-27-11:35:04.684.930 [error_manager.cc:710]3904 ParseJsonFormatString:add error_code EL0007 success
[DEBUG] GE(3904,m23_gdn_prefill_j12):2026-09-27-11:35:04.684.933 [error_manager.cc:710]3904 ParseJsonFormatString:add error_code EL0008 success
[DEBUG] GE(3904,m23_gdn_prefill_j12):2026-09-27-11:35:04.684.936 [error_manager.cc:710]3904 ParseJsonFormatString:add error_code EL0009 success
[DEBUG] GE(3904,m23_gdn_prefill_j12):2026-09-27-11:35:04.684.939 [error_manager.cc:710]3904 ParseJsonFormatString:add error_code EL0010 success
[DEBUG] GE(3904,m23_gdn_prefill_j12):2026-09-27-11:35:04.684.942 [error_manager.cc:710]3904 ParseJsonFormatString:add error_code EL0011 success
[DEBUG] GE(3904,m23_gdn_prefill_j12):2026-09-27-11:35:04.684.945 [error_manager.cc:710]3904 ParseJsonFormatString:add error_code EL0012 success
[DEBUG] GE(3904,m23_gdn_prefill_j12):2026-09-27-11:35:04.684.948 [error_manager.cc:710]3904 ParseJsonFormatString:add error_code EL0013 success
[DEBUG] GE(3904,m23_gdn_prefill_j12):2026-09-27-11:35:04.684.951 [error_manager.cc:710]3904 ParseJsonFormatString:add error_code EL0014 success
[DEBUG] GE(3904,m23_gdn_prefill_j12):2026-09-27-11:35:04.684.955 [error_manager.cc:710]3904 ParseJsonFormatString:add error_code EL0015 success
[DEBUG] GE(3904,m23_gdn_prefill_j12):2026-09-27-11:35:04.684.958 [error_manager.cc:710]3904 ParseJsonFormatString:add error_code EO0001 success
[DEBUG] GE(3904,m23_gdn_prefill_j12):2026-09-27-11:35:04.684.962 [error_manager.cc:710]3904 ParseJsonFormatString:add error_code EO0002 success
[DEBUG] GE(3904,m23_gdn_prefill_j12):2026-09-27-11:35:04.684.965 [error_manager.cc:710]3904 ParseJsonFormatString:add error_code EO0003 success
[DEBUG] GE(3904,m23_gdn_prefill_j12):2026-09-27-11:35:04.684.968 [error_manager.cc:710]3904 ParseJsonFormatString:add error_code EO0004 success
[DEBUG] GE(3904,m23_gdn_prefill_j12):2026-09-27-11:35:04.684.972 [error_manager.cc:710]3904 ParseJsonFormatString:add error_code EO9999 success
[DEBUG] GE(3904,m23_gdn_prefill_j12):2026-09-27-11:35:04.684.975 [error_manager.cc:710]3904 ParseJsonFormatString:add error_code EP0001 success
[DEBUG] GE(3904,m23_gdn_prefill_j12):2026-09-27-11:35:04.684.979 [error_manager.cc:710]3904 ParseJsonFormatString:add error_code EP0002 success
[DEBUG] GE(3904,m23_gdn_prefill_j12):2026-09-27-11:35:04.684.983 [error_manager.cc:710]3904 ParseJsonFormatString:add error_code EP0003 success
[DEBUG] GE(3904,m23_gdn_prefill_j12):2026-09-27-11:35:04.684.986 [error_manager.cc:710]3904 ParseJsonFormatString:add error_code EP0004 success
[DEBUG] GE(3904,m23_gdn_prefill_j12):2026-09-27-11:35:04.684.990 [error_manager.cc:710]3904 ParseJsonFormatString:add error_code EP0005 success
[DEBUG] GE(3904,m23_gdn_prefill_j12):2026-09-27-11:35:04.684.993 [error_manager.cc:710]3904 ParseJsonFormatString:add error_code EP0006 success
[DEBUG] GE(3904,m23_gdn_prefill_j12):2026-09-27-11:35:04.684.997 [error_manager.cc:710]3904 ParseJsonFormatString:add error_code EP0007 success
[DEBUG] GE(3904,m23_gdn_prefill_j12):2026-09-27-11:35:04.685.000 [error_manager.cc:710]3904 ParseJsonFormatString:add error_code EP0008 success
[DEBUG] GE(3904,m23_gdn_prefill_j12):2026-09-27-11:35:04.685.004 [error_manager.cc:710]3904 ParseJsonFormatString:add error_code EP9999 success
[DEBUG] GE(3904,m23_gdn_prefill_j12):2026-09-27-11:35:04.685.007 [error_manager.cc:710]3904 ParseJsonFormatString:add error_code EM9001 success
[DEBUG] GE(3904,m23_gdn_prefill_j12):2026-09-27-11:35:04.685.010 [error_manager.cc:710]3904 ParseJsonFormatString:add error_code EM9002 success
[DEBUG] GE(3904,m23_gdn_prefill_j12):2026-09-27-11:35:04.685.014 [error_manager.cc:710]3904 ParseJsonFormatString:add error_code EZ0501 success
[DEBUG] GE(3904,m23_gdn_prefill_j12):2026-09-27-11:35:04.685.018 [error_manager.cc:710]3904 ParseJsonFormatString:add error_code EZ3002 success
[DEBUG] GE(3904,m23_gdn_prefill_j12):2026-09-27-11:35:04.685.021 [error_manager.cc:710]3904 ParseJsonFormatString:add error_code EZ3003 success
[DEBUG] GE(3904,m23_gdn_prefill_j12):2026-09-27-11:35:04.685.024 [error_manager.cc:710]3904 ParseJsonFormatString:add error_code EZ9010 success
[DEBUG] GE(3904,m23_gdn_prefill_j12):2026-09-27-11:35:04.685.028 [error_manager.cc:710]3904 ParseJsonFormatString:add error_code E50000 success
[DEBUG] GE(3904,m23_gdn_prefill_j12):2026-09-27-11:35:04.685.031 [error_manager.cc:710]3904 ParseJsonFormatString:add error_code E50001 success
[DEBUG] GE(3904,m23_gdn_prefill_j12):2026-09-27-11:35:04.685.034 [error_manager.cc:710]3904 ParseJsonFormatString:add error_code E50002 success
[DEBUG] GE(3904,m23_gdn_prefill_j12):2026-09-27-11:35:04.685.038 [error_manager.cc:710]3904 ParseJsonFormatString:add error_code E50003 success
[DEBUG] GE(3904,m23_gdn_prefill_j12):2026-09-27-11:35:04.685.041 [error_manager.cc:710]3904 ParseJsonFormatString:add error_code E50004 success
[DEBUG] GE(3904,m23_gdn_prefill_j12):2026-09-27-11:35:04.685.044 [error_manager.cc:710]3904 ParseJsonFormatString:add error_code E50009 success
[DEBUG] GE(3904,m23_gdn_prefill_j12):2026-09-27-11:35:04.685.048 [error_manager.cc:710]3904 ParseJsonFormatString:add error_code E50012 success
[DEBUG] GE(3904,m23_gdn_prefill_j12):2026-09-27-11:35:04.685.051 [error_manager.cc:710]3904 ParseJsonFormatString:add error_code E50029 success
[DEBUG] GE(3904,m23_gdn_prefill_j12):2026-09-27-11:35:04.685.054 [error_manager.cc:710]3904 ParseJsonFormatString:add error_code E50030 success
[DEBUG] GE(3904,m23_gdn_prefill_j12):2026-09-27-11:35:04.685.058 [error_manager.cc:710]3904 ParseJsonFormatString:add error_code E50031 success
[DEBUG] GE(3904,m23_gdn_prefill_j12):2026-09-27-11:35:04.685.061 [error_manager.cc:710]3904 ParseJsonFormatString:add error_code E50032 success
[DEBUG] GE(3904,m23_gdn_prefill_j12):2026-09-27-11:35:04.685.065 [error_manager.cc:710]3904 ParseJsonFormatString:add error_code E50033 success
[DEBUG] GE(3904,m23_gdn_prefill_j12):2026-09-27-11:35:04.685.068 [error_manager.cc:710]3904 ParseJsonFormatString:add error_code E50034 success
[DEBUG] GE(3904,m23_gdn_prefill_j12):2026-09-27-11:35:04.685.071 [error_manager.cc:710]3904 ParseJsonFormatString:add error_code E50035 success
[DEBUG] GE(3904,m23_gdn_prefill_j12):2026-09-27-11:35:04.685.074 [error_manager.cc:710]3904 ParseJsonFormatString:add error_code E50036 success
[DEBUG] GE(3904,m23_gdn_prefill_j12):2026-09-27-11:35:04.685.078 [error_manager.cc:710]3904 ParseJsonFormatString:add error_code E50037 success
[DEBUG] GE(3904,m23_gdn_prefill_j12):2026-09-27-11:35:04.685.081 [error_manager.cc:710]3904 ParseJsonFormatString:add error_code E50038 success
[DEBUG] GE(3904,m23_gdn_prefill_j12):2026-09-27-11:35:04.685.084 [error_manager.cc:710]3904 ParseJsonFormatString:add error_code E50039 success
[DEBUG] GE(3904,m23_gdn_prefill_j12):2026-09-27-11:35:04.685.087 [error_manager.cc:710]3904 ParseJsonFormatString:add error_code E50040 success
[DEBUG] GE(3904,m23_gdn_prefill_j12):2026-09-27-11:35:04.685.091 [error_manager.cc:710]3904 ParseJsonFormatString:add error_code E50041 success
[DEBUG] GE(3904,m23_gdn_prefill_j12):2026-09-27-11:35:04.685.094 [error_manager.cc:710]3904 ParseJsonFormatString:add error_code E50042 success
[DEBUG] GE(3904,m23_gdn_prefill_j12):2026-09-27-11:35:04.685.097 [error_manager.cc:710]3904 ParseJsonFormatString:add error_code E50043 success
[DEBUG] GE(3904,m23_gdn_prefill_j12):2026-09-27-11:35:04.685.100 [error_manager.cc:710]3904 ParseJsonFormatString:add error_code E50044 success
[DEBUG] GE(3904,m23_gdn_prefill_j12):2026-09-27-11:35:04.685.103 [error_manager.cc:710]3904 ParseJsonFormatString:add error_code E50045 success
[DEBUG] GE(3904,m23_gdn_prefill_j12):2026-09-27-11:35:04.685.106 [error_manager.cc:710]3904 ParseJsonFormatString:add error_code E50046 success
[DEBUG] GE(3904,m23_gdn_prefill_j12):2026-09-27-11:35:04.685.109 [error_manager.cc:710]3904 ParseJsonFormatString:add error_code E50047 success
[DEBUG] GE(3904,m23_gdn_prefill_j12):2026-09-27-11:35:04.685.112 [error_manager.cc:710]3904 ParseJsonFormatString:add error_code E50048 success
[DEBUG] GE(3904,m23_gdn_prefill_j12):2026-09-27-11:35:04.685.116 [error_manager.cc:710]3904 ParseJsonFormatString:add error_code E50049 success
[DEBUG] GE(3904,m23_gdn_prefill_j12):2026-09-27-11:35:04.685.119 [error_manager.cc:710]3904 ParseJsonFormatString:add error_code E50050 success
[DEBUG] GE(3904,m23_gdn_prefill_j12):2026-09-27-11:35:04.685.122 [error_manager.cc:710]3904 ParseJsonFormatString:add error_code E50051 success
[DEBUG] GE(3904,m23_gdn_prefill_j12):2026-09-27-11:35:04.685.125 [error_manager.cc:710]3904 ParseJsonFormatString:add error_code E50052 success
[DEBUG] GE(3904,m23_gdn_prefill_j12):2026-09-27-11:35:04.685.128 [error_manager.cc:710]3904 ParseJsonFormatString:add error_code E50053 success
[DEBUG] GE(3904,m23_gdn_prefill_j12):2026-09-27-11:35:04.685.131 [error_manager.cc:710]3904 ParseJsonFormatString:add error_code E50054 success
[DEBUG] GE(3904,m23_gdn_prefill_j12):2026-09-27-11:35:04.685.133 [error_manager.cc:710]3904 ParseJsonFormatString:add error_code E50055 success
[DEBUG] GE(3904,m23_gdn_prefill_j12):2026-09-27-11:35:04.685.137 [error_manager.cc:710]3904 ParseJsonFormatString:add error_code E50056 success
[DEBUG] GE(3904,m23_gdn_prefill_j12):2026-09-27-11:35:04.685.140 [error_manager.cc:710]3904 ParseJsonFormatString:add error_code E50057 success
[DEBUG] GE(3904,m23_gdn_prefill_j12):2026-09-27-11:35:04.685.143 [error_manager.cc:710]3904 ParseJsonFormatString:add error_code E50058 success
[DEBUG] GE(3904,m23_gdn_prefill_j12):2026-09-27-11:35:04.685.147 [error_manager.cc:710]3904 ParseJsonFormatString:add error_code E50059 success
[DEBUG] GE(3904,m23_gdn_prefill_j12):2026-09-27-11:35:04.685.150 [error_manager.cc:710]3904 ParseJsonFormatString:add error_code E50060 success
[DEBUG] GE(3904,m23_gdn_prefill_j12):2026-09-27-11:35:04.685.153 [error_manager.cc:710]3904 ParseJsonFormatString:add error_code E60000 success
[DEBUG] GE(3904,m23_gdn_prefill_j12):2026-09-27-11:35:04.685.156 [error_manager.cc:710]3904 ParseJsonFormatString:add error_code E60001 success
[DEBUG] GE(3904,m23_gdn_prefill_j12):2026-09-27-11:35:04.685.159 [error_manager.cc:710]3904 ParseJsonFormatString:add error_code E60002 success
[DEBUG] GE(3904,m23_gdn_prefill_j12):2026-09-27-11:35:04.685.163 [error_manager.cc:710]3904 ParseJsonFormatString:add error_code E60003 success
[DEBUG] GE(3904,m23_gdn_prefill_j12):2026-09-27-11:35:04.685.166 [error_manager.cc:710]3904 ParseJsonFormatString:add error_code E60004 success
[DEBUG] GE(3904,m23_gdn_prefill_j12):2026-09-27-11:35:04.685.169 [error_manager.cc:710]3904 ParseJsonFormatString:add error_code E60005 success
[DEBUG] GE(3904,m23_gdn_prefill_j12):2026-09-27-11:35:04.685.173 [error_manager.cc:710]3904 ParseJsonFormatString:add error_code E60006 success
[DEBUG] GE(3904,m23_gdn_prefill_j12):2026-09-27-11:35:04.685.176 [error_manager.cc:710]3904 ParseJsonFormatString:add error_code E60007 success
[DEBUG] GE(3904,m23_gdn_prefill_j12):2026-09-27-11:35:04.685.179 [error_manager.cc:710]3904 ParseJsonFormatString:add error_code E60008 success
[DEBUG] GE(3904,m23_gdn_prefill_j12):2026-09-27-11:35:04.685.182 [error_manager.cc:710]3904 ParseJsonFormatString:add error_code E60009 success
[DEBUG] GE(3904,m23_gdn_prefill_j12):2026-09-27-11:35:04.685.186 [error_manager.cc:710]3904 ParseJsonFormatString:add error_code E60010 success
[DEBUG] GE(3904,m23_gdn_prefill_j12):2026-09-27-11:35:04.685.189 [error_manager.cc:710]3904 ParseJsonFormatString:add error_code E60011 success
[DEBUG] GE(3904,m23_gdn_prefill_j12):2026-09-27-11:35:04.685.192 [error_manager.cc:710]3904 ParseJsonFormatString:add error_code E60012 success
[DEBUG] GE(3904,m23_gdn_prefill_j12):2026-09-27-11:35:04.685.195 [error_manager.cc:710]3904 ParseJsonFormatString:add error_code E60013 success
[DEBUG] GE(3904,m23_gdn_prefill_j12):2026-09-27-11:35:04.685.198 [error_manager.cc:710]3904 ParseJsonFormatString:add error_code E60014 success
[DEBUG] GE(3904,m23_gdn_prefill_j12):2026-09-27-11:35:04.685.201 [error_manager.cc:710]3904 ParseJsonFormatString:add error_code E60015 success
[DEBUG] GE(3904,m23_gdn_prefill_j12):2026-09-27-11:35:04.685.204 [error_manager.cc:710]3904 ParseJsonFormatString:add error_code E60016 success
[DEBUG] GE(3904,m23_gdn_prefill_j12):2026-09-27-11:35:04.685.207 [error_manager.cc:710]3904 ParseJsonFormatString:add error_code E60017 success
[DEBUG] GE(3904,m23_gdn_prefill_j12):2026-09-27-11:35:04.685.210 [error_manager.cc:710]3904 ParseJsonFormatString:add error_code E60018 success
[DEBUG] GE(3904,m23_gdn_prefill_j12):2026-09-27-11:35:04.685.214 [error_manager.cc:710]3904 ParseJsonFormatString:add error_code E60019 success
[DEBUG] GE(3904,m23_gdn_prefill_j12):2026-09-27-11:35:04.685.217 [error_manager.cc:710]3904 ParseJsonFormatString:add error_code E60020 success
[DEBUG] GE(3904,m23_gdn_prefill_j12):2026-09-27-11:35:04.685.220 [error_manager.cc:710]3904 ParseJsonFormatString:add error_code E60021 success
[DEBUG] GE(3904,m23_gdn_prefill_j12):2026-09-27-11:35:04.685.223 [error_manager.cc:710]3904 ParseJsonFormatString:add error_code E60022 success
[DEBUG] GE(3904,m23_gdn_prefill_j12):2026-09-27-11:35:04.685.226 [error_manager.cc:710]3904 ParseJsonFormatString:add error_code E60023 success
[DEBUG] GE(3904,m23_gdn_prefill_j12):2026-09-27-11:35:04.685.229 [error_manager.cc:710]3904 ParseJsonFormatString:add error_code E60024 success
[DEBUG] GE(3904,m23_gdn_prefill_j12):2026-09-27-11:35:04.685.232 [error_manager.cc:710]3904 ParseJsonFormatString:add error_code E60025 success
[DEBUG] GE(3904,m23_gdn_prefill_j12):2026-09-27-11:35:04.685.235 [error_manager.cc:710]3904 ParseJsonFormatString:add error_code E60026 success
[DEBUG] GE(3904,m23_gdn_prefill_j12):2026-09-27-11:35:04.685.238 [error_manager.cc:710]3904 ParseJsonFormatString:add error_code E60027 success
[DEBUG] GE(3904,m23_gdn_prefill_j12):2026-09-27-11:35:04.685.241 [error_manager.cc:710]3904 ParseJsonFormatString:add error_code E60101 success
[DEBUG] GE(3904,m23_gdn_prefill_j12):2026-09-27-11:35:04.685.244 [error_manager.cc:710]3904 ParseJsonFormatString:add error_code E60102 success
[DEBUG] GE(3904,m23_gdn_prefill_j12):2026-09-27-11:35:04.685.248 [error_manager.cc:710]3904 ParseJsonFormatString:add error_code E60103 success
[DEBUG] GE(3904,m23_gdn_prefill_j12):2026-09-27-11:35:04.685.251 [error_manager.cc:710]3904 ParseJsonFormatString:add error_code E60104 success
[DEBUG] GE(3904,m23_gdn_prefill_j12):2026-09-27-11:35:04.685.254 [error_manager.cc:710]3904 ParseJsonFormatString:add error_code E60105 success
[DEBUG] GE(3904,m23_gdn_prefill_j12):2026-09-27-11:35:04.685.257 [error_manager.cc:710]3904 ParseJsonFormatString:add error_code E60106 success
[DEBUG] GE(3904,m23_gdn_prefill_j12):2026-09-27-11:35:04.685.260 [error_manager.cc:710]3904 ParseJsonFormatString:add error_code E60107 success
[DEBUG] GE(3904,m23_gdn_prefill_j12):2026-09-27-11:35:04.685.263 [error_manager.cc:710]3904 ParseJsonFormatString:add error_code E60108 success
[DEBUG] GE(3904,m23_gdn_prefill_j12):2026-09-27-11:35:04.685.266 [error_manager.cc:710]3904 ParseJsonFormatString:add error_code E60109 success
[DEBUG] GE(3904,m23_gdn_prefill_j12):2026-09-27-11:35:04.685.269 [error_manager.cc:710]3904 ParseJsonFormatString:add error_code E60110 success
[DEBUG] GE(3904,m23_gdn_prefill_j12):2026-09-27-11:35:04.685.272 [error_manager.cc:710]3904 ParseJsonFormatString:add error_code E60111 success
[DEBUG] GE(3904,m23_gdn_prefill_j12):2026-09-27-11:35:04.685.275 [error_manager.cc:710]3904 ParseJsonFormatString:add error_code E60112 success
[DEBUG] GE(3904,m23_gdn_prefill_j12):2026-09-27-11:35:04.685.278 [error_manager.cc:710]3904 ParseJsonFormatString:add error_code E60113 success
[DEBUG] GE(3904,m23_gdn_prefill_j12):2026-09-27-11:35:04.685.281 [error_manager.cc:710]3904 ParseJsonFormatString:add error_code E60114 success
[DEBUG] GE(3904,m23_gdn_prefill_j12):2026-09-27-11:35:04.685.285 [error_manager.cc:710]3904 ParseJsonFormatString:add error_code E60028 success
[DEBUG] GE(3904,m23_gdn_prefill_j12):2026-09-27-11:35:04.685.288 [error_manager.cc:710]3904 ParseJsonFormatString:add error_code E60029 success
[DEBUG] GE(3904,m23_gdn_prefill_j12):2026-09-27-11:35:04.685.291 [error_manager.cc:710]3904 ParseJsonFormatString:add error_code E60030 success
[DEBUG] GE(3904,m23_gdn_prefill_j12):2026-09-27-11:35:04.685.295 [error_manager.cc:710]3904 ParseJsonFormatString:add error_code E60031 success
[DEBUG] GE(3904,m23_gdn_prefill_j12):2026-09-27-11:35:04.685.299 [error_manager.cc:710]3904 ParseJsonFormatString:add error_code E60032 success
[DEBUG] GE(3904,m23_gdn_prefill_j12):2026-09-27-11:35:04.685.302 [error_manager.cc:710]3904 ParseJsonFormatString:add error_code E60033 success
[DEBUG] GE(3904,m23_gdn_prefill_j12):2026-09-27-11:35:04.685.305 [error_manager.cc:710]3904 ParseJsonFormatString:add error_code E60034 success
[DEBUG] GE(3904,m23_gdn_prefill_j12):2026-09-27-11:35:04.685.308 [error_manager.cc:710]3904 ParseJsonFormatString:add error_code E60035 success
[DEBUG] GE(3904,m23_gdn_prefill_j12):2026-09-27-11:35:04.685.311 [error_manager.cc:710]3904 ParseJsonFormatString:add error_code E60037 success
[DEBUG] GE(3904,m23_gdn_prefill_j12):2026-09-27-11:35:04.685.315 [error_manager.cc:710]3904 ParseJsonFormatString:add error_code E60038 success
[DEBUG] GE(3904,m23_gdn_prefill_j12):2026-09-27-11:35:04.685.318 [error_manager.cc:710]3904 ParseJsonFormatString:add error_code E60039 success
[DEBUG] GE(3904,m23_gdn_prefill_j12):2026-09-27-11:35:04.685.321 [error_manager.cc:710]3904 ParseJsonFormatString:add error_code E60040 success
[DEBUG] GE(3904,m23_gdn_prefill_j12):2026-09-27-11:35:04.685.324 [error_manager.cc:710]3904 ParseJsonFormatString:add error_code E60115 success
[DEBUG] GE(3904,m23_gdn_prefill_j12):2026-09-27-11:35:04.685.327 [error_manager.cc:710]3904 ParseJsonFormatString:add error_code E60116 success
[DEBUG] GE(3904,m23_gdn_prefill_j12):2026-09-27-11:35:04.685.330 [error_manager.cc:710]3904 ParseJsonFormatString:add error_code E60117 success
[DEBUG] GE(3904,m23_gdn_prefill_j12):2026-09-27-11:35:04.685.333 [error_manager.cc:710]3904 ParseJsonFormatString:add error_code E60118 success
[DEBUG] GE(3904,m23_gdn_prefill_j12):2026-09-27-11:35:04.685.336 [error_manager.cc:710]3904 ParseJsonFormatString:add error_code E60119 success
[DEBUG] GE(3904,m23_gdn_prefill_j12):2026-09-27-11:35:04.685.339 [error_manager.cc:710]3904 ParseJsonFormatString:add error_code E61000 success
[DEBUG] GE(3904,m23_gdn_prefill_j12):2026-09-27-11:35:04.685.342 [error_manager.cc:710]3904 ParseJsonFormatString:add error_code E61001 success
[DEBUG] GE(3904,m23_gdn_prefill_j12):2026-09-27-11:35:04.685.345 [error_manager.cc:710]3904 ParseJsonFormatString:add error_code E61203 success
[DEBUG] GE(3904,m23_gdn_prefill_j12):2026-09-27-11:35:04.685.348 [error_manager.cc:710]3904 ParseJsonFormatString:add error_code E61204 success
[DEBUG] GE(3904,m23_gdn_prefill_j12):2026-09-27-11:35:04.685.351 [error_manager.cc:710]3904 ParseJsonFormatString:add error_code E61205 success
[DEBUG] GE(3904,m23_gdn_prefill_j12):2026-09-27-11:35:04.685.354 [error_manager.cc:710]3904 ParseJsonFormatString:add error_code E61300 success
[DEBUG] GE(3904,m23_gdn_prefill_j12):2026-09-27-11:35:04.685.357 [error_manager.cc:710]3904 ParseJsonFormatString:add error_code E61301 success
[DEBUG] GE(3904,m23_gdn_prefill_j12):2026-09-27-11:35:04.685.360 [error_manager.cc:710]3904 ParseJsonFormatString:add error_code E61500 success
[DEBUG] GE(3904,m23_gdn_prefill_j12):2026-09-27-11:35:04.685.363 [error_manager.cc:710]3904 ParseJsonFormatString:add error_code E61501 success
[DEBUG] GE(3904,m23_gdn_prefill_j12):2026-09-27-11:35:04.685.366 [error_manager.cc:710]3904 ParseJsonFormatString:add error_code E61600 success
[DEBUG] GE(3904,m23_gdn_prefill_j12):2026-09-27-11:35:04.685.369 [error_manager.cc:710]3904 ParseJsonFormatString:add error_code E61601 success
[DEBUG] GE(3904,m23_gdn_prefill_j12):2026-09-27-11:35:04.685.373 [error_manager.cc:710]3904 ParseJsonFormatString:add error_code E61602 success
[DEBUG] GE(3904,m23_gdn_prefill_j12):2026-09-27-11:35:04.685.376 [error_manager.cc:710]3904 ParseJsonFormatString:add error_code E61603 success
[DEBUG] GE(3904,m23_gdn_prefill_j12):2026-09-27-11:35:04.685.379 [error_manager.cc:710]3904 ParseJsonFormatString:add error_code E62001 success
[DEBUG] GE(3904,m23_gdn_prefill_j12):2026-09-27-11:35:04.685.382 [error_manager.cc:710]3904 ParseJsonFormatString:add error_code E62002 success
[DEBUG] GE(3904,m23_gdn_prefill_j12):2026-09-27-11:35:04.685.386 [error_manager.cc:710]3904 ParseJsonFormatString:add error_code E62003 success
[DEBUG] GE(3904,m23_gdn_prefill_j12):2026-09-27-11:35:04.685.389 [error_manager.cc:710]3904 ParseJsonFormatString:add error_code E62004 success
[DEBUG] GE(3904,m23_gdn_prefill_j12):2026-09-27-11:35:04.685.393 [error_manager.cc:710]3904 ParseJsonFormatString:add error_code E62005 success
[DEBUG] GE(3904,m23_gdn_prefill_j12):2026-09-27-11:35:04.685.395 [error_manager.cc:710]3904 ParseJsonFormatString:add error_code E62006 success
[DEBUG] GE(3904,m23_gdn_prefill_j12):2026-09-27-11:35:04.685.398 [error_manager.cc:710]3904 ParseJsonFormatString:add error_code E62301 success
[DEBUG] GE(3904,m23_gdn_prefill_j12):2026-09-27-11:35:04.685.401 [error_manager.cc:710]3904 ParseJsonFormatString:add error_code E62302 success
[DEBUG] GE(3904,m23_gdn_prefill_j12):2026-09-27-11:35:04.685.405 [error_manager.cc:710]3904 ParseJsonFormatString:add error_code E62303 success
[DEBUG] GE(3904,m23_gdn_prefill_j12):2026-09-27-11:35:04.685.408 [error_manager.cc:710]3904 ParseJsonFormatString:add error_code E62304 success
[DEBUG] GE(3904,m23_gdn_prefill_j12):2026-09-27-11:35:04.685.411 [error_manager.cc:710]3904 ParseJsonFormatString:add error_code E62305 success
[DEBUG] GE(3904,m23_gdn_prefill_j12):2026-09-27-11:35:04.685.414 [error_manager.cc:710]3904 ParseJsonFormatString:add error_code E62306 success
[DEBUG] GE(3904,m23_gdn_prefill_j12):2026-09-27-11:35:04.685.417 [error_manager.cc:710]3904 ParseJsonFormatString:add error_code E62501 success
[DEBUG] GE(3904,m23_gdn_prefill_j12):2026-09-27-11:35:04.685.420 [error_manager.cc:710]3904 ParseJsonFormatString:add error_code E62502 success
[DEBUG] GE(3904,m23_gdn_prefill_j12):2026-09-27-11:35:04.685.423 [error_manager.cc:710]3904 ParseJsonFormatString:add error_code E62503 success
[DEBUG] GE(3904,m23_gdn_prefill_j12):2026-09-27-11:35:04.685.426 [error_manager.cc:710]3904 ParseJsonFormatString:add error_code E62504 success
[DEBUG] GE(3904,m23_gdn_prefill_j12):2026-09-27-11:35:04.685.430 [error_manager.cc:710]3904 ParseJsonFormatString:add error_code E62505 success
[DEBUG] GE(3904,m23_gdn_prefill_j12):2026-09-27-11:35:04.685.432 [error_manager.cc:710]3904 ParseJsonFormatString:add error_code E62506 success
[DEBUG] GE(3904,m23_gdn_prefill_j12):2026-09-27-11:35:04.685.436 [error_manager.cc:710]3904 ParseJsonFormatString:add error_code E62507 success
[DEBUG] GE(3904,m23_gdn_prefill_j12):2026-09-27-11:35:04.685.439 [error_manager.cc:710]3904 ParseJsonFormatString:add error_code E62508 success
[DEBUG] GE(3904,m23_gdn_prefill_j12):2026-09-27-11:35:04.685.441 [error_manager.cc:710]3904 ParseJsonFormatString:add error_code E62509 success
[DEBUG] GE(3904,m23_gdn_prefill_j12):2026-09-27-11:35:04.685.444 [error_manager.cc:710]3904 ParseJsonFormatString:add error_code E62510 success
[DEBUG] GE(3904,m23_gdn_prefill_j12):2026-09-27-11:35:04.685.447 [error_manager.cc:710]3904 ParseJsonFormatString:add error_code E62511 success
[DEBUG] GE(3904,m23_gdn_prefill_j12):2026-09-27-11:35:04.685.451 [error_manager.cc:710]3904 ParseJsonFormatString:add error_code E64001 success
[DEBUG] GE(3904,m23_gdn_prefill_j12):2026-09-27-11:35:04.685.454 [error_manager.cc:710]3904 ParseJsonFormatString:add error_code E64002 success
[DEBUG] GE(3904,m23_gdn_prefill_j12):2026-09-27-11:35:04.685.457 [error_manager.cc:710]3904 ParseJsonFormatString:add error_code E64003 success
[DEBUG] GE(3904,m23_gdn_prefill_j12):2026-09-27-11:35:04.685.461 [error_manager.cc:710]3904 ParseJsonFormatString:add error_code E64004 success
[DEBUG] GE(3904,m23_gdn_prefill_j12):2026-09-27-11:35:04.685.464 [error_manager.cc:710]3904 ParseJsonFormatString:add error_code E64005 success
[DEBUG] GE(3904,m23_gdn_prefill_j12):2026-09-27-11:35:04.685.468 [error_manager.cc:710]3904 ParseJsonFormatString:add error_code E64006 success
[DEBUG] GE(3904,m23_gdn_prefill_j12):2026-09-27-11:35:04.685.472 [error_manager.cc:710]3904 ParseJsonFormatString:add error_code E64007 success
[DEBUG] GE(3904,m23_gdn_prefill_j12):2026-09-27-11:35:04.685.475 [error_manager.cc:710]3904 ParseJsonFormatString:add error_code E64008 success
[DEBUG] GE(3904,m23_gdn_prefill_j12):2026-09-27-11:35:04.685.478 [error_manager.cc:710]3904 ParseJsonFormatString:add error_code E64009 success
[DEBUG] GE(3904,m23_gdn_prefill_j12):2026-09-27-11:35:04.685.482 [error_manager.cc:710]3904 ParseJsonFormatString:add error_code E64010 success
[DEBUG] GE(3904,m23_gdn_prefill_j12):2026-09-27-11:35:04.685.485 [error_manager.cc:710]3904 ParseJsonFormatString:add error_code E65001 success
[DEBUG] GE(3904,m23_gdn_prefill_j12):2026-09-27-11:35:04.685.488 [error_manager.cc:710]3904 ParseJsonFormatString:add error_code E65002 success
[DEBUG] GE(3904,m23_gdn_prefill_j12):2026-09-27-11:35:04.685.491 [error_manager.cc:710]3904 ParseJsonFormatString:add error_code E65003 success
[DEBUG] GE(3904,m23_gdn_prefill_j12):2026-09-27-11:35:04.685.494 [error_manager.cc:710]3904 ParseJsonFormatString:add error_code E65004 success
[DEBUG] GE(3904,m23_gdn_prefill_j12):2026-09-27-11:35:04.685.497 [error_manager.cc:710]3904 ParseJsonFormatString:add error_code E65005 success
[DEBUG] GE(3904,m23_gdn_prefill_j12):2026-09-27-11:35:04.685.501 [error_manager.cc:710]3904 ParseJsonFormatString:add error_code E65006 success
[DEBUG] GE(3904,m23_gdn_prefill_j12):2026-09-27-11:35:04.685.504 [error_manager.cc:710]3904 ParseJsonFormatString:add error_code E65007 success
[DEBUG] GE(3904,m23_gdn_prefill_j12):2026-09-27-11:35:04.685.508 [error_manager.cc:710]3904 ParseJsonFormatString:add error_code E65008 success
[DEBUG] GE(3904,m23_gdn_prefill_j12):2026-09-27-11:35:04.685.511 [error_manager.cc:710]3904 ParseJsonFormatString:add error_code E65009 success
[DEBUG] GE(3904,m23_gdn_prefill_j12):2026-09-27-11:35:04.685.514 [error_manager.cc:710]3904 ParseJsonFormatString:add error_code E70001 success
[DEBUG] GE(3904,m23_gdn_prefill_j12):2026-09-27-11:35:04.685.517 [error_manager.cc:710]3904 ParseJsonFormatString:add error_code E70002 success
[DEBUG] GE(3904,m23_gdn_prefill_j12):2026-09-27-11:35:04.685.520 [error_manager.cc:710]3904 ParseJsonFormatString:add error_code E70003 success
[DEBUG] GE(3904,m23_gdn_prefill_j12):2026-09-27-11:35:04.685.524 [error_manager.cc:710]3904 ParseJsonFormatString:add error_code E70004 success
[DEBUG] GE(3904,m23_gdn_prefill_j12):2026-09-27-11:35:04.685.526 [error_manager.cc:710]3904 ParseJsonFormatString:add error_code E70005 success
[DEBUG] GE(3904,m23_gdn_prefill_j12):2026-09-27-11:35:04.685.529 [error_manager.cc:710]3904 ParseJsonFormatString:add error_code E70006 success
[DEBUG] GE(3904,m23_gdn_prefill_j12):2026-09-27-11:35:04.685.533 [error_manager.cc:710]3904 ParseJsonFormatString:add error_code E70007 success
[DEBUG] GE(3904,m23_gdn_prefill_j12):2026-09-27-11:35:04.685.536 [error_manager.cc:710]3904 ParseJsonFormatString:add error_code E70008 success
[DEBUG] GE(3904,m23_gdn_prefill_j12):2026-09-27-11:35:04.685.539 [error_manager.cc:710]3904 ParseJsonFormatString:add error_code E70009 success
[DEBUG] GE(3904,m23_gdn_prefill_j12):2026-09-27-11:35:04.685.542 [error_manager.cc:710]3904 ParseJsonFormatString:add error_code E70010 success
[DEBUG] GE(3904,m23_gdn_prefill_j12):2026-09-27-11:35:04.685.546 [error_manager.cc:710]3904 ParseJsonFormatString:add error_code E70011 success
[DEBUG] GE(3904,m23_gdn_prefill_j12):2026-09-27-11:35:04.685.549 [error_manager.cc:710]3904 ParseJsonFormatString:add error_code E70012 success
[DEBUG] GE(3904,m23_gdn_prefill_j12):2026-09-27-11:35:04.685.552 [error_manager.cc:710]3904 ParseJsonFormatString:add error_code E70013 success
[DEBUG] GE(3904,m23_gdn_prefill_j12):2026-09-27-11:35:04.685.556 [error_manager.cc:710]3904 ParseJsonFormatString:add error_code E70014 success
[DEBUG] GE(3904,m23_gdn_prefill_j12):2026-09-27-11:35:04.685.559 [error_manager.cc:710]3904 ParseJsonFormatString:add error_code E70015 success
[DEBUG] GE(3904,m23_gdn_prefill_j12):2026-09-27-11:35:04.685.562 [error_manager.cc:710]3904 ParseJsonFormatString:add error_code E70016 success
[DEBUG] GE(3904,m23_gdn_prefill_j12):2026-09-27-11:35:04.685.565 [error_manager.cc:710]3904 ParseJsonFormatString:add error_code E70017 success
[DEBUG] GE(3904,m23_gdn_prefill_j12):2026-09-27-11:35:04.685.568 [error_manager.cc:710]3904 ParseJsonFormatString:add error_code E70018 success
[DEBUG] GE(3904,m23_gdn_prefill_j12):2026-09-27-11:35:04.685.571 [error_manager.cc:710]3904 ParseJsonFormatString:add error_code EA0000 success
[DEBUG] GE(3904,m23_gdn_prefill_j12):2026-09-27-11:35:04.685.575 [error_manager.cc:710]3904 ParseJsonFormatString:add error_code E90000 success
[DEBUG] GE(3904,m23_gdn_prefill_j12):2026-09-27-11:35:04.685.578 [error_manager.cc:710]3904 ParseJsonFormatString:add error_code E90001 success
[DEBUG] GE(3904,m23_gdn_prefill_j12):2026-09-27-11:35:04.685.580 [error_manager.cc:710]3904 ParseJsonFormatString:add error_code E90002 success
[DEBUG] GE(3904,m23_gdn_prefill_j12):2026-09-27-11:35:04.685.583 [error_manager.cc:710]3904 ParseJsonFormatString:add error_code E90003 success
[DEBUG] GE(3904,m23_gdn_prefill_j12):2026-09-27-11:35:04.685.586 [error_manager.cc:710]3904 ParseJsonFormatString:add error_code E68000 success
[DEBUG] GE(3904,m23_gdn_prefill_j12):2026-09-27-11:35:04.685.590 [error_manager.cc:710]3904 ParseJsonFormatString:add error_code E68001 success
[DEBUG] GE(3904,m23_gdn_prefill_j12):2026-09-27-11:35:04.685.593 [error_manager.cc:710]3904 ParseJsonFormatString:add error_code E68002 success
[DEBUG] GE(3904,m23_gdn_prefill_j12):2026-09-27-11:35:04.685.596 [error_manager.cc:710]3904 ParseJsonFormatString:add error_code E68003 success
[DEBUG] GE(3904,m23_gdn_prefill_j12):2026-09-27-11:35:04.685.599 [error_manager.cc:710]3904 ParseJsonFormatString:add error_code E68004 success
[DEBUG] GE(3904,m23_gdn_prefill_j12):2026-09-27-11:35:04.685.602 [error_manager.cc:710]3904 ParseJsonFormatString:add error_code E68005 success
[DEBUG] GE(3904,m23_gdn_prefill_j12):2026-09-27-11:35:04.685.605 [error_manager.cc:710]3904 ParseJsonFormatString:add error_code E68006 success
[DEBUG] GE(3904,m23_gdn_prefill_j12):2026-09-27-11:35:04.685.608 [error_manager.cc:710]3904 ParseJsonFormatString:add error_code E68007 success
[DEBUG] GE(3904,m23_gdn_prefill_j12):2026-09-27-11:35:04.685.611 [error_manager.cc:710]3904 ParseJsonFormatString:add error_code E68008 success
[DEBUG] GE(3904,m23_gdn_prefill_j12):2026-09-27-11:35:04.685.614 [error_manager.cc:710]3904 ParseJsonFormatString:add error_code E68009 success
[DEBUG] GE(3904,m23_gdn_prefill_j12):2026-09-27-11:35:04.685.617 [error_manager.cc:710]3904 ParseJsonFormatString:add error_code E68010 success
[DEBUG] GE(3904,m23_gdn_prefill_j12):2026-09-27-11:35:04.685.620 [error_manager.cc:710]3904 ParseJsonFormatString:add error_code E68011 success
[DEBUG] GE(3904,m23_gdn_prefill_j12):2026-09-27-11:35:04.685.623 [error_manager.cc:710]3904 ParseJsonFormatString:add error_code E68012 success
[DEBUG] GE(3904,m23_gdn_prefill_j12):2026-09-27-11:35:04.685.626 [error_manager.cc:710]3904 ParseJsonFormatString:add error_code E68013 success
[DEBUG] GE(3904,m23_gdn_prefill_j12):2026-09-27-11:35:04.685.629 [error_manager.cc:710]3904 ParseJsonFormatString:add error_code E68014 success
[DEBUG] GE(3904,m23_gdn_prefill_j12):2026-09-27-11:35:04.685.632 [error_manager.cc:710]3904 ParseJsonFormatString:add error_code E68015 success
[DEBUG] GE(3904,m23_gdn_prefill_j12):2026-09-27-11:35:04.685.636 [error_manager.cc:710]3904 ParseJsonFormatString:add error_code E68016 success
[DEBUG] GE(3904,m23_gdn_prefill_j12):2026-09-27-11:35:04.685.639 [error_manager.cc:710]3904 ParseJsonFormatString:add error_code E68017 success
[DEBUG] GE(3904,m23_gdn_prefill_j12):2026-09-27-11:35:04.685.642 [error_manager.cc:710]3904 ParseJsonFormatString:add error_code E68050 success
[DEBUG] GE(3904,m23_gdn_prefill_j12):2026-09-27-11:35:04.685.645 [error_manager.cc:710]3904 ParseJsonFormatString:add error_code E68051 success
[DEBUG] GE(3904,m23_gdn_prefill_j12):2026-09-27-11:35:04.685.648 [error_manager.cc:710]3904 ParseJsonFormatString:add error_code E68052 success
[DEBUG] GE(3904,m23_gdn_prefill_j12):2026-09-27-11:35:04.685.651 [error_manager.cc:710]3904 ParseJsonFormatString:add error_code E68053 success
[DEBUG] GE(3904,m23_gdn_prefill_j12):2026-09-27-11:35:04.685.654 [error_manager.cc:710]3904 ParseJsonFormatString:add error_code E68054 success
[DEBUG] GE(3904,m23_gdn_prefill_j12):2026-09-27-11:35:04.685.657 [error_manager.cc:710]3904 ParseJsonFormatString:add error_code E68055 success
[DEBUG] GE(3904,m23_gdn_prefill_j12):2026-09-27-11:35:04.685.660 [error_manager.cc:710]3904 ParseJsonFormatString:add error_code E68056 success
[DEBUG] GE(3904,m23_gdn_prefill_j12):2026-09-27-11:35:04.685.663 [error_manager.cc:710]3904 ParseJsonFormatString:add error_code E68057 success
[DEBUG] GE(3904,m23_gdn_prefill_j12):2026-09-27-11:35:04.685.666 [error_manager.cc:710]3904 ParseJsonFormatString:add error_code E68058 success
[DEBUG] GE(3904,m23_gdn_prefill_j12):2026-09-27-11:35:04.685.669 [error_manager.cc:710]3904 ParseJsonFormatString:add error_code E68059 success
[DEBUG] GE(3904,m23_gdn_prefill_j12):2026-09-27-11:35:04.685.672 [error_manager.cc:710]3904 ParseJsonFormatString:add error_code E68060 success
[DEBUG] GE(3904,m23_gdn_prefill_j12):2026-09-27-11:35:04.685.675 [error_manager.cc:710]3904 ParseJsonFormatString:add error_code E68061 success
[DEBUG] GE(3904,m23_gdn_prefill_j12):2026-09-27-11:35:04.685.678 [error_manager.cc:710]3904 ParseJsonFormatString:add error_code E68062 success
[DEBUG] GE(3904,m23_gdn_prefill_j12):2026-09-27-11:35:04.685.680 [error_manager.cc:710]3904 ParseJsonFormatString:add error_code E68063 success
[DEBUG] GE(3904,m23_gdn_prefill_j12):2026-09-27-11:35:04.685.683 [error_manager.cc:710]3904 ParseJsonFormatString:add error_code E68064 success
[DEBUG] GE(3904,m23_gdn_prefill_j12):2026-09-27-11:35:04.685.686 [error_manager.cc:710]3904 ParseJsonFormatString:add error_code E68065 success
[DEBUG] GE(3904,m23_gdn_prefill_j12):2026-09-27-11:35:04.685.689 [error_manager.cc:710]3904 ParseJsonFormatString:add error_code E68066 success
[DEBUG] GE(3904,m23_gdn_prefill_j12):2026-09-27-11:35:04.685.692 [error_manager.cc:710]3904 ParseJsonFormatString:add error_code E68067 success
[DEBUG] GE(3904,m23_gdn_prefill_j12):2026-09-27-11:35:04.685.695 [error_manager.cc:710]3904 ParseJsonFormatString:add error_code E68068 success
[DEBUG] GE(3904,m23_gdn_prefill_j12):2026-09-27-11:35:04.685.698 [error_manager.cc:710]3904 ParseJsonFormatString:add error_code E68069 success
[DEBUG] GE(3904,m23_gdn_prefill_j12):2026-09-27-11:35:04.685.701 [error_manager.cc:710]3904 ParseJsonFormatString:add error_code E68070 success
[DEBUG] GE(3904,m23_gdn_prefill_j12):2026-09-27-11:35:04.685.704 [error_manager.cc:710]3904 ParseJsonFormatString:add error_code E68071 success
[DEBUG] GE(3904,m23_gdn_prefill_j12):2026-09-27-11:35:04.685.707 [error_manager.cc:710]3904 ParseJsonFormatString:add error_code E68072 success
[DEBUG] GE(3904,m23_gdn_prefill_j12):2026-09-27-11:35:04.685.710 [error_manager.cc:710]3904 ParseJsonFormatString:add error_code E68073 success
[DEBUG] GE(3904,m23_gdn_prefill_j12):2026-09-27-11:35:04.685.713 [error_manager.cc:710]3904 ParseJsonFormatString:add error_code E68074 success
[DEBUG] GE(3904,m23_gdn_prefill_j12):2026-09-27-11:35:04.685.721 [error_manager.cc:710]3904 ParseJsonFormatString:add error_code E68075 success
[DEBUG] GE(3904,m23_gdn_prefill_j12):2026-09-27-11:35:04.685.724 [error_manager.cc:710]3904 ParseJsonFormatString:add error_code E68076 success
[DEBUG] GE(3904,m23_gdn_prefill_j12):2026-09-27-11:35:04.685.726 [error_manager.cc:710]3904 ParseJsonFormatString:add error_code E68077 success
[DEBUG] GE(3904,m23_gdn_prefill_j12):2026-09-27-11:35:04.685.729 [error_manager.cc:710]3904 ParseJsonFormatString:add error_code E68078 success
[DEBUG] GE(3904,m23_gdn_prefill_j12):2026-09-27-11:35:04.685.732 [error_manager.cc:710]3904 ParseJsonFormatString:add error_code E68079 success
[DEBUG] GE(3904,m23_gdn_prefill_j12):2026-09-27-11:35:04.685.735 [error_manager.cc:710]3904 ParseJsonFormatString:add error_code E68080 success
[DEBUG] GE(3904,m23_gdn_prefill_j12):2026-09-27-11:35:04.685.737 [error_manager.cc:710]3904 ParseJsonFormatString:add error_code E68081 success
[DEBUG] GE(3904,m23_gdn_prefill_j12):2026-09-27-11:35:04.685.740 [error_manager.cc:710]3904 ParseJsonFormatString:add error_code E68082 success
[DEBUG] GE(3904,m23_gdn_prefill_j12):2026-09-27-11:35:04.685.743 [error_manager.cc:710]3904 ParseJsonFormatString:add error_code E68083 success
[DEBUG] GE(3904,m23_gdn_prefill_j12):2026-09-27-11:35:04.685.746 [error_manager.cc:710]3904 ParseJsonFormatString:add error_code E68084 success
[DEBUG] GE(3904,m23_gdn_prefill_j12):2026-09-27-11:35:04.685.748 [error_manager.cc:710]3904 ParseJsonFormatString:add error_code E68085 success
[DEBUG] GE(3904,m23_gdn_prefill_j12):2026-09-27-11:35:04.685.751 [error_manager.cc:710]3904 ParseJsonFormatString:add error_code E68086 success
[DEBUG] GE(3904,m23_gdn_prefill_j12):2026-09-27-11:35:04.685.754 [error_manager.cc:710]3904 ParseJsonFormatString:add error_code E68087 success
[DEBUG] GE(3904,m23_gdn_prefill_j12):2026-09-27-11:35:04.685.757 [error_manager.cc:710]3904 ParseJsonFormatString:add error_code E68088 success
[DEBUG] GE(3904,m23_gdn_prefill_j12):2026-09-27-11:35:04.685.760 [error_manager.cc:710]3904 ParseJsonFormatString:add error_code E68089 success
[DEBUG] GE(3904,m23_gdn_prefill_j12):2026-09-27-11:35:04.685.764 [error_manager.cc:710]3904 ParseJsonFormatString:add error_code EB0000 success
[DEBUG] GE(3904,m23_gdn_prefill_j12):2026-09-27-11:35:04.685.768 [error_manager.cc:710]3904 ParseJsonFormatString:add error_code EB1000 success
[DEBUG] GE(3904,m23_gdn_prefill_j12):2026-09-27-11:35:04.685.771 [error_manager.cc:710]3904 ParseJsonFormatString:add error_code EB3000 success
[DEBUG] GE(3904,m23_gdn_prefill_j12):2026-09-27-11:35:04.685.774 [error_manager.cc:710]3904 ParseJsonFormatString:add error_code EB4000 success
[DEBUG] GE(3904,m23_gdn_prefill_j12):2026-09-27-11:35:04.685.778 [error_manager.cc:710]3904 ParseJsonFormatString:add error_code EB9000 success
[DEBUG] GE(3904,m23_gdn_prefill_j12):2026-09-27-11:35:04.685.781 [error_manager.cc:710]3904 ParseJsonFormatString:add error_code EB0500 success
[DEBUG] GE(3904,m23_gdn_prefill_j12):2026-09-27-11:35:04.685.785 [error_manager.cc:710]3904 ParseJsonFormatString:add error_code E80001 success
[DEBUG] GE(3904,m23_gdn_prefill_j12):2026-09-27-11:35:04.685.788 [error_manager.cc:710]3904 ParseJsonFormatString:add error_code EZ9999 success
[DEBUG] GE(3904,m23_gdn_prefill_j12):2026-09-27-11:35:04.685.791 [error_manager.cc:710]3904 ParseJsonFormatString:add error_code EZ1001 success
[DEBUG] GE(3904,m23_gdn_prefill_j12):2026-09-27-11:35:04.685.795 [error_manager.cc:710]3904 ParseJsonFormatString:add error_code EZ9903 success
[DEBUG] GE(3904,m23_gdn_prefill_j12):2026-09-27-11:35:04.685.799 [error_manager.cc:710]3904 ParseJsonFormatString:add error_code EZ0001 success
[DEBUG] GE(3904,m23_gdn_prefill_j12):2026-09-27-11:35:04.685.802 [error_manager.cc:710]3904 ParseJsonFormatString:add error_code EZ0002 success
[DEBUG] GE(3904,m23_gdn_prefill_j12):2026-09-27-11:35:04.685.806 [error_manager.cc:710]3904 ParseJsonFormatString:add error_code EZ0003 success
[DEBUG] GE(3904,m23_gdn_prefill_j12):2026-09-27-11:35:04.685.810 [error_manager.cc:710]3904 ParseJsonFormatString:add error_code EZ0004 success
[DEBUG] GE(3904,m23_gdn_prefill_j12):2026-09-27-11:35:04.685.814 [error_manager.cc:710]3904 ParseJsonFormatString:add error_code EZ0005 success
[DEBUG] GE(3904,m23_gdn_prefill_j12):2026-09-27-11:35:04.685.818 [error_manager.cc:710]3904 ParseJsonFormatString:add error_code EZ0006 success
[DEBUG] GE(3904,m23_gdn_prefill_j12):2026-09-27-11:35:04.685.822 [error_manager.cc:710]3904 ParseJsonFormatString:add error_code EZ0007 success
[INFO] PROFILING(3904,m23_gdn_prefill_j12):2026-09-27-11:35:04.685.933 [prof_cann_plugin.cpp:390] (tid:3904) Register module[ASCENDCL(48)] callback.
[INFO] ASCENDCL(3904,m23_gdn_prefill_j12):2026-09-27-11:35:04.685.936 [acl.cpp:470]3904 aclInitImpl: set ProfilingConfig in aclInit
[INFO] ASCENDCL(3904,m23_gdn_prefill_j12):2026-09-27-11:35:04.685.938 [profiling.cpp:138]3904 HandleProfilingConfig: start to execute HandleProfilingConfig
[INFO] ASCENDCL(3904,m23_gdn_prefill_j12):2026-09-27-11:35:04.685.941 [profiling.cpp:132]3904 GetProfilingConfigFile: no profiling config file.
[INFO] ASCENDCL(3904,m23_gdn_prefill_j12):2026-09-27-11:35:04.685.943 [profiling.cpp:153]3904 HandleProfilingConfig: configPath is null, no need to do profiling.
[INFO] ASCENDCL(3904,m23_gdn_prefill_j12):2026-09-27-11:35:04.685.945 [profiling.cpp:89]3904 HandleProfilingCommand: start to execute HandleProfilingCommand
[INFO] PROFILING(3904,m23_gdn_prefill_j12):2026-09-27-11:35:04.687.260 [command_handle.cpp:163] (tid:3904) Module[RUNTIME(7)] register callback of ctrl handle.
[INFO] PROFILING(3904,m23_gdn_prefill_j12):2026-09-27-11:35:04.687.270 [command_handle.cpp:163] (tid:3904) Module[ASCENDCL(48)] register callback of ctrl handle.
[INFO] PROFILING(3904,m23_gdn_prefill_j12):2026-09-27-11:35:04.687.272 [command_handle.cpp:163] (tid:3904) Module[UNKNOWN(69)] register callback of ctrl handle.
[INFO] PROFILING(3904,m23_gdn_prefill_j12):2026-09-27-11:35:04.687.278 [msprofiler_impl.cpp:447] (tid:3904) Profiling Init useless
[INFO] PROFILING(3904,m23_gdn_prefill_j12):2026-09-27-11:35:04.687.279 [prof_cann_plugin.cpp:271] (tid:3904) Report buffer does not need to be initialized.
[DEBUG] PROFILING(3904,m23_gdn_prefill_j12):2026-09-27-11:35:04.687.281 [prof_runtime_plugin.cpp:52] (tid:3904) Init api handle from libruntime.so
[INFO] PROFILING(3904,m23_gdn_prefill_j12):2026-09-27-11:35:04.687.303 [prof_runtime_plugin.cpp:44] (tid:3904) Load api[rtCacheLastTaskOpInfo] from libruntime.so successfully.
[INFO] PROFILING(3904,m23_gdn_prefill_j12):2026-09-27-11:35:04.687.306 [prof_runtime_plugin.cpp:44] (tid:3904) Load api[rtProfilerTraceEx] from libruntime.so successfully.
[INFO] PROFILING(3904,m23_gdn_prefill_j12):2026-09-27-11:35:04.687.308 [prof_runtime_plugin.cpp:44] (tid:3904) Load api[rtsStreamGetAttribute] from libruntime.so successfully.
[INFO] PROFILING(3904,m23_gdn_prefill_j12):2026-09-27-11:35:04.687.311 [msprof_tx_manager.cpp:379] (tid:3904) [MsprofTxManager]Register MsprofReportAdditional function.
[INFO] PROFILING(3904,m23_gdn_prefill_j12):2026-09-27-11:35:04.687.313 [msprof_tx_manager.cpp:370] (tid:3904) [MsprofTxManager]Register rtProfilerTraceEx function.
[INFO] PROFILING(3904,m23_gdn_prefill_j12):2026-09-27-11:35:04.687.316 [mstx_inject.cpp:319] (tid:3904) Succeed to get func table for module 1
[INFO] PROFILING(3904,m23_gdn_prefill_j12):2026-09-27-11:35:04.687.318 [mstx_inject.cpp:319] (tid:3904) Succeed to get func table for module 2
[DEBUG] PROFILING(3904,m23_gdn_prefill_j12):2026-09-27-11:35:04.687.326 [utils.cpp:469] (tid:3904) Input path:prof.json, canonicalized path:.
[WARNING] PROFILING(3904,m23_gdn_prefill_j12):2026-09-27-11:35:04.687.328 [json_parser.cpp:53] (tid:3904) The configPathString path: [] does not exist or permission denied.
[INFO] PROFILING(3904,m23_gdn_prefill_j12):2026-09-27-11:35:04.687.331 [platform.cpp:52] (tid:3904) Profiling platform version: 1.0.
[INFO] PROFILING(3904,m23_gdn_prefill_j12):2026-09-27-11:35:04.687.335 [platform.cpp:264] (tid:3904) Succeeded to DrvGetApiVersion version: 0x72418
[INFO] DRV(3904,m23_gdn_prefill_j12):2026-09-27-11:35:04.687.345 [devdrv_manager.c:2136][ascend][curpid:3904,3904][drv][devmng][halGetDeviceInfo]Reasult of call halgetdeviceinfo. (ret=65534; module_type=0; info_type=24).
[WARNING] PROFILING(3904,m23_gdn_prefill_j12):2026-09-27-11:35:04.687.348 [ai_drv_dev_api.cpp:317] (tid:3904) Driver doesn't support DrvGetHostFreq by halGetDeviceInfo interface, ret=65534
[INFO] PROFILING(3904,m23_gdn_prefill_j12):2026-09-27-11:35:04.687.350 [ai_drv_dev_api.cpp:36] (tid:3904) Succeeded to drvGetDevNum, numDev=1
[INFO] PROFILING(3904,m23_gdn_prefill_j12):2026-09-27-11:35:04.687.352 [ai_drv_dev_api.cpp:55] (tid:3904) Succeeded to drvGetDevIDs, numDevices=1
[INFO] PROFILING(3904,m23_gdn_prefill_j12):2026-09-27-11:35:04.687.363 [config_manager.cpp:92] (tid:3904) Success to get chip id: 15.
[INFO] PROFILING(3904,m23_gdn_prefill_j12):2026-09-27-11:35:04.687.368 [platform.cpp:69] (tid:3904) Profiling platform type: 15
[INFO] PROFILING(3904,m23_gdn_prefill_j12):2026-09-27-11:35:04.687.376 [msprofiler_impl.cpp:95] (tid:3904) Dynamic profiling environment not really set, so do nothing.
[INFO] ASCENDCL(3904,m23_gdn_prefill_j12):2026-09-27-11:35:04.687.379 [profiling.cpp:119]3904 HandleProfilingCommand: set profiling config successfully
[INFO] ASCENDCL(3904,m23_gdn_prefill_j12):2026-09-27-11:35:04.687.381 [acl_rt_impl_base.cpp:206]3904 aclrtGetSocNameImpl: start to execute aclrtGetSocName.
[WARNING] RUNTIME(3904,m23_gdn_prefill_j12):2026-09-27-11:35:04.687.385 [heterogenous.cc:22] 3904 ReadHeterogenousModeFromConfigIni: can not read ASCEND_LATEST_INSTALL_PATH! isHeterogenous=0.
[DEBUG] RUNTIME(3904,m23_gdn_prefill_j12):2026-09-27-11:35:04.687.388 [api_c_soc.cc:30] 3904 GetSocVersionStr:[drv api] drvGetDevNum=1 ret=0
[DEBUG] RUNTIME(3904,m23_gdn_prefill_j12):2026-09-27-11:35:04.687.391 [api_c_soc.cc:33] 3904 GetSocVersionStr:[drv api] halGetSocVersion device_id=0 drv ret=0
[DEBUG] RUNTIME(3904,m23_gdn_prefill_j12):2026-09-27-11:35:04.687.394 [api_c_soc.cc:75] 3904 rtGetSocVersion:soc version: Ascend950PR_9579
[INFO] RUNTIME(3904,m23_gdn_prefill_j12):2026-09-27-11:35:04.687.396 [api_c_soc.cc:84] 3904 rtGetSocVersion: soc version is Ascend950PR_9579
[INFO] ASCENDCL(3904,m23_gdn_prefill_j12):2026-09-27-11:35:04.687.398 [acl_rt_impl_base.cpp:135]3904 InitSocVersion: get SocVersion success, SocVersion = Ascend950PR_9579
[INFO] ASCENDCL(3904,m23_gdn_prefill_j12):2026-09-27-11:35:04.687.400 [acl_rt_impl_base.cpp:213]3904 aclrtGetSocNameImpl: execute aclrtGetSocName successfully
[INFO] ASCENDCL(3904,m23_gdn_prefill_j12):2026-09-27-11:35:04.687.403 [acl.cpp:340]3904 IsEnableAutoUCMemeory: auto-uc-memory is enabled.
[INFO] ASCENDCL(3904,m23_gdn_prefill_j12):2026-09-27-11:35:04.687.405 [acl.cpp:494]3904 aclInitImpl: register kernel launch fill function in aclInit
[INFO] RUNTIME(3904,m23_gdn_prefill_j12):2026-09-27-11:35:04.687.409 [runtime.cc:4625] 3904 RegKernelLaunchFillFunc: register callback finish, symbol:g_opSystemRunCfg.
[INFO] ASCENDCL(3904,m23_gdn_prefill_j12):2026-09-27-11:35:04.687.411 [acl.cpp:790]3904 aclsysGetCANNVersionImpl: start to execute aclsysGetCANNVersion.
[INFO] ASCENDCL(3904,m23_gdn_prefill_j12):2026-09-27-11:35:04.687.414 [acl.cpp:793]3904 aclsysGetCANNVersionImpl: enum name id is [0], enum name is [runtime].
[INFO] ASCENDCL(3904,m23_gdn_prefill_j12):2026-09-27-11:35:04.687.416 [acl.cpp:812]3904 aclsysGetCANNVersionImpl: value of env [ASCEND_HOME_PATH] is [/usr/local/Ascend/cann-9.1.0].
[DEBUG] ASCENDCL(3904,m23_gdn_prefill_j12):2026-09-27-11:35:04.687.439 [acl.cpp:677]3904 ParseVersionInfo: Parse version success, content is [Version=9.1.0].
[INFO] ASCENDCL(3904,m23_gdn_prefill_j12):2026-09-27-11:35:04.687.445 [acl.cpp:775]3904 GetCANNVersionInternal: versionInfo is [9.1.0].
[INFO] ASCENDCL(3904,m23_gdn_prefill_j12):2026-09-27-11:35:04.687.452 [acl.cpp:350]3904 GetAllPackageVersion: Version of runtime package is 9.1.0
[INFO] ASCENDCL(3904,m23_gdn_prefill_j12):2026-09-27-11:35:04.687.454 [acl.cpp:790]3904 aclsysGetCANNVersionImpl: start to execute aclsysGetCANNVersion.
[INFO] ASCENDCL(3904,m23_gdn_prefill_j12):2026-09-27-11:35:04.687.456 [acl.cpp:793]3904 aclsysGetCANNVersionImpl: enum name id is [1], enum name is [runtime].
[INFO] ASCENDCL(3904,m23_gdn_prefill_j12):2026-09-27-11:35:04.687.457 [acl.cpp:812]3904 aclsysGetCANNVersionImpl: value of env [ASCEND_HOME_PATH] is [/usr/local/Ascend/cann-9.1.0].
[DEBUG] ASCENDCL(3904,m23_gdn_prefill_j12):2026-09-27-11:35:04.687.467 [acl.cpp:677]3904 ParseVersionInfo: Parse version success, content is [Version=9.1.0].
[INFO] ASCENDCL(3904,m23_gdn_prefill_j12):2026-09-27-11:35:04.687.470 [acl.cpp:775]3904 GetCANNVersionInternal: versionInfo is [9.1.0].
[INFO] ASCENDCL(3904,m23_gdn_prefill_j12):2026-09-27-11:35:04.687.472 [acl.cpp:350]3904 GetAllPackageVersion: Version of runtime package is 9.1.0
[INFO] ASCENDCL(3904,m23_gdn_prefill_j12):2026-09-27-11:35:04.687.474 [acl.cpp:790]3904 aclsysGetCANNVersionImpl: start to execute aclsysGetCANNVersion.
[INFO] ASCENDCL(3904,m23_gdn_prefill_j12):2026-09-27-11:35:04.687.476 [acl.cpp:793]3904 aclsysGetCANNVersionImpl: enum name id is [2], enum name is [bisheng-compiler].
[INFO] ASCENDCL(3904,m23_gdn_prefill_j12):2026-09-27-11:35:04.687.478 [acl.cpp:812]3904 aclsysGetCANNVersionImpl: value of env [ASCEND_HOME_PATH] is [/usr/local/Ascend/cann-9.1.0].
[DEBUG] ASCENDCL(3904,m23_gdn_prefill_j12):2026-09-27-11:35:04.687.489 [acl.cpp:677]3904 ParseVersionInfo: Parse version success, content is [Version=9.1.0].
[INFO] ASCENDCL(3904,m23_gdn_prefill_j12):2026-09-27-11:35:04.687.492 [acl.cpp:775]3904 GetCANNVersionInternal: versionInfo is [9.1.0].
[INFO] ASCENDCL(3904,m23_gdn_prefill_j12):2026-09-27-11:35:04.687.494 [acl.cpp:350]3904 GetAllPackageVersion: Version of bisheng-compiler package is 9.1.0
[INFO] ASCENDCL(3904,m23_gdn_prefill_j12):2026-09-27-11:35:04.687.497 [acl.cpp:790]3904 aclsysGetCANNVersionImpl: start to execute aclsysGetCANNVersion.
[INFO] ASCENDCL(3904,m23_gdn_prefill_j12):2026-09-27-11:35:04.687.498 [acl.cpp:793]3904 aclsysGetCANNVersionImpl: enum name id is [3], enum name is [hccl].
[INFO] ASCENDCL(3904,m23_gdn_prefill_j12):2026-09-27-11:35:04.687.500 [acl.cpp:812]3904 aclsysGetCANNVersionImpl: value of env [ASCEND_HOME_PATH] is [/usr/local/Ascend/cann-9.1.0].
[DEBUG] ASCENDCL(3904,m23_gdn_prefill_j12):2026-09-27-11:35:04.687.511 [acl.cpp:677]3904 ParseVersionInfo: Parse version success, content is [Version=9.1.0].
[INFO] ASCENDCL(3904,m23_gdn_prefill_j12):2026-09-27-11:35:04.687.513 [acl.cpp:775]3904 GetCANNVersionInternal: versionInfo is [9.1.0].
[INFO] ASCENDCL(3904,m23_gdn_prefill_j12):2026-09-27-11:35:04.687.516 [acl.cpp:350]3904 GetAllPackageVersion: Version of hccl package is 9.1.0
[INFO] ASCENDCL(3904,m23_gdn_prefill_j12):2026-09-27-11:35:04.687.518 [acl.cpp:790]3904 aclsysGetCANNVersionImpl: start to execute aclsysGetCANNVersion.
[INFO] ASCENDCL(3904,m23_gdn_prefill_j12):2026-09-27-11:35:04.687.519 [acl.cpp:793]3904 aclsysGetCANNVersionImpl: enum name id is [4], enum name is [oam-tools].
[INFO] ASCENDCL(3904,m23_gdn_prefill_j12):2026-09-27-11:35:04.687.521 [acl.cpp:812]3904 aclsysGetCANNVersionImpl: value of env [ASCEND_HOME_PATH] is [/usr/local/Ascend/cann-9.1.0].
[INFO] ASCENDCL(3904,m23_gdn_prefill_j12):2026-09-27-11:35:04.687.527 [acl.cpp:755]3904 GetCANNVersionInternal: [Check]versionInfoPath [/usr/local/Ascend/cann-9.1.0/share/info/oam-tools/version.info] does not exist, try use Alternative versionInfoPath.
[INFO] ASCENDCL(3904,m23_gdn_prefill_j12):2026-09-27-11:35:04.687.530 [acl.cpp:761]3904 GetCANNVersionInternal: [Check]use Alternative versionInfoPath [/usr/local/Ascend/cann-9.1.0/share/info/oam_tools/version.info].
[DEBUG] ASCENDCL(3904,m23_gdn_prefill_j12):2026-09-27-11:35:04.687.541 [acl.cpp:677]3904 ParseVersionInfo: Parse version success, content is [Version=9.1.0].
[INFO] ASCENDCL(3904,m23_gdn_prefill_j12):2026-09-27-11:35:04.687.544 [acl.cpp:775]3904 GetCANNVersionInternal: versionInfo is [9.1.0].
[INFO] ASCENDCL(3904,m23_gdn_prefill_j12):2026-09-27-11:35:04.687.546 [acl.cpp:350]3904 GetAllPackageVersion: Version of oam-tools package is 9.1.0
[INFO] ASCENDCL(3904,m23_gdn_prefill_j12):2026-09-27-11:35:04.687.548 [acl.cpp:790]3904 aclsysGetCANNVersionImpl: start to execute aclsysGetCANNVersion.
[INFO] ASCENDCL(3904,m23_gdn_prefill_j12):2026-09-27-11:35:04.687.550 [acl.cpp:793]3904 aclsysGetCANNVersionImpl: enum name id is [5], enum name is [ops-legacy].
[INFO] ASCENDCL(3904,m23_gdn_prefill_j12):2026-09-27-11:35:04.687.551 [acl.cpp:812]3904 aclsysGetCANNVersionImpl: value of env [ASCEND_HOME_PATH] is [/usr/local/Ascend/cann-9.1.0].
[INFO] ASCENDCL(3904,m23_gdn_prefill_j12):2026-09-27-11:35:04.687.557 [acl.cpp:755]3904 GetCANNVersionInternal: [Check]versionInfoPath [/usr/local/Ascend/cann-9.1.0/share/info/ops-legacy/version.info] does not exist, try use Alternative versionInfoPath.
[INFO] ASCENDCL(3904,m23_gdn_prefill_j12):2026-09-27-11:35:04.687.560 [acl.cpp:761]3904 GetCANNVersionInternal: [Check]use Alternative versionInfoPath [/usr/local/Ascend/cann-9.1.0/share/info/ops_legacy/version.info].
[DEBUG] ASCENDCL(3904,m23_gdn_prefill_j12):2026-09-27-11:35:04.687.571 [acl.cpp:677]3904 ParseVersionInfo: Parse version success, content is [Version=9.1.0].
[INFO] ASCENDCL(3904,m23_gdn_prefill_j12):2026-09-27-11:35:04.687.573 [acl.cpp:775]3904 GetCANNVersionInternal: versionInfo is [9.1.0].
[INFO] ASCENDCL(3904,m23_gdn_prefill_j12):2026-09-27-11:35:04.687.576 [acl.cpp:350]3904 GetAllPackageVersion: Version of ops-legacy package is 9.1.0
[INFO] ASCENDCL(3904,m23_gdn_prefill_j12):2026-09-27-11:35:04.687.577 [acl.cpp:790]3904 aclsysGetCANNVersionImpl: start to execute aclsysGetCANNVersion.
[INFO] ASCENDCL(3904,m23_gdn_prefill_j12):2026-09-27-11:35:04.687.579 [acl.cpp:793]3904 aclsysGetCANNVersionImpl: enum name id is [6], enum name is [ops-legacy].
[INFO] ASCENDCL(3904,m23_gdn_prefill_j12):2026-09-27-11:35:04.687.581 [acl.cpp:812]3904 aclsysGetCANNVersionImpl: value of env [ASCEND_HOME_PATH] is [/usr/local/Ascend/cann-9.1.0].
[INFO] ASCENDCL(3904,m23_gdn_prefill_j12):2026-09-27-11:35:04.687.587 [acl.cpp:755]3904 GetCANNVersionInternal: [Check]versionInfoPath [/usr/local/Ascend/cann-9.1.0/share/info/ops-legacy/version.info] does not exist, try use Alternative versionInfoPath.
[INFO] ASCENDCL(3904,m23_gdn_prefill_j12):2026-09-27-11:35:04.687.589 [acl.cpp:761]3904 GetCANNVersionInternal: [Check]use Alternative versionInfoPath [/usr/local/Ascend/cann-9.1.0/share/info/ops_legacy/version.info].
[DEBUG] ASCENDCL(3904,m23_gdn_prefill_j12):2026-09-27-11:35:04.687.597 [acl.cpp:677]3904 ParseVersionInfo: Parse version success, content is [Version=9.1.0].
[INFO] ASCENDCL(3904,m23_gdn_prefill_j12):2026-09-27-11:35:04.687.599 [acl.cpp:775]3904 GetCANNVersionInternal: versionInfo is [9.1.0].
[INFO] ASCENDCL(3904,m23_gdn_prefill_j12):2026-09-27-11:35:04.687.602 [acl.cpp:350]3904 GetAllPackageVersion: Version of ops-legacy package is 9.1.0
[INFO] ASCENDCL(3904,m23_gdn_prefill_j12):2026-09-27-11:35:04.687.604 [acl.cpp:790]3904 aclsysGetCANNVersionImpl: start to execute aclsysGetCANNVersion.
[INFO] ASCENDCL(3904,m23_gdn_prefill_j12):2026-09-27-11:35:04.687.606 [acl.cpp:793]3904 aclsysGetCANNVersionImpl: enum name id is [7], enum name is [driver].
[DEBUG] ASCENDCL(3904,m23_gdn_prefill_j12):2026-09-27-11:35:04.687.613 [acl.cpp:736]3904 GetDriverPath: Parse driver path success, content is [Driver_Install_Path_Param=/usr/local/Ascend].
[INFO] ASCENDCL(3904,m23_gdn_prefill_j12):2026-09-27-11:35:04.687.616 [acl.cpp:740]3904 GetDriverPath: driver path is [/usr/local/Ascend].
[DEBUG] ASCENDCL(3904,m23_gdn_prefill_j12):2026-09-27-11:35:04.687.624 [acl.cpp:677]3904 ParseVersionInfo: Parse version success, content is [Version=25.7.rc1.6].
[INFO] ASCENDCL(3904,m23_gdn_prefill_j12):2026-09-27-11:35:04.687.627 [acl.cpp:775]3904 GetCANNVersionInternal: versionInfo is [25.7.rc1.6].
[INFO] ASCENDCL(3904,m23_gdn_prefill_j12):2026-09-27-11:35:04.687.629 [acl.cpp:350]3904 GetAllPackageVersion: Version of driver package is 25.7.rc1.6
[INFO] ASCENDCL(3904,m23_gdn_prefill_j12):2026-09-27-11:35:04.687.631 [acl.cpp:523]3904 aclInitImpl: successfully execute aclInit, aclInitRefCount is 1
[INFO] ASCENDCL(3904,m23_gdn_prefill_j12):2026-09-27-11:35:04.687.636 [device.cpp:56]3904 aclrtSetDeviceImpl: start to execute aclrtSetDevice, deviceId = 0.
[INFO] RUNTIME(3904,m23_gdn_prefill_j12):2026-09-27-11:35:04.687.654 [npu_driver.cc:93] 3904 NpuDriver: Run mode=1 [0:offline, 1:online], env type=3
[DEBUG] RUNTIME(3904,m23_gdn_prefill_j12):2026-09-27-11:35:04.687.658 [npu_driver.cc:149] 3904 GetDeviceCount:device count=1.
[INFO] RUNTIME(3904,m23_gdn_prefill_j12):2026-09-27-11:35:04.687.660 [api_impl.cc:3235] 3904 SetDevice: drv devId=0.
[INFO] RUNTIME(3904,m23_gdn_prefill_j12):2026-09-27-11:35:04.687.662 [runtime.cc:2701] 3904 DeviceRetain: [dlog api] DlogReportStart exist.
[DEBUG] DRV(3904,m23_gdn_prefill_j12):2026-09-27-11:35:04.687.666 [hdc_client.c:240][ascend][curpid:3904,3904][drv][hdc][drv_hdc_client_alloc_session]Client alloc session success.
[INFO] DRV(3904,m23_gdn_prefill_j12):2026-09-27-11:35:04.688.671 [hdc_core.c:1733][ascend][curpid:3904,3904][drv][hdc][drvHdcSetSessionReference]Get pid number. (session=11843; pid=3904)
[INFO] RUNTIME(3904,m23_gdn_prefill_j12):2026-09-27-11:35:04.689.158 [runtime.cc:2708] 3904 DeviceRetain: [dlog api] AtraceReportStart exist.
[INFO] ATRACE(3904,m23_gdn_prefill_j12):2026-09-27-11:35:04.689.162 [atrace_client_communication.c:103](tid:3904) send [hello] msg.
[INFO] ATRACE(3904,m23_gdn_prefill_j12):2026-09-27-11:35:04.689.164 [atrace_client_communication.c:63](tid:3904) send msg by adx[begin], resultLen=1024 bytes.
[DEBUG] DRV(3904,m23_gdn_prefill_j12):2026-09-27-11:35:04.689.170 [hdc_client.c:108][ascend][curpid:3904,3904][drv][hdc][drvHdcClientCreate]Create client success.
[DEBUG] DRV(3904,m23_gdn_prefill_j12):2026-09-27-11:35:04.689.172 [hdc_client.c:240][ascend][curpid:3904,3904][drv][hdc][drv_hdc_client_alloc_session]Client alloc session success.
[INFO] DRV(3904,m23_gdn_prefill_j12):2026-09-27-11:35:04.691.963 [hdc_core.c:1733][ascend][curpid:3904,3904][drv][hdc][drvHdcSetSessionReference]Get pid number. (session=11844; pid=3904)
[INFO] DRV(3904,m23_gdn_prefill_j12):2026-09-27-11:35:04.693.590 [hdc_client.c:434][ascend][curpid:3904,3904][drv][hdc][drv_hdc_client_session_close]Destroy client session. (sock=11844)
[DEBUG] DRV(3904,m23_gdn_prefill_j12):2026-09-27-11:35:04.694.337 [hdc_client.c:264][ascend][curpid:3904,3904][drv][hdc][drv_hdc_client_free_session]Client free session.
[DEBUG] DRV(3904,m23_gdn_prefill_j12):2026-09-27-11:35:04.694.340 [hdc_client.c:184][ascend][curpid:3904,3904][drv][hdc][drvHdcClientDestroy]Destroy client.
[INFO] ATRACE(3904,m23_gdn_prefill_j12):2026-09-27-11:35:04.694.342 [atrace_client_communication.c:65](tid:3904) send msg by adx[finish], ret=0.
[INFO] ATRACE(3904,m23_gdn_prefill_j12):2026-09-27-11:35:04.694.344 [atrace_client_communication.c:97](tid:3904) msgType=1, magic=49959, version=1.
[INFO] ATRACE(3904,m23_gdn_prefill_j12):2026-09-27-11:35:04.694.347 [atrace_client_communication.c:135](tid:3904) send [hello] msg successfully.
[INFO] ATRACE(3904,m23_gdn_prefill_j12):2026-09-27-11:35:04.694.380 [atrace_client_core.c:160](tid:3904) start to receive device[0] trace log.
[DEBUG] RUNTIME(3904,m23_gdn_prefill_j12):2026-09-27-11:35:04.694.385 [device_state_callback_manager.cc:76] 3904 Notify:notify device:0 isOpen:false, notifyPos=1.
[INFO] RUNTIME(3904,m23_gdn_prefill_j12):2026-09-27-11:35:04.694.388 [runtime.cc:1856] 3904 startAicpuExecutor: TsdOpen devId=0
[WARNING] TDT(3904,m23_gdn_prefill_j12):2026-09-27-11:35:04.694.392 [env_internal_api.cpp:21][GetEnvFromMmSys][tid:3904] Get env[ASCEND_RT_VISIBLE_DEVICES] failed
[INFO] TDT(3904,m23_gdn_prefill_j12):2026-09-27-11:35:04.694.395 [client_manager.cpp:477][GetVisibleDevices][tid:3904] [TsdClient] Get env ASCEND_RT_VISIBLE_DEVICES [].
[INFO] TDT(3904,m23_gdn_prefill_j12):2026-09-27-11:35:04.694.401 [client_manager.cpp:172][GetPlatformInfo][tid:3904] [TsdClient] mode[1] chipType[15]
[INFO] TDT(3904,m23_gdn_prefill_j12):2026-09-27-11:35:04.694.405 [client_manager.cpp:139][GetInstance][tid:3904] [ClientManager] GetInstance, deviceId[0], g_runningMode[0], begin saving instance
[INFO] TDT(3904,m23_gdn_prefill_j12):2026-09-27-11:35:04.694.408 [client_manager.cpp:141][GetInstance][tid:3904] [ClientManager] Current mode:1
[WARNING] TDT(3904,m23_gdn_prefill_j12):2026-09-27-11:35:04.694.411 [env_internal_api.cpp:21][GetEnvFromMmSys][tid:3904] Get env[AICPU_PROFILING_MODE] failed
[INFO] TDT(3904,m23_gdn_prefill_j12):2026-09-27-11:35:04.694.413 [client_manager.cpp:382][GetProfilingMode][tid:3904] Get AICPU_PROFILING_MODE[]
[WARNING] TDT(3904,m23_gdn_prefill_j12):2026-09-27-11:35:04.694.422 [env_internal_api.cpp:21][GetEnvFromMmSys][tid:3904] Get env[ASCEND_GLOBAL_EVENT_ENABLE] failed
[DEBUG] DRV(3904,m23_gdn_prefill_j12):2026-09-27-11:35:04.694.417 [hdc_client.c:108][ascend][curpid:3904,3910][drv][hdc][drvHdcClientCreate]Create client success.
[WARNING] TDT(3904,m23_gdn_prefill_j12):2026-09-27-11:35:04.694.424 [env_internal_api.cpp:21][GetEnvFromMmSys][tid:3904] Get env[ASCEND_MODULE_LOG_LEVEL] failed
[INFO] TDT(3904,m23_gdn_prefill_j12):2026-09-27-11:35:04.694.427 [process_mode_base.cpp:145][GetLogLevel][tid:3904] [TsdClient] get ASCEND_GLOBAL_LOG_LEVEL [0] ASCEND_GLOBAL_EVENT_ENABLE [] ASCEND_MODULE_LOG_LEVEL []
[DEBUG] DRV(3904,m23_gdn_prefill_j12):2026-09-27-11:35:04.694.429 [hdc_client.c:240][ascend][curpid:3904,3910][drv][hdc][drv_hdc_client_alloc_session]Client alloc session success.
[INFO] TDT(3904,m23_gdn_prefill_j12):2026-09-27-11:35:04.694.453 [process_mode_base.cpp:157][GetLogLevel][tid:3904] [TsdClient] Get Log Level[100]
[INFO] TDT(3904,m23_gdn_prefill_j12):2026-09-27-11:35:04.694.458 [process_mode_manager.cpp:132][OpenProcess][tid:3904] [ProcessModeManager] enter into open process deviceId[0] rankSize[0]
[INFO] TDT(3904,m23_gdn_prefill_j12):2026-09-27-11:35:04.694.461 [process_mode_base.cpp:194][CheckNeedToOpen][tid:3904] [TsdClient] get open para startCp[1] startHccp[0] (0:false 1:true)
[INFO] TDT(3904,m23_gdn_prefill_j12):2026-09-27-11:35:04.694.479 [process_mode_base.cpp:205][GetHostSoPath][tid:3904] dli_fname[/usr/local/Ascend/driver/lib64/driver/libascend_hal.so]
[INFO] TDT(3904,m23_gdn_prefill_j12):2026-09-27-11:35:04.694.482 [process_mode_base.cpp:217][GetHostSoPath][tid:3904] host so path[/usr/local/Ascend/driver/lib64/driver/]
[INFO] TDT(3904,m23_gdn_prefill_j12):2026-09-27-11:35:04.694.491 [process_mode_manager.cpp:269][IsSupportCommonSink][tid:3904] mutexFile[/usr/local/Ascend/driver/lib64/driver/sink_file_mutex_0.cfg] found means supporting common sink
[INFO] TDT(3904,m23_gdn_prefill_j12):2026-09-27-11:35:04.694.561 [process_mode_manager.cpp:554][InitTsdClient][tid:3904] [TsdClient][deviceId=0] get process sign success, procPid[3198692]
[INFO] TDT(3904,m23_gdn_prefill_j12):2026-09-27-11:35:04.694.563 [process_mode_manager.cpp:561][InitTsdClient][tid:3904] [TsdClient] deviceId[0] begin to init hdc client
[DEBUG] DRV(3904,m23_gdn_prefill_j12):2026-09-27-11:35:04.694.568 [hdc_client.c:108][ascend][curpid:3904,3904][drv][hdc][drvHdcClientCreate]Create client success.
[INFO] TDT(3904,m23_gdn_prefill_j12):2026-09-27-11:35:04.694.570 [hdc_common.cpp:62][InitMsgSize][tid:3904] HdcCommon::InitMsgSize Start
[INFO] TDT(3904,m23_gdn_prefill_j12):2026-09-27-11:35:04.694.572 [hdc_common.cpp:75][InitMsgSize][tid:3904] msgMaxSize_ = 524288 bytes, msgShortHeadDataMaxSize_ = 524276 bytes, msgLongHeadDataMaxSize_ = 524264 bytes
[INFO] TDT(3904,m23_gdn_prefill_j12):2026-09-27-11:35:04.694.575 [hdc_client.cpp:146][CommCreateSession][tid:3904] HdcClient::CommCreateSession Start
[DEBUG] DRV(3904,m23_gdn_prefill_j12):2026-09-27-11:35:04.694.578 [hdc_client.c:240][ascend][curpid:3904,3904][drv][hdc][drv_hdc_client_alloc_session]Client alloc session success.
[INFO] DRV(3904,m23_gdn_prefill_j12):2026-09-27-11:35:04.724.453 [hdc_core.c:1733][ascend][curpid:3904,3910][drv][hdc][drvHdcSetSessionReference]Get pid number. (session=11845; pid=3904)
[INFO] TDT(3904,m23_gdn_prefill_j12):2026-09-27-11:35:04.725.079 [hdc_client.cpp:170][CommCreateSession][tid:3904] [HdcClient] deviceId: 0 connect session
[INFO] DRV(3904,m23_gdn_prefill_j12):2026-09-27-11:35:04.725.095 [hdc_core.c:1733][ascend][curpid:3904,3904][drv][hdc][drvHdcSetSessionReference]Get pid number. (session=11846; pid=3904)
[INFO] TDT(3904,m23_gdn_prefill_j12):2026-09-27-11:35:04.725.098 [hdc_client.cpp:181][CommCreateSession][tid:3904] [HdcClient] drvHdcSetSessionReference success
[INFO] TDT(3904,m23_gdn_prefill_j12):2026-09-27-11:35:04.725.101 [hdc_client.cpp:192][CommCreateSession][tid:3904] [HdcClient] deviceId: 0 connect session and drvHdcSetSessionReference success, sessionId=1
[INFO] TDT(3904,m23_gdn_prefill_j12):2026-09-27-11:35:04.725.105 [version_verify.cpp:39][SetVersionInfo][tid:3904] VersionVerify: send client version to server
[INFO] TDT(3904,m23_gdn_prefill_j12):2026-09-27-11:35:04.725.108 [version_verify.cpp:55][SetVersionInfo][tid:3904] send feature_info:{msgType:35, features:{check before send aicpu package}}
[INFO] TDT(3904,m23_gdn_prefill_j12):2026-09-27-11:35:04.725.111 [version_verify.cpp:55][SetVersionInfo][tid:3904] send feature_info:{msgType:37, features:{check before send open qs message}}
[INFO] TDT(3904,m23_gdn_prefill_j12):2026-09-27-11:35:04.725.113 [version_verify.cpp:55][SetVersionInfo][tid:3904] send feature_info:{msgType:64, features:{get check code retry}}
[INFO] ATRACE(3904,m23_gdn_prefill_j12):2026-09-27-11:35:04.725.575 [atrace_client_communication.c:177](tid:3910) send [start] msg.
[WARNING] TDT(3904,m23_gdn_prefill_j12):2026-09-27-11:35:04.725.680 [tsd_util_func.cpp:150][GetScheduleEnv][tid:3904] Get env[DATAMASTER_RUN_MODE] failed
[INFO] ATRACE(3904,m23_gdn_prefill_j12):2026-09-27-11:35:04.725.990 [atrace_client_communication.c:189](tid:3910) send [start] msg successfully.
[INFO] TDT(3904,m23_gdn_prefill_j12):2026-09-27-11:35:04.734.733 [version_verify.cpp:71][PeerVersionCheck][tid:3904] VersionVerify: Check client version info, server[1230], client[1230]
[INFO] TDT(3904,m23_gdn_prefill_j12):2026-09-27-11:35:04.734.739 [version_verify.cpp:92][ParseVersionInfo][tid:3904] VersionVerify: pass client version info success
[INFO] TDT(3904,m23_gdn_prefill_j12):2026-09-27-11:35:04.734.741 [hdc_client.cpp:243][CheckHdcConnection][tid:3904] Service create hdc successfully.
[INFO] TDT(3904,m23_gdn_prefill_j12):2026-09-27-11:35:04.734.748 [process_mode_manager.cpp:2510][GetShortSocVersion][tid:3904] get soc_version:Ascend950PR_9579
[INFO] FE(3904,m23_gdn_prefill_j12):2026-09-27-11:35:04.734.766 [platform_info.cpp:75]3904 GetConfigFilePath:Current so file path is [/usr/local/Ascend/cann-9.1.0/x86_64-linux/].
[DEBUG] FE(3904,m23_gdn_prefill_j12):2026-09-27-11:35:04.734.776 [platform_info.cpp:177]3904 EnsureSocVersionLoaded:Begin to load ini file[/usr/local/Ascend/cann-9.1.0/x86_64-linux/data/platform_config/Ascend950PR_9579.ini].
[DEBUG] FE(3904,m23_gdn_prefill_j12):2026-09-27-11:35:04.735.586 [platform_info.cpp:896]3904 AssemblePlatformInfoVector:The platform info's os soc version[Ascend950PR_9579] has been initialized.
[INFO] TDT(3904,m23_gdn_prefill_j12):2026-09-27-11:35:04.735.618 [process_mode_manager.cpp:2520][GetShortSocVersion][tid:3904] get short_soc_version:Ascend950
[INFO] TDT(3904,m23_gdn_prefill_j12):2026-09-27-11:35:04.735.634 [package_process_config.cpp:114][GetHostFilePath][tid:3904] get config path:/usr/local/Ascend/cann-9.1.0//conf/ascend_package_load.ini
[INFO] TDT(3904,m23_gdn_prefill_j12):2026-09-27-11:35:04.735.660 [package_process_config.cpp:142][ParseConfigDataFromFile][tid:3904] read config data current line:name:Ascend-aicpu_legacy.tar.gz
[INFO] TDT(3904,m23_gdn_prefill_j12):2026-09-27-11:35:04.735.674 [package_process_config.cpp:114][GetHostFilePath][tid:3904] get config path:/usr/local/Ascend/cann-9.1.0/opp/Ascend/aicpu/Ascend-aicpu_legacy.tar.gz
[INFO] TDT(3904,m23_gdn_prefill_j12):2026-09-27-11:35:04.735.676 [package_process_config.cpp:424][SetPkgHostTruePath][tid:3904] get package:Ascend-aicpu_legacy.tar.gz host real path:/usr/local/Ascend/cann-9.1.0/opp/Ascend/aicpu/Ascend-aicpu_legacy.tar.gz
[INFO] TDT(3904,m23_gdn_prefill_j12):2026-09-27-11:35:04.735.680 [package_process_config.cpp:45][PrintfInfo][tid:3904] package:Ascend-aicpu_legacy.tar.gz, decDstDir:2, findPath:opp, hostTruePath:/usr/local/Ascend/cann-9.1.0/opp/Ascend/aicpu/Ascend-aicpu_legacy.tar.gz, optionalFlag:1, validFlag:1, loadAsPerSocFlag:0
[INFO] TDT(3904,m23_gdn_prefill_j12):2026-09-27-11:35:04.735.683 [package_process_config.cpp:264][SetConfigDataOnHost][tid:3904] insert package:Ascend-aicpu_legacy.tar.gz config
[INFO] TDT(3904,m23_gdn_prefill_j12):2026-09-27-11:35:04.735.686 [package_process_config.cpp:142][ParseConfigDataFromFile][tid:3904] read config data current line:name:Ascend910-aicpu_legacy.tar.gz
[INFO] TDT(3904,m23_gdn_prefill_j12):2026-09-27-11:35:04.735.700 [package_process_config.cpp:111][GetHostFilePath][tid:3904] cannot get package file:/usr/local/Ascend/cann-9.1.0/opp/Ascend/aicpu/Ascend910-aicpu_legacy.tar.gz, reason:No such file or directory
[INFO] TDT(3904,m23_gdn_prefill_j12):2026-09-27-11:35:04.735.703 [package_process_config.cpp:424][SetPkgHostTruePath][tid:3904] get package:Ascend910-aicpu_legacy.tar.gz host real path:
[INFO] TDT(3904,m23_gdn_prefill_j12):2026-09-27-11:35:04.735.705 [package_process_config.cpp:45][PrintfInfo][tid:3904] package:Ascend910-aicpu_legacy.tar.gz, decDstDir:2, findPath:opp, hostTruePath:, optionalFlag:1, validFlag:1, loadAsPerSocFlag:0
[INFO] TDT(3904,m23_gdn_prefill_j12):2026-09-27-11:35:04.735.723 [package_process_config.cpp:264][SetConfigDataOnHost][tid:3904] insert package:Ascend910-aicpu_legacy.tar.gz config
[INFO] TDT(3904,m23_gdn_prefill_j12):2026-09-27-11:35:04.735.726 [package_process_config.cpp:142][ParseConfigDataFromFile][tid:3904] read config data current line:name:Ascend310P-aicpu_legacy.tar.gz
[INFO] TDT(3904,m23_gdn_prefill_j12):2026-09-27-11:35:04.735.745 [package_process_config.cpp:111][GetHostFilePath][tid:3904] cannot get package file:/usr/local/Ascend/cann-9.1.0/opp/Ascend/aicpu/Ascend310P-aicpu_legacy.tar.gz, reason:No such file or directory
[INFO] TDT(3904,m23_gdn_prefill_j12):2026-09-27-11:35:04.735.747 [package_process_config.cpp:424][SetPkgHostTruePath][tid:3904] get package:Ascend310P-aicpu_legacy.tar.gz host real path:
[INFO] TDT(3904,m23_gdn_prefill_j12):2026-09-27-11:35:04.735.749 [package_process_config.cpp:45][PrintfInfo][tid:3904] package:Ascend310P-aicpu_legacy.tar.gz, decDstDir:2, findPath:opp, hostTruePath:, optionalFlag:1, validFlag:1, loadAsPerSocFlag:0
[INFO] TDT(3904,m23_gdn_prefill_j12):2026-09-27-11:35:04.735.752 [package_process_config.cpp:264][SetConfigDataOnHost][tid:3904] insert package:Ascend310P-aicpu_legacy.tar.gz config
[INFO] TDT(3904,m23_gdn_prefill_j12):2026-09-27-11:35:04.735.754 [package_process_config.cpp:142][ParseConfigDataFromFile][tid:3904] read config data current line:name:aicpu_hccl.tar.gz
[INFO] TDT(3904,m23_gdn_prefill_j12):2026-09-27-11:35:04.735.772 [package_process_config.cpp:114][GetHostFilePath][tid:3904] get config path:/usr/local/Ascend/cann-9.1.0/opp/built-in/op_impl/aicpu/kernel/aicpu_hccl.tar.gz
[INFO] TDT(3904,m23_gdn_prefill_j12):2026-09-27-11:35:04.735.775 [package_process_config.cpp:424][SetPkgHostTruePath][tid:3904] get package:aicpu_hccl.tar.gz host real path:/usr/local/Ascend/cann-9.1.0/opp/built-in/op_impl/aicpu/kernel/aicpu_hccl.tar.gz
[INFO] TDT(3904,m23_gdn_prefill_j12):2026-09-27-11:35:04.735.777 [package_process_config.cpp:45][PrintfInfo][tid:3904] package:aicpu_hccl.tar.gz, decDstDir:2, findPath:opp/built-in/op_impl/aicpu/kernel, hostTruePath:/usr/local/Ascend/cann-9.1.0/opp/built-in/op_impl/aicpu/kernel/aicpu_hccl.tar.gz, optionalFlag:1, validFlag:1, loadAsPerSocFlag:0
[INFO] TDT(3904,m23_gdn_prefill_j12):2026-09-27-11:35:04.735.780 [package_process_config.cpp:264][SetConfigDataOnHost][tid:3904] insert package:aicpu_hccl.tar.gz config
[INFO] TDT(3904,m23_gdn_prefill_j12):2026-09-27-11:35:04.735.782 [package_process_config.cpp:142][ParseConfigDataFromFile][tid:3904] read config data current line:name:mc2_server.tar.gz
[INFO] TDT(3904,m23_gdn_prefill_j12):2026-09-27-11:35:04.735.788 [package_process_config.cpp:114][GetHostFilePath][tid:3904] get config path:/usr/local/Ascend/cann-9.1.0/opp/built-in/op_impl/aicpu/kernel/mc2_server.tar.gz
[INFO] TDT(3904,m23_gdn_prefill_j12):2026-09-27-11:35:04.735.790 [package_process_config.cpp:424][SetPkgHostTruePath][tid:3904] get package:mc2_server.tar.gz host real path:/usr/local/Ascend/cann-9.1.0/opp/built-in/op_impl/aicpu/kernel/mc2_server.tar.gz
[INFO] TDT(3904,m23_gdn_prefill_j12):2026-09-27-11:35:04.735.792 [package_process_config.cpp:45][PrintfInfo][tid:3904] package:mc2_server.tar.gz, decDstDir:2, findPath:opp/built-in/op_impl/aicpu/kernel, hostTruePath:/usr/local/Ascend/cann-9.1.0/opp/built-in/op_impl/aicpu/kernel/mc2_server.tar.gz, optionalFlag:1, validFlag:1, loadAsPerSocFlag:0
[INFO] TDT(3904,m23_gdn_prefill_j12):2026-09-27-11:35:04.735.795 [package_process_config.cpp:264][SetConfigDataOnHost][tid:3904] insert package:mc2_server.tar.gz config
[INFO] TDT(3904,m23_gdn_prefill_j12):2026-09-27-11:35:04.735.797 [package_process_config.cpp:142][ParseConfigDataFromFile][tid:3904] read config data current line:name:aicpu_hcomm.tar.gz
[INFO] TDT(3904,m23_gdn_prefill_j12):2026-09-27-11:35:04.735.803 [package_process_config.cpp:114][GetHostFilePath][tid:3904] get config path:/usr/local/Ascend/cann-9.1.0/opp/built-in/op_impl/aicpu/kernel/aicpu_hcomm.tar.gz
[INFO] TDT(3904,m23_gdn_prefill_j12):2026-09-27-11:35:04.735.805 [package_process_config.cpp:424][SetPkgHostTruePath][tid:3904] get package:aicpu_hcomm.tar.gz host real path:/usr/local/Ascend/cann-9.1.0/opp/built-in/op_impl/aicpu/kernel/aicpu_hcomm.tar.gz
[INFO] TDT(3904,m23_gdn_prefill_j12):2026-09-27-11:35:04.735.815 [package_process_config.cpp:45][PrintfInfo][tid:3904] package:aicpu_hcomm.tar.gz, decDstDir:2, findPath:opp/built-in/op_impl/aicpu/kernel, hostTruePath:/usr/local/Ascend/cann-9.1.0/opp/built-in/op_impl/aicpu/kernel/aicpu_hcomm.tar.gz, optionalFlag:1, validFlag:1, loadAsPerSocFlag:0
[INFO] TDT(3904,m23_gdn_prefill_j12):2026-09-27-11:35:04.735.818 [package_process_config.cpp:264][SetConfigDataOnHost][tid:3904] insert package:aicpu_hcomm.tar.gz config
[INFO] TDT(3904,m23_gdn_prefill_j12):2026-09-27-11:35:04.735.820 [package_process_config.cpp:142][ParseConfigDataFromFile][tid:3904] read config data current line:name:cann-hixl-compat.tar.gz
[INFO] TDT(3904,m23_gdn_prefill_j12):2026-09-27-11:35:04.735.826 [package_process_config.cpp:114][GetHostFilePath][tid:3904] get config path:/usr/local/Ascend/cann-9.1.0/opp/built-in/op_impl/aicpu/kernel/cann-hixl-compat.tar.gz
[INFO] TDT(3904,m23_gdn_prefill_j12):2026-09-27-11:35:04.735.829 [package_process_config.cpp:424][SetPkgHostTruePath][tid:3904] get package:cann-hixl-compat.tar.gz host real path:/usr/local/Ascend/cann-9.1.0/opp/built-in/op_impl/aicpu/kernel/cann-hixl-compat.tar.gz
[INFO] TDT(3904,m23_gdn_prefill_j12):2026-09-27-11:35:04.735.831 [package_process_config.cpp:45][PrintfInfo][tid:3904] package:cann-hixl-compat.tar.gz, decDstDir:2, findPath:opp/built-in/op_impl/aicpu/kernel, hostTruePath:/usr/local/Ascend/cann-9.1.0/opp/built-in/op_impl/aicpu/kernel/cann-hixl-compat.tar.gz, optionalFlag:1, validFlag:1, loadAsPerSocFlag:0
[INFO] TDT(3904,m23_gdn_prefill_j12):2026-09-27-11:35:04.735.834 [package_process_config.cpp:264][SetConfigDataOnHost][tid:3904] insert package:cann-hixl-compat.tar.gz config
[INFO] TDT(3904,m23_gdn_prefill_j12):2026-09-27-11:35:04.735.836 [package_process_config.cpp:142][ParseConfigDataFromFile][tid:3904] read config data current line:name:cann-hcomm-compat.tar.gz
[INFO] TDT(3904,m23_gdn_prefill_j12):2026-09-27-11:35:04.735.843 [package_process_config.cpp:114][GetHostFilePath][tid:3904] get config path:/usr/local/Ascend/cann-9.1.0/compat/cann-hcomm-compat.tar.gz
[INFO] TDT(3904,m23_gdn_prefill_j12):2026-09-27-11:35:04.735.845 [package_process_config.cpp:424][SetPkgHostTruePath][tid:3904] get package:cann-hcomm-compat.tar.gz host real path:/usr/local/Ascend/cann-9.1.0/compat/cann-hcomm-compat.tar.gz
[INFO] TDT(3904,m23_gdn_prefill_j12):2026-09-27-11:35:04.735.847 [package_process_config.cpp:45][PrintfInfo][tid:3904] package:cann-hcomm-compat.tar.gz, decDstDir:3, findPath:compat, hostTruePath:/usr/local/Ascend/cann-9.1.0/compat/cann-hcomm-compat.tar.gz, optionalFlag:1, validFlag:1, loadAsPerSocFlag:0
[INFO] TDT(3904,m23_gdn_prefill_j12):2026-09-27-11:35:04.735.850 [package_process_config.cpp:264][SetConfigDataOnHost][tid:3904] insert package:cann-hcomm-compat.tar.gz config
[INFO] TDT(3904,m23_gdn_prefill_j12):2026-09-27-11:35:04.735.852 [package_process_config.cpp:142][ParseConfigDataFromFile][tid:3904] read config data current line:name:cann-hccd-compat.tar.gz
[INFO] TDT(3904,m23_gdn_prefill_j12):2026-09-27-11:35:04.735.858 [package_process_config.cpp:114][GetHostFilePath][tid:3904] get config path:/usr/local/Ascend/cann-9.1.0/compat/cann-hccd-compat.tar.gz
[INFO] TDT(3904,m23_gdn_prefill_j12):2026-09-27-11:35:04.735.860 [package_process_config.cpp:424][SetPkgHostTruePath][tid:3904] get package:cann-hccd-compat.tar.gz host real path:/usr/local/Ascend/cann-9.1.0/compat/cann-hccd-compat.tar.gz
[INFO] TDT(3904,m23_gdn_prefill_j12):2026-09-27-11:35:04.735.862 [package_process_config.cpp:45][PrintfInfo][tid:3904] package:cann-hccd-compat.tar.gz, decDstDir:0, findPath:compat, hostTruePath:/usr/local/Ascend/cann-9.1.0/compat/cann-hccd-compat.tar.gz, optionalFlag:1, validFlag:1, loadAsPerSocFlag:0
[INFO] TDT(3904,m23_gdn_prefill_j12):2026-09-27-11:35:04.735.865 [package_process_config.cpp:264][SetConfigDataOnHost][tid:3904] insert package:cann-hccd-compat.tar.gz config
[INFO] TDT(3904,m23_gdn_prefill_j12):2026-09-27-11:35:04.735.867 [package_process_config.cpp:142][ParseConfigDataFromFile][tid:3904] read config data current line:name:cann-udf-compat.tar.gz
[INFO] TDT(3904,m23_gdn_prefill_j12):2026-09-27-11:35:04.735.872 [package_process_config.cpp:114][GetHostFilePath][tid:3904] get config path:/usr/local/Ascend/cann-9.1.0/compat/cann-udf-compat.tar.gz
[INFO] TDT(3904,m23_gdn_prefill_j12):2026-09-27-11:35:04.735.874 [package_process_config.cpp:424][SetPkgHostTruePath][tid:3904] get package:cann-udf-compat.tar.gz host real path:/usr/local/Ascend/cann-9.1.0/compat/cann-udf-compat.tar.gz
[INFO] TDT(3904,m23_gdn_prefill_j12):2026-09-27-11:35:04.735.877 [package_process_config.cpp:45][PrintfInfo][tid:3904] package:cann-udf-compat.tar.gz, decDstDir:0, findPath:compat, hostTruePath:/usr/local/Ascend/cann-9.1.0/compat/cann-udf-compat.tar.gz, optionalFlag:1, validFlag:1, loadAsPerSocFlag:0
[INFO] TDT(3904,m23_gdn_prefill_j12):2026-09-27-11:35:04.735.879 [package_process_config.cpp:264][SetConfigDataOnHost][tid:3904] insert package:cann-udf-compat.tar.gz config
[INFO] TDT(3904,m23_gdn_prefill_j12):2026-09-27-11:35:04.735.881 [package_process_config.cpp:142][ParseConfigDataFromFile][tid:3904] read config data current line:name:cann-tsch-compat.tar.gz
[INFO] TDT(3904,m23_gdn_prefill_j12):2026-09-27-11:35:04.735.887 [package_process_config.cpp:114][GetHostFilePath][tid:3904] get config path:/usr/local/Ascend/cann-9.1.0/compat/cann-tsch-compat.tar.gz
[INFO] TDT(3904,m23_gdn_prefill_j12):2026-09-27-11:35:04.735.890 [package_process_config.cpp:424][SetPkgHostTruePath][tid:3904] get package:cann-tsch-compat.tar.gz host real path:/usr/local/Ascend/cann-9.1.0/compat/cann-tsch-compat.tar.gz
[INFO] TDT(3904,m23_gdn_prefill_j12):2026-09-27-11:35:04.735.892 [package_process_config.cpp:45][PrintfInfo][tid:3904] package:cann-tsch-compat.tar.gz, decDstDir:3, findPath:compat, hostTruePath:/usr/local/Ascend/cann-9.1.0/compat/cann-tsch-compat.tar.gz, optionalFlag:1, validFlag:1, loadAsPerSocFlag:0
[INFO] TDT(3904,m23_gdn_prefill_j12):2026-09-27-11:35:04.735.894 [package_process_config.cpp:264][SetConfigDataOnHost][tid:3904] insert package:cann-tsch-compat.tar.gz config
[INFO] TDT(3904,m23_gdn_prefill_j12):2026-09-27-11:35:04.735.906 [package_process_config.cpp:328][RefreshHostPluginVersions][tid:3904] host plugin pkg:cann-hcomm-compat.tar.gz ini parsed, version:9.1.0 timestamp:20260730_231653901
[INFO] TDT(3904,m23_gdn_prefill_j12):2026-09-27-11:35:04.735.915 [package_process_config.cpp:328][RefreshHostPluginVersions][tid:3904] host plugin pkg:cann-tsch-compat.tar.gz ini parsed, version:9.1.0 timestamp:20260730_231653901
[INFO] TDT(3904,m23_gdn_prefill_j12):2026-09-27-11:35:04.735.924 [package_process_config.cpp:114][GetHostFilePath][tid:3904] get config path:/usr/local/Ascend/cann-9.1.0//conf/ascend_package_load.ini
[INFO] TDT(3904,m23_gdn_prefill_j12):2026-09-27-11:35:04.735.937 [tsd_sha256.cpp:281][operator()][tid:3904] [TsdSha256] Using x86 SSSE3+BMI2 accelerated path.
[INFO] TDT(3904,m23_gdn_prefill_j12):2026-09-27-11:35:04.735.946 [package_process_config.cpp:296][ConstructPkgConfigMsg][tid:3904] set config hash code:38b4b47eb913cf1085561f45e65f34545947a6650a0170ec4e4c333a0dc1912f
[INFO] TDT(3904,m23_gdn_prefill_j12):2026-09-27-11:35:04.735.949 [version_verify.cpp:117][SpecialFeatureCheck][tid:3904] VersionVerify: previous type[69], supported
[INFO] TDT(3904,m23_gdn_prefill_j12):2026-09-27-11:35:04.736.378 [hdc_client.cpp:116][CommRecvData][tid:3904] recv timeout is:150000 ms
[INFO] TDT(3904,m23_gdn_prefill_j12):2026-09-27-11:35:04.740.103 [process_mode_msg_parse.cpp:147][ServerToClientMsgProc][tid:3904] [ServerToClientMsgProc] [sessionID=1]
[INFO] TDT(3904,m23_gdn_prefill_j12):2026-09-27-11:35:04.740.108 [process_mode_msg_parse.cpp:450][SetDeviceCommonSinkPackHashValue][tid:3904] update device package:Ascend-aicpu_legacy.tar.gz hash value:ae6b685f4c145fe9fb9be3e631870b438c89caf22eec22d8eef34b57d7db0ee1
[INFO] TDT(3904,m23_gdn_prefill_j12):2026-09-27-11:35:04.740.112 [process_mode_msg_parse.cpp:450][SetDeviceCommonSinkPackHashValue][tid:3904] update device package:aicpu_hccl.tar.gz hash value:20c456f6b9f3badbb5f8d11d60922d0a9bb01412197bd47c16eb6c2b1cc7258e
[INFO] TDT(3904,m23_gdn_prefill_j12):2026-09-27-11:35:04.740.114 [process_mode_msg_parse.cpp:450][SetDeviceCommonSinkPackHashValue][tid:3904] update device package:aicpu_hcomm.tar.gz hash value:a05f87a6700d96344e1a055aeb57652375e0f600fef750afab1b9e7d0e54396d
[INFO] TDT(3904,m23_gdn_prefill_j12):2026-09-27-11:35:04.740.117 [process_mode_msg_parse.cpp:450][SetDeviceCommonSinkPackHashValue][tid:3904] update device package:cann-hcomm-compat.tar.gz hash value:8c6ba5d0094d9ea08f2b49b6f29a700381f62d87998a5d10479c54ad7f2e39e7
[INFO] TDT(3904,m23_gdn_prefill_j12):2026-09-27-11:35:04.740.119 [process_mode_msg_parse.cpp:450][SetDeviceCommonSinkPackHashValue][tid:3904] update device package:cann-hixl-compat.tar.gz hash value:c03000e1d5d299e5b48b69e077743eb95be59a22e10d23dc136767451c542c27
[INFO] TDT(3904,m23_gdn_prefill_j12):2026-09-27-11:35:04.740.121 [process_mode_msg_parse.cpp:450][SetDeviceCommonSinkPackHashValue][tid:3904] update device package:mc2_server.tar.gz hash value:be188e081c3ba5a192b255f4ac09532357b9579960bc3e81f1e6cf5976a659cb
[INFO] TDT(3904,m23_gdn_prefill_j12):2026-09-27-11:35:04.740.124 [process_mode_msg_parse.cpp:202][HandleDevicePluginVersionRsp][tid:3904] device plugin info rsp, pkgCount:0
[INFO] TDT(3904,m23_gdn_prefill_j12):2026-09-27-11:35:04.740.126 [process_mode_msg_parse.cpp:142][DeviceMsgProcess][tid:3904] [TsdClient] DeviceMsgProc recvMsg realDeviceId[0] msgType[70] localDevId[0] rspCode[0]heterogeneousSubPid[0], tsdSupportLevel_[0]
[INFO] TDT(3904,m23_gdn_prefill_j12):2026-09-27-11:35:04.740.129 [hdc_client.cpp:134][CommRecvData][tid:3904] [deviceId=0] the Tsd recv data already
[INFO] TDT(3904,m23_gdn_prefill_j12):2026-09-27-11:35:04.740.132 [process_mode_manager.cpp:2216][LoadPackageConfigInfoToDevice][tid:3904] Receive load package config response result:0
[INFO] TDT(3904,m23_gdn_prefill_j12):2026-09-27-11:35:04.740.142 [process_mode_manager.cpp:269][IsSupportCommonSink][tid:3904] mutexFile[/usr/local/Ascend/driver/lib64/driver/sink_file_mutex_0.cfg] found means supporting common sink
[INFO] TDT(3904,m23_gdn_prefill_j12):2026-09-27-11:35:04.740.146 [process_mode_manager.cpp:287][LoadSysOpKernel][tid:3904] [TsdClient][logicDeviceId_=0] use legacy package
[INFO] TDT(3904,m23_gdn_prefill_j12):2026-09-27-11:35:04.740.149 [client_manager.cpp:343][GetPackagePath][tid:3904] [TsdClient][deviceId=0] get packagePath[/usr/local/Ascend/cann-9.1.0/opp/built-in/]
[INFO] TDT(3904,m23_gdn_prefill_j12):2026-09-27-11:35:04.740.165 [client_manager.cpp:270][CheckPackageExistsOnce][tid:3904] [TsdClient][deviceId=0] check file[.], packageType[6]
[INFO] TDT(3904,m23_gdn_prefill_j12):2026-09-27-11:35:04.740.177 [client_manager.cpp:270][CheckPackageExistsOnce][tid:3904] [TsdClient][deviceId=0] check file[..], packageType[6]
[INFO] TDT(3904,m23_gdn_prefill_j12):2026-09-27-11:35:04.740.184 [client_manager.cpp:270][CheckPackageExistsOnce][tid:3904] [TsdClient][deviceId=0] check file[data], packageType[6]
[INFO] TDT(3904,m23_gdn_prefill_j12):2026-09-27-11:35:04.740.190 [client_manager.cpp:270][CheckPackageExistsOnce][tid:3904] [TsdClient][deviceId=0] check file[framework], packageType[6]
[INFO] TDT(3904,m23_gdn_prefill_j12):2026-09-27-11:35:04.740.196 [client_manager.cpp:270][CheckPackageExistsOnce][tid:3904] [TsdClient][deviceId=0] check file[op_graph], packageType[6]
[INFO] TDT(3904,m23_gdn_prefill_j12):2026-09-27-11:35:04.740.202 [client_manager.cpp:270][CheckPackageExistsOnce][tid:3904] [TsdClient][deviceId=0] check file[op_impl], packageType[6]
[INFO] TDT(3904,m23_gdn_prefill_j12):2026-09-27-11:35:04.740.207 [client_manager.cpp:270][CheckPackageExistsOnce][tid:3904] [TsdClient][deviceId=0] check file[op_proto], packageType[6]
[INFO] TDT(3904,m23_gdn_prefill_j12):2026-09-27-11:35:04.740.213 [client_manager.cpp:282][CheckPackageExistsOnce][tid:3904] [TsdClient][deviceId=0] pkg size[0] in path[/usr/local/Ascend/cann-9.1.0/opp/built-in/] must be only one, skip send package, packageType[6]
[INFO] TDT(3904,m23_gdn_prefill_j12):2026-09-27-11:35:04.740.216 [process_mode_manager.cpp:292][LoadSysOpKernel][tid:3904] [TsdClient][logicDeviceId_=0] can not find aicpu packages
[INFO] TDT(3904,m23_gdn_prefill_j12):2026-09-27-11:35:04.740.222 [process_mode_manager.cpp:269][IsSupportCommonSink][tid:3904] mutexFile[/usr/local/Ascend/driver/lib64/driver/sink_file_mutex_0.cfg] found means supporting common sink
[INFO] TDT(3904,m23_gdn_prefill_j12):2026-09-27-11:35:04.740.229 [process_mode_manager.cpp:2307][LoadSinglePackageToDevice][tid:3904] begin to load package:Ascend-aicpu_legacy.tar.gz to device:0
[INFO] TDT(3904,m23_gdn_prefill_j12):2026-09-27-11:35:04.740.232 [process_mode_manager.cpp:2264][SupportLoadPkg][tid:3904] current package:Ascend-aicpu_legacy.tar.gz does not need to check chiptype
[INFO] TDT(3904,m23_gdn_prefill_j12):2026-09-27-11:35:04.740.235 [package_process_config.cpp:393][GetPkgHostAndDeviceDstPath][tid:3904] get orgFile:/usr/local/Ascend/cann-9.1.0/opp/Ascend/aicpu/Ascend-aicpu_legacy.tar.gz, dstFile:/home/HwHiAiUser/hdcd/device0/aicpu/3198692_Ascend-aicpu_legacy.tar.gz
[INFO] TDT(3904,m23_gdn_prefill_j12):2026-09-27-11:35:05.007.217 [process_mode_manager.cpp:456][SetHostCommonSinkPackHashValue][tid:3904] update host package:Ascend-aicpu_legacy.tar.gz hash value:ae6b685f4c145fe9fb9be3e631870b438c89caf22eec22d8eef34b57d7db0ee1
[INFO] TDT(3904,m23_gdn_prefill_j12):2026-09-27-11:35:05.007.234 [process_mode_manager.cpp:463][GetDeviceCommonSinkPackHashValue][tid:3904] get device package:Ascend-aicpu_legacy.tar.gz, hash value:ae6b685f4c145fe9fb9be3e631870b438c89caf22eec22d8eef34b57d7db0ee1
[INFO] TDT(3904,m23_gdn_prefill_j12):2026-09-27-11:35:05.007.238 [process_mode_manager.cpp:473][GetHostCommonSinkPackHashValue][tid:3904] get host package:Ascend-aicpu_legacy.tar.gz, hash value:ae6b685f4c145fe9fb9be3e631870b438c89caf22eec22d8eef34b57d7db0ee1
[INFO] TDT(3904,m23_gdn_prefill_j12):2026-09-27-11:35:05.007.241 [process_mode_manager.cpp:473][GetHostCommonSinkPackHashValue][tid:3904] get host package:Ascend-aicpu_legacy.tar.gz, hash value:ae6b685f4c145fe9fb9be3e631870b438c89caf22eec22d8eef34b57d7db0ee1
[INFO] TDT(3904,m23_gdn_prefill_j12):2026-09-27-11:35:05.007.243 [process_mode_manager.cpp:2333][LoadSinglePackageToDevice][tid:3904] current package:Ascend-aicpu_legacy.tar.gz is same as device, skip load
[INFO] TDT(3904,m23_gdn_prefill_j12):2026-09-27-11:35:05.007.247 [process_mode_manager.cpp:2307][LoadSinglePackageToDevice][tid:3904] begin to load package:Ascend310P-aicpu_legacy.tar.gz to device:0
[INFO] TDT(3904,m23_gdn_prefill_j12):2026-09-27-11:35:05.007.251 [process_mode_manager.cpp:2264][SupportLoadPkg][tid:3904] current package:Ascend310P-aicpu_legacy.tar.gz does not need to check chiptype
[INFO] TDT(3904,m23_gdn_prefill_j12):2026-09-27-11:35:05.007.254 [package_process_config.cpp:387][GetPkgHostAndDeviceDstPath][tid:3904] cannot find package:Ascend310P-aicpu_legacy.tar.gz
[INFO] TDT(3904,m23_gdn_prefill_j12):2026-09-27-11:35:05.007.257 [process_mode_manager.cpp:2322][LoadSinglePackageToDevice][tid:3904] cannot find package:Ascend310P-aicpu_legacy.tar.gz, optional is true skip
[INFO] TDT(3904,m23_gdn_prefill_j12):2026-09-27-11:35:05.007.259 [process_mode_manager.cpp:2307][LoadSinglePackageToDevice][tid:3904] begin to load package:Ascend910-aicpu_legacy.tar.gz to device:0
[INFO] TDT(3904,m23_gdn_prefill_j12):2026-09-27-11:35:05.007.262 [process_mode_manager.cpp:2264][SupportLoadPkg][tid:3904] current package:Ascend910-aicpu_legacy.tar.gz does not need to check chiptype
[INFO] TDT(3904,m23_gdn_prefill_j12):2026-09-27-11:35:05.007.264 [package_process_config.cpp:387][GetPkgHostAndDeviceDstPath][tid:3904] cannot find package:Ascend910-aicpu_legacy.tar.gz
[INFO] TDT(3904,m23_gdn_prefill_j12):2026-09-27-11:35:05.007.266 [process_mode_manager.cpp:2322][LoadSinglePackageToDevice][tid:3904] cannot find package:Ascend910-aicpu_legacy.tar.gz, optional is true skip
[INFO] TDT(3904,m23_gdn_prefill_j12):2026-09-27-11:35:05.007.268 [process_mode_manager.cpp:2307][LoadSinglePackageToDevice][tid:3904] begin to load package:aicpu_hccl.tar.gz to device:0
[INFO] TDT(3904,m23_gdn_prefill_j12):2026-09-27-11:35:05.007.271 [process_mode_manager.cpp:2277][SupportLoadPkg][tid:3904] current device chip:15 support package:aicpu_hccl.tar.gz
[INFO] TDT(3904,m23_gdn_prefill_j12):2026-09-27-11:35:05.007.276 [package_process_config.cpp:393][GetPkgHostAndDeviceDstPath][tid:3904] get orgFile:/usr/local/Ascend/cann-9.1.0/opp/built-in/op_impl/aicpu/kernel/aicpu_hccl.tar.gz, dstFile:/home/HwHiAiUser/hdcd/device0/aicpu/3198692_aicpu_hccl.tar.gz
[INFO] TDT(3904,m23_gdn_prefill_j12):2026-09-27-11:35:05.012.051 [process_mode_manager.cpp:456][SetHostCommonSinkPackHashValue][tid:3904] update host package:aicpu_hccl.tar.gz hash value:20c456f6b9f3badbb5f8d11d60922d0a9bb01412197bd47c16eb6c2b1cc7258e
[INFO] TDT(3904,m23_gdn_prefill_j12):2026-09-27-11:35:05.012.058 [process_mode_manager.cpp:463][GetDeviceCommonSinkPackHashValue][tid:3904] get device package:aicpu_hccl.tar.gz, hash value:20c456f6b9f3badbb5f8d11d60922d0a9bb01412197bd47c16eb6c2b1cc7258e
[INFO] TDT(3904,m23_gdn_prefill_j12):2026-09-27-11:35:05.012.061 [process_mode_manager.cpp:473][GetHostCommonSinkPackHashValue][tid:3904] get host package:aicpu_hccl.tar.gz, hash value:20c456f6b9f3badbb5f8d11d60922d0a9bb01412197bd47c16eb6c2b1cc7258e
[INFO] TDT(3904,m23_gdn_prefill_j12):2026-09-27-11:35:05.012.064 [process_mode_manager.cpp:473][GetHostCommonSinkPackHashValue][tid:3904] get host package:aicpu_hccl.tar.gz, hash value:20c456f6b9f3badbb5f8d11d60922d0a9bb01412197bd47c16eb6c2b1cc7258e
[INFO] TDT(3904,m23_gdn_prefill_j12):2026-09-27-11:35:05.012.067 [process_mode_manager.cpp:2333][LoadSinglePackageToDevice][tid:3904] current package:aicpu_hccl.tar.gz is same as device, skip load
[INFO] TDT(3904,m23_gdn_prefill_j12):2026-09-27-11:35:05.012.070 [process_mode_manager.cpp:2307][LoadSinglePackageToDevice][tid:3904] begin to load package:aicpu_hcomm.tar.gz to device:0
[INFO] TDT(3904,m23_gdn_prefill_j12):2026-09-27-11:35:05.012.073 [process_mode_manager.cpp:2277][SupportLoadPkg][tid:3904] current device chip:15 support package:aicpu_hcomm.tar.gz
[INFO] TDT(3904,m23_gdn_prefill_j12):2026-09-27-11:35:05.012.077 [package_process_config.cpp:393][GetPkgHostAndDeviceDstPath][tid:3904] get orgFile:/usr/local/Ascend/cann-9.1.0/opp/built-in/op_impl/aicpu/kernel/aicpu_hcomm.tar.gz, dstFile:/home/HwHiAiUser/hdcd/device0/aicpu/3198692_aicpu_hcomm.tar.gz
[INFO] TDT(3904,m23_gdn_prefill_j12):2026-09-27-11:35:05.038.126 [process_mode_manager.cpp:456][SetHostCommonSinkPackHashValue][tid:3904] update host package:aicpu_hcomm.tar.gz hash value:a05f87a6700d96344e1a055aeb57652375e0f600fef750afab1b9e7d0e54396d
[INFO] TDT(3904,m23_gdn_prefill_j12):2026-09-27-11:35:05.038.136 [process_mode_manager.cpp:463][GetDeviceCommonSinkPackHashValue][tid:3904] get device package:aicpu_hcomm.tar.gz, hash value:a05f87a6700d96344e1a055aeb57652375e0f600fef750afab1b9e7d0e54396d
[INFO] TDT(3904,m23_gdn_prefill_j12):2026-09-27-11:35:05.038.138 [process_mode_manager.cpp:473][GetHostCommonSinkPackHashValue][tid:3904] get host package:aicpu_hcomm.tar.gz, hash value:a05f87a6700d96344e1a055aeb57652375e0f600fef750afab1b9e7d0e54396d
[INFO] TDT(3904,m23_gdn_prefill_j12):2026-09-27-11:35:05.038.140 [process_mode_manager.cpp:473][GetHostCommonSinkPackHashValue][tid:3904] get host package:aicpu_hcomm.tar.gz, hash value:a05f87a6700d96344e1a055aeb57652375e0f600fef750afab1b9e7d0e54396d
[INFO] TDT(3904,m23_gdn_prefill_j12):2026-09-27-11:35:05.038.143 [process_mode_manager.cpp:2333][LoadSinglePackageToDevice][tid:3904] current package:aicpu_hcomm.tar.gz is same as device, skip load
[INFO] TDT(3904,m23_gdn_prefill_j12):2026-09-27-11:35:05.038.146 [process_mode_manager.cpp:2307][LoadSinglePackageToDevice][tid:3904] begin to load package:cann-hccd-compat.tar.gz to device:0
[INFO] TDT(3904,m23_gdn_prefill_j12):2026-09-27-11:35:05.038.149 [process_mode_manager.cpp:2269][SupportLoadPkg][tid:3904] package is not need load, name:cann-hccd-compat.tar.gz
[INFO] TDT(3904,m23_gdn_prefill_j12):2026-09-27-11:35:05.038.151 [process_mode_manager.cpp:2309][LoadSinglePackageToDevice][tid:3904] current package:cann-hccd-compat.tar.gz does not need to load to device:0
[INFO] TDT(3904,m23_gdn_prefill_j12):2026-09-27-11:35:05.038.154 [process_mode_manager.cpp:2307][LoadSinglePackageToDevice][tid:3904] begin to load package:cann-hcomm-compat.tar.gz to device:0
[INFO] TDT(3904,m23_gdn_prefill_j12):2026-09-27-11:35:05.038.156 [process_mode_manager.cpp:2277][SupportLoadPkg][tid:3904] current device chip:15 support package:cann-hcomm-compat.tar.gz
[INFO] TDT(3904,m23_gdn_prefill_j12):2026-09-27-11:35:05.038.174 [package_process_config.cpp:393][GetPkgHostAndDeviceDstPath][tid:3904] get orgFile:/usr/local/Ascend/cann-9.1.0/compat/cann-hcomm-compat.tar.gz, dstFile:/home/HwHiAiUser/hdcd/device0/aicpu/3198692_cann-hcomm-compat.tar.gz
[INFO] TDT(3904,m23_gdn_prefill_j12):2026-09-27-11:35:05.048.980 [process_mode_manager.cpp:456][SetHostCommonSinkPackHashValue][tid:3904] update host package:cann-hcomm-compat.tar.gz hash value:8c6ba5d0094d9ea08f2b49b6f29a700381f62d87998a5d10479c54ad7f2e39e7
[INFO] DRV(3904,m23_gdn_prefill_j12):2026-09-27-11:35:05.048.990 [devdrv_manager.c:1084][ascend][curpid:3904,3904][drv][devmng][drv_get_system_info]This version does not support this type. (dev_id=0; Type=62)
[INFO] DRV(3904,m23_gdn_prefill_j12):2026-09-27-11:35:05.048.993 [devdrv_manager.c:2136][ascend][curpid:3904,3904][drv][devmng][halGetDeviceInfo]Reasult of call halgetdeviceinfo. (ret=3; module_type=0; info_type=62).
[WARNING] TDT(3904,m23_gdn_prefill_j12):2026-09-27-11:35:05.049.011 [process_mode_manager.cpp:2414][GetPluginUpdateStrategy][tid:3904] [TsdClient][deviceId=0] halGetDeviceInfo(INFO_TYPE_SWPLUGIN_UPGRADE_POLICY) failed, retCode[3], fallback to PLUGIN_NOT_FORCE_UPDATE
[INFO] TDT(3904,m23_gdn_prefill_j12):2026-09-27-11:35:05.049.015 [process_mode_manager.cpp:2452][CompareHostDeviceCompatPluginVersion][tid:3904] device plugin pkg:cann-hcomm-compat.tar.gz version unavailable, fallback to checkcode compare
[INFO] TDT(3904,m23_gdn_prefill_j12):2026-09-27-11:35:05.049.018 [process_mode_manager.cpp:463][GetDeviceCommonSinkPackHashValue][tid:3904] get device package:cann-hcomm-compat.tar.gz, hash value:8c6ba5d0094d9ea08f2b49b6f29a700381f62d87998a5d10479c54ad7f2e39e7
[INFO] TDT(3904,m23_gdn_prefill_j12):2026-09-27-11:35:05.049.021 [process_mode_manager.cpp:473][GetHostCommonSinkPackHashValue][tid:3904] get host package:cann-hcomm-compat.tar.gz, hash value:8c6ba5d0094d9ea08f2b49b6f29a700381f62d87998a5d10479c54ad7f2e39e7
[INFO] TDT(3904,m23_gdn_prefill_j12):2026-09-27-11:35:05.049.023 [process_mode_manager.cpp:473][GetHostCommonSinkPackHashValue][tid:3904] get host package:cann-hcomm-compat.tar.gz, hash value:8c6ba5d0094d9ea08f2b49b6f29a700381f62d87998a5d10479c54ad7f2e39e7
[INFO] TDT(3904,m23_gdn_prefill_j12):2026-09-27-11:35:05.049.026 [process_mode_manager.cpp:2329][LoadSinglePackageToDevice][tid:3904] skip load compat plugin package:cann-hcomm-compat.tar.gz by version/strategy check
[INFO] TDT(3904,m23_gdn_prefill_j12):2026-09-27-11:35:05.049.029 [process_mode_manager.cpp:2307][LoadSinglePackageToDevice][tid:3904] begin to load package:cann-hixl-compat.tar.gz to device:0
[INFO] TDT(3904,m23_gdn_prefill_j12):2026-09-27-11:35:05.049.032 [process_mode_manager.cpp:2277][SupportLoadPkg][tid:3904] current device chip:15 support package:cann-hixl-compat.tar.gz
[INFO] TDT(3904,m23_gdn_prefill_j12):2026-09-27-11:35:05.049.036 [package_process_config.cpp:393][GetPkgHostAndDeviceDstPath][tid:3904] get orgFile:/usr/local/Ascend/cann-9.1.0/opp/built-in/op_impl/aicpu/kernel/cann-hixl-compat.tar.gz, dstFile:/home/HwHiAiUser/hdcd/device0/aicpu/3198692_cann-hixl-compat.tar.gz
[INFO] TDT(3904,m23_gdn_prefill_j12):2026-09-27-11:35:05.049.236 [process_mode_manager.cpp:456][SetHostCommonSinkPackHashValue][tid:3904] update host package:cann-hixl-compat.tar.gz hash value:c03000e1d5d299e5b48b69e077743eb95be59a22e10d23dc136767451c542c27
[INFO] TDT(3904,m23_gdn_prefill_j12):2026-09-27-11:35:05.049.239 [process_mode_manager.cpp:463][GetDeviceCommonSinkPackHashValue][tid:3904] get device package:cann-hixl-compat.tar.gz, hash value:c03000e1d5d299e5b48b69e077743eb95be59a22e10d23dc136767451c542c27
[INFO] TDT(3904,m23_gdn_prefill_j12):2026-09-27-11:35:05.049.241 [process_mode_manager.cpp:473][GetHostCommonSinkPackHashValue][tid:3904] get host package:cann-hixl-compat.tar.gz, hash value:c03000e1d5d299e5b48b69e077743eb95be59a22e10d23dc136767451c542c27
[INFO] TDT(3904,m23_gdn_prefill_j12):2026-09-27-11:35:05.049.244 [process_mode_manager.cpp:473][GetHostCommonSinkPackHashValue][tid:3904] get host package:cann-hixl-compat.tar.gz, hash value:c03000e1d5d299e5b48b69e077743eb95be59a22e10d23dc136767451c542c27
[INFO] TDT(3904,m23_gdn_prefill_j12):2026-09-27-11:35:05.049.246 [process_mode_manager.cpp:2333][LoadSinglePackageToDevice][tid:3904] current package:cann-hixl-compat.tar.gz is same as device, skip load
[INFO] TDT(3904,m23_gdn_prefill_j12):2026-09-27-11:35:05.049.248 [process_mode_manager.cpp:2307][LoadSinglePackageToDevice][tid:3904] begin to load package:cann-tsch-compat.tar.gz to device:0
[INFO] TDT(3904,m23_gdn_prefill_j12):2026-09-27-11:35:05.049.250 [process_mode_manager.cpp:2282][SupportLoadPkg][tid:3904] current device chip:15 does not support package:cann-tsch-compat.tar.gz
[INFO] TDT(3904,m23_gdn_prefill_j12):2026-09-27-11:35:05.049.253 [process_mode_manager.cpp:2309][LoadSinglePackageToDevice][tid:3904] current package:cann-tsch-compat.tar.gz does not need to load to device:0
[INFO] TDT(3904,m23_gdn_prefill_j12):2026-09-27-11:35:05.049.256 [process_mode_manager.cpp:2307][LoadSinglePackageToDevice][tid:3904] begin to load package:cann-udf-compat.tar.gz to device:0
[INFO] TDT(3904,m23_gdn_prefill_j12):2026-09-27-11:35:05.049.258 [process_mode_manager.cpp:2269][SupportLoadPkg][tid:3904] package is not need load, name:cann-udf-compat.tar.gz
[INFO] TDT(3904,m23_gdn_prefill_j12):2026-09-27-11:35:05.049.260 [process_mode_manager.cpp:2309][LoadSinglePackageToDevice][tid:3904] current package:cann-udf-compat.tar.gz does not need to load to device:0
[INFO] TDT(3904,m23_gdn_prefill_j12):2026-09-27-11:35:05.049.262 [process_mode_manager.cpp:2307][LoadSinglePackageToDevice][tid:3904] begin to load package:mc2_server.tar.gz to device:0
[INFO] TDT(3904,m23_gdn_prefill_j12):2026-09-27-11:35:05.049.264 [process_mode_manager.cpp:2277][SupportLoadPkg][tid:3904] current device chip:15 support package:mc2_server.tar.gz
[INFO] TDT(3904,m23_gdn_prefill_j12):2026-09-27-11:35:05.049.267 [package_process_config.cpp:393][GetPkgHostAndDeviceDstPath][tid:3904] get orgFile:/usr/local/Ascend/cann-9.1.0/opp/built-in/op_impl/aicpu/kernel/mc2_server.tar.gz, dstFile:/home/HwHiAiUser/hdcd/device0/aicpu/3198692_mc2_server.tar.gz
[INFO] TDT(3904,m23_gdn_prefill_j12):2026-09-27-11:35:05.050.903 [process_mode_manager.cpp:456][SetHostCommonSinkPackHashValue][tid:3904] update host package:mc2_server.tar.gz hash value:be188e081c3ba5a192b255f4ac09532357b9579960bc3e81f1e6cf5976a659cb
[INFO] TDT(3904,m23_gdn_prefill_j12):2026-09-27-11:35:05.050.907 [process_mode_manager.cpp:463][GetDeviceCommonSinkPackHashValue][tid:3904] get device package:mc2_server.tar.gz, hash value:be188e081c3ba5a192b255f4ac09532357b9579960bc3e81f1e6cf5976a659cb
[INFO] TDT(3904,m23_gdn_prefill_j12):2026-09-27-11:35:05.050.910 [process_mode_manager.cpp:473][GetHostCommonSinkPackHashValue][tid:3904] get host package:mc2_server.tar.gz, hash value:be188e081c3ba5a192b255f4ac09532357b9579960bc3e81f1e6cf5976a659cb
[INFO] TDT(3904,m23_gdn_prefill_j12):2026-09-27-11:35:05.050.927 [process_mode_manager.cpp:473][GetHostCommonSinkPackHashValue][tid:3904] get host package:mc2_server.tar.gz, hash value:be188e081c3ba5a192b255f4ac09532357b9579960bc3e81f1e6cf5976a659cb
[INFO] TDT(3904,m23_gdn_prefill_j12):2026-09-27-11:35:05.050.929 [process_mode_manager.cpp:2333][LoadSinglePackageToDevice][tid:3904] current package:mc2_server.tar.gz is same as device, skip load
[INFO] TDT(3904,m23_gdn_prefill_j12):2026-09-27-11:35:05.050.934 [process_mode_manager.cpp:544][InitTsdClient][tid:3904] [TsdClient] tsd client has already been initialized
[INFO] TDT(3904,m23_gdn_prefill_j12):2026-09-27-11:35:05.050.941 [process_mode_manager.cpp:620][ConstructOpenMsg][tid:3904] [TsdClient] tsd get process sign successfully, procpid[3198692] signSize[0]
[INFO] TDT(3904,m23_gdn_prefill_j12):2026-09-27-11:35:05.050.944 [process_mode_base.cpp:171][SetTsdClientCapabilityLevel][tid:3904] Set tsdclient capability level, value is [2].
[INFO] TDT(3904,m23_gdn_prefill_j12):2026-09-27-11:35:05.050.953 [version_verify.cpp:117][SpecialFeatureCheck][tid:3904] VersionVerify: previous type[6], supported
[INFO] TDT(3904,m23_gdn_prefill_j12):2026-09-27-11:35:05.051.275 [process_mode_manager.cpp:159][OpenProcess][tid:3904] [ProcessModeManager] deviceId[0] sessionId[1] rankSize[0], wait subprocess start response
[WARNING] TDT(3904,m23_gdn_prefill_j12):2026-09-27-11:35:05.051.279 [env_internal_api.cpp:21][GetEnvFromMmSys][tid:3904] Get env[ASAN_RUN_MODE] failed
[INFO] TDT(3904,m23_gdn_prefill_j12):2026-09-27-11:35:05.051.282 [hdc_client.cpp:116][CommRecvData][tid:3904] recv timeout is:150000 ms
[INFO] TDT(3904,m23_gdn_prefill_j12):2026-09-27-11:35:06.084.783 [process_mode_msg_parse.cpp:147][ServerToClientMsgProc][tid:3904] [ServerToClientMsgProc] [sessionID=1]
[INFO] TDT(3904,m23_gdn_prefill_j12):2026-09-27-11:35:06.084.799 [process_mode_msg_parse.cpp:142][DeviceMsgProcess][tid:3904] [TsdClient] DeviceMsgProc recvMsg realDeviceId[0] msgType[8] localDevId[0] rspCode[0]heterogeneousSubPid[0], tsdSupportLevel_[447]
[INFO] TDT(3904,m23_gdn_prefill_j12):2026-09-27-11:35:06.084.803 [hdc_client.cpp:134][CommRecvData][tid:3904] [deviceId=0] the Tsd recv data already
[INFO] TDT(3904,m23_gdn_prefill_j12):2026-09-27-11:35:06.084.810 [stub_process_mode_nowin.cpp:22][ProcessQueueForAdc][tid:3904] [TsdClient] it is unnecessary for current mode[0] to grant queue auth to aicpusd
[INFO] TDT(3904,m23_gdn_prefill_j12):2026-09-27-11:35:06.084.813 [process_mode_manager.cpp:197][OpenProcess][tid:3904] [TsdClient][deviceId=0] [sessionId=1] start hccp and computer process success,whole process spent time as follows:phase1:[45]ms load sink package config to device,phase2:[0]ms load opkernel to device,phase3:[310]ms load sink package to device,phase4:[0]ms send open message to device,phase5:[1033]ms receive open message to device,phase6:[0]ms process for adc on host,whole duration:[1390]ms
[INFO] RUNTIME(3904,m23_gdn_prefill_j12):2026-09-27-11:35:06.084.819 [runtime.cc:1876] 3904 startAicpuExecutor: userDeviceId=0, devId=0, tsdOpen ret=0
[INFO] RUNTIME(3904,m23_gdn_prefill_j12):2026-09-27-11:35:06.084.823 [runtime.cc:1888] 3904 startAicpuExecutor: TsdOpen success, devId=0, ret=0
[DEBUG] RUNTIME(3904,m23_gdn_prefill_j12):2026-09-27-11:35:06.084.836 [runtime.cc:5402] 3904 GetRuntimeStreamNum:StreamCnt=0
[INFO] RUNTIME(3904,m23_gdn_prefill_j12):2026-09-27-11:35:06.084.842 [runtime.cc:2724] 3904 DeviceRetain: new dev ok id=0, rawDevSize=3616 (bytes), ts_id=0
[INFO] RUNTIME(3904,m23_gdn_prefill_j12):2026-09-27-11:35:06.084.847 [raw_device.cc:1524] 3904 DevSetTsId: tsId=0
[INFO] RUNTIME(3904,m23_gdn_prefill_j12):2026-09-27-11:35:06.084.851 [npu_driver.cc:422] 3904 DeviceOpen: Open device start, device_id=0, tsId=0.
[INFO] DRV(3904,m23_gdn_prefill_j12):2026-09-27-11:35:06.084.855 [event_sched.c:1536][ascend][curpid:3904,3904][drv][event-sche][esched_device_open]The dev_id has opened. (dev_id=0)
[INFO] DRV(3904,m23_gdn_prefill_j12):2026-09-27-11:35:06.084.921 [esched_adapt.c:72][ascend][curpid:3904,3904][drv][event-sche][esched_attach_device_inner]Attach device. (ret=0; dev_id=0)
[INFO] DRV(3904,m23_gdn_prefill_j12):2026-09-27-11:35:06.084.940 [event_sched.c:1061][ascend][curpid:3904,3904][drv][event-sche][esched_create_grp]Esched create grp success. (dev_id=0; gid=32; sched_mode=2; grpName=drv_msg_grp)
[INFO] DRV(3904,m23_gdn_prefill_j12):2026-09-27-11:35:06.085.263 [drv_share_log.c:229][ascend][curpid:3904,3904][drv][devmm][share_log_read_in_single_module]Open. (udevid=65; tgid=3198692)
[DEBUG] DRV(3904,m23_gdn_prefill_j12):2026-09-27-11:35:06.085.305 [svm_ioctl.c:235][ascend][curpid:3904,3904][drv][devmm][svm_ioctl_dev_init]Open fd. (pid=3904; devid=65)
[INFO] DRV(3904,m23_gdn_prefill_j12):2026-09-27-11:35:06.085.307 [svm_master_init.c:47][ascend][curpid:3904,3904][drv][devmm][svm_device_open_locked]Open success. (devid=65)
[INFO] DRV(3904,m23_gdn_prefill_j12):2026-09-27-11:35:06.085.453 [drv_share_log.c:229][ascend][curpid:3904,3904][drv][devmm][share_log_read_in_single_module]Open. (udevid=1; tgid=3198692)
[INFO] DRV(3904,m23_gdn_prefill_j12):2026-09-27-11:35:06.087.669 [esched_adapt.c:63][ascend][curpid:3904,3904][drv][event-sche][esched_attach_device_inner]Attach refcnt++. (refcnt=2; dev_id=0)
[INFO] DRV(3904,m23_gdn_prefill_j12):2026-09-27-11:35:06.087.683 [event_sched.c:1061][ascend][curpid:3904,3904][drv][event-sche][esched_create_grp]Esched create grp success. (dev_id=0; gid=33; sched_mode=2; grpName=ESCHED_GRP_0)
[INFO] DRV(3904,m23_gdn_prefill_j12):2026-09-27-11:35:06.087.708 [event_sched.c:1061][ascend][curpid:3904,3904][drv][event-sche][esched_create_grp]Esched create grp success. (dev_id=0; gid=34; sched_mode=2; grpName=ESCHED_GRP_1)
[INFO] DRV(3904,m23_gdn_prefill_j12):2026-09-27-11:35:06.087.733 [event_sched.c:1061][ascend][curpid:3904,3904][drv][event-sche][esched_create_grp]Esched create grp success. (dev_id=0; gid=35; sched_mode=2; grpName=ESCHED_GRP_2)
[INFO] DRV(3904,m23_gdn_prefill_j12):2026-09-27-11:35:06.087.756 [event_sched.c:1061][ascend][curpid:3904,3904][drv][event-sche][esched_create_grp]Esched create grp success. (dev_id=0; gid=36; sched_mode=2; grpName=ESCHED_GRP_3)
[INFO] DRV(3904,m23_gdn_prefill_j12):2026-09-27-11:35:06.087.776 [event_sched.c:1061][ascend][curpid:3904,3904][drv][event-sche][esched_create_grp]Esched create grp success. (dev_id=0; gid=37; sched_mode=2; grpName=ESCHED_GRP_4)
[INFO] DRV(3904,m23_gdn_prefill_j12):2026-09-27-11:35:06.087.797 [event_sched.c:1061][ascend][curpid:3904,3904][drv][event-sche][esched_create_grp]Esched create grp success. (dev_id=0; gid=38; sched_mode=2; grpName=ESCHED_GRP_5)
[INFO] DRV(3904,m23_gdn_prefill_j12):2026-09-27-11:35:06.087.819 [event_sched.c:1061][ascend][curpid:3904,3904][drv][event-sche][esched_create_grp]Esched create grp success. (dev_id=0; gid=39; sched_mode=2; grpName=ESCHED_GRP_6)
[INFO] DRV(3904,m23_gdn_prefill_j12):2026-09-27-11:35:06.087.840 [event_sched.c:1061][ascend][curpid:3904,3904][drv][event-sche][esched_create_grp]Esched create grp success. (dev_id=0; gid=40; sched_mode=2; grpName=ESCHED_GRP_7)
[INFO] DRV(3904,m23_gdn_prefill_j12):2026-09-27-11:35:06.087.864 [event_sched.c:1061][ascend][curpid:3904,3904][drv][event-sche][esched_create_grp]Esched create grp success. (dev_id=0; gid=41; sched_mode=2; grpName=ESCHED_GRP_8)
[INFO] DRV(3904,m23_gdn_prefill_j12):2026-09-27-11:35:06.087.882 [event_sched.c:1061][ascend][curpid:3904,3904][drv][event-sche][esched_create_grp]Esched create grp success. (dev_id=0; gid=42; sched_mode=2; grpName=ESCHED_GRP_9)
[INFO] DRV(3904,m23_gdn_prefill_j12):2026-09-27-11:35:06.087.903 [event_sched.c:1061][ascend][curpid:3904,3904][drv][event-sche][esched_create_grp]Esched create grp success. (dev_id=0; gid=43; sched_mode=2; grpName=ESCHED_GRP_10)
[INFO] DRV(3904,m23_gdn_prefill_j12):2026-09-27-11:35:06.087.927 [event_sched.c:1061][ascend][curpid:3904,3904][drv][event-sche][esched_create_grp]Esched create grp success. (dev_id=0; gid=44; sched_mode=2; grpName=ESCHED_GRP_11)
[INFO] DRV(3904,m23_gdn_prefill_j12):2026-09-27-11:35:06.087.949 [event_sched.c:1061][ascend][curpid:3904,3904][drv][event-sche][esched_create_grp]Esched create grp success. (dev_id=0; gid=45; sched_mode=2; grpName=ESCHED_GRP_12)
[INFO] DRV(3904,m23_gdn_prefill_j12):2026-09-27-11:35:06.087.969 [event_sched.c:1061][ascend][curpid:3904,3904][drv][event-sche][esched_create_grp]Esched create grp success. (dev_id=0; gid=46; sched_mode=2; grpName=ESCHED_GRP_13)
[INFO] DRV(3904,m23_gdn_prefill_j12):2026-09-27-11:35:06.087.991 [event_sched.c:1061][ascend][curpid:3904,3904][drv][event-sche][esched_create_grp]Esched create grp success. (dev_id=0; gid=47; sched_mode=2; grpName=ESCHED_GRP_14)
[INFO] DRV(3904,m23_gdn_prefill_j12):2026-09-27-11:35:06.088.012 [event_sched.c:1061][ascend][curpid:3904,3904][drv][event-sche][esched_create_grp]Esched create grp success. (dev_id=0; gid=48; sched_mode=2; grpName=ESCHED_GRP_15)
[INFO] DRV(3904,m23_gdn_prefill_j12):2026-09-27-11:35:06.088.107 [event_sched.c:1061][ascend][curpid:3904,3904][drv][event-sche][esched_create_grp]Esched create grp success. (dev_id=0; gid=49; sched_mode=1; grpName=ESCHED_GRP_AI)
[INFO] DRV(3904,m23_gdn_prefill_j12):2026-09-27-11:35:06.088.109 [event_sched_app.c:257][ascend][curpid:3904,3904][drv][event-sche][esched_aicpu_res_init]Init aicpu sync msg grp. (gid=49)
[INFO] DRV(3904,m23_gdn_prefill_j12):2026-09-27-11:35:06.088.125 [event_sched.c:1061][ascend][curpid:3904,3904][drv][event-sche][esched_create_grp]Esched create grp success. (dev_id=0; gid=50; sched_mode=2; grpName=DRV_ESCHED_GRP)
[INFO] DRV(3904,m23_gdn_prefill_j12):2026-09-27-11:35:06.088.201 [event_sched_app.c:291][ascend][curpid:3904,3904][drv][event-sche][esched_drv_res_init]Init drv inner sync res group success. (dev_id=0, gid=50)
[INFO] DRV(3904,m23_gdn_prefill_j12):2026-09-27-11:35:06.088.204 [event_sched_app.c:330][ascend][curpid:3904,3904][drv][event-sche][esched_res_init]Init sync res group success. (dev_id=0)
[DEBUG] DRV(3904,m23_gdn_prefill_j12):2026-09-27-11:35:06.095.225 [event_sched.c:336][ascend][curpid:3904,3904][drv][event-sche][esched_create_wait_info]Add thread wait info node(dev_id=0; gid=50; tid=0).
[DEBUG] DRV(3904,m23_gdn_prefill_j12):2026-09-27-11:35:06.095.232 [va_reserve.c:710][ascend][curpid:3904,3904][drv][devmm][svm_reserve_va]Reserve va success. (va=0xdffec0000000; size=0x140000000; flag=0x0)
[DEBUG] DRV(3904,m23_gdn_prefill_j12):2026-09-27-11:35:06.097.797 [event_sched.c:368][ascend][curpid:3904,3904][drv][event-sche][esched_finish_call_back]Called the finish func.(dev_id=0; gid=50; tid=0; event_id=27; subevent_id=141).
[DEBUG] DRV(3904,m23_gdn_prefill_j12):2026-09-27-11:35:06.097.830 [va_reserve.c:710][ascend][curpid:3904,3904][drv][devmm][svm_reserve_va]Reserve va success. (va=0xcf0000000000; size=0x100000000000; flag=0x100)
[DEBUG] DRV(3904,m23_gdn_prefill_j12):2026-09-27-11:35:06.098.611 [event_sched.c:368][ascend][curpid:3904,3904][drv][event-sche][esched_finish_call_back]Called the finish func.(dev_id=0; gid=50; tid=0; event_id=27; subevent_id=141).
[DEBUG] DRV(3904,m23_gdn_prefill_j12):2026-09-27-11:35:06.098.741 [va_reserve.c:407][ascend][curpid:3904,3904][drv][devmm][va_reserve_master]Master mmap. (start=0x100000000000; size=0x20000000000)
[DEBUG] DRV(3904,m23_gdn_prefill_j12):2026-09-27-11:35:06.098.744 [va_reserve.c:710][ascend][curpid:3904,3904][drv][devmm][svm_reserve_va]Reserve va success. (va=0x100000000000; size=0x20000000000; flag=0x7)
[DEBUG] DRV(3904,m23_gdn_prefill_j12):2026-09-27-11:35:06.100.724 [event_sched.c:368][ascend][curpid:3904,3904][drv][event-sche][esched_finish_call_back]Called the finish func.(dev_id=0; gid=50; tid=0; event_id=27; subevent_id=141).
[DEBUG] DRV(3904,m23_gdn_prefill_j12):2026-09-27-11:35:06.102.344 [event_sched.c:368][ascend][curpid:3904,3904][drv][event-sche][esched_finish_call_back]Called the finish func.(dev_id=0; gid=50; tid=0; event_id=27; subevent_id=143).
[DEBUG] DRV(3904,m23_gdn_prefill_j12):2026-09-27-11:35:06.102.351 [svm_urma_seg_mng.c:267][ascend][curpid:3904,3904][drv][devmm][svm_urma_register_seg]Client register urma seg check. (ret=65534; devid=0; va=0x100000000000; size=2199023255552)
[DEBUG] DRV(3904,m23_gdn_prefill_j12):2026-09-27-11:35:06.102.955 [event_sched.c:368][ascend][curpid:3904,3904][drv][event-sche][esched_finish_call_back]Called the finish func.(dev_id=0; gid=50; tid=0; event_id=27; subevent_id=138).
[DEBUG] DRV(3904,m23_gdn_prefill_j12):2026-09-27-11:35:06.102.961 [svm_urma_seg_mng.c:267][ascend][curpid:3904,3904][drv][devmm][svm_urma_register_seg]Client register urma seg check. (ret=65534; devid=0; va=0xdffec0000000; size=5368709120)
[DEBUG] DRV(3904,m23_gdn_prefill_j12):2026-09-27-11:35:06.102.964 [svm_ioctl.c:235][ascend][curpid:3904,3904][drv][devmm][svm_ioctl_dev_init]Open fd. (pid=3904; devid=0)
[INFO] DRV(3904,m23_gdn_prefill_j12):2026-09-27-11:35:06.102.966 [svm_master_init.c:47][ascend][curpid:3904,3904][drv][devmm][svm_device_open_locked]Open success. (devid=0)
[INFO] DRV(3904,m23_gdn_prefill_j12):2026-09-27-11:35:06.102.994 [trs_sqcq.c:514][ascend][curpid:3904,3904][drv][tsdrv][trs_dev_sq_cq_init]Sqcq init. (devid=0)
[INFO] DRV(3904,m23_gdn_prefill_j12):2026-09-27-11:35:06.103.019 [trs_sqcq.c:434][ascend][curpid:3904,3904][drv][tsdrv][trs_id_type_init]Id type init success. (dev_id=0; ts_id=0; id_type=6; num=2044)
[INFO] DRV(3904,m23_gdn_prefill_j12):2026-09-27-11:35:06.103.047 [trs_sqcq.c:434][ascend][curpid:3904,3904][drv][tsdrv][trs_id_type_init]Id type init success. (dev_id=0; ts_id=0; id_type=7; num=2044)
[INFO] DRV(3904,m23_gdn_prefill_j12):2026-09-27-11:35:06.103.061 [trs_sqcq.c:434][ascend][curpid:3904,3904][drv][tsdrv][trs_id_type_init]Id type init success. (dev_id=0; ts_id=0; id_type=10; num=1024)
[INFO] DRV(3904,m23_gdn_prefill_j12):2026-09-27-11:35:06.103.075 [trs_sqcq.c:434][ascend][curpid:3904,3904][drv][tsdrv][trs_id_type_init]Id type init success. (dev_id=0; ts_id=0; id_type=11; num=1024)
[INFO] DRV(3904,m23_gdn_prefill_j12):2026-09-27-11:35:06.112.367 [trs_sqcq.c:434][ascend][curpid:3904,3904][drv][tsdrv][trs_id_type_init]Id type init success. (dev_id=0; ts_id=0; id_type=12; num=65536)
[INFO] DRV(3904,m23_gdn_prefill_j12):2026-09-27-11:35:06.112.371 [trs_sqcq.c:434][ascend][curpid:3904,3904][drv][tsdrv][trs_id_type_init]Id type init success. (dev_id=0; ts_id=0; id_type=8; num=16)
[INFO] DRV(3904,m23_gdn_prefill_j12):2026-09-27-11:35:06.112.374 [trs_sqcq.c:434][ascend][curpid:3904,3904][drv][tsdrv][trs_id_type_init]Id type init success. (dev_id=0; ts_id=0; id_type=9; num=16)
[INFO] DRV(3904,m23_gdn_prefill_j12):2026-09-27-11:35:06.112.376 [trs_sqcq.c:434][ascend][curpid:3904,3904][drv][tsdrv][trs_id_type_init]Id type init success. (dev_id=0; ts_id=0; id_type=13; num=1)
[INFO] DRV(3904,m23_gdn_prefill_j12):2026-09-27-11:35:06.112.378 [trs_sqcq.c:434][ascend][curpid:3904,3904][drv][tsdrv][trs_id_type_init]Id type init success. (dev_id=0; ts_id=0; id_type=14; num=1)
[INFO] DRV(3904,m23_gdn_prefill_j12):2026-09-27-11:35:06.112.380 [esched_adapt.c:63][ascend][curpid:3904,3904][drv][event-sche][esched_attach_device_inner]Attach refcnt++. (refcnt=3; dev_id=0)
[INFO] DRV(3904,m23_gdn_prefill_j12):2026-09-27-11:35:06.112.423 [event_sched.c:1061][ascend][curpid:3904,3904][drv][event-sche][esched_create_grp]Esched create grp success. (dev_id=0; gid=11; sched_mode=2; grpName=)
[INFO] DRV(3904,m23_gdn_prefill_j12):2026-09-27-11:35:06.113.006 [esched_adapt.c:63][ascend][curpid:3904,3904][drv][event-sche][esched_attach_device_inner]Attach refcnt++. (refcnt=4; dev_id=0)
[INFO] DRV(3904,m23_gdn_prefill_j12):2026-09-27-11:35:06.113.021 [event_sched.c:1061][ascend][curpid:3904,3904][drv][event-sche][esched_create_grp]Esched create grp success. (dev_id=0; gid=51; sched_mode=2; grpName=trs_sqcq_grp)
[DEBUG] DRV(3904,m23_gdn_prefill_j12):2026-09-27-11:35:06.113.035 [trs_master_event.c:248][ascend][curpid:3904,3904][drv][tsdrv][trs_sq_cq_event_init]Sqcq event init success. (dev_id=0)
[INFO] DRV(3904,m23_gdn_prefill_j12):2026-09-27-11:35:06.113.039 [trs_dev_drv.c:373][ascend][curpid:3904,3904][drv][tsdrv][drvDeviceOpenComm]Open success. (devid=0; fd=17; mmap_fd=18)
[INFO] DRV(3904,m23_gdn_prefill_j12):2026-09-27-11:35:06.113.042 [queue_interface.c:954][ascend][curpid:3904,3904][drv][queuemng][queue_device_open]queue open finish. (dev_id=0)
[INFO] RUNTIME(3904,m23_gdn_prefill_j12):2026-09-27-11:35:06.113.514 [npu_driver.cc:471] 3904 DeviceOpen: Open device success, device_id=0, tsId=0, SSID=3198692.
[INFO] RUNTIME(3904,m23_gdn_prefill_j12):2026-09-27-11:35:06.113.529 [npu_driver.cc:1109] 3904 CheckIsSupportFeature: Support FEATURE_SVM_GET_USER_MALLOC_ATTR, drv devId=0.
[INFO] RUNTIME(3904,m23_gdn_prefill_j12):2026-09-27-11:35:06.113.531 [npu_driver.cc:1109] 3904 CheckIsSupportFeature: Not support FEATURE_SVM_MEM_REGISTER_QUERY_AND_GET_ATTR, drv devId=0.
[INFO] RUNTIME(3904,m23_gdn_prefill_j12):2026-09-27-11:35:06.113.534 [task_manager.cc:1082] 3904 RefreshTaskFuncPointer: Task func pointer refreshed to chip type: 15
[INFO] RUNTIME(3904,m23_gdn_prefill_j12):2026-09-27-11:35:06.113.539 [raw_device.cc:547] 3904 Init: chipType:0xf
[INFO] RUNTIME(3904,m23_gdn_prefill_j12):2026-09-27-11:35:06.113.544 [raw_device.cc:560] 3904 Init: isAddrFlat:0
[INFO] RUNTIME(3904,m23_gdn_prefill_j12):2026-09-27-11:35:06.113.546 [npu_driver_standard_soc.cc:223] 3904 GetStarsInfo: device_id=0, ts_id=0, head=12, ackCount=44.
[INFO] RUNTIME(3904,m23_gdn_prefill_j12):2026-09-27-11:35:06.114.237 [raw_device.cc:564] 3904 Init: starsRegBaseAddr_=0x4680000000.
[INFO] RUNTIME(3904,m23_gdn_prefill_j12):2026-09-27-11:35:06.114.251 [raw_device.cc:574] 3904 Init: Ddie_die_num=2
[INFO] DRV(3904,m23_gdn_prefill_j12):2026-09-27-11:35:06.114.255 [svm_mem_ctl.c:103][ascend][curpid:3904,3904][drv][devmm][mem_ctrl_support_feature]RTS note drv support feature. (in_feature=0x1; out_feature=0x0)
[INFO] RUNTIME(3904,m23_gdn_prefill_j12):2026-09-27-11:35:06.114.257 [npu_driver_mem.cc:2480] 3904 SupportNumaTsMemCtrl: chip type=15, support flag=0
[DEBUG] RUNTIME(3904,m23_gdn_prefill_j12):2026-09-27-11:35:06.114.270 [npu_driver_mem.cc:1338] 3904 DevMemAlloc:device_id=0, type=4, size=16392, mode=1.
[DEBUG] RUNTIME(3904,m23_gdn_prefill_j12):2026-09-27-11:35:06.114.273 [npu_driver_mem.cc:1095] 3904 DevMemAllocOnline:memory policy=0x0.
[DEBUG] RUNTIME(3904,m23_gdn_prefill_j12):2026-09-27-11:35:06.114.276 [npu_driver_mem.cc:1106] 3904 DevMemAllocOnline:device_id=0, type=4, size=16392, chip type=15, policy=0x0.
[DEBUG] DRV(3904,m23_gdn_prefill_j12):2026-09-27-11:35:06.117.989 [event_sched.c:368][ascend][curpid:3904,3904][drv][event-sche][esched_finish_call_back]Called the finish func.(dev_id=0; gid=50; tid=0; event_id=27; subevent_id=138).
[DEBUG] DRV(3904,m23_gdn_prefill_j12):2026-09-27-11:35:06.118.049 [va_reserve.c:407][ascend][curpid:3904,3904][drv][devmm][va_reserve_master]Master mmap. (start=0x120000000000; size=0x4000000000)
[DEBUG] DRV(3904,m23_gdn_prefill_j12):2026-09-27-11:35:06.119.335 [event_sched.c:368][ascend][curpid:3904,3904][drv][event-sche][esched_finish_call_back]Called the finish func.(dev_id=0; gid=50; tid=0; event_id=27; subevent_id=141).
[DEBUG] DRV(3904,m23_gdn_prefill_j12):2026-09-27-11:35:06.119.344 [svm_urma_seg_mng.c:267][ascend][curpid:3904,3904][drv][devmm][svm_urma_register_seg]Client register urma seg check. (ret=65534; devid=0; va=0x120000000000; size=274877906944)
[DEBUG] DRV(3904,m23_gdn_prefill_j12):2026-09-27-11:35:06.119.347 [va_reserve.c:710][ascend][curpid:3904,3904][drv][devmm][svm_reserve_va]Reserve va success. (va=0x120000000000; size=0x4000000000; flag=0x7)
[DEBUG] DRV(3904,m23_gdn_prefill_j12):2026-09-27-11:35:06.125.419 [event_sched.c:368][ascend][curpid:3904,3904][drv][event-sche][esched_finish_call_back]Called the finish func.(dev_id=0; gid=50; tid=0; event_id=27; subevent_id=138).
[DEBUG] DRV(3904,m23_gdn_prefill_j12):2026-09-27-11:35:06.127.810 [svm_alloc.c:313][ascend][curpid:3904,3904][drv][devmm][halMemAllocInner]Alloc. (ptr=0x120000000000; size=16392; flag=0x700000000900400)
[DEBUG] RUNTIME(3904,m23_gdn_prefill_j12):2026-09-27-11:35:06.127.816 [npu_driver_mem.cc:1085] 3904 DevMemAllocManaged:device_id=0, type=4, size=16392(bytes), chip type=15, moduleId=7, tillFlag=0
[DEBUG] RUNTIME(3904,m23_gdn_prefill_j12):2026-09-27-11:35:06.127.818 [npu_driver_mem.cc:1160] 3904 DevMemAllocOnline:Success, memory policy=0x0, device_id=0, size=16392(bytes), type=4.
[DEBUG] DRV(3904,m23_gdn_prefill_j12):2026-09-27-11:35:06.127.832 [svm_set.c:145][ascend][curpid:3904,3904][drv][devmm][drvMemsetD8Inner]Memset info. (va=0x120000000000; value=0; num=16392)
[DEBUG] DRV(3904,m23_gdn_prefill_j12):2026-09-27-11:35:06.128.046 [svm_alloc.c:313][ascend][curpid:3904,3904][drv][devmm][halMemAllocInner]Alloc. (ptr=0x100000200000; size=524288; flag=0x1600000000000800)
[INFO] DRV(3904,m23_gdn_prefill_j12):2026-09-27-11:35:06.128.148 [devdrv_manager.c:1084][ascend][curpid:3904,3904][drv][devmng][drv_get_system_info]This version does not support this type. (dev_id=0; Type=64)
[INFO] DRV(3904,m23_gdn_prefill_j12):2026-09-27-11:35:06.128.152 [devdrv_manager.c:2136][ascend][curpid:3904,3904][drv][devmng][halGetDeviceInfo]Reasult of call halgetdeviceinfo. (ret=3; module_type=0; info_type=64).
[INFO] RUNTIME(3904,m23_gdn_prefill_j12):2026-09-27-11:35:06.128.156 [raw_device.cc:615] 3904 Init: Get phy info, phy chip id 3, phy die id 0
[INFO] RUNTIME(3904,m23_gdn_prefill_j12):2026-09-27-11:35:06.128.159 [runtime.cc:1788] 3904 GetTsdQos: [TSD] start get qos, devId=0
[INFO] TDT(3904,m23_gdn_prefill_j12):2026-09-27-11:35:06.128.161 [tsd_client.cpp:188][TsdCapabilityGet][tid:3904] TsdCapabilityGet Begin.
[INFO] TDT(3904,m23_gdn_prefill_j12):2026-09-27-11:35:06.128.165 [process_mode_manager.cpp:1075][CapabilityGet][tid:3904] [ProcessModeManager] enter into CapabilityGet process deviceId[0] type[0].
[INFO] TDT(3904,m23_gdn_prefill_j12):2026-09-27-11:35:06.128.168 [process_mode_manager.cpp:544][InitTsdClient][tid:3904] [TsdClient] tsd client has already been initialized
[INFO] TDT(3904,m23_gdn_prefill_j12):2026-09-27-11:35:06.128.174 [version_verify.cpp:117][SpecialFeatureCheck][tid:3904] VersionVerify: previous type[38], supported
[INFO] TDT(3904,m23_gdn_prefill_j12):2026-09-27-11:35:06.128.487 [process_mode_manager.cpp:1098][CapabilityGet][tid:3904] [TsdClient][deviceId=0] [sessionId=1] [type=0]send capability successfully.
[INFO] TDT(3904,m23_gdn_prefill_j12):2026-09-27-11:35:06.128.491 [hdc_client.cpp:116][CommRecvData][tid:3904] recv timeout is:150000 ms
[INFO] TDT(3904,m23_gdn_prefill_j12):2026-09-27-11:35:06.134.475 [process_mode_msg_parse.cpp:267][CapabilityResMsgProc][tid:3904] [CapabilityResMsgProc] [sessionID=1]
[INFO] TDT(3904,m23_gdn_prefill_j12):2026-09-27-11:35:06.134.479 [process_mode_msg_parse.cpp:262][PidQosMsgProc][tid:3904] [TsdClient] PidQosMsgProc recvMsg realDeviceId[0] msgType[39] localDevId[0] rspCode[0],pidqos[1]
[INFO] TDT(3904,m23_gdn_prefill_j12):2026-09-27-11:35:06.134.482 [hdc_client.cpp:134][CommRecvData][tid:3904] [deviceId=0] the Tsd recv data already
[INFO] TDT(3904,m23_gdn_prefill_j12):2026-09-27-11:35:06.134.485 [process_mode_manager.cpp:1103][CapabilityGet][tid:3904] [TsdClient][logicDeviceId_=0][type=0][pidQos=1][ret=0]recv capability response finished.
[INFO] RUNTIME(3904,m23_gdn_prefill_j12):2026-09-27-11:35:06.134.487 [runtime.cc:1799] 3904 GetTsdQos: [TSD] get qos success, userDeviceId=0, devId=0, qos=1
[INFO] RUNTIME(3904,m23_gdn_prefill_j12):2026-09-27-11:35:06.134.501 [engine.cc:82] 3904 Engine: Constructor.
[INFO] RUNTIME(3904,m23_gdn_prefill_j12):2026-09-27-11:35:06.134.504 [stars_engine.cc:53] 3904 StarsEngine: Constructor.
[INFO] RUNTIME(3904,m23_gdn_prefill_j12):2026-09-27-11:35:06.134.506 [engine_factory.cc:32] 3904 CreateEngine: new StarsEngine, Runtime_alloc_size 328
[INFO] RUNTIME(3904,m23_gdn_prefill_j12):2026-09-27-11:35:06.134.508 [engine_factory.cc:45] 3904 CreateEngine: Engine init success.
[INFO] RUNTIME(3904,m23_gdn_prefill_j12):2026-09-27-11:35:06.134.511 [raw_device.cc:628] 3904 Init: new SpmPool ok, Runtime_alloc_size 56(bytes)
[INFO] RUNTIME(3904,m23_gdn_prefill_j12):2026-09-27-11:35:06.134.513 [spm_pool.cc:47] 3904 Init: new buffer ok, Runtime_alloc_size 128
[DEBUG] RUNTIME(3904,m23_gdn_prefill_j12):2026-09-27-11:35:06.134.517 [npu_driver_mem.cc:1338] 3904 DevMemAlloc:device_id=0, type=2, size=2096640, mode=1.
[DEBUG] RUNTIME(3904,m23_gdn_prefill_j12):2026-09-27-11:35:06.134.519 [npu_driver_mem.cc:1095] 3904 DevMemAllocOnline:memory policy=0x0.
[DEBUG] RUNTIME(3904,m23_gdn_prefill_j12):2026-09-27-11:35:06.134.521 [npu_driver_mem.cc:1106] 3904 DevMemAllocOnline:device_id=0, type=2, size=2096640, chip type=15, policy=0x0.
[DEBUG] DRV(3904,m23_gdn_prefill_j12):2026-09-27-11:35:06.140.750 [event_sched.c:368][ascend][curpid:3904,3904][drv][event-sche][esched_finish_call_back]Called the finish func.(dev_id=0; gid=50; tid=0; event_id=27; subevent_id=130).
[DEBUG] DRV(3904,m23_gdn_prefill_j12):2026-09-27-11:35:06.140.772 [svm_alloc.c:313][ascend][curpid:3904,3904][drv][devmm][halMemAllocInner]Alloc. (ptr=0x120040000000; size=2096640; flag=0x700000000924400)
[DEBUG] RUNTIME(3904,m23_gdn_prefill_j12):2026-09-27-11:35:06.140.776 [npu_driver_mem.cc:963] 3904 DevMemAllocHugePageManaged:device_id=0,type=2,size=2096640(bytes), chip type=15, moduleId=7.
[DEBUG] RUNTIME(3904,m23_gdn_prefill_j12):2026-09-27-11:35:06.140.778 [npu_driver_mem.cc:1160] 3904 DevMemAllocOnline:Success, memory policy=0x0, device_id=0, size=2096640(bytes), type=2.
[INFO] RUNTIME(3904,m23_gdn_prefill_j12):2026-09-27-11:35:06.140.780 [buffer_allocator.cc:70] 3904 BufferAllocator: alloc success, Runtime_alloc_size 128(bytes)
[INFO] RUNTIME(3904,m23_gdn_prefill_j12):2026-09-27-11:35:06.140.782 [spm_pool.cc:61] 3904 Init: new BufferAllocator ok, Runtime_alloc_size 200
[INFO] RUNTIME(3904,m23_gdn_prefill_j12):2026-09-27-11:35:06.140.789 [raw_device.cc:657] 3904 Init: new UmaArgLoader ok, Runtime_alloc_size 280(bytes)
[INFO] DRV(3904,m23_gdn_prefill_j12):2026-09-27-11:35:06.140.792 [svm_mem_ctl.c:103][ascend][curpid:3904,3904][drv][devmm][mem_ctrl_support_feature]RTS note drv support feature. (in_feature=0xa; out_feature=0xa)
[INFO] RUNTIME(3904,m23_gdn_prefill_j12):2026-09-27-11:35:06.140.795 [npu_driver_mem.cc:2584] 3904 CheckSupportPcieBarCopy: chip type=15, drv support pcie bar copy
[INFO] DRV(3904,m23_gdn_prefill_j12):2026-09-27-11:35:06.140.797 [svm_mem_ctl.c:103][ascend][curpid:3904,3904][drv][devmm][mem_ctrl_support_feature]RTS note drv support feature. (in_feature=0xa; out_feature=0xa)
[INFO] RUNTIME(3904,m23_gdn_prefill_j12):2026-09-27-11:35:06.140.799 [npu_driver_mem.cc:2584] 3904 CheckSupportPcieBarCopy: chip type=15, drv support pcie bar copy
[DEBUG] RUNTIME(3904,m23_gdn_prefill_j12):2026-09-27-11:35:06.140.818 [npu_driver_mem.cc:1338] 3904 DevMemAlloc:device_id=0, type=2, size=6356992, mode=1.
[DEBUG] RUNTIME(3904,m23_gdn_prefill_j12):2026-09-27-11:35:06.140.821 [npu_driver_mem.cc:1095] 3904 DevMemAllocOnline:memory policy=0x0.
[DEBUG] RUNTIME(3904,m23_gdn_prefill_j12):2026-09-27-11:35:06.140.822 [npu_driver_mem.cc:1106] 3904 DevMemAllocOnline:device_id=0, type=2, size=6356992, chip type=15, policy=0x0.
[DEBUG] DRV(3904,m23_gdn_prefill_j12):2026-09-27-11:35:06.143.736 [event_sched.c:368][ascend][curpid:3904,3904][drv][event-sche][esched_finish_call_back]Called the finish func.(dev_id=0; gid=50; tid=0; event_id=27; subevent_id=130).
[DEBUG] DRV(3904,m23_gdn_prefill_j12):2026-09-27-11:35:06.143.753 [svm_alloc.c:313][ascend][curpid:3904,3904][drv][devmm][halMemAllocInner]Alloc. (ptr=0x120040200000; size=6356992; flag=0x700000000924400)
[DEBUG] RUNTIME(3904,m23_gdn_prefill_j12):2026-09-27-11:35:06.143.756 [npu_driver_mem.cc:963] 3904 DevMemAllocHugePageManaged:device_id=0,type=2,size=6356992(bytes), chip type=15, moduleId=7.
[DEBUG] RUNTIME(3904,m23_gdn_prefill_j12):2026-09-27-11:35:06.143.757 [npu_driver_mem.cc:1160] 3904 DevMemAllocOnline:Success, memory policy=0x0, device_id=0, size=6356992(bytes), type=2.
[INFO] RUNTIME(3904,m23_gdn_prefill_j12):2026-09-27-11:35:06.143.759 [buffer_allocator.cc:70] 3904 BufferAllocator: alloc success, Runtime_alloc_size 1048560(bytes)
[INFO] RUNTIME(3904,m23_gdn_prefill_j12):2026-09-27-11:35:06.143.761 [h2d_copy_mgr.cc:60] 3904 H2DCopyMgr: alloc h2d copy buff success, policy 3
[INFO] DRV(3904,m23_gdn_prefill_j12):2026-09-27-11:35:06.143.763 [svm_mem_ctl.c:103][ascend][curpid:3904,3904][drv][devmm][mem_ctrl_support_feature]RTS note drv support feature. (in_feature=0xa; out_feature=0xa)
[INFO] RUNTIME(3904,m23_gdn_prefill_j12):2026-09-27-11:35:06.143.766 [npu_driver_mem.cc:2584] 3904 CheckSupportPcieBarCopy: chip type=15, drv support pcie bar copy
[DEBUG] RUNTIME(3904,m23_gdn_prefill_j12):2026-09-27-11:35:06.143.922 [npu_driver_mem.cc:1338] 3904 DevMemAlloc:device_id=0, type=2, size=1966080, mode=1.
[DEBUG] RUNTIME(3904,m23_gdn_prefill_j12):2026-09-27-11:35:06.143.925 [npu_driver_mem.cc:1095] 3904 DevMemAllocOnline:memory policy=0x0.
[DEBUG] RUNTIME(3904,m23_gdn_prefill_j12):2026-09-27-11:35:06.143.926 [npu_driver_mem.cc:1106] 3904 DevMemAllocOnline:device_id=0, type=2, size=1966080, chip type=15, policy=0x0.
[DEBUG] DRV(3904,m23_gdn_prefill_j12):2026-09-27-11:35:06.146.367 [event_sched.c:368][ascend][curpid:3904,3904][drv][event-sche][esched_finish_call_back]Called the finish func.(dev_id=0; gid=50; tid=0; event_id=27; subevent_id=130).
[DEBUG] DRV(3904,m23_gdn_prefill_j12):2026-09-27-11:35:06.146.386 [svm_alloc.c:313][ascend][curpid:3904,3904][drv][devmm][halMemAllocInner]Alloc. (ptr=0x120040a00000; size=1966080; flag=0x700000000924400)
[DEBUG] RUNTIME(3904,m23_gdn_prefill_j12):2026-09-27-11:35:06.146.388 [npu_driver_mem.cc:963] 3904 DevMemAllocHugePageManaged:device_id=0,type=2,size=1966080(bytes), chip type=15, moduleId=7.
[DEBUG] RUNTIME(3904,m23_gdn_prefill_j12):2026-09-27-11:35:06.146.391 [npu_driver_mem.cc:1160] 3904 DevMemAllocOnline:Success, memory policy=0x0, device_id=0, size=1966080(bytes), type=2.
[INFO] RUNTIME(3904,m23_gdn_prefill_j12):2026-09-27-11:35:06.146.392 [buffer_allocator.cc:70] 3904 BufferAllocator: alloc success, Runtime_alloc_size 8388480(bytes)
[INFO] RUNTIME(3904,m23_gdn_prefill_j12):2026-09-27-11:35:06.146.394 [h2d_copy_mgr.cc:60] 3904 H2DCopyMgr: alloc h2d copy buff success, policy 3
[INFO] DRV(3904,m23_gdn_prefill_j12):2026-09-27-11:35:06.146.396 [svm_mem_ctl.c:103][ascend][curpid:3904,3904][drv][devmm][mem_ctrl_support_feature]RTS note drv support feature. (in_feature=0xa; out_feature=0xa)
[INFO] RUNTIME(3904,m23_gdn_prefill_j12):2026-09-27-11:35:06.146.398 [npu_driver_mem.cc:2584] 3904 CheckSupportPcieBarCopy: chip type=15, drv support pcie bar copy
[DEBUG] RUNTIME(3904,m23_gdn_prefill_j12):2026-09-27-11:35:06.149.404 [npu_driver_mem.cc:1338] 3904 DevMemAlloc:device_id=0, type=2, size=3018752, mode=1.
[DEBUG] RUNTIME(3904,m23_gdn_prefill_j12):2026-09-27-11:35:06.149.407 [npu_driver_mem.cc:1095] 3904 DevMemAllocOnline:memory policy=0x0.
[DEBUG] RUNTIME(3904,m23_gdn_prefill_j12):2026-09-27-11:35:06.149.409 [npu_driver_mem.cc:1106] 3904 DevMemAllocOnline:device_id=0, type=2, size=3018752, chip type=15, policy=0x0.
[DEBUG] DRV(3904,m23_gdn_prefill_j12):2026-09-27-11:35:06.151.480 [event_sched.c:368][ascend][curpid:3904,3904][drv][event-sche][esched_finish_call_back]Called the finish func.(dev_id=0; gid=50; tid=0; event_id=27; subevent_id=130).
[DEBUG] DRV(3904,m23_gdn_prefill_j12):2026-09-27-11:35:06.151.748 [svm_alloc.c:313][ascend][curpid:3904,3904][drv][devmm][halMemAllocInner]Alloc. (ptr=0x120040c00000; size=3018752; flag=0x700000000924400)
[DEBUG] RUNTIME(3904,m23_gdn_prefill_j12):2026-09-27-11:35:06.151.751 [npu_driver_mem.cc:963] 3904 DevMemAllocHugePageManaged:device_id=0,type=2,size=3018752(bytes), chip type=15, moduleId=7.
[DEBUG] RUNTIME(3904,m23_gdn_prefill_j12):2026-09-27-11:35:06.151.753 [npu_driver_mem.cc:1160] 3904 DevMemAllocOnline:Success, memory policy=0x0, device_id=0, size=3018752(bytes), type=2.
[INFO] RUNTIME(3904,m23_gdn_prefill_j12):2026-09-27-11:35:06.151.755 [buffer_allocator.cc:70] 3904 BufferAllocator: alloc success, Runtime_alloc_size 16776960(bytes)
[INFO] RUNTIME(3904,m23_gdn_prefill_j12):2026-09-27-11:35:06.151.756 [h2d_copy_mgr.cc:60] 3904 H2DCopyMgr: alloc h2d copy buff success, policy 3
[INFO] RUNTIME(3904,m23_gdn_prefill_j12):2026-09-27-11:35:06.151.759 [uma_arg_loader.cc:101] 3904 Init: new BufferAllocator superArgAllocator_ ok, Runtime_alloc_size 200
[INFO] RUNTIME(3904,m23_gdn_prefill_j12):2026-09-27-11:35:06.151.774 [task_allocator.cc:72] 3904 DefaultAlloc: Runtime_alloc_size 24576(bytes)
[INFO] RUNTIME(3904,m23_gdn_prefill_j12):2026-09-27-11:35:06.151.781 [buffer_allocator.cc:70] 3904 BufferAllocator: alloc success, Runtime_alloc_size 144(bytes)
[INFO] RUNTIME(3904,m23_gdn_prefill_j12):2026-09-27-11:35:06.151.783 [uma_arg_loader.cc:108] 3904 Init: new BufferAllocator handleAllocator_ ok, Runtime_alloc_size 200
[DEBUG] RUNTIME(3904,m23_gdn_prefill_j12):2026-09-27-11:35:06.152.659 [npu_driver_mem.cc:1338] 3904 DevMemAlloc:device_id=0, type=2, size=65536, mode=1.
[DEBUG] RUNTIME(3904,m23_gdn_prefill_j12):2026-09-27-11:35:06.152.662 [npu_driver_mem.cc:1095] 3904 DevMemAllocOnline:memory policy=0x0.
[DEBUG] RUNTIME(3904,m23_gdn_prefill_j12):2026-09-27-11:35:06.152.663 [npu_driver_mem.cc:1106] 3904 DevMemAllocOnline:device_id=0, type=2, size=65536, chip type=15, policy=0x0.
[DEBUG] DRV(3904,m23_gdn_prefill_j12):2026-09-27-11:35:06.152.674 [svm_alloc.c:313][ascend][curpid:3904,3904][drv][devmm][halMemAllocInner]Alloc. (ptr=0x120000005000; size=65536; flag=0x700000000904400)
[DEBUG] RUNTIME(3904,m23_gdn_prefill_j12):2026-09-27-11:35:06.152.677 [npu_driver_mem.cc:1085] 3904 DevMemAllocManaged:device_id=0, type=2, size=65536(bytes), chip type=15, moduleId=7, tillFlag=0
[DEBUG] RUNTIME(3904,m23_gdn_prefill_j12):2026-09-27-11:35:06.152.679 [npu_driver_mem.cc:1160] 3904 DevMemAllocOnline:Success, memory policy=0x0, device_id=0, size=65536(bytes), type=2.
[INFO] RUNTIME(3904,m23_gdn_prefill_j12):2026-09-27-11:35:06.152.680 [buffer_allocator.cc:70] 3904 BufferAllocator: alloc success, Runtime_alloc_size 4194240(bytes)
[INFO] RUNTIME(3904,m23_gdn_prefill_j12):2026-09-27-11:35:06.152.682 [uma_arg_loader.cc:116] 3904 Init: new BufferAllocator kernelInfoAllocator_ ok, Runtime_alloc_size 200
[INFO] RUNTIME(3904,m23_gdn_prefill_j12):2026-09-27-11:35:06.152.683 [uma_arg_loader.cc:118] 3904 Init: ALLOC PCIE is support[1]
[INFO] DRV(3904,m23_gdn_prefill_j12):2026-09-27-11:35:06.152.686 [svm_mem_ctl.c:103][ascend][curpid:3904,3904][drv][devmm][mem_ctrl_support_feature]RTS note drv support feature. (in_feature=0xa; out_feature=0xa)
[INFO] RUNTIME(3904,m23_gdn_prefill_j12):2026-09-27-11:35:06.152.688 [npu_driver_mem.cc:2584] 3904 CheckSupportPcieBarCopy: chip type=15, drv support pcie bar copy
[DEBUG] RUNTIME(3904,m23_gdn_prefill_j12):2026-09-27-11:35:06.152.898 [npu_driver_mem.cc:1338] 3904 DevMemAlloc:device_id=0, type=16, size=1048576, mode=1.
[DEBUG] RUNTIME(3904,m23_gdn_prefill_j12):2026-09-27-11:35:06.152.900 [npu_driver_mem.cc:1095] 3904 DevMemAllocOnline:memory policy=0x0.
[DEBUG] RUNTIME(3904,m23_gdn_prefill_j12):2026-09-27-11:35:06.152.902 [npu_driver_mem.cc:1106] 3904 DevMemAllocOnline:device_id=0, type=16, size=1048576, chip type=15, policy=0x0.
[DEBUG] DRV(3904,m23_gdn_prefill_j12):2026-09-27-11:35:06.158.570 [event_sched.c:368][ascend][curpid:3904,3904][drv][event-sche][esched_finish_call_back]Called the finish func.(dev_id=0; gid=50; tid=0; event_id=27; subevent_id=130).
[DEBUG] DRV(3904,m23_gdn_prefill_j12):2026-09-27-11:35:06.179.636 [svm_alloc.c:313][ascend][curpid:3904,3904][drv][devmm][halMemAllocInner]Alloc. (ptr=0x120000200000; size=1048576; flag=0x700000002904400)
[DEBUG] RUNTIME(3904,m23_gdn_prefill_j12):2026-09-27-11:35:06.179.640 [npu_driver_mem.cc:1085] 3904 DevMemAllocManaged:device_id=0, type=16, size=1048576(bytes), chip type=15, moduleId=7, tillFlag=0
[DEBUG] RUNTIME(3904,m23_gdn_prefill_j12):2026-09-27-11:35:06.179.642 [npu_driver_mem.cc:1160] 3904 DevMemAllocOnline:Success, memory policy=0x0, device_id=0, size=1048576(bytes), type=16.
[DEBUG] RUNTIME(3904,m23_gdn_prefill_j12):2026-09-27-11:35:06.180.571 [npu_driver_mem.cc:682] 3904 PcieHostRegister:device_id=0, size=1048576
[INFO] RUNTIME(3904,m23_gdn_prefill_j12):2026-09-27-11:35:06.180.573 [buffer_allocator.cc:70] 3904 BufferAllocator: alloc success, Runtime_alloc_size 1048560(bytes)
[INFO] RUNTIME(3904,m23_gdn_prefill_j12):2026-09-27-11:35:06.180.575 [h2d_copy_mgr.cc:60] 3904 H2DCopyMgr: alloc h2d copy buff success, policy 1
[INFO] RUNTIME(3904,m23_gdn_prefill_j12):2026-09-27-11:35:06.180.581 [raw_device.cc:669] 3904 Init: new StreamSqCqManage ok, Runtime_alloc_size 488(bytes)
[INFO] RUNTIME(3904,m23_gdn_prefill_j12):2026-09-27-11:35:06.180.583 [raw_device.cc:674] 3904 Init: New taskFactory ok, Runtime_alloc_size 128(bytes)
[INFO] RUNTIME(3904,m23_gdn_prefill_j12):2026-09-27-11:35:06.180.585 [task_allocator.cc:72] 3904 DefaultAlloc: Runtime_alloc_size 458752(bytes)
[INFO] RUNTIME(3904,m23_gdn_prefill_j12):2026-09-27-11:35:06.180.673 [buffer_allocator.cc:70] 3904 BufferAllocator: alloc success, Runtime_alloc_size 144(bytes)
[DEBUG] RUNTIME(3904,m23_gdn_prefill_j12):2026-09-27-11:35:06.180.675 [runtime.cc:5402] 3904 GetRuntimeStreamNum:StreamCnt=0
[DEBUG] RUNTIME(3904,m23_gdn_prefill_j12):2026-09-27-11:35:06.180.774 [task.cc:73] 3904 Init:TaskFactory::Init ok, alloc size is 408.
[DEBUG] RUNTIME(3904,m23_gdn_prefill_j12):2026-09-27-11:35:06.180.778 [npu_driver_mem.cc:1338] 3904 DevMemAlloc:device_id=0, type=2, size=2097152, mode=1.
[DEBUG] RUNTIME(3904,m23_gdn_prefill_j12):2026-09-27-11:35:06.180.779 [npu_driver_mem.cc:1095] 3904 DevMemAllocOnline:memory policy=0x0.
[DEBUG] RUNTIME(3904,m23_gdn_prefill_j12):2026-09-27-11:35:06.180.781 [npu_driver_mem.cc:1106] 3904 DevMemAllocOnline:device_id=0, type=2, size=2097152, chip type=15, policy=0x0.
[DEBUG] DRV(3904,m23_gdn_prefill_j12):2026-09-27-11:35:06.183.188 [event_sched.c:368][ascend][curpid:3904,3904][drv][event-sche][esched_finish_call_back]Called the finish func.(dev_id=0; gid=50; tid=0; event_id=27; subevent_id=130).
[DEBUG] DRV(3904,m23_gdn_prefill_j12):2026-09-27-11:35:06.183.403 [svm_alloc.c:313][ascend][curpid:3904,3904][drv][devmm][halMemAllocInner]Alloc. (ptr=0x120041000000; size=2097152; flag=0x700000040924400)
[DEBUG] RUNTIME(3904,m23_gdn_prefill_j12):2026-09-27-11:35:06.183.405 [npu_driver_mem.cc:963] 3904 DevMemAllocHugePageManaged:device_id=0,type=2,size=2097152(bytes), chip type=15, moduleId=7.
[DEBUG] RUNTIME(3904,m23_gdn_prefill_j12):2026-09-27-11:35:06.183.407 [npu_driver_mem.cc:1160] 3904 DevMemAllocOnline:Success, memory policy=0x0, device_id=0, size=2097152(bytes), type=2.
[INFO] RUNTIME(3904,m23_gdn_prefill_j12):2026-09-27-11:35:06.183.452 [raw_device.cc:115] 3904 Init: ObjAllocator alloc success, Runtime_alloc_size 160000(bytes)
[INFO] RUNTIME(3904,m23_gdn_prefill_j12):2026-09-27-11:35:06.183.596 [raw_device.cc:127] 3904 Init: ObjAllocator alloc success, Runtime_alloc_size 800000(bytes)
[INFO] RUNTIME(3904,m23_gdn_prefill_j12):2026-09-27-11:35:06.183.598 [raw_device.cc:702] 3904 Init: new DeviceSqCqPool ok, Runtime_alloc_size 88(bytes)
[INFO] RUNTIME(3904,m23_gdn_prefill_j12):2026-09-27-11:35:06.183.600 [raw_device.cc:711] 3904 Init: new SqAddrMemoryOrder ok, Runtime_alloc_size 80(bytes)
[INFO] RUNTIME(3904,m23_gdn_prefill_j12):2026-09-27-11:35:06.183.601 [raw_device.cc:718] 3904 Init: Runtime_alloc_size=64000(bytes)
[DEBUG] RUNTIME(3904,m23_gdn_prefill_j12):2026-09-27-11:35:06.183.754 [npu_driver_mem.cc:1338] 3904 DevMemAlloc:device_id=0, type=4, size=174588032, mode=1.
[DEBUG] RUNTIME(3904,m23_gdn_prefill_j12):2026-09-27-11:35:06.183.756 [npu_driver_mem.cc:1095] 3904 DevMemAllocOnline:memory policy=0x0.
[DEBUG] RUNTIME(3904,m23_gdn_prefill_j12):2026-09-27-11:35:06.183.758 [npu_driver_mem.cc:1106] 3904 DevMemAllocOnline:device_id=0, type=4, size=174588032, chip type=15, policy=0x0.
[DEBUG] DRV(3904,m23_gdn_prefill_j12):2026-09-27-11:35:06.187.751 [event_sched.c:368][ascend][curpid:3904,3904][drv][event-sche][esched_finish_call_back]Called the finish func.(dev_id=0; gid=50; tid=0; event_id=27; subevent_id=130).
[DEBUG] DRV(3904,m23_gdn_prefill_j12):2026-09-27-11:35:06.191.486 [svm_alloc.c:313][ascend][curpid:3904,3904][drv][devmm][halMemAllocInner]Alloc. (ptr=0x120041200000; size=174588032; flag=0x700000000920400)
[DEBUG] RUNTIME(3904,m23_gdn_prefill_j12):2026-09-27-11:35:06.191.491 [npu_driver_mem.cc:963] 3904 DevMemAllocHugePageManaged:device_id=0,type=4,size=174588032(bytes), chip type=15, moduleId=7.
[DEBUG] RUNTIME(3904,m23_gdn_prefill_j12):2026-09-27-11:35:06.191.494 [npu_driver_mem.cc:1160] 3904 DevMemAllocOnline:Success, memory policy=0x0, device_id=0, size=174588032(bytes), type=4.
[DEBUG] RUNTIME(3904,m23_gdn_prefill_j12):2026-09-27-11:35:06.191.496 [raw_device_adpt_david.cc:54] 3904 AllocSimtStackPhyBase:AllocStackPhyBase device_id=0, simtStackPhyBase_=0x120041200000, stackPhySize=174588032.
[DEBUG] RUNTIME(3904,m23_gdn_prefill_j12):2026-09-27-11:35:06.191.521 [task_res_da.cc:39] 3904 CreateTaskRes:TaskInfo Buffer alloc success.
[INFO] RUNTIME(3904,m23_gdn_prefill_j12):2026-09-27-11:35:06.191.523 [stream_david.cc:870] 3904 CreateStreamTaskRes: STREAM TaskRes Setup. flags_=0x6c0.
[INFO] DRV(3904,m23_gdn_prefill_j12):2026-09-27-11:35:06.191.661 [svm_mem_ctl.c:103][ascend][curpid:3904,3904][drv][devmm][mem_ctrl_support_feature]RTS note drv support feature. (in_feature=0xa; out_feature=0xa)
[INFO] RUNTIME(3904,m23_gdn_prefill_j12):2026-09-27-11:35:06.191.663 [npu_driver_mem.cc:2584] 3904 CheckSupportPcieBarCopy: chip type=15, drv support pcie bar copy
[DEBUG] RUNTIME(3904,m23_gdn_prefill_j12):2026-09-27-11:35:06.191.665 [npu_driver_mem.cc:1338] 3904 DevMemAlloc:device_id=0, type=16, size=2098176, mode=1.
[DEBUG] RUNTIME(3904,m23_gdn_prefill_j12):2026-09-27-11:35:06.191.667 [npu_driver_mem.cc:1095] 3904 DevMemAllocOnline:memory policy=0x0.
[DEBUG] RUNTIME(3904,m23_gdn_prefill_j12):2026-09-27-11:35:06.191.669 [npu_driver_mem.cc:1106] 3904 DevMemAllocOnline:device_id=0, type=16, size=2098176, chip type=15, policy=0x0.
[DEBUG] DRV(3904,m23_gdn_prefill_j12):2026-09-27-11:35:06.194.249 [event_sched.c:368][ascend][curpid:3904,3904][drv][event-sche][esched_finish_call_back]Called the finish func.(dev_id=0; gid=50; tid=0; event_id=27; subevent_id=130).
[DEBUG] DRV(3904,m23_gdn_prefill_j12):2026-09-27-11:35:06.194.534 [svm_alloc.c:313][ascend][curpid:3904,3904][drv][devmm][halMemAllocInner]Alloc. (ptr=0x12004ba00000; size=2098176; flag=0x700000002924400)
[DEBUG] RUNTIME(3904,m23_gdn_prefill_j12):2026-09-27-11:35:06.194.536 [npu_driver_mem.cc:963] 3904 DevMemAllocHugePageManaged:device_id=0,type=16,size=2098176(bytes), chip type=15, moduleId=7.
[DEBUG] RUNTIME(3904,m23_gdn_prefill_j12):2026-09-27-11:35:06.194.538 [npu_driver_mem.cc:1160] 3904 DevMemAllocOnline:Success, memory policy=0x0, device_id=0, size=2098176(bytes), type=16.
[DEBUG] RUNTIME(3904,m23_gdn_prefill_j12):2026-09-27-11:35:06.195.076 [npu_driver_mem.cc:682] 3904 PcieHostRegister:device_id=0, size=2098176
[DEBUG] RUNTIME(3904,m23_gdn_prefill_j12):2026-09-27-11:35:06.195.079 [stars_arg_manager.cc:67] 3904 CreateArgRes:Malloc args stm pool mem success, size=2098176, device_id=0.
[INFO] RUNTIME(3904,m23_gdn_prefill_j12):2026-09-27-11:35:06.195.084 [npu_driver_res.cc:1164] 3904 StreamIdAlloc: stream id alloc begin, device_id=0, priority=0, ts_id=0, remote_stream_id=0, vf_id=0
[DEBUG] RUNTIME(3904,m23_gdn_prefill_j12):2026-09-27-11:35:06.195.799 [npu_driver_res.cc:1175] 3904 StreamIdAlloc:Succ, stream_id=63, priority=0, device_id=0, ts_id=0, streamFlag=0
[DEBUG] RUNTIME(3904,m23_gdn_prefill_j12):2026-09-27-11:35:06.195.804 [stream_sqcq_manage.cc:718] 3904 SetStreamIdToStream:stream_id=63.
[DEBUG] RUNTIME(3904,m23_gdn_prefill_j12):2026-09-27-11:35:06.195.807 [stream_david.cc:582] 3904 SetupByFlagAndCheck:Alloc stream, stream_id=63
[DEBUG] RUNTIME(3904,m23_gdn_prefill_j12):2026-09-27-11:35:06.195.811 [stream_sqcq_manage.cc:50] 3904 FillStreamAttrSimt:Alloc sq cq info: validFlag=0, poolId=0, poolIdMax=0, stackPhyAddr=0x120041200000, WarpStkSize=36864, DvgWarpStkSize=1024.
[INFO] RUNTIME(3904,m23_gdn_prefill_j12):2026-09-27-11:35:06.195.813 [stream_sqcq_manage.cc:357] 3904 Alloc: deviceId=0, tsId=0, drvFlag=0
[INFO] RUNTIME(3904,m23_gdn_prefill_j12):2026-09-27-11:35:06.195.815 [npu_driver_res.cc:1565] 3904 NormalSqCqAllocate: Set cq dep to 2049, sysMode=0 addrMode=0
[DEBUG] RUNTIME(3904,m23_gdn_prefill_j12):2026-09-27-11:35:06.195.818 [npu_driver_res.cc:1574] 3904 NormalSqCqAllocate:normal sqcq alloc, device_id=0, tsId=0, flag=0, cqId=0, sqId=0.
[INFO] DRV(3904,m23_gdn_prefill_j12):2026-09-27-11:35:06.195.822 [esched_adapt.c:63][ascend][curpid:3904,3904][drv][event-sche][esched_attach_device_inner]Attach refcnt++. (refcnt=5; dev_id=0)
[DEBUG] DRV(3904,m23_gdn_prefill_j12):2026-09-27-11:35:06.199.957 [event_sched.c:368][ascend][curpid:3904,3904][drv][event-sche][esched_finish_call_back]Called the finish func.(dev_id=0; gid=50; tid=0; event_id=27; subevent_id=130).
[DEBUG] DRV(3904,m23_gdn_prefill_j12):2026-09-27-11:35:06.200.755 [svm_alloc.c:313][ascend][curpid:3904,3904][drv][devmm][halMemAllocInner]Alloc. (ptr=0x120000400000; size=2097152; flag=0x1700000002080400)
[DEBUG] DRV(3904,m23_gdn_prefill_j12):2026-09-27-11:35:06.204.763 [trs_sqcq.c:952][ascend][curpid:3904,3904][drv][tsdrv][trs_local_sqcq_alloc]Alloc success. (dev_id=0; ts_id=0; sq_id=0; cq_id=0)
[DEBUG] DRV(3904,m23_gdn_prefill_j12):2026-09-27-11:35:06.204.766 [trs_sqcq.c:750][ascend][curpid:3904,3904][drv][tsdrv][trs_cq_usr_info_init]cq info. (type=0; cqid=0; depth=2049; size=32)
[DEBUG] DRV(3904,m23_gdn_prefill_j12):2026-09-27-11:35:06.204.768 [trs_sqcq.c:1012][ascend][curpid:3904,3904][drv][tsdrv][trs_sqcq_alloc]Alloc sqcq success. (dev_id=0; sq_id=0; cq_id=0)
[DEBUG] RUNTIME(3904,m23_gdn_prefill_j12):2026-09-27-11:35:06.204.771 [npu_driver_res.cc:1603] 3904 NormalSqCqAllocate:Normal sqcq alloc success, device_id=0, tsId=0, flag=2147483648, sqId=0, cqId=0.
[INFO] RUNTIME(3904,m23_gdn_prefill_j12):2026-09-27-11:35:06.204.775 [npu_driver_standard_soc.cc:401] 3904 GetSqAddrInfo: dev_id=0, sq_id=0, sq is device memory.
[DEBUG] RUNTIME(3904,m23_gdn_prefill_j12):2026-09-27-11:35:06.204.777 [stream_sqcq_manage.cc:155] 3904 AllocDavidStreamSqCq:Alloc sq cq: device_id=0, stream_id=63, sq_id=0, cq_id=0, drv_flag=0, sq_addr=0x0.
[DEBUG] RUNTIME(3904,m23_gdn_prefill_j12):2026-09-27-11:35:06.204.779 [stream_david.cc:613] 3904 SetupByFlagAndCheck:[StreamSetup]alloc sq cq success: stream_id=63, sqId=0, cqId=0
[INFO] RUNTIME(3904,m23_gdn_prefill_j12):2026-09-27-11:35:06.204.785 [npu_driver_res.cc:1702] 3904 LogicCqAllocateV2: cqeDepth=4096, isDvppGrp=0, inFlag=0
[DEBUG] DRV(3904,m23_gdn_prefill_j12):2026-09-27-11:35:06.204.800 [trs_sqcq.c:952][ascend][curpid:3904,3904][drv][tsdrv][trs_local_sqcq_alloc]Alloc success. (dev_id=0; ts_id=0; sq_id=0; cq_id=26063)
[DEBUG] DRV(3904,m23_gdn_prefill_j12):2026-09-27-11:35:06.204.802 [trs_sqcq.c:750][ascend][curpid:3904,3904][drv][tsdrv][trs_cq_usr_info_init]cq info. (type=2; cqid=26063; depth=4096; size=32)
[DEBUG] DRV(3904,m23_gdn_prefill_j12):2026-09-27-11:35:06.204.804 [trs_sqcq.c:1012][ascend][curpid:3904,3904][drv][tsdrv][trs_sqcq_alloc]Alloc sqcq success. (dev_id=0; sq_id=0; cq_id=26063)
[INFO] RUNTIME(3904,m23_gdn_prefill_j12):2026-09-27-11:35:06.204.805 [npu_driver_res.cc:1714] 3904 LogicCqAllocateV2: success: deviceId=0, tsId=0, cqId=26063, streamId=63, logicCq=26063, cqeDepth=4096
[DEBUG] RUNTIME(3904,m23_gdn_prefill_j12):2026-09-27-11:35:06.204.808 [stream_sqcq_manage.cc:576] 3904 AllocLogicCq:Succ, stream_id=63, isNeedFast=0, cq_id=26063, isFastCq=0.
[INFO] RUNTIME(3904,m23_gdn_prefill_j12):2026-09-27-11:35:06.204.815 [npu_driver_res.cc:909] 3904 StreamBindLogicCq: success: deviceId=0, tsId=0, streamId=63, logicCq=26063.
[DEBUG] RUNTIME(3904,m23_gdn_prefill_j12):2026-09-27-11:35:06.204.818 [stream.cc:4010] 3904 AllocLogicCq:alloc logic cq success, stream_id=63, logicCq=26063.
[DEBUG] RUNTIME(3904,m23_gdn_prefill_j12):2026-09-27-11:35:06.204.820 [stream.cc:2276] 3904 SetMaxTaskId:SetMaxTaskId, maxTaskId_=65534
[INFO] RUNTIME(3904,m23_gdn_prefill_j12):2026-09-27-11:35:06.204.822 [stream_david.cc:651] 3904 Setup: stream setup end, stream_id=63, sq_id=0, cq_id=0, device_id=0, isHasArgPool_=1, flag=1728.
[DEBUG] RUNTIME(3904,m23_gdn_prefill_j12):2026-09-27-11:35:06.204.825 [stream_state_callback_manager.cc:59] 3904 Notify:notify stream_id=63.
[INFO] RUNTIME(3904,m23_gdn_prefill_j12):2026-09-27-11:35:06.204.827 [stream_state_callback_manager.cc:66] 3904 Notify: No stream state callback function registered!
[INFO] RUNTIME(3904,m23_gdn_prefill_j12):2026-09-27-11:35:06.204.829 [raw_device.cc:1041] 3904 Start: new primary Stream ok, Runtime_alloc_size 4088(bytes), stream_id=63.
[DEBUG] DRV(3904,m23_gdn_prefill_j12):2026-09-27-11:35:06.209.505 [event_sched.c:368][ascend][curpid:3904,3904][drv][event-sche][esched_finish_call_back]Called the finish func.(dev_id=0; gid=50; tid=0; event_id=27; subevent_id=130).
[DEBUG] DRV(3904,m23_gdn_prefill_j12):2026-09-27-11:35:06.209.518 [svm_vmm.c:887][ascend][curpid:3904,3904][drv][devmm][halMemCreateInner]Vmm create. (size=4194304; side=1; devid=0; module_id=7; pg_type=1; mem_type=0; handle_va=0x12004be00000)
[DEBUG] DRV(3904,m23_gdn_prefill_j12):2026-09-27-11:35:06.209.524 [svm_vmm.c:692][ascend][curpid:3904,3904][drv][devmm][halMemAddressReserve]Vmm reserve. (va=0xdffec0000000; size=4194304; flag=0x0; pg_type=0)
[DEBUG] DRV(3904,m23_gdn_prefill_j12):2026-09-27-11:35:06.210.268 [event_sched.c:368][ascend][curpid:3904,3904][drv][event-sche][esched_finish_call_back]Called the finish func.(dev_id=0; gid=50; tid=0; event_id=27; subevent_id=130).
[DEBUG] DRV(3904,m23_gdn_prefill_j12):2026-09-27-11:35:06.210.277 [svm_vmm.c:1597][ascend][curpid:3904,3904][drv][devmm][halMemMap]Vmm Map. (va=0xdffec0000000; size=4194304; handle_va=0x12004be00000; devid=0; key=0)
[INFO] RUNTIME(3904,m23_gdn_prefill_j12):2026-09-27-11:35:06.210.280 [npu_driver_dcache_lock_david.cpp:95] 3904 AllocAddrForDcache: readVaAddr=0xdffec0000000, dcacheAddr=0x0xdffec0000000, outSize=5368709120, handle=0x563c50cc5220, drvHandle=0x563c50cc5220.
[INFO] RUNTIME(3904,m23_gdn_prefill_j12):2026-09-27-11:35:06.210.282 [raw_device.cc:887] 3904 AllocCustomerStackPhyBase: drv devId=0, customerStackSize=32768, not alloc
[INFO] RUNTIME(3904,m23_gdn_prefill_j12):2026-09-27-11:35:06.210.292 [osal.cc:337] 3904 CreateThread: Runtime_alloc_size 64
[INFO] RUNTIME(3904,m23_gdn_prefill_j12):2026-09-27-11:35:06.210.330 [osal.cc:210] 3904 Start: mmCreateTaskWithThreadAttr, retCode=0, name_=MONITOR_0, i=0
[INFO] RUNTIME(3904,m23_gdn_prefill_j12):2026-09-27-11:35:06.210.334 [osal.cc:337] 3904 CreateThread: Runtime_alloc_size 64
[INFO] RUNTIME(3904,m23_gdn_prefill_j12):2026-09-27-11:35:06.210.357 [osal.cc:210] 3904 Start: mmCreateTaskWithThreadAttr, retCode=0, name_=REPORT_RAS, i=0
[INFO] RUNTIME(3904,m23_gdn_prefill_j12):2026-09-27-11:35:06.210.359 [runtime.cc:4926] 3904 CreateReportRasThread: Start report ras thread success!
[INFO] RUNTIME(3904,m23_gdn_prefill_j12):2026-09-27-11:35:06.210.366 [osal.cc:337] 3904 CreateThread: Runtime_alloc_size 64
[INFO] RUNTIME(3904,m23_gdn_prefill_j12):2026-09-27-11:35:06.210.371 [stars_engine.cc:1804] 3927 MonitoringRun: Stars Monitor thread has entered, ts_id=0
[INFO] RUNTIME(3904,m23_gdn_prefill_j12):2026-09-27-11:35:06.210.386 [global_state_manager.cc:126] 3927 IncBackgroundThreadCount: MonitoringRun thread needs to be locked. Total:2.
[INFO] RUNTIME(3904,m23_gdn_prefill_j12):2026-09-27-11:35:06.210.390 [osal.cc:210] 3904 Start: mmCreateTaskWithThreadAttr, retCode=0, name_=RT_RECYCLE_0, i=0
[INFO] RUNTIME(3904,m23_gdn_prefill_j12):2026-09-27-11:35:06.210.381 [global_state_manager.cc:126] 3928 IncBackgroundThreadCount: ReportRasRun thread needs to be locked. Total:1.
[INFO] RUNTIME(3904,m23_gdn_prefill_j12):2026-09-27-11:35:06.210.401 [ctrl_sq.cc:39] 3904 Setup: CtrlSQ create success, stream_id=-1.
[DEBUG] RUNTIME(3904,m23_gdn_prefill_j12):2026-09-27-11:35:06.210.411 [task_res_da.cc:39] 3904 CreateTaskRes:TaskInfo Buffer alloc success.
[INFO] RUNTIME(3904,m23_gdn_prefill_j12):2026-09-27-11:35:06.210.413 [stream_david.cc:870] 3904 CreateStreamTaskRes: STREAM TaskRes Setup. flags_=0x40.
[INFO] RUNTIME(3904,m23_gdn_prefill_j12):2026-09-27-11:35:06.210.417 [npu_driver_res.cc:269] 3927 GetDeviceStatus: GetDeviceStatus status=1.
[INFO] RUNTIME(3904,m23_gdn_prefill_j12):2026-09-27-11:35:06.210.414 [stars_engine.cc:208] 3929 RecycleThreadRun: RecycleThreadRun thread start.
[INFO] RUNTIME(3904,m23_gdn_prefill_j12):2026-09-27-11:35:06.210.459 [stream_david.cc:178] 3904 CreateStreamArgRes: Non-fast_launch stream does not alloc args res, stream_id=-1, flags=0x40
[INFO] RUNTIME(3904,m23_gdn_prefill_j12):2026-09-27-11:35:06.210.463 [npu_driver_res.cc:1164] 3904 StreamIdAlloc: stream id alloc begin, device_id=0, priority=0, ts_id=0, remote_stream_id=0, vf_id=0
[DEBUG] RUNTIME(3904,m23_gdn_prefill_j12):2026-09-27-11:35:06.210.466 [npu_driver_res.cc:1175] 3904 StreamIdAlloc:Succ, stream_id=62, priority=0, device_id=0, ts_id=0, streamFlag=0
[DEBUG] RUNTIME(3904,m23_gdn_prefill_j12):2026-09-27-11:35:06.210.467 [stream_sqcq_manage.cc:718] 3904 SetStreamIdToStream:stream_id=62.
[DEBUG] RUNTIME(3904,m23_gdn_prefill_j12):2026-09-27-11:35:06.210.470 [stream_david.cc:582] 3904 SetupByFlagAndCheck:Alloc stream, stream_id=62
[DEBUG] RUNTIME(3904,m23_gdn_prefill_j12):2026-09-27-11:35:06.210.472 [stream_sqcq_manage.cc:50] 3904 FillStreamAttrSimt:Alloc sq cq info: validFlag=0, poolId=0, poolIdMax=0, stackPhyAddr=0x120041200000, WarpStkSize=36864, DvgWarpStkSize=1024.
[INFO] RUNTIME(3904,m23_gdn_prefill_j12):2026-09-27-11:35:06.210.473 [stream_sqcq_manage.cc:357] 3904 Alloc: deviceId=0, tsId=0, drvFlag=0
[INFO] RUNTIME(3904,m23_gdn_prefill_j12):2026-09-27-11:35:06.210.475 [npu_driver_res.cc:1565] 3904 NormalSqCqAllocate: Set cq dep to 2049, sysMode=0 addrMode=0
[DEBUG] RUNTIME(3904,m23_gdn_prefill_j12):2026-09-27-11:35:06.210.477 [npu_driver_res.cc:1574] 3904 NormalSqCqAllocate:normal sqcq alloc, device_id=0, tsId=0, flag=0, cqId=0, sqId=0.
[DEBUG] DRV(3904,m23_gdn_prefill_j12):2026-09-27-11:35:06.211.188 [trs_sqcq.c:952][ascend][curpid:3904,3904][drv][tsdrv][trs_local_sqcq_alloc]Alloc success. (dev_id=0; ts_id=0; sq_id=1; cq_id=1)
[DEBUG] DRV(3904,m23_gdn_prefill_j12):2026-09-27-11:35:06.211.191 [trs_sqcq.c:750][ascend][curpid:3904,3904][drv][tsdrv][trs_cq_usr_info_init]cq info. (type=0; cqid=1; depth=2049; size=32)
[DEBUG] DRV(3904,m23_gdn_prefill_j12):2026-09-27-11:35:06.211.193 [trs_sqcq.c:1012][ascend][curpid:3904,3904][drv][tsdrv][trs_sqcq_alloc]Alloc sqcq success. (dev_id=0; sq_id=1; cq_id=1)
[DEBUG] RUNTIME(3904,m23_gdn_prefill_j12):2026-09-27-11:35:06.211.195 [npu_driver_res.cc:1603] 3904 NormalSqCqAllocate:Normal sqcq alloc success, device_id=0, tsId=0, flag=2147483648, sqId=1, cqId=1.
[INFO] RUNTIME(3904,m23_gdn_prefill_j12):2026-09-27-11:35:06.211.197 [npu_driver_standard_soc.cc:401] 3904 GetSqAddrInfo: dev_id=0, sq_id=1, sq is device memory.
[DEBUG] RUNTIME(3904,m23_gdn_prefill_j12):2026-09-27-11:35:06.211.198 [stream_sqcq_manage.cc:155] 3904 AllocDavidStreamSqCq:Alloc sq cq: device_id=0, stream_id=62, sq_id=1, cq_id=1, drv_flag=0, sq_addr=0x0.
[DEBUG] RUNTIME(3904,m23_gdn_prefill_j12):2026-09-27-11:35:06.211.200 [stream_david.cc:613] 3904 SetupByFlagAndCheck:[StreamSetup]alloc sq cq success: stream_id=62, sqId=1, cqId=1
[INFO] RUNTIME(3904,m23_gdn_prefill_j12):2026-09-27-11:35:06.211.202 [npu_driver_res.cc:1702] 3904 LogicCqAllocateV2: cqeDepth=4096, isDvppGrp=0, inFlag=0
[DEBUG] DRV(3904,m23_gdn_prefill_j12):2026-09-27-11:35:06.211.214 [trs_sqcq.c:952][ascend][curpid:3904,3904][drv][tsdrv][trs_local_sqcq_alloc]Alloc success. (dev_id=0; ts_id=0; sq_id=0; cq_id=26064)
[DEBUG] DRV(3904,m23_gdn_prefill_j12):2026-09-27-11:35:06.211.216 [trs_sqcq.c:750][ascend][curpid:3904,3904][drv][tsdrv][trs_cq_usr_info_init]cq info. (type=2; cqid=26064; depth=4096; size=32)
[DEBUG] DRV(3904,m23_gdn_prefill_j12):2026-09-27-11:35:06.211.218 [trs_sqcq.c:1012][ascend][curpid:3904,3904][drv][tsdrv][trs_sqcq_alloc]Alloc sqcq success. (dev_id=0; sq_id=0; cq_id=26064)
[INFO] RUNTIME(3904,m23_gdn_prefill_j12):2026-09-27-11:35:06.211.220 [npu_driver_res.cc:1714] 3904 LogicCqAllocateV2: success: deviceId=0, tsId=0, cqId=26064, streamId=62, logicCq=26064, cqeDepth=4096
[DEBUG] RUNTIME(3904,m23_gdn_prefill_j12):2026-09-27-11:35:06.211.222 [stream_sqcq_manage.cc:576] 3904 AllocLogicCq:Succ, stream_id=62, isNeedFast=0, cq_id=26064, isFastCq=0.
[INFO] RUNTIME(3904,m23_gdn_prefill_j12):2026-09-27-11:35:06.211.224 [npu_driver_res.cc:909] 3904 StreamBindLogicCq: success: deviceId=0, tsId=0, streamId=62, logicCq=26064.
[DEBUG] RUNTIME(3904,m23_gdn_prefill_j12):2026-09-27-11:35:06.211.226 [stream.cc:4010] 3904 AllocLogicCq:alloc logic cq success, stream_id=62, logicCq=26064.
[DEBUG] RUNTIME(3904,m23_gdn_prefill_j12):2026-09-27-11:35:06.211.227 [stream.cc:2276] 3904 SetMaxTaskId:SetMaxTaskId, maxTaskId_=65534
[INFO] RUNTIME(3904,m23_gdn_prefill_j12):2026-09-27-11:35:06.211.229 [stream_david.cc:651] 3904 Setup: stream setup end, stream_id=62, sq_id=1, cq_id=1, device_id=0, isHasArgPool_=0, flag=64.
[DEBUG] RUNTIME(3904,m23_gdn_prefill_j12):2026-09-27-11:35:06.211.231 [stream_state_callback_manager.cc:59] 3904 Notify:notify stream_id=62.
[INFO] RUNTIME(3904,m23_gdn_prefill_j12):2026-09-27-11:35:06.211.232 [stream_state_callback_manager.cc:66] 3904 Notify: No stream state callback function registered!
[INFO] RUNTIME(3904,m23_gdn_prefill_j12):2026-09-27-11:35:06.211.234 [ctrl_sq.cc:44] 3904 Setup: CtrlSQ setup success, stream_id=62.
[INFO] RUNTIME(3904,m23_gdn_prefill_j12):2026-09-27-11:35:06.211.236 [npu_driver_standard_soc.cc:252] 3904 GetTsfwVersion: device_id=0, ts_id=0, head=12, ackCount=44.
[INFO] RUNTIME(3904,m23_gdn_prefill_j12):2026-09-27-11:35:06.217.899 [npu_driver_standard_soc.cc:263] 3904 GetTsfwVersion: tsfw_version=35.
[INFO] RUNTIME(3904,m23_gdn_prefill_j12):2026-09-27-11:35:06.217.902 [raw_device.cc:1906] 3904 SetTschVersion: Set tsch version=35.
[DEBUG] RUNTIME(3904,m23_gdn_prefill_j12):2026-09-27-11:35:06.217.905 [capability.cc:156] 3904 CheckFeatureIsSupportOld:support feature=5, tschVersion=35, expectVersion=20
[DEBUG] RUNTIME(3904,m23_gdn_prefill_j12):2026-09-27-11:35:06.217.907 [raw_device.cc:1345] 3904 SetSupportFlipVersionSwitch:chipType=15, tschVersion=35, supportFlipTask_=1
[INFO] RUNTIME(3904,m23_gdn_prefill_j12):2026-09-27-11:35:06.217.908 [raw_device.cc:1945] 3904 GetStarsVersion: send alloc get stars version task, stream_id=62, retCode:0
[INFO] RUNTIME(3904,m23_gdn_prefill_j12):2026-09-27-11:35:06.217.910 [raw_device.cc:1063] 3904 Start: Get TschVersion, tschVersion=35.
[DEBUG] RUNTIME(3904,m23_gdn_prefill_j12):2026-09-27-11:35:06.217.917 [npu_driver_mem.cc:1338] 3904 DevMemAlloc:device_id=0, type=2, size=4194304, mode=1.
[DEBUG] RUNTIME(3904,m23_gdn_prefill_j12):2026-09-27-11:35:06.217.919 [npu_driver_mem.cc:1095] 3904 DevMemAllocOnline:memory policy=0x0.
[DEBUG] RUNTIME(3904,m23_gdn_prefill_j12):2026-09-27-11:35:06.217.921 [npu_driver_mem.cc:1106] 3904 DevMemAllocOnline:device_id=0, type=2, size=4194304, chip type=15, policy=0x0.
[DEBUG] DRV(3904,m23_gdn_prefill_j12):2026-09-27-11:35:06.222.190 [event_sched.c:368][ascend][curpid:3904,3904][drv][event-sche][esched_finish_call_back]Called the finish func.(dev_id=0; gid=50; tid=0; event_id=27; subevent_id=134).
[DEBUG] DRV(3904,m23_gdn_prefill_j12):2026-09-27-11:35:06.226.344 [svm_alloc.c:313][ascend][curpid:3904,3904][drv][devmm][halMemAllocInner]Alloc. (ptr=0x12004c200000; size=4194304; flag=0x700000000924400)
[DEBUG] RUNTIME(3904,m23_gdn_prefill_j12):2026-09-27-11:35:06.226.346 [npu_driver_mem.cc:963] 3904 DevMemAllocHugePageManaged:device_id=0,type=2,size=4194304(bytes), chip type=15, moduleId=7.
[DEBUG] RUNTIME(3904,m23_gdn_prefill_j12):2026-09-27-11:35:06.226.348 [npu_driver_mem.cc:1160] 3904 DevMemAllocOnline:Success, memory policy=0x0, device_id=0, size=4194304(bytes), type=2.
[INFO] RUNTIME(3904,m23_gdn_prefill_j12):2026-09-27-11:35:06.229.515 [task_res_da.cc:142] 3904 AllocTaskInfoAndPos: alloc taskinfo success, device_id=0, stream_id=62, pos=0, sqeNum=1, head=0, taskResATail=1, allocNum=1.
[DEBUG] RUNTIME(3904,m23_gdn_prefill_j12):2026-09-27-11:35:06.229.519 [task_david.cc:426] 3904 AllocTaskInfo:alloc taskinfo success, stream_id=62, task_id=0, task_sn=0.
[DEBUG] RUNTIME(3904,m23_gdn_prefill_j12):2026-09-27-11:35:06.229.522 [ringbuffer_maintain_task.cc:34] 3904 RingBufferMaintainTaskInit:Success to create device ringbuffer task
[DEBUG] RUNTIME(3904,m23_gdn_prefill_j12):2026-09-27-11:35:06.229.527 [model_execute_task_v200_base.cc:503] 3904 PrintDavidSqe:RingBufferCreate: 00000203 00000000 00000007 00fd0053 4c200000 00001200 00000000 00000000
[DEBUG] RUNTIME(3904,m23_gdn_prefill_j12):2026-09-27-11:35:06.229.529 [model_execute_task_v200_base.cc:503] 3904 PrintDavidSqe:RingBufferCreate: 00000000 00000000 0000001e 00000000 0000bc00 00000000 00000000 00000000
[INFO] RUNTIME(3904,m23_gdn_prefill_j12):2026-09-27-11:35:06.229.531 [ringbuffer_maintain_task_v200_base.cc:56] 3904 ConstructDavidSqeForRingBufferMaintainTask: RingBufferCreate, device_id=0, stream_id=62, task_id=0, offset=0x12004c200000, elementSize=48128.
[INFO] RUNTIME(3904,m23_gdn_prefill_j12):2026-09-27-11:35:06.229.541 [stream_david.cc:719] 3904 StarsAddTaskToStream: single-operator stream, stream_id=62, task_id=0, task_sn=0, type=83(DEVICE_RINGBUFFER_CONTROL), sqe_num=1, device_id=0
[INFO] RUNTIME(3904,m23_gdn_prefill_j12):2026-09-27-11:35:06.229.546 [task_david.cc:583] 3904 DavidSendTask: device_id=0, ts_id=0, sq_id=1, stream_id=62, task_id=0, flip_num=0, task_sn=0, task_type=83(DEVICE_RINGBUFFER_CONTROL), drvRet=0.
[DEBUG] RUNTIME(3904,m23_gdn_prefill_j12):2026-09-27-11:35:06.230.484 [task_res_da.cc:79] 3904 GetTaskInfo:device_id=0, stream_id=62, taskId=1, head=0, tail=1, taskResAHead=0, taskResATail=1, taskInfo_id=0.
[WARNING] RUNTIME(3904,m23_gdn_prefill_j12):2026-09-27-11:35:06.230.486 [task_res_da.cc:92] 3904 GetTaskInfo: taskId is invalid, device_id=0, stream_id=62, taskId=1, head=0, tail=1, taskResAHead=0, taskResATail=1, taskInfo_id=0.
[WARNING] RUNTIME(3904,m23_gdn_prefill_j12):2026-09-27-11:35:06.230.488 [stream_david.cc:1354] 3904 GetTaskIdByPos: taskInfo is null, pos=1
[DEBUG] RUNTIME(3904,m23_gdn_prefill_j12):2026-09-27-11:35:06.230.490 [task_res_da.cc:79] 3904 GetTaskInfo:device_id=0, stream_id=62, taskId=0, head=0, tail=1, taskResAHead=0, taskResATail=1, taskInfo_id=0.
[INFO] RUNTIME(3904,m23_gdn_prefill_j12):2026-09-27-11:35:06.230.492 [stream.cc:1826] 3904 GetFinishedTaskIdBySqHead: stream_id=62, sq_id=1, sqHead=1, nextTaskId=65535, finishedPos=0, endTaskId=0
[INFO] RUNTIME(3904,m23_gdn_prefill_j12):2026-09-27-11:35:06.230.494 [stream.cc:1949] 3904 SynchronizeImpl: device_id=0, stream_id=62, task_id=0 has been completed, no concerned cqe.
[DEBUG] RUNTIME(3904,m23_gdn_prefill_j12):2026-09-27-11:35:06.230.492 [task_res_da.cc:79] 3929 GetTaskInfo:device_id=0, stream_id=62, taskId=1, head=0, tail=1, taskResAHead=0, taskResATail=1, taskInfo_id=0.
[WARNING] RUNTIME(3904,m23_gdn_prefill_j12):2026-09-27-11:35:06.230.499 [task_res_da.cc:92] 3929 GetTaskInfo: taskId is invalid, device_id=0, stream_id=62, taskId=1, head=0, tail=1, taskResAHead=0, taskResATail=1, taskInfo_id=0.
[WARNING] RUNTIME(3904,m23_gdn_prefill_j12):2026-09-27-11:35:06.230.505 [stream_david.cc:1354] 3929 GetTaskIdByPos: taskInfo is null, pos=1
[DEBUG] RUNTIME(3904,m23_gdn_prefill_j12):2026-09-27-11:35:06.230.508 [task_res_da.cc:79] 3929 GetTaskInfo:device_id=0, stream_id=62, taskId=0, head=0, tail=1, taskResAHead=0, taskResATail=1, taskInfo_id=0.
[INFO] RUNTIME(3904,m23_gdn_prefill_j12):2026-09-27-11:35:06.230.510 [stream.cc:1826] 3929 GetFinishedTaskIdBySqHead: stream_id=62, sq_id=1, sqHead=1, nextTaskId=65535, finishedPos=0, endTaskId=0
[DEBUG] RUNTIME(3904,m23_gdn_prefill_j12):2026-09-27-11:35:06.230.514 [task_res_da.cc:79] 3929 GetTaskInfo:device_id=0, stream_id=62, taskId=0, head=0, tail=1, taskResAHead=0, taskResATail=1, taskInfo_id=0.
[DEBUG] RUNTIME(3904,m23_gdn_prefill_j12):2026-09-27-11:35:06.230.517 [stream_david.cc:833] 3929 StarsGetPublicTaskHead:public task list null, stream_id=62, tailTaskId=0, publicHead=0, publicTail=0, taskResTail=1
[DEBUG] RUNTIME(3904,m23_gdn_prefill_j12):2026-09-27-11:35:06.230.521 [raw_device.cc:1345] 3904 SetSupportFlipVersionSwitch:chipType=15, tschVersion=35, supportFlipTask_=1
[INFO] RUNTIME(3904,m23_gdn_prefill_j12):2026-09-27-11:35:06.230.521 [task_recycle_common_base.cc:67] 3929 GetPublicTask: public task proc down, stream_id=62, endTaskSqPos=0, delPos=0, retCode=0x7030008.
[DEBUG] RUNTIME(3904,m23_gdn_prefill_j12):2026-09-27-11:35:06.230.524 [device_error_proc.cc:392] 3904 CreateDeviceRingBufferAndSendTask:End to Create device ringbuffer and send task, ringbuffer size=4194304(bytes).
[INFO] RUNTIME(3904,m23_gdn_prefill_j12):2026-09-27-11:35:06.230.525 [task_res_da.cc:176] 3929 RecycleTaskInfo: recycle taskinfo success, pos=0, sqeNum=1, headBeforeRecycle=0, taskResAHead=1, tail=1, stream_id=62.
[INFO] RUNTIME(3904,m23_gdn_prefill_j12):2026-09-27-11:35:06.230.527 [runtime.cc:2661] 3904 InitOpExecTimeout: Operation execution timeout in milliseconds is not supported.
[DEBUG] RUNTIME(3904,m23_gdn_prefill_j12):2026-09-27-11:35:06.230.528 [task_recycle_common_base.cc:207] 3929 TryReclaimToTask:finish stream_id=62, delPos=0.
[INFO] RUNTIME(3904,m23_gdn_prefill_j12):2026-09-27-11:35:06.230.530 [npu_driver.cc:1109] 3904 CheckIsSupportFeature: Not support FEATURE_DMS_GET_QOS_MASTER_CONFIG, drv devId=0.
[DEBUG] RUNTIME(3904,m23_gdn_prefill_j12):2026-09-27-11:35:06.230.531 [task_recycle_common_base.cc:283] 3929 FinishedTaskReclaim:recycle task, stream_id=62, limited=0, curPos=0, tarPos=1, recycleHead=1, task_type=83(DEVICE_RINGBUFFER_CONTROL).
[WARNING] RUNTIME(3904,m23_gdn_prefill_j12):2026-09-27-11:35:06.230.533 [raw_device.cc:1088] 3904 Start: Driver does not support FEATURE_DMS_GET_QOS_MASTER_CONFIG.
[INFO] RUNTIME(3904,m23_gdn_prefill_j12):2026-09-27-11:35:06.230.536 [task_res_da.cc:142] 3904 AllocTaskInfoAndPos: alloc taskinfo success, device_id=0, stream_id=63, pos=0, sqeNum=1, head=0, taskResATail=1, allocNum=1.
[DEBUG] RUNTIME(3904,m23_gdn_prefill_j12):2026-09-27-11:35:06.230.538 [task_david.cc:426] 3904 AllocTaskInfo:alloc taskinfo success, stream_id=63, task_id=0, task_sn=1.
[DEBUG] RUNTIME(3904,m23_gdn_prefill_j12):2026-09-27-11:35:06.230.541 [model_execute_task_v200_base.cc:503] 3904 PrintDavidSqe:AicpuMsgVersionTask: 00010005 00000001 10020000 00ff0000 00000000 00000000 00015a5a 00000000
[DEBUG] RUNTIME(3904,m23_gdn_prefill_j12):2026-09-27-11:35:06.230.543 [model_execute_task_v200_base.cc:503] 3904 PrintDavidSqe:AicpuMsgVersionTask: 00000000 00000000 00000000 00000000 00000000 00000000 0c005000 00000000
[INFO] RUNTIME(3904,m23_gdn_prefill_j12):2026-09-27-11:35:06.230.545 [maintenance_task_v200_base.cc:129] 3904 ConstructDavidSqeForAicpuMsgVersionTask: AicpuMsgVersionTask, device_id=0, stream_id=63, task_id=0, task_sn=1, topic_type=0, cmd_type=0
[INFO] RUNTIME(3904,m23_gdn_prefill_j12):2026-09-27-11:35:06.230.547 [stream_david.cc:719] 3904 StarsAddTaskToStream: single-operator stream, stream_id=63, task_id=0, task_sn=1, type=125(TSFW_AICPU_MSG_VERSION), sqe_num=1, device_id=0
[INFO] RUNTIME(3904,m23_gdn_prefill_j12):2026-09-27-11:35:06.230.550 [task_david.cc:583] 3904 DavidSendTask: device_id=0, ts_id=0, sq_id=0, stream_id=63, task_id=0, flip_num=0, task_sn=1, task_type=125(TSFW_AICPU_MSG_VERSION), drvRet=0.
[DEBUG] RUNTIME(3904,m23_gdn_prefill_j12):2026-09-27-11:35:06.230.741 [task_res_da.cc:79] 3904 GetTaskInfo:device_id=0, stream_id=63, taskId=1, head=0, tail=1, taskResAHead=0, taskResATail=1, taskInfo_id=0.
[WARNING] RUNTIME(3904,m23_gdn_prefill_j12):2026-09-27-11:35:06.230.745 [task_res_da.cc:92] 3904 GetTaskInfo: taskId is invalid, device_id=0, stream_id=63, taskId=1, head=0, tail=1, taskResAHead=0, taskResATail=1, taskInfo_id=0.
[DEBUG] RUNTIME(3904,m23_gdn_prefill_j12):2026-09-27-11:35:06.230.745 [task_res_da.cc:79] 3929 GetTaskInfo:device_id=0, stream_id=63, taskId=1, head=0, tail=1, taskResAHead=0, taskResATail=1, taskInfo_id=0.
[WARNING] RUNTIME(3904,m23_gdn_prefill_j12):2026-09-27-11:35:06.230.747 [stream_david.cc:1354] 3904 GetTaskIdByPos: taskInfo is null, pos=1
[WARNING] RUNTIME(3904,m23_gdn_prefill_j12):2026-09-27-11:35:06.230.748 [task_res_da.cc:92] 3929 GetTaskInfo: taskId is invalid, device_id=0, stream_id=63, taskId=1, head=0, tail=1, taskResAHead=0, taskResATail=1, taskInfo_id=0.
[DEBUG] RUNTIME(3904,m23_gdn_prefill_j12):2026-09-27-11:35:06.230.748 [task_res_da.cc:79] 3904 GetTaskInfo:device_id=0, stream_id=63, taskId=0, head=0, tail=1, taskResAHead=0, taskResATail=1, taskInfo_id=0.
[WARNING] RUNTIME(3904,m23_gdn_prefill_j12):2026-09-27-11:35:06.230.751 [stream_david.cc:1354] 3929 GetTaskIdByPos: taskInfo is null, pos=1
[INFO] RUNTIME(3904,m23_gdn_prefill_j12):2026-09-27-11:35:06.230.751 [stream.cc:1826] 3904 GetFinishedTaskIdBySqHead: stream_id=63, sq_id=0, sqHead=1, nextTaskId=65535, finishedPos=0, endTaskId=0
[INFO] RUNTIME(3904,m23_gdn_prefill_j12):2026-09-27-11:35:06.230.754 [stream.cc:1949] 3904 SynchronizeImpl: device_id=0, stream_id=63, task_id=0 has been completed, no concerned cqe.
[DEBUG] RUNTIME(3904,m23_gdn_prefill_j12):2026-09-27-11:35:06.230.754 [task_res_da.cc:79] 3929 GetTaskInfo:device_id=0, stream_id=63, taskId=0, head=0, tail=1, taskResAHead=0, taskResATail=1, taskInfo_id=0.
[DEBUG] RUNTIME(3904,m23_gdn_prefill_j12):2026-09-27-11:35:06.230.756 [npu_driver_mem.cc:1338] 3904 DevMemAlloc:device_id=0, type=2, size=8, mode=1.
[INFO] RUNTIME(3904,m23_gdn_prefill_j12):2026-09-27-11:35:06.230.756 [stream.cc:1826] 3929 GetFinishedTaskIdBySqHead: stream_id=63, sq_id=0, sqHead=1, nextTaskId=65535, finishedPos=0, endTaskId=0
[DEBUG] RUNTIME(3904,m23_gdn_prefill_j12):2026-09-27-11:35:06.230.758 [npu_driver_mem.cc:1095] 3904 DevMemAllocOnline:memory policy=0x0.
[DEBUG] RUNTIME(3904,m23_gdn_prefill_j12):2026-09-27-11:35:06.230.760 [task_res_da.cc:79] 3929 GetTaskInfo:device_id=0, stream_id=63, taskId=0, head=0, tail=1, taskResAHead=0, taskResATail=1, taskInfo_id=0.
[DEBUG] RUNTIME(3904,m23_gdn_prefill_j12):2026-09-27-11:35:06.230.761 [npu_driver_mem.cc:1106] 3904 DevMemAllocOnline:device_id=0, type=2, size=8, chip type=15, policy=0x0.
[DEBUG] RUNTIME(3904,m23_gdn_prefill_j12):2026-09-27-11:35:06.230.763 [stream_david.cc:833] 3929 StarsGetPublicTaskHead:public task list null, stream_id=63, tailTaskId=0, publicHead=0, publicTail=0, taskResTail=1
[DEBUG] DRV(3904,m23_gdn_prefill_j12):2026-09-27-11:35:06.230.765 [svm_alloc.c:313][ascend][curpid:3904,3904][drv][devmm][halMemAllocInner]Alloc. (ptr=0x120000015000; size=8; flag=0x700000000904400)
[INFO] RUNTIME(3904,m23_gdn_prefill_j12):2026-09-27-11:35:06.230.766 [task_recycle_common_base.cc:67] 3929 GetPublicTask: public task proc down, stream_id=63, endTaskSqPos=0, delPos=0, retCode=0x7030008.
[DEBUG] RUNTIME(3904,m23_gdn_prefill_j12):2026-09-27-11:35:06.230.767 [npu_driver_mem.cc:1085] 3904 DevMemAllocManaged:device_id=0, type=2, size=8(bytes), chip type=15, moduleId=7, tillFlag=0
[DEBUG] RUNTIME(3904,m23_gdn_prefill_j12):2026-09-27-11:35:06.230.769 [npu_driver_mem.cc:1160] 3904 DevMemAllocOnline:Success, memory policy=0x0, device_id=0, size=8(bytes), type=2.
[INFO] RUNTIME(3904,m23_gdn_prefill_j12):2026-09-27-11:35:06.230.769 [task_res_da.cc:176] 3929 RecycleTaskInfo: recycle taskinfo success, pos=0, sqeNum=1, headBeforeRecycle=0, taskResAHead=1, tail=1, stream_id=63.
[DEBUG] RUNTIME(3904,m23_gdn_prefill_j12):2026-09-27-11:35:06.230.772 [task_recycle_common_base.cc:207] 3929 TryReclaimToTask:finish stream_id=63, delPos=0.
[DEBUG] RUNTIME(3904,m23_gdn_prefill_j12):2026-09-27-11:35:06.230.774 [task_recycle_common_base.cc:283] 3929 FinishedTaskReclaim:recycle task, stream_id=63, limited=0, curPos=0, tarPos=1, recycleHead=1, task_type=125(TSFW_AICPU_MSG_VERSION).
[INFO] ATRACE(3904,m23_gdn_prefill_j12):2026-09-27-11:35:06.231.863 [trace_rb_log.c:45](tid:3904) init ring buffer time finished, realTime 1790508906230804865, monotonicTime 5560429271475834, freq 3543998 kHz, minutesWest 0 minutes
[INFO] ATRACE(3904,m23_gdn_prefill_j12):2026-09-27-11:35:06.231.866 [trace_rb_log.c:137](tid:3904) [RUNTIME_ATRACE_DEV0_TS0] create ring buffer successfully, msgSize 128 bytes, msgTxtSize 112 bytes, bufferSize 1024 bytes, msg space 128 bytes, total space 131568 bytes
[INFO] ATRACE(3904,m23_gdn_prefill_j12):2026-09-27-11:35:06.231.869 [tracer_mgr_operate.c:66](tid:3904) create object RUNTIME_ATRACE_DEV0_TS0 successfully, exitSave(false), noLock(false).
[DEBUG] ATRACE(3904,m23_gdn_prefill_j12):2026-09-27-11:35:06.231.872 [atrace_api.c:47](tid:3904) AtraceCreate [RUNTIME_ATRACE_DEV0_TS0].
[DEBUG] ATRACE(3904,m23_gdn_prefill_j12):2026-09-27-11:35:06.231.876 [trace_event.c:204](tid:3904) insert event RUNTIME_ATRACE_DEV0_TS0 to event list
[INFO] ATRACE(3904,m23_gdn_prefill_j12):2026-09-27-11:35:06.231.878 [trace_event.c:66](tid:3904) limitedNum 1.
[INFO] ATRACE(3904,m23_gdn_prefill_j12):2026-09-27-11:35:06.231.880 [trace_event.c:368](tid:3904) set trace event attr limitedNum: 1
[DEBUG] RUNTIME(3904,m23_gdn_prefill_j12):2026-09-27-11:35:06.231.883 [prof_ctrl_callback_manager.cc:89] 3904 Notify:notify dataType:2 dataLen:8.
[INFO] RUNTIME(3904,m23_gdn_prefill_j12):2026-09-27-11:35:06.231.885 [runtime.cc:2172] 3904 SetTsdProfCallback: set tsd prof callback
[INFO] TDT(3904,m23_gdn_prefill_j12):2026-09-27-11:35:06.231.888 [client_manager.cpp:210][SetProfilingCallback][tid:3904] [TsdClient] set profiling callback successfully
[DEBUG] RUNTIME(3904,m23_gdn_prefill_j12):2026-09-27-11:35:06.231.891 [device_state_callback_manager.cc:60] 3904 ProfNotify:notify device:0 isOpen:1.
[INFO] PROFILING(3904,m23_gdn_prefill_j12):2026-09-27-11:35:06.231.909 [msprofiler_impl.cpp:355] (tid:3904) ProfNotifySetDevice, not on cmd mode or acl api not ready.
[INFO] RUNTIME(3904,m23_gdn_prefill_j12):2026-09-27-11:35:06.231.913 [runtime.cc:2387] 3904 PrimaryContextRetain: new Context ok, Runtime_alloc_size 512
[INFO] RUNTIME(3904,m23_gdn_prefill_j12):2026-09-27-11:35:06.231.918 [context.cc:115] 3904 Init: ObjAllocator alloc success, Runtime_alloc_size 160000(bytes)
[INFO] RUNTIME(3904,m23_gdn_prefill_j12):2026-09-27-11:35:06.231.931 [context.cc:127] 3904 Init: ObjAllocator alloc success, Runtime_alloc_size 800000(bytes)
[INFO] RUNTIME(3904,m23_gdn_prefill_j12):2026-09-27-11:35:06.231.933 [context.cc:407] 3904 Init: Runtime_alloc_size is 16000.
[DEBUG] RUNTIME(3904,m23_gdn_prefill_j12):2026-09-27-11:35:06.231.938 [npu_driver_mem.cc:1338] 3904 DevMemAlloc:device_id=0, type=0, size=512, mode=1.
[DEBUG] RUNTIME(3904,m23_gdn_prefill_j12):2026-09-27-11:35:06.231.940 [npu_driver_mem.cc:1095] 3904 DevMemAllocOnline:memory policy=0x0.
[DEBUG] RUNTIME(3904,m23_gdn_prefill_j12):2026-09-27-11:35:06.231.941 [npu_driver_mem.cc:1106] 3904 DevMemAllocOnline:device_id=0, type=0, size=512, chip type=15, policy=0x0.
[DEBUG] DRV(3904,m23_gdn_prefill_j12):2026-09-27-11:35:06.231.944 [svm_alloc.c:313][ascend][curpid:3904,3904][drv][devmm][halMemAllocInner]Alloc. (ptr=0x120000016000; size=512; flag=0x700000000904400)
[DEBUG] RUNTIME(3904,m23_gdn_prefill_j12):2026-09-27-11:35:06.231.946 [npu_driver_mem.cc:1085] 3904 DevMemAllocManaged:device_id=0, type=0, size=512(bytes), chip type=15, moduleId=7, tillFlag=0
[DEBUG] RUNTIME(3904,m23_gdn_prefill_j12):2026-09-27-11:35:06.231.948 [npu_driver_mem.cc:1160] 3904 DevMemAllocOnline:Success, memory policy=0x0, device_id=0, size=512(bytes), type=0.
[INFO] RUNTIME(3904,m23_gdn_prefill_j12):2026-09-27-11:35:06.231.951 [raw_device.cc:1378] 3904 UpdateTimeoutConfig: No need to update timeout config.
[INFO] RUNTIME(3904,m23_gdn_prefill_j12):2026-09-27-11:35:06.232.026 [npu_driver_dcache_lock_common.cpp:59] 3904 QueryDcacheLockStatus: get ack info from ts, status=2, stack_phy_base_h=dffe, stack_phy_base_l=c0000000, drvRet=0.
[INFO] RUNTIME(3904,m23_gdn_prefill_j12):2026-09-27-11:35:06.232.029 [raw_device.cc:477] 3904 RegisterAndLaunchDcacheLockOp: dcache lock has been set.
[INFO] RUNTIME(3904,m23_gdn_prefill_j12):2026-09-27-11:35:06.232.030 [runtime.cc:2412] 3904 PrimaryContextRetain: Context inc ref, devId=0, ts_id=0, count=0x1
[INFO] PROFILING(3904,m23_gdn_prefill_j12):2026-09-27-11:35:06.232.039 [msprofiler_impl.cpp:355] (tid:3904) ProfNotifySetDevice, not on cmd mode or acl api not ready.
[INFO] RUNTIME(3904,m23_gdn_prefill_j12):2026-09-27-11:35:06.232.041 [runtime.cc:2618] 3904 MsProfNotifyWhenSetDevice: MsprofNotifySetDevice success, devId=0
[INFO] RUNTIME(3904,m23_gdn_prefill_j12):2026-09-27-11:35:06.232.043 [api_impl.cc:3244] 3904 SetDevice: SetCurRef = 0x563c50b66bd0,drv devId=0
[DEBUG] RUNTIME(3904,m23_gdn_prefill_j12):2026-09-27-11:35:06.232.046 [device_state_callback_manager.cc:76] 3904 Notify:notify device:0 isOpen:true, notifyPos=2.
[INFO] PROFILING(3904,m23_gdn_prefill_j12):2026-09-27-11:35:06.232.048 [msprofiler_impl.cpp:355] (tid:3904) ProfNotifySetDevice, not on cmd mode or acl api not ready.
[INFO] RUNTIME(3904,m23_gdn_prefill_j12):2026-09-27-11:35:06.232.050 [api_impl.cc:3247] 3904 SetDevice: New device success, deviceId=0.
[INFO] RUNTIME(3904,m23_gdn_prefill_j12):2026-09-27-11:35:06.232.052 [api_impl.cc:3256] 3904 SetDevice: SetDevice success, curCtx=0x563c50b66bd0, drv devId=0.
[INFO] ASCENDCL(3904,m23_gdn_prefill_j12):2026-09-27-11:35:06.232.056 [device.cpp:58]3904 aclrtSetDeviceImpl: successfully execute aclrtSetDevice, deviceId = 0
[INFO] ASCENDCL(3904,m23_gdn_prefill_j12):2026-09-27-11:35:06.232.059 [acl_rt_impl_base.cpp:206]3904 aclrtGetSocNameImpl: start to execute aclrtGetSocName.
[INFO] ASCENDCL(3904,m23_gdn_prefill_j12):2026-09-27-11:35:06.232.062 [acl_rt_impl_base.cpp:135]3904 InitSocVersion: get SocVersion success, SocVersion = Ascend950PR_9579
[INFO] ASCENDCL(3904,m23_gdn_prefill_j12):2026-09-27-11:35:06.232.064 [acl_rt_impl_base.cpp:213]3904 aclrtGetSocNameImpl: execute aclrtGetSocName successfully
[INFO] FE(3904,m23_gdn_prefill_j12):2026-09-27-11:35:06.232.103 [platform_info.cpp:75]3904 GetConfigFilePath:Current so file path is [/usr/local/Ascend/cann-9.1.0/x86_64-linux/].
[DEBUG] FE(3904,m23_gdn_prefill_j12):2026-09-27-11:35:06.232.113 [platform_info.cpp:177]3904 EnsureSocVersionLoaded:Begin to load ini file[/usr/local/Ascend/cann-9.1.0/x86_64-linux/data/platform_config/Ascend950PR_9579.ini].
[DEBUG] FE(3904,m23_gdn_prefill_j12):2026-09-27-11:35:06.232.876 [platform_info.cpp:896]3904 AssemblePlatformInfoVector:The platform info's os soc version[Ascend950PR_9579] has been initialized.
[DEBUG] FE(3904,m23_gdn_prefill_j12):2026-09-27-11:35:06.232.906 [platform_infos_utils.cpp:31]3904 Clone:Using platFormInfos Clone function.
[DEBUG] FE(3904,m23_gdn_prefill_j12):2026-09-27-11:35:06.232.942 [platform_manager_v2.cpp:252]3904 GetSocSpec:Begin to get soc[Ascend950PR_9579] info: label[SoCInfo], key[ai_core_cnt].
[DEBUG] FE(3904,m23_gdn_prefill_j12):2026-09-27-11:35:06.232.947 [platform_manager_v2.cpp:262]3904 GetSocSpec:GetSocSpec label[SoCInfo], key[ai_core_cnt], value[28].
[DEBUG] RUNTIME(3904,m23_gdn_prefill_j12):2026-09-27-11:35:06.232.951 [npu_driver.cc:149] 3904 GetDeviceCount:device count=1.
[INFO] RUNTIME(3904,m23_gdn_prefill_j12):2026-09-27-11:35:06.232.953 [api_impl.cc:3613] 3904 GetDeviceInfo: get device info, drv devId=0
[DEBUG] RUNTIME(3904,m23_gdn_prefill_j12):2026-09-27-11:35:06.232.959 [api_impl.cc:3650] 3904 GetDeviceInfo:moduleType= 7, infoType=3, core cnt is 56.
[DEBUG] RUNTIME(3904,m23_gdn_prefill_j12):2026-09-27-11:35:06.232.961 [npu_driver.cc:149] 3904 GetDeviceCount:device count=1.
[INFO] RUNTIME(3904,m23_gdn_prefill_j12):2026-09-27-11:35:06.232.962 [api_impl.cc:3613] 3904 GetDeviceInfo: get device info, drv devId=0
[DEBUG] RUNTIME(3904,m23_gdn_prefill_j12):2026-09-27-11:35:06.232.964 [api_impl.cc:3628] 3904 GetDeviceInfo:moduleType= 4, infoType=2002410074, core cnt is 28.
[DEBUG] FE(3904,m23_gdn_prefill_j12):2026-09-27-11:35:06.232.966 [platform_info.cpp:1235]3904 GetRuntimePlatformInfosByDevice:Add new platform info with device_id 0.
[DEBUG] FE(3904,m23_gdn_prefill_j12):2026-09-27-11:35:06.232.968 [platform_infos_utils.cpp:31]3904 Clone:Using platFormInfos Clone function.
[DEBUG] FE(3904,m23_gdn_prefill_j12):2026-09-27-11:35:06.233.001 [platform_info.cpp:1253]3904 UpdateRuntimePlatformInfosByDevice:Update the platform info with device_id 0.
[DEBUG] FE(3904,m23_gdn_prefill_j12):2026-09-27-11:35:06.233.004 [platform_infos_utils.cpp:31]3904 Clone:Using platFormInfos Clone function.
[INFO] ASCENDCL(3904,m23_gdn_prefill_j12):2026-09-27-11:35:06.233.035 [acl_rt_impl_base.cpp:117]3904 UpdatePlatformInfoWithDevice: Successfully to UpdatePlatformInfoWithDevice, deviceId = 0, aicCnt = 28, vecCoreCnt = 56, cubeCoreCnt = 28
[INFO] ASCENDCL(3904,m23_gdn_prefill_j12):2026-09-27-11:35:06.233.067 [stream.cpp:41]3904 aclrtCreateStreamImpl: start to execute aclrtCreateStream
[INFO] RUNTIME(3904,m23_gdn_prefill_j12):2026-09-27-11:35:06.233.076 [api_impl.cc:1429] 3904 StreamCreate: priority=0, flags=0.
[DEBUG] RUNTIME(3904,m23_gdn_prefill_j12):2026-09-27-11:35:06.233.078 [api_impl.cc:1444] 3904 StreamCreate:device failMode is 0.
[INFO] RUNTIME(3904,m23_gdn_prefill_j12):2026-09-27-11:35:06.233.090 [npu_driver.cc:1109] 3904 CheckIsSupportFeature: Support FEATURE_TRSDRV_SQ_SUPPORT_DYNAMIC_BIND, drv devId=0.
[DEBUG] RUNTIME(3904,m23_gdn_prefill_j12):2026-09-27-11:35:06.233.105 [task_res_da.cc:39] 3904 CreateTaskRes:TaskInfo Buffer alloc success.
[INFO] RUNTIME(3904,m23_gdn_prefill_j12):2026-09-27-11:35:06.233.107 [stream_david.cc:870] 3904 CreateStreamTaskRes: STREAM TaskRes Setup. flags_=0x0.
[INFO] RUNTIME(3904,m23_gdn_prefill_j12):2026-09-27-11:35:06.233.144 [stream_david.cc:178] 3904 CreateStreamArgRes: Non-fast_launch stream does not alloc args res, stream_id=-1, flags=0x0
[INFO] RUNTIME(3904,m23_gdn_prefill_j12):2026-09-27-11:35:06.233.146 [npu_driver_res.cc:1164] 3904 StreamIdAlloc: stream id alloc begin, device_id=0, priority=0, ts_id=0, remote_stream_id=0, vf_id=0
[DEBUG] RUNTIME(3904,m23_gdn_prefill_j12):2026-09-27-11:35:06.233.150 [npu_driver_res.cc:1175] 3904 StreamIdAlloc:Succ, stream_id=61, priority=0, device_id=0, ts_id=0, streamFlag=0
[DEBUG] RUNTIME(3904,m23_gdn_prefill_j12):2026-09-27-11:35:06.233.152 [stream_sqcq_manage.cc:718] 3904 SetStreamIdToStream:stream_id=61.
[DEBUG] RUNTIME(3904,m23_gdn_prefill_j12):2026-09-27-11:35:06.233.153 [stream_david.cc:582] 3904 SetupByFlagAndCheck:Alloc stream, stream_id=61
[DEBUG] RUNTIME(3904,m23_gdn_prefill_j12):2026-09-27-11:35:06.233.156 [stream_sqcq_manage.cc:50] 3904 FillStreamAttrSimt:Alloc sq cq info: validFlag=0, poolId=0, poolIdMax=0, stackPhyAddr=0x120041200000, WarpStkSize=36864, DvgWarpStkSize=1024.
[INFO] RUNTIME(3904,m23_gdn_prefill_j12):2026-09-27-11:35:06.233.161 [stream_sqcq_manage.cc:357] 3904 Alloc: deviceId=0, tsId=0, drvFlag=0
[INFO] RUNTIME(3904,m23_gdn_prefill_j12):2026-09-27-11:35:06.233.163 [npu_driver_res.cc:1565] 3904 NormalSqCqAllocate: Set cq dep to 2049, sysMode=0 addrMode=0
[DEBUG] RUNTIME(3904,m23_gdn_prefill_j12):2026-09-27-11:35:06.233.164 [npu_driver_res.cc:1574] 3904 NormalSqCqAllocate:normal sqcq alloc, device_id=0, tsId=0, flag=0, cqId=0, sqId=0.
[DEBUG] DRV(3904,m23_gdn_prefill_j12):2026-09-27-11:35:06.233.291 [trs_sqcq.c:952][ascend][curpid:3904,3904][drv][tsdrv][trs_local_sqcq_alloc]Alloc success. (dev_id=0; ts_id=0; sq_id=2; cq_id=2)
[DEBUG] DRV(3904,m23_gdn_prefill_j12):2026-09-27-11:35:06.233.294 [trs_sqcq.c:750][ascend][curpid:3904,3904][drv][tsdrv][trs_cq_usr_info_init]cq info. (type=0; cqid=2; depth=2049; size=32)
[DEBUG] DRV(3904,m23_gdn_prefill_j12):2026-09-27-11:35:06.233.296 [trs_sqcq.c:1012][ascend][curpid:3904,3904][drv][tsdrv][trs_sqcq_alloc]Alloc sqcq success. (dev_id=0; sq_id=2; cq_id=2)
[DEBUG] RUNTIME(3904,m23_gdn_prefill_j12):2026-09-27-11:35:06.233.298 [npu_driver_res.cc:1603] 3904 NormalSqCqAllocate:Normal sqcq alloc success, device_id=0, tsId=0, flag=2147483648, sqId=2, cqId=2.
[INFO] RUNTIME(3904,m23_gdn_prefill_j12):2026-09-27-11:35:06.233.300 [npu_driver_standard_soc.cc:401] 3904 GetSqAddrInfo: dev_id=0, sq_id=2, sq is device memory.
[DEBUG] RUNTIME(3904,m23_gdn_prefill_j12):2026-09-27-11:35:06.233.302 [stream_sqcq_manage.cc:155] 3904 AllocDavidStreamSqCq:Alloc sq cq: device_id=0, stream_id=61, sq_id=2, cq_id=2, drv_flag=0, sq_addr=0x0.
[DEBUG] RUNTIME(3904,m23_gdn_prefill_j12):2026-09-27-11:35:06.233.304 [stream_david.cc:613] 3904 SetupByFlagAndCheck:[StreamSetup]alloc sq cq success: stream_id=61, sqId=2, cqId=2
[INFO] RUNTIME(3904,m23_gdn_prefill_j12):2026-09-27-11:35:06.233.306 [npu_driver_res.cc:1702] 3904 LogicCqAllocateV2: cqeDepth=4096, isDvppGrp=0, inFlag=0
[DEBUG] DRV(3904,m23_gdn_prefill_j12):2026-09-27-11:35:06.233.318 [trs_sqcq.c:952][ascend][curpid:3904,3904][drv][tsdrv][trs_local_sqcq_alloc]Alloc success. (dev_id=0; ts_id=0; sq_id=0; cq_id=26065)
[DEBUG] DRV(3904,m23_gdn_prefill_j12):2026-09-27-11:35:06.233.320 [trs_sqcq.c:750][ascend][curpid:3904,3904][drv][tsdrv][trs_cq_usr_info_init]cq info. (type=2; cqid=26065; depth=4096; size=32)
[DEBUG] DRV(3904,m23_gdn_prefill_j12):2026-09-27-11:35:06.233.322 [trs_sqcq.c:1012][ascend][curpid:3904,3904][drv][tsdrv][trs_sqcq_alloc]Alloc sqcq success. (dev_id=0; sq_id=0; cq_id=26065)
[INFO] RUNTIME(3904,m23_gdn_prefill_j12):2026-09-27-11:35:06.233.323 [npu_driver_res.cc:1714] 3904 LogicCqAllocateV2: success: deviceId=0, tsId=0, cqId=26065, streamId=61, logicCq=26065, cqeDepth=4096
[DEBUG] RUNTIME(3904,m23_gdn_prefill_j12):2026-09-27-11:35:06.233.325 [stream_sqcq_manage.cc:576] 3904 AllocLogicCq:Succ, stream_id=61, isNeedFast=0, cq_id=26065, isFastCq=0.
[INFO] RUNTIME(3904,m23_gdn_prefill_j12):2026-09-27-11:35:06.233.328 [npu_driver_res.cc:909] 3904 StreamBindLogicCq: success: deviceId=0, tsId=0, streamId=61, logicCq=26065.
[DEBUG] RUNTIME(3904,m23_gdn_prefill_j12):2026-09-27-11:35:06.233.330 [stream.cc:4010] 3904 AllocLogicCq:alloc logic cq success, stream_id=61, logicCq=26065.
[DEBUG] RUNTIME(3904,m23_gdn_prefill_j12):2026-09-27-11:35:06.233.331 [stream.cc:2276] 3904 SetMaxTaskId:SetMaxTaskId, maxTaskId_=65534
[INFO] RUNTIME(3904,m23_gdn_prefill_j12):2026-09-27-11:35:06.233.333 [stream_david.cc:651] 3904 Setup: stream setup end, stream_id=61, sq_id=2, cq_id=2, device_id=0, isHasArgPool_=0, flag=0.
[DEBUG] RUNTIME(3904,m23_gdn_prefill_j12):2026-09-27-11:35:06.233.335 [stream_state_callback_manager.cc:59] 3904 Notify:notify stream_id=61.
[INFO] RUNTIME(3904,m23_gdn_prefill_j12):2026-09-27-11:35:06.233.338 [stream_state_callback_manager.cc:66] 3904 Notify: No stream state callback function registered!
[INFO] RUNTIME(3904,m23_gdn_prefill_j12):2026-09-27-11:35:06.233.339 [context.cc:1122] 3904 StreamCreate: Stream setup normal, stream_id=61, prio=0, flag=0.
[INFO] RUNTIME(3904,m23_gdn_prefill_j12):2026-09-27-11:35:06.233.342 [api_impl.cc:1481] 3904 StreamCreate: Succ, flags=0, stream_id=61, context=563c50b66bd0
[INFO] ASCENDCL(3904,m23_gdn_prefill_j12):2026-09-27-11:35:06.233.347 [device.cpp:294]3904 aclrtGetDeviceInfoImpl: start to execute aclrtGetDeviceInfo
[DEBUG] RUNTIME(3904,m23_gdn_prefill_j12):2026-09-27-11:35:06.233.351 [npu_driver.cc:149] 3904 GetDeviceCount:device count=1.
[INFO] RUNTIME(3904,m23_gdn_prefill_j12):2026-09-27-11:35:06.233.357 [api_impl.cc:3613] 3904 GetDeviceInfo: get device info, drv devId=0
[DEBUG] RUNTIME(3904,m23_gdn_prefill_j12):2026-09-27-11:35:06.233.359 [api_impl.cc:3650] 3904 GetDeviceInfo:moduleType= 4, infoType=3, core cnt is 28.
[INFO] ASCENDCL(3904,m23_gdn_prefill_j12):2026-09-27-11:35:06.233.361 [device.cpp:299]3904 aclrtGetDeviceInfoImpl: successfully execute aclrtGetDeviceInfo
[DEBUG] ASCENDCL(3904,m23_gdn_prefill_j12):2026-09-27-11:35:06.234.764 [memory.cpp:294]3904 aclrtMallocImpl: start to execute aclrtMalloc, size = 532480
[DEBUG] ASCENDCL(3904,m23_gdn_prefill_j12):2026-09-27-11:35:06.234.767 [memory.cpp:229]3904 aclMallocMemInner: start to execute aclMallocMemInner, size = 532480
[DEBUG] RUNTIME(3904,m23_gdn_prefill_j12):2026-09-27-11:35:06.234.773 [api_c_soc.cc:30] 3904 GetSocVersionStr:[drv api] drvGetDevNum=1 ret=0
[DEBUG] RUNTIME(3904,m23_gdn_prefill_j12):2026-09-27-11:35:06.234.778 [api_c_soc.cc:33] 3904 GetSocVersionStr:[drv api] halGetSocVersion device_id=0 drv ret=0
[DEBUG] RUNTIME(3904,m23_gdn_prefill_j12):2026-09-27-11:35:06.234.780 [api_c_soc.cc:75] 3904 rtGetSocVersion:soc version: Ascend950PR_9579
[INFO] RUNTIME(3904,m23_gdn_prefill_j12):2026-09-27-11:35:06.234.782 [api_c_soc.cc:84] 3904 rtGetSocVersion: soc version is Ascend950PR_9579
[DEBUG] FE(3904,m23_gdn_prefill_j12):2026-09-27-11:35:06.234.784 [platform_manager_v2.cpp:252]3904 GetSocSpec:Begin to get soc[Ascend950PR_9579] info: label[AICoreSpec], key[padding_size].
[DEBUG] FE(3904,m23_gdn_prefill_j12):2026-09-27-11:35:06.234.788 [platform_manager_v2.cpp:262]3904 GetSocSpec:GetSocSpec label[AICoreSpec], key[padding_size], value[0].
[INFO] RUNTIME(3904,m23_gdn_prefill_j12):2026-09-27-11:35:06.234.797 [api_impl.cc:2200] 3904 DevMalloc: size=532480, type=1024, moduleId=33.
[DEBUG] RUNTIME(3904,m23_gdn_prefill_j12):2026-09-27-11:35:06.234.801 [npu_driver_mem.cc:1338] 3904 DevMemAlloc:device_id=0, type=1024, size=532480, mode=1.
[DEBUG] RUNTIME(3904,m23_gdn_prefill_j12):2026-09-27-11:35:06.234.802 [npu_driver_mem.cc:1095] 3904 DevMemAllocOnline:memory policy=0x400.
[DEBUG] RUNTIME(3904,m23_gdn_prefill_j12):2026-09-27-11:35:06.234.804 [npu_driver_mem.cc:1106] 3904 DevMemAllocOnline:device_id=0, type=0, size=532480, chip type=15, policy=0x400.
[DEBUG] DRV(3904,m23_gdn_prefill_j12):2026-09-27-11:35:06.234.809 [svm_alloc.c:313][ascend][curpid:3904,3904][drv][devmm][halMemAllocInner]Alloc. (ptr=0x120000017000; size=532480; flag=0x2100000000904400)
[DEBUG] RUNTIME(3904,m23_gdn_prefill_j12):2026-09-27-11:35:06.234.812 [npu_driver_mem.cc:1085] 3904 DevMemAllocManaged:device_id=0, type=0, size=532480(bytes), chip type=15, moduleId=33, tillFlag=0
[DEBUG] RUNTIME(3904,m23_gdn_prefill_j12):2026-09-27-11:35:06.234.813 [npu_driver_mem.cc:1160] 3904 DevMemAllocOnline:Success, memory policy=0x400, device_id=0, size=532480(bytes), type=0.
[INFO] RUNTIME(3904,m23_gdn_prefill_j12):2026-09-27-11:35:06.234.815 [api_error.cc:1458] 3904 DevMalloc: device malloc, size=532480(bytes), type=1024, moduleId=33, start ptr=0x120000017000, end ptr=0x120000099000
[DEBUG] ASCENDCL(3904,m23_gdn_prefill_j12):2026-09-27-11:35:06.234.817 [memory.cpp:294]3904 aclrtMallocImpl: start to execute aclrtMalloc, size = 532480
[DEBUG] ASCENDCL(3904,m23_gdn_prefill_j12):2026-09-27-11:35:06.234.819 [memory.cpp:229]3904 aclMallocMemInner: start to execute aclMallocMemInner, size = 532480
[INFO] RUNTIME(3904,m23_gdn_prefill_j12):2026-09-27-11:35:06.234.821 [api_impl.cc:2200] 3904 DevMalloc: size=532480, type=1024, moduleId=33.
[DEBUG] RUNTIME(3904,m23_gdn_prefill_j12):2026-09-27-11:35:06.234.823 [npu_driver_mem.cc:1338] 3904 DevMemAlloc:device_id=0, type=1024, size=532480, mode=1.
[DEBUG] RUNTIME(3904,m23_gdn_prefill_j12):2026-09-27-11:35:06.234.824 [npu_driver_mem.cc:1095] 3904 DevMemAllocOnline:memory policy=0x400.
[DEBUG] RUNTIME(3904,m23_gdn_prefill_j12):2026-09-27-11:35:06.234.825 [npu_driver_mem.cc:1106] 3904 DevMemAllocOnline:device_id=0, type=0, size=532480, chip type=15, policy=0x400.
[DEBUG] DRV(3904,m23_gdn_prefill_j12):2026-09-27-11:35:06.234.827 [svm_alloc.c:313][ascend][curpid:3904,3904][drv][devmm][halMemAllocInner]Alloc. (ptr=0x120000099000; size=532480; flag=0x2100000000904400)
[DEBUG] RUNTIME(3904,m23_gdn_prefill_j12):2026-09-27-11:35:06.234.829 [npu_driver_mem.cc:1085] 3904 DevMemAllocManaged:device_id=0, type=0, size=532480(bytes), chip type=15, moduleId=33, tillFlag=0
[DEBUG] RUNTIME(3904,m23_gdn_prefill_j12):2026-09-27-11:35:06.234.836 [npu_driver_mem.cc:1160] 3904 DevMemAllocOnline:Success, memory policy=0x400, device_id=0, size=532480(bytes), type=0.
[INFO] RUNTIME(3904,m23_gdn_prefill_j12):2026-09-27-11:35:06.234.838 [api_error.cc:1458] 3904 DevMalloc: device malloc, size=532480(bytes), type=1024, moduleId=33, start ptr=0x120000099000, end ptr=0x12000011b000
[DEBUG] ASCENDCL(3904,m23_gdn_prefill_j12):2026-09-27-11:35:06.234.839 [memory.cpp:294]3904 aclrtMallocImpl: start to execute aclrtMalloc, size = 24576
[DEBUG] ASCENDCL(3904,m23_gdn_prefill_j12):2026-09-27-11:35:06.234.841 [memory.cpp:229]3904 aclMallocMemInner: start to execute aclMallocMemInner, size = 24576
[INFO] RUNTIME(3904,m23_gdn_prefill_j12):2026-09-27-11:35:06.234.843 [api_impl.cc:2200] 3904 DevMalloc: size=24576, type=1024, moduleId=33.
[DEBUG] RUNTIME(3904,m23_gdn_prefill_j12):2026-09-27-11:35:06.234.844 [npu_driver_mem.cc:1338] 3904 DevMemAlloc:device_id=0, type=1024, size=24576, mode=1.
[DEBUG] RUNTIME(3904,m23_gdn_prefill_j12):2026-09-27-11:35:06.234.846 [npu_driver_mem.cc:1095] 3904 DevMemAllocOnline:memory policy=0x400.
[DEBUG] RUNTIME(3904,m23_gdn_prefill_j12):2026-09-27-11:35:06.234.847 [npu_driver_mem.cc:1106] 3904 DevMemAllocOnline:device_id=0, type=0, size=24576, chip type=15, policy=0x400.
[DEBUG] DRV(3904,m23_gdn_prefill_j12):2026-09-27-11:35:06.234.849 [svm_alloc.c:313][ascend][curpid:3904,3904][drv][devmm][halMemAllocInner]Alloc. (ptr=0x12000011b000; size=24576; flag=0x2100000000904400)
[DEBUG] RUNTIME(3904,m23_gdn_prefill_j12):2026-09-27-11:35:06.234.851 [npu_driver_mem.cc:1085] 3904 DevMemAllocManaged:device_id=0, type=0, size=24576(bytes), chip type=15, moduleId=33, tillFlag=0
[DEBUG] RUNTIME(3904,m23_gdn_prefill_j12):2026-09-27-11:35:06.234.853 [npu_driver_mem.cc:1160] 3904 DevMemAllocOnline:Success, memory policy=0x400, device_id=0, size=24576(bytes), type=0.
[INFO] RUNTIME(3904,m23_gdn_prefill_j12):2026-09-27-11:35:06.234.855 [api_error.cc:1458] 3904 DevMalloc: device malloc, size=24576(bytes), type=1024, moduleId=33, start ptr=0x12000011b000, end ptr=0x120000121000
[DEBUG] ASCENDCL(3904,m23_gdn_prefill_j12):2026-09-27-11:35:06.234.856 [memory.cpp:294]3904 aclrtMallocImpl: start to execute aclrtMalloc, size = 1536
[DEBUG] ASCENDCL(3904,m23_gdn_prefill_j12):2026-09-27-11:35:06.234.859 [memory.cpp:229]3904 aclMallocMemInner: start to execute aclMallocMemInner, size = 1536
[INFO] RUNTIME(3904,m23_gdn_prefill_j12):2026-09-27-11:35:06.234.861 [api_impl.cc:2200] 3904 DevMalloc: size=1536, type=1024, moduleId=33.
[DEBUG] RUNTIME(3904,m23_gdn_prefill_j12):2026-09-27-11:35:06.234.862 [npu_driver_mem.cc:1338] 3904 DevMemAlloc:device_id=0, type=1024, size=1536, mode=1.
[DEBUG] RUNTIME(3904,m23_gdn_prefill_j12):2026-09-27-11:35:06.234.864 [npu_driver_mem.cc:1095] 3904 DevMemAllocOnline:memory policy=0x400.
[DEBUG] RUNTIME(3904,m23_gdn_prefill_j12):2026-09-27-11:35:06.234.866 [npu_driver_mem.cc:1106] 3904 DevMemAllocOnline:device_id=0, type=0, size=1536, chip type=15, policy=0x400.
[DEBUG] DRV(3904,m23_gdn_prefill_j12):2026-09-27-11:35:06.234.869 [svm_alloc.c:313][ascend][curpid:3904,3904][drv][devmm][halMemAllocInner]Alloc. (ptr=0x120000121000; size=1536; flag=0x2100000000904400)
[DEBUG] RUNTIME(3904,m23_gdn_prefill_j12):2026-09-27-11:35:06.234.871 [npu_driver_mem.cc:1085] 3904 DevMemAllocManaged:device_id=0, type=0, size=1536(bytes), chip type=15, moduleId=33, tillFlag=0
[DEBUG] RUNTIME(3904,m23_gdn_prefill_j12):2026-09-27-11:35:06.234.872 [npu_driver_mem.cc:1160] 3904 DevMemAllocOnline:Success, memory policy=0x400, device_id=0, size=1536(bytes), type=0.
[INFO] RUNTIME(3904,m23_gdn_prefill_j12):2026-09-27-11:35:06.234.874 [api_error.cc:1458] 3904 DevMalloc: device malloc, size=1536(bytes), type=1024, moduleId=33, start ptr=0x120000121000, end ptr=0x120000121600
[DEBUG] ASCENDCL(3904,m23_gdn_prefill_j12):2026-09-27-11:35:06.234.877 [memory.cpp:294]3904 aclrtMallocImpl: start to execute aclrtMalloc, size = 1536
[DEBUG] ASCENDCL(3904,m23_gdn_prefill_j12):2026-09-27-11:35:06.234.878 [memory.cpp:229]3904 aclMallocMemInner: start to execute aclMallocMemInner, size = 1536
[INFO] RUNTIME(3904,m23_gdn_prefill_j12):2026-09-27-11:35:06.234.880 [api_impl.cc:2200] 3904 DevMalloc: size=1536, type=1024, moduleId=33.
[DEBUG] RUNTIME(3904,m23_gdn_prefill_j12):2026-09-27-11:35:06.234.881 [npu_driver_mem.cc:1338] 3904 DevMemAlloc:device_id=0, type=1024, size=1536, mode=1.
[DEBUG] RUNTIME(3904,m23_gdn_prefill_j12):2026-09-27-11:35:06.234.883 [npu_driver_mem.cc:1095] 3904 DevMemAllocOnline:memory policy=0x400.
[DEBUG] RUNTIME(3904,m23_gdn_prefill_j12):2026-09-27-11:35:06.234.884 [npu_driver_mem.cc:1106] 3904 DevMemAllocOnline:device_id=0, type=0, size=1536, chip type=15, policy=0x400.
[DEBUG] DRV(3904,m23_gdn_prefill_j12):2026-09-27-11:35:06.234.888 [svm_alloc.c:313][ascend][curpid:3904,3904][drv][devmm][halMemAllocInner]Alloc. (ptr=0x120000122000; size=1536; flag=0x2100000000904400)
[DEBUG] RUNTIME(3904,m23_gdn_prefill_j12):2026-09-27-11:35:06.234.890 [npu_driver_mem.cc:1085] 3904 DevMemAllocManaged:device_id=0, type=0, size=1536(bytes), chip type=15, moduleId=33, tillFlag=0
[DEBUG] RUNTIME(3904,m23_gdn_prefill_j12):2026-09-27-11:35:06.234.893 [npu_driver_mem.cc:1160] 3904 DevMemAllocOnline:Success, memory policy=0x400, device_id=0, size=1536(bytes), type=0.
[INFO] RUNTIME(3904,m23_gdn_prefill_j12):2026-09-27-11:35:06.234.894 [api_error.cc:1458] 3904 DevMalloc: device malloc, size=1536(bytes), type=1024, moduleId=33, start ptr=0x120000122000, end ptr=0x120000122600
[DEBUG] ASCENDCL(3904,m23_gdn_prefill_j12):2026-09-27-11:35:06.234.896 [memory.cpp:294]3904 aclrtMallocImpl: start to execute aclrtMalloc, size = 3145728
[DEBUG] ASCENDCL(3904,m23_gdn_prefill_j12):2026-09-27-11:35:06.234.897 [memory.cpp:229]3904 aclMallocMemInner: start to execute aclMallocMemInner, size = 3145728
[INFO] RUNTIME(3904,m23_gdn_prefill_j12):2026-09-27-11:35:06.234.900 [api_impl.cc:2200] 3904 DevMalloc: size=3145728, type=1024, moduleId=33.
[DEBUG] RUNTIME(3904,m23_gdn_prefill_j12):2026-09-27-11:35:06.234.902 [npu_driver_mem.cc:1338] 3904 DevMemAlloc:device_id=0, type=1024, size=3145728, mode=1.
[DEBUG] RUNTIME(3904,m23_gdn_prefill_j12):2026-09-27-11:35:06.234.904 [npu_driver_mem.cc:1095] 3904 DevMemAllocOnline:memory policy=0x400.
[DEBUG] RUNTIME(3904,m23_gdn_prefill_j12):2026-09-27-11:35:06.234.905 [npu_driver_mem.cc:1106] 3904 DevMemAllocOnline:device_id=0, type=0, size=3145728, chip type=15, policy=0x400.
[DEBUG] DRV(3904,m23_gdn_prefill_j12):2026-09-27-11:35:06.236.247 [event_sched.c:368][ascend][curpid:3904,3904][drv][event-sche][esched_finish_call_back]Called the finish func.(dev_id=0; gid=50; tid=0; event_id=27; subevent_id=130).
[DEBUG] DRV(3904,m23_gdn_prefill_j12):2026-09-27-11:35:06.240.756 [svm_alloc.c:313][ascend][curpid:3904,3904][drv][devmm][halMemAllocInner]Alloc. (ptr=0x12004c600000; size=3145728; flag=0x2100000000924400)
[DEBUG] RUNTIME(3904,m23_gdn_prefill_j12):2026-09-27-11:35:06.240.759 [npu_driver_mem.cc:963] 3904 DevMemAllocHugePageManaged:device_id=0,type=0,size=3145728(bytes), chip type=15, moduleId=33.
[DEBUG] RUNTIME(3904,m23_gdn_prefill_j12):2026-09-27-11:35:06.240.760 [npu_driver_mem.cc:1160] 3904 DevMemAllocOnline:Success, memory policy=0x400, device_id=0, size=3145728(bytes), type=0.
[INFO] RUNTIME(3904,m23_gdn_prefill_j12):2026-09-27-11:35:06.240.762 [api_error.cc:1458] 3904 DevMalloc: device malloc, size=3145728(bytes), type=1024, moduleId=33, start ptr=0x12004c600000, end ptr=0x12004c900000
[DEBUG] ASCENDCL(3904,m23_gdn_prefill_j12):2026-09-27-11:35:06.240.764 [memory.cpp:294]3904 aclrtMallocImpl: start to execute aclrtMalloc, size = 24576
[DEBUG] ASCENDCL(3904,m23_gdn_prefill_j12):2026-09-27-11:35:06.240.765 [memory.cpp:229]3904 aclMallocMemInner: start to execute aclMallocMemInner, size = 24576
[INFO] RUNTIME(3904,m23_gdn_prefill_j12):2026-09-27-11:35:06.240.767 [api_impl.cc:2200] 3904 DevMalloc: size=24576, type=1024, moduleId=33.
[DEBUG] RUNTIME(3904,m23_gdn_prefill_j12):2026-09-27-11:35:06.240.769 [npu_driver_mem.cc:1338] 3904 DevMemAlloc:device_id=0, type=1024, size=24576, mode=1.
[DEBUG] RUNTIME(3904,m23_gdn_prefill_j12):2026-09-27-11:35:06.240.770 [npu_driver_mem.cc:1095] 3904 DevMemAllocOnline:memory policy=0x400.
[DEBUG] RUNTIME(3904,m23_gdn_prefill_j12):2026-09-27-11:35:06.240.772 [npu_driver_mem.cc:1106] 3904 DevMemAllocOnline:device_id=0, type=0, size=24576, chip type=15, policy=0x400.
[DEBUG] DRV(3904,m23_gdn_prefill_j12):2026-09-27-11:35:06.240.774 [svm_alloc.c:313][ascend][curpid:3904,3904][drv][devmm][halMemAllocInner]Alloc. (ptr=0x120000123000; size=24576; flag=0x2100000000904400)
[DEBUG] RUNTIME(3904,m23_gdn_prefill_j12):2026-09-27-11:35:06.240.776 [npu_driver_mem.cc:1085] 3904 DevMemAllocManaged:device_id=0, type=0, size=24576(bytes), chip type=15, moduleId=33, tillFlag=0
[DEBUG] RUNTIME(3904,m23_gdn_prefill_j12):2026-09-27-11:35:06.240.778 [npu_driver_mem.cc:1160] 3904 DevMemAllocOnline:Success, memory policy=0x400, device_id=0, size=24576(bytes), type=0.
[INFO] RUNTIME(3904,m23_gdn_prefill_j12):2026-09-27-11:35:06.240.779 [api_error.cc:1458] 3904 DevMalloc: device malloc, size=24576(bytes), type=1024, moduleId=33, start ptr=0x120000123000, end ptr=0x120000129000
[DEBUG] ASCENDCL(3904,m23_gdn_prefill_j12):2026-09-27-11:35:06.240.780 [memory.cpp:294]3904 aclrtMallocImpl: start to execute aclrtMalloc, size = 3145728
[DEBUG] ASCENDCL(3904,m23_gdn_prefill_j12):2026-09-27-11:35:06.240.782 [memory.cpp:229]3904 aclMallocMemInner: start to execute aclMallocMemInner, size = 3145728
[INFO] RUNTIME(3904,m23_gdn_prefill_j12):2026-09-27-11:35:06.240.784 [api_impl.cc:2200] 3904 DevMalloc: size=3145728, type=1024, moduleId=33.
[DEBUG] RUNTIME(3904,m23_gdn_prefill_j12):2026-09-27-11:35:06.240.785 [npu_driver_mem.cc:1338] 3904 DevMemAlloc:device_id=0, type=1024, size=3145728, mode=1.
[DEBUG] RUNTIME(3904,m23_gdn_prefill_j12):2026-09-27-11:35:06.240.787 [npu_driver_mem.cc:1095] 3904 DevMemAllocOnline:memory policy=0x400.
[DEBUG] RUNTIME(3904,m23_gdn_prefill_j12):2026-09-27-11:35:06.240.789 [npu_driver_mem.cc:1106] 3904 DevMemAllocOnline:device_id=0, type=0, size=3145728, chip type=15, policy=0x400.
[DEBUG] DRV(3904,m23_gdn_prefill_j12):2026-09-27-11:35:06.241.100 [event_sched.c:368][ascend][curpid:3904,3904][drv][event-sche][esched_finish_call_back]Called the finish func.(dev_id=0; gid=50; tid=0; event_id=27; subevent_id=130).
[DEBUG] DRV(3904,m23_gdn_prefill_j12):2026-09-27-11:35:06.241.114 [svm_alloc.c:313][ascend][curpid:3904,3904][drv][devmm][halMemAllocInner]Alloc. (ptr=0x12004ca00000; size=3145728; flag=0x2100000000924400)
[DEBUG] RUNTIME(3904,m23_gdn_prefill_j12):2026-09-27-11:35:06.241.116 [npu_driver_mem.cc:963] 3904 DevMemAllocHugePageManaged:device_id=0,type=0,size=3145728(bytes), chip type=15, moduleId=33.
[DEBUG] RUNTIME(3904,m23_gdn_prefill_j12):2026-09-27-11:35:06.241.118 [npu_driver_mem.cc:1160] 3904 DevMemAllocOnline:Success, memory policy=0x400, device_id=0, size=3145728(bytes), type=0.
[INFO] RUNTIME(3904,m23_gdn_prefill_j12):2026-09-27-11:35:06.241.119 [api_error.cc:1458] 3904 DevMalloc: device malloc, size=3145728(bytes), type=1024, moduleId=33, start ptr=0x12004ca00000, end ptr=0x12004cd00000
[DEBUG] ASCENDCL(3904,m23_gdn_prefill_j12):2026-09-27-11:35:06.241.121 [memory.cpp:294]3904 aclrtMallocImpl: start to execute aclrtMalloc, size = 21102592
[DEBUG] ASCENDCL(3904,m23_gdn_prefill_j12):2026-09-27-11:35:06.241.122 [memory.cpp:229]3904 aclMallocMemInner: start to execute aclMallocMemInner, size = 21102592
[INFO] RUNTIME(3904,m23_gdn_prefill_j12):2026-09-27-11:35:06.241.124 [api_impl.cc:2200] 3904 DevMalloc: size=21102592, type=1024, moduleId=33.
[DEBUG] RUNTIME(3904,m23_gdn_prefill_j12):2026-09-27-11:35:06.241.126 [npu_driver_mem.cc:1338] 3904 DevMemAlloc:device_id=0, type=1024, size=21102592, mode=1.
[DEBUG] RUNTIME(3904,m23_gdn_prefill_j12):2026-09-27-11:35:06.241.127 [npu_driver_mem.cc:1095] 3904 DevMemAllocOnline:memory policy=0x400.
[DEBUG] RUNTIME(3904,m23_gdn_prefill_j12):2026-09-27-11:35:06.241.128 [npu_driver_mem.cc:1106] 3904 DevMemAllocOnline:device_id=0, type=0, size=21102592, chip type=15, policy=0x400.
[DEBUG] DRV(3904,m23_gdn_prefill_j12):2026-09-27-11:35:06.241.367 [event_sched.c:368][ascend][curpid:3904,3904][drv][event-sche][esched_finish_call_back]Called the finish func.(dev_id=0; gid=50; tid=0; event_id=27; subevent_id=130).
[DEBUG] DRV(3904,m23_gdn_prefill_j12):2026-09-27-11:35:06.241.420 [svm_alloc.c:313][ascend][curpid:3904,3904][drv][devmm][halMemAllocInner]Alloc. (ptr=0x12004ce00000; size=21102592; flag=0x2100000000924400)
[DEBUG] RUNTIME(3904,m23_gdn_prefill_j12):2026-09-27-11:35:06.241.423 [npu_driver_mem.cc:963] 3904 DevMemAllocHugePageManaged:device_id=0,type=0,size=21102592(bytes), chip type=15, moduleId=33.
[DEBUG] RUNTIME(3904,m23_gdn_prefill_j12):2026-09-27-11:35:06.241.424 [npu_driver_mem.cc:1160] 3904 DevMemAllocOnline:Success, memory policy=0x400, device_id=0, size=21102592(bytes), type=0.
[INFO] RUNTIME(3904,m23_gdn_prefill_j12):2026-09-27-11:35:06.241.426 [api_error.cc:1458] 3904 DevMalloc: device malloc, size=21102592(bytes), type=1024, moduleId=33, start ptr=0x12004ce00000, end ptr=0x12004e220000
[DEBUG] RUNTIME(3904,m23_gdn_prefill_j12):2026-09-27-11:35:06.241.436 [api_impl.cc:2590] 3904 MemCopySync:memcpy sync, cnt=532480, kind=1.
[DEBUG] RUNTIME(3904,m23_gdn_prefill_j12):2026-09-27-11:35:06.241.527 [api_impl.cc:2590] 3904 MemCopySync:memcpy sync, cnt=532480, kind=1.
[DEBUG] RUNTIME(3904,m23_gdn_prefill_j12):2026-09-27-11:35:06.241.606 [api_impl.cc:2590] 3904 MemCopySync:memcpy sync, cnt=24576, kind=1.
[DEBUG] RUNTIME(3904,m23_gdn_prefill_j12):2026-09-27-11:35:06.241.628 [api_impl.cc:2590] 3904 MemCopySync:memcpy sync, cnt=1536, kind=1.
[DEBUG] RUNTIME(3904,m23_gdn_prefill_j12):2026-09-27-11:35:06.241.656 [api_impl.cc:2590] 3904 MemCopySync:memcpy sync, cnt=1536, kind=1.
[DEBUG] RUNTIME(3904,m23_gdn_prefill_j12):2026-09-27-11:35:06.241.676 [api_impl.cc:2590] 3904 MemCopySync:memcpy sync, cnt=3145728, kind=1.
[DEBUG] ASCENDCL(3904,m23_gdn_prefill_j12):2026-09-27-11:35:06.242.070 [memory.cpp:586]3904 aclrtMemsetImpl: start to execute aclrtMemset, maxSize = 24576, size = 24576, value = 0
[INFO] RUNTIME(3904,m23_gdn_prefill_j12):2026-09-27-11:35:06.242.077 [api_impl.cc:3002] 3904 MemSetSync: destMax=24576, value=0, count=24576
[DEBUG] DRV(3904,m23_gdn_prefill_j12):2026-09-27-11:35:06.242.080 [svm_set.c:145][ascend][curpid:3904,3904][drv][devmm][drvMemsetD8Inner]Memset info. (va=0x120000123000; value=0; num=24576)
[DEBUG] ASCENDCL(3904,m23_gdn_prefill_j12):2026-09-27-11:35:06.242.096 [memory.cpp:586]3904 aclrtMemsetImpl: start to execute aclrtMemset, maxSize = 3145728, size = 3145728, value = 0
[INFO] RUNTIME(3904,m23_gdn_prefill_j12):2026-09-27-11:35:06.242.099 [api_impl.cc:3002] 3904 MemSetSync: destMax=3145728, value=0, count=3145728
[DEBUG] DRV(3904,m23_gdn_prefill_j12):2026-09-27-11:35:06.242.101 [svm_set.c:145][ascend][curpid:3904,3904][drv][devmm][drvMemsetD8Inner]Memset info. (va=0x12004ca00000; value=0; num=3145728)
[DEBUG] DRV(3904,m23_gdn_prefill_j12):2026-09-27-11:35:06.242.294 [event_sched.c:368][ascend][curpid:3904,3904][drv][event-sche][esched_finish_call_back]Called the finish func.(dev_id=0; gid=50; tid=0; event_id=27; subevent_id=130).
[DEBUG] ASCENDCL(3904,m23_gdn_prefill_j12):2026-09-27-11:35:06.242.303 [memory.cpp:586]3904 aclrtMemsetImpl: start to execute aclrtMemset, maxSize = 21102592, size = 21102592, value = 0
[INFO] RUNTIME(3904,m23_gdn_prefill_j12):2026-09-27-11:35:06.242.305 [api_impl.cc:3002] 3904 MemSetSync: destMax=21102592, value=0, count=21102592
[DEBUG] DRV(3904,m23_gdn_prefill_j12):2026-09-27-11:35:06.242.307 [svm_set.c:145][ascend][curpid:3904,3904][drv][devmm][drvMemsetD8Inner]Memset info. (va=0x12004ce00000; value=0; num=21102592)
[DEBUG] DRV(3904,m23_gdn_prefill_j12):2026-09-27-11:35:06.243.133 [event_sched.c:368][ascend][curpid:3904,3904][drv][event-sche][esched_finish_call_back]Called the finish func.(dev_id=0; gid=50; tid=0; event_id=27; subevent_id=128).
[INFO] ASCENDCL(3904,m23_gdn_prefill_j12):2026-09-27-11:35:06.243.181 [kernel.cpp:99]3904 aclrtBinaryGetFunctionImpl: start to execute aclrtBinaryGetFunction
[DEBUG] RUNTIME(3904,m23_gdn_prefill_j12):2026-09-27-11:35:06.243.185 [api_impl.cc:954] 3904 BinaryGetFunctionByName:BinaryGetFunction prog=0x563c50bac5a0,kernel_name=_Z22m23_gdn_prefill_kernelPhS_S_S_S_S_S_S_S_jjjjf,kernelRegType=1
[DEBUG] RUNTIME(3904,m23_gdn_prefill_j12):2026-09-27-11:35:06.243.192 [api_impl.cc:965] 3904 BinaryGetFunctionByName:prog hdl=0x563c50bac5a0, kernel_name=_Z22m23_gdn_prefill_kernelPhS_S_S_S_S_S_S_S_jjjjf, funcHandle=0x563c50b54210.
[INFO] ASCENDCL(3904,m23_gdn_prefill_j12):2026-09-27-11:35:06.243.197 [acl_rt_impl_base.cpp:206]3904 aclrtGetSocNameImpl: start to execute aclrtGetSocName.
[INFO] ASCENDCL(3904,m23_gdn_prefill_j12):2026-09-27-11:35:06.243.199 [acl_rt_impl_base.cpp:135]3904 InitSocVersion: get SocVersion success, SocVersion = Ascend950PR_9579
[INFO] ASCENDCL(3904,m23_gdn_prefill_j12):2026-09-27-11:35:06.243.201 [acl_rt_impl_base.cpp:213]3904 aclrtGetSocNameImpl: execute aclrtGetSocName successfully
[DEBUG] RUNTIME(3904,m23_gdn_prefill_j12):2026-09-27-11:35:06.243.210 [api_error.cc:193] 3904 CheckArgs:hostInputInfoNum=0, isNoNeedH2DCopy=0, argsSize=92, hasTiling=0
[DEBUG] RUNTIME(3904,m23_gdn_prefill_j12):2026-09-27-11:35:06.243.214 [api_impl_david.cc:530] 3904 LaunchKernelByArgsWithType:LaunchKernelByArgsWithType, device_id=0, add stream_id=61, blockDim=28, argsType=1.
[DEBUG] RUNTIME(3904,m23_gdn_prefill_j12):2026-09-27-11:35:06.243.220 [memory_pool_manager.cc:81] 3904 Allocate:drv devId=0, alloc size=12288, pool=0x563c50cee3b0, addr=0x120041000000, readOnly=1.
[DEBUG] RUNTIME(3904,m23_gdn_prefill_j12):2026-09-27-11:35:06.243.223 [memory_pool_manager.cc:132] 3904 GetPoolMemInfo:GetPoolMemInfo device_id=0, pool=0x563c50cee3b0, addr=0x120041000000, ptr=0x120041000000
[INFO] RUNTIME(3904,m23_gdn_prefill_j12):2026-09-27-11:35:06.243.224 [program.cc:1481] 3904 BinaryPoolMemCopySync: binary memcpy to pool_mem, dev_mem=0x120041000000, size=10024, device_id=0, readonly=1.
[DEBUG] DRV(3904,m23_gdn_prefill_j12):2026-09-27-11:35:06.243.231 [svm_madvise.c:95][ascend][curpid:3904,3904][drv][devmm][halMemAdvise]halMemAdvise. (ptr=0x120041000000; count=10024; type=3; devid=0)
[DEBUG] DRV(3904,m23_gdn_prefill_j12):2026-09-27-11:35:06.243.438 [event_sched.c:368][ascend][curpid:3904,3904][drv][event-sche][esched_finish_call_back]Called the finish func.(dev_id=0; gid=50; tid=0; event_id=27; subevent_id=128).
[INFO] RUNTIME(3904,m23_gdn_prefill_j12):2026-09-27-11:35:06.243.445 [program.cc:1430] 3904 BinaryMemAdvise: advise memory, dev_mem=0x120041000000, dev_size=10024, advise_type=3, device_id=0.
[DEBUG] DRV(3904,m23_gdn_prefill_j12):2026-09-27-11:35:06.243.467 [svm_madvise.c:95][ascend][curpid:3904,3904][drv][devmm][halMemAdvise]halMemAdvise. (ptr=0x120041000000; count=10024; type=2; devid=0)
[DEBUG] DRV(3904,m23_gdn_prefill_j12):2026-09-27-11:35:06.243.628 [event_sched.c:368][ascend][curpid:3904,3904][drv][event-sche][esched_finish_call_back]Called the finish func.(dev_id=0; gid=50; tid=0; event_id=27; subevent_id=142).
[INFO] RUNTIME(3904,m23_gdn_prefill_j12):2026-09-27-11:35:06.243.635 [program.cc:1430] 3904 BinaryMemAdvise: advise memory, dev_mem=0x120041000000, dev_size=10024, advise_type=2, device_id=0.
[DEBUG] RUNTIME(3904,m23_gdn_prefill_j12):2026-09-27-11:35:06.243.637 [runtime.cc:4426] 3904 BinaryLoad:Load on device addr=0x120041000000, size=10024(bytes), program id=0.
[DEBUG] RUNTIME(3904,m23_gdn_prefill_j12):2026-09-27-11:35:06.243.639 [program.cc:621] 3904 Load2Device:Program was loaded to device successfully.
[DEBUG] RUNTIME(3904,m23_gdn_prefill_j12):2026-09-27-11:35:06.243.641 [kernel.cc:78] 3904 GetFunctionDevAddr:Get function device addr, device kernel baseAddr is 0x120041000000, func1 address is 0x120041000000, func2 address is 0x120041000a00. 
[INFO] RUNTIME(3904,m23_gdn_prefill_j12):2026-09-27-11:35:06.243.652 [task_res_da.cc:142] 3904 AllocTaskInfoAndPos: alloc taskinfo success, device_id=0, stream_id=61, pos=0, sqeNum=1, head=0, taskResATail=1, allocNum=1.
[DEBUG] RUNTIME(3904,m23_gdn_prefill_j12):2026-09-27-11:35:06.243.654 [task_david.cc:426] 3904 AllocTaskInfo:alloc taskinfo success, stream_id=61, task_id=0, task_sn=2.
[DEBUG] RUNTIME(3904,m23_gdn_prefill_j12):2026-09-27-11:35:06.243.852 [uma_arg_loader.cc:263] 3904 AllocCopyPtrWithGenericPolicy:Alloc args dev loader mem success.
[DEBUG] RUNTIME(3904,m23_gdn_prefill_j12):2026-09-27-11:35:06.243.855 [aix_starsv2.cc:139] 3904 LoadArgsWithCopy:Alloc args copy ptr success, size=92, device_id=0, stream_id=61.
[INFO] RUNTIME(3904,m23_gdn_prefill_j12):2026-09-27-11:35:06.243.858 [aix_starsv2.cc:146] 3904 LoadArgsWithCopy: Load args success, size=92, device_id=0, stream_id=61.
[INFO] RUNTIME(3904,m23_gdn_prefill_j12):2026-09-27-11:35:06.243.860 [aix_starsv2.cc:504] 3904 StreamLaunchKernelV2: stream_id=61, kernel_name=_Z22m23_gdn_prefill_kernelPhS_S_S_S_S_S_S_S_jjjjf, kernelAttrType=3, funcType=4, arg_size=92, mixType=3, coreDim=28, taskRation=2, kernelVfType=2, dynamicSmSize=0, addr1=0x120041000000, addr2=0x120041000a00, kernelFlag=0x0, qos=0, partId=0, schemMode=0, infoAddr=(nil), atomicIndex=0, groupDim=0, groupBlockDim=0.
[INFO] RUNTIME(3904,m23_gdn_prefill_j12):2026-09-27-11:35:06.243.871 [davinci_kernel_task_v200_base.cc:179] 3904 ConstructCommonAicAivSqePart: sqe dieFriendly=1, blockdim=28, groupDim=2, groupBlockDim=14, featureFlag=0,kernelcredit=253.
[INFO] RUNTIME(3904,m23_gdn_prefill_j12):2026-09-27-11:35:06.243.874 [davinci_kernel_task_v200_base.cc:367] 3904 ConstructDavidMixSqeForDavinciTask: set cfgInfo schemMode=0, sqe_schem=0, taskType=0, ratio=2, mix=1, loose=0, piMix=1,aivSimtDcuSmSize=262144, featureFlag=0x0.
[DEBUG] RUNTIME(3904,m23_gdn_prefill_j12):2026-09-27-11:35:06.243.877 [model_execute_task_v200_base.cc:503] 3904 PrintDavidSqe:MIX Task: 001c0000 00000002 000e0002 03fd0000 c0000000 0000dffe 08490800 02120000
[DEBUG] RUNTIME(3904,m23_gdn_prefill_j12):2026-09-27-11:35:06.243.879 [model_execute_task_v200_base.cc:503] 3904 PrintDavidSqe:MIX Task: 41000000 41000a00 12001200 00040000 00200000 00001200 00200000 00001200
[INFO] RUNTIME(3904,m23_gdn_prefill_j12):2026-09-27-11:35:06.243.881 [stream_david.cc:670] 3904 AddTaskToList: public task, stream_id=61, task_id=0, task_type=0 (KERNEL_AICORE), head=0, tail=1
[INFO] RUNTIME(3904,m23_gdn_prefill_j12):2026-09-27-11:35:06.243.891 [stream_david.cc:719] 3904 StarsAddTaskToStream: single-operator stream, stream_id=61, task_id=0, task_sn=2, type=0(KERNEL_AICORE), sqe_num=1, device_id=0
[INFO] RUNTIME(3904,m23_gdn_prefill_j12):2026-09-27-11:35:06.243.894 [task_david.cc:583] 3904 DavidSendTask: device_id=0, ts_id=0, sq_id=2, stream_id=61, task_id=0, flip_num=0, task_sn=2, task_type=0(KERNEL_AICORE), drvRet=0.
[DEBUG] RUNTIME(3904,m23_gdn_prefill_j12):2026-09-27-11:35:06.243.902 [api_error.cc:1094] 3904 StreamSynchronize:stream synchronize entry, stream_id=61, timeout=-1ms.
[INFO] RUNTIME(3904,m23_gdn_prefill_j12):2026-09-27-11:35:06.243.907 [api_impl.cc:1652] 3904 StreamSynchronize: stream_id=61.
[DEBUG] RUNTIME(3904,m23_gdn_prefill_j12):2026-09-27-11:35:06.243.962 [task_res_da.cc:79] 3904 GetTaskInfo:device_id=0, stream_id=61, taskId=1, head=0, tail=1, taskResAHead=0, taskResATail=1, taskInfo_id=0.
[WARNING] RUNTIME(3904,m23_gdn_prefill_j12):2026-09-27-11:35:06.243.964 [task_res_da.cc:92] 3904 GetTaskInfo: taskId is invalid, device_id=0, stream_id=61, taskId=1, head=0, tail=1, taskResAHead=0, taskResATail=1, taskInfo_id=0.
[WARNING] RUNTIME(3904,m23_gdn_prefill_j12):2026-09-27-11:35:06.243.966 [stream_david.cc:1354] 3904 GetTaskIdByPos: taskInfo is null, pos=1
[DEBUG] RUNTIME(3904,m23_gdn_prefill_j12):2026-09-27-11:35:06.243.964 [task_res_da.cc:79] 3929 GetTaskInfo:device_id=0, stream_id=61, taskId=1, head=0, tail=1, taskResAHead=0, taskResATail=1, taskInfo_id=0.
[DEBUG] RUNTIME(3904,m23_gdn_prefill_j12):2026-09-27-11:35:06.243.968 [task_res_da.cc:79] 3904 GetTaskInfo:device_id=0, stream_id=61, taskId=0, head=0, tail=1, taskResAHead=0, taskResATail=1, taskInfo_id=0.
[WARNING] RUNTIME(3904,m23_gdn_prefill_j12):2026-09-27-11:35:06.243.969 [task_res_da.cc:92] 3929 GetTaskInfo: taskId is invalid, device_id=0, stream_id=61, taskId=1, head=0, tail=1, taskResAHead=0, taskResATail=1, taskInfo_id=0.
[INFO] RUNTIME(3904,m23_gdn_prefill_j12):2026-09-27-11:35:06.243.970 [stream.cc:1826] 3904 GetFinishedTaskIdBySqHead: stream_id=61, sq_id=2, sqHead=1, nextTaskId=65535, finishedPos=0, endTaskId=0
[WARNING] RUNTIME(3904,m23_gdn_prefill_j12):2026-09-27-11:35:06.243.972 [stream_david.cc:1354] 3929 GetTaskIdByPos: taskInfo is null, pos=1
[INFO] RUNTIME(3904,m23_gdn_prefill_j12):2026-09-27-11:35:06.243.973 [stream.cc:1949] 3904 SynchronizeImpl: device_id=0, stream_id=61, task_id=0 has been completed, no concerned cqe.
[DEBUG] RUNTIME(3904,m23_gdn_prefill_j12):2026-09-27-11:35:06.243.975 [task_res_da.cc:79] 3929 GetTaskInfo:device_id=0, stream_id=61, taskId=0, head=0, tail=1, taskResAHead=0, taskResATail=1, taskInfo_id=0.
[INFO] RUNTIME(3904,m23_gdn_prefill_j12):2026-09-27-11:35:06.243.976 [api_error.cc:1107] 3904 StreamSynchronize: stream synchronize exit, stream_id=61, result=0x0
[INFO] RUNTIME(3904,m23_gdn_prefill_j12):2026-09-27-11:35:06.243.977 [stream.cc:1826] 3929 GetFinishedTaskIdBySqHead: stream_id=61, sq_id=2, sqHead=1, nextTaskId=65535, finishedPos=0, endTaskId=0
[DEBUG] RUNTIME(3904,m23_gdn_prefill_j12):2026-09-27-11:35:06.243.980 [task_res_da.cc:79] 3929 GetTaskInfo:device_id=0, stream_id=61, taskId=0, head=0, tail=1, taskResAHead=0, taskResATail=1, taskInfo_id=0.
[DEBUG] RUNTIME(3904,m23_gdn_prefill_j12):2026-09-27-11:35:06.243.983 [task_res_da.cc:79] 3929 GetTaskInfo:device_id=0, stream_id=61, taskId=0, head=0, tail=1, taskResAHead=0, taskResATail=1, taskInfo_id=0.
[DEBUG] RUNTIME(3904,m23_gdn_prefill_j12):2026-09-27-11:35:06.243.987 [stream_david.cc:846] 3929 DavidUpdatePublicQueue:public task list update, stream_id=61, finishTaskId_=0, head=1, tail=1
[DEBUG] RUNTIME(3904,m23_gdn_prefill_j12):2026-09-27-11:35:06.243.993 [uma_arg_loader.cc:758] 3929 Release:Release arg memory!
[INFO] RUNTIME(3904,m23_gdn_prefill_j12):2026-09-27-11:35:06.243.998 [task_res_da.cc:176] 3929 RecycleTaskInfo: recycle taskinfo success, pos=0, sqeNum=1, headBeforeRecycle=0, taskResAHead=1, tail=1, stream_id=61.
[DEBUG] RUNTIME(3904,m23_gdn_prefill_j12):2026-09-27-11:35:06.244.000 [task_recycle_common_base.cc:207] 3929 TryReclaimToTask:finish stream_id=61, delPos=0.
[DEBUG] RUNTIME(3904,m23_gdn_prefill_j12):2026-09-27-11:35:06.244.002 [task_recycle_common_base.cc:283] 3929 FinishedTaskReclaim:recycle task, stream_id=61, limited=0, curPos=0, tarPos=1, recycleHead=1, task_type=0(KERNEL_AICORE).
[DEBUG] RUNTIME(3904,m23_gdn_prefill_j12):2026-09-27-11:35:06.244.728 [api_impl.cc:2590] 3904 MemCopySync:memcpy sync, cnt=24576, kind=2.
[DEBUG] RUNTIME(3904,m23_gdn_prefill_j12):2026-09-27-11:35:06.244.759 [api_impl.cc:2590] 3904 MemCopySync:memcpy sync, cnt=3145728, kind=2.
[DEBUG] ASCENDCL(3904,m23_gdn_prefill_j12):2026-09-27-11:35:06.246.524 [memory.cpp:477]3904 aclrtFreeImpl: start to execute aclrtFree
[INFO] RUNTIME(3904,m23_gdn_prefill_j12):2026-09-27-11:35:06.246.530 [api_impl.cc:2214] 3904 DevFree: device free mem=0x120000017000
[DEBUG] DRV(3904,m23_gdn_prefill_j12):2026-09-27-11:35:06.246.533 [svm_alloc.c:328][ascend][curpid:3904,3904][drv][devmm][halMemFreeInner]Free enter. (ptr=0x120000017000)
[DEBUG] ASCENDCL(3904,m23_gdn_prefill_j12):2026-09-27-11:35:06.246.539 [memory.cpp:477]3904 aclrtFreeImpl: start to execute aclrtFree
[INFO] RUNTIME(3904,m23_gdn_prefill_j12):2026-09-27-11:35:06.246.540 [api_impl.cc:2214] 3904 DevFree: device free mem=0x120000099000
[DEBUG] DRV(3904,m23_gdn_prefill_j12):2026-09-27-11:35:06.246.542 [svm_alloc.c:328][ascend][curpid:3904,3904][drv][devmm][halMemFreeInner]Free enter. (ptr=0x120000099000)
[DEBUG] ASCENDCL(3904,m23_gdn_prefill_j12):2026-09-27-11:35:06.246.545 [memory.cpp:477]3904 aclrtFreeImpl: start to execute aclrtFree
[INFO] RUNTIME(3904,m23_gdn_prefill_j12):2026-09-27-11:35:06.246.546 [api_impl.cc:2214] 3904 DevFree: device free mem=0x12000011b000
[DEBUG] DRV(3904,m23_gdn_prefill_j12):2026-09-27-11:35:06.246.548 [svm_alloc.c:328][ascend][curpid:3904,3904][drv][devmm][halMemFreeInner]Free enter. (ptr=0x12000011b000)
[DEBUG] ASCENDCL(3904,m23_gdn_prefill_j12):2026-09-27-11:35:06.246.550 [memory.cpp:477]3904 aclrtFreeImpl: start to execute aclrtFree
[INFO] RUNTIME(3904,m23_gdn_prefill_j12):2026-09-27-11:35:06.246.552 [api_impl.cc:2214] 3904 DevFree: device free mem=0x120000121000
[DEBUG] DRV(3904,m23_gdn_prefill_j12):2026-09-27-11:35:06.246.553 [svm_alloc.c:328][ascend][curpid:3904,3904][drv][devmm][halMemFreeInner]Free enter. (ptr=0x120000121000)
[DEBUG] ASCENDCL(3904,m23_gdn_prefill_j12):2026-09-27-11:35:06.246.562 [memory.cpp:477]3904 aclrtFreeImpl: start to execute aclrtFree
[INFO] RUNTIME(3904,m23_gdn_prefill_j12):2026-09-27-11:35:06.246.563 [api_impl.cc:2214] 3904 DevFree: device free mem=0x120000122000
[DEBUG] DRV(3904,m23_gdn_prefill_j12):2026-09-27-11:35:06.246.565 [svm_alloc.c:328][ascend][curpid:3904,3904][drv][devmm][halMemFreeInner]Free enter. (ptr=0x120000122000)
[DEBUG] ASCENDCL(3904,m23_gdn_prefill_j12):2026-09-27-11:35:06.246.567 [memory.cpp:477]3904 aclrtFreeImpl: start to execute aclrtFree
[INFO] RUNTIME(3904,m23_gdn_prefill_j12):2026-09-27-11:35:06.246.569 [api_impl.cc:2214] 3904 DevFree: device free mem=0x12004c600000
[DEBUG] DRV(3904,m23_gdn_prefill_j12):2026-09-27-11:35:06.246.571 [svm_alloc.c:328][ascend][curpid:3904,3904][drv][devmm][halMemFreeInner]Free enter. (ptr=0x12004c600000)
[DEBUG] ASCENDCL(3904,m23_gdn_prefill_j12):2026-09-27-11:35:06.246.573 [memory.cpp:477]3904 aclrtFreeImpl: start to execute aclrtFree
[INFO] RUNTIME(3904,m23_gdn_prefill_j12):2026-09-27-11:35:06.246.574 [api_impl.cc:2214] 3904 DevFree: device free mem=0x120000123000
[DEBUG] DRV(3904,m23_gdn_prefill_j12):2026-09-27-11:35:06.246.576 [svm_alloc.c:328][ascend][curpid:3904,3904][drv][devmm][halMemFreeInner]Free enter. (ptr=0x120000123000)
[DEBUG] ASCENDCL(3904,m23_gdn_prefill_j12):2026-09-27-11:35:06.246.578 [memory.cpp:477]3904 aclrtFreeImpl: start to execute aclrtFree
[INFO] RUNTIME(3904,m23_gdn_prefill_j12):2026-09-27-11:35:06.246.585 [api_impl.cc:2214] 3904 DevFree: device free mem=0x12004ca00000
[DEBUG] DRV(3904,m23_gdn_prefill_j12):2026-09-27-11:35:06.246.587 [svm_alloc.c:328][ascend][curpid:3904,3904][drv][devmm][halMemFreeInner]Free enter. (ptr=0x12004ca00000)
[DEBUG] ASCENDCL(3904,m23_gdn_prefill_j12):2026-09-27-11:35:06.246.589 [memory.cpp:477]3904 aclrtFreeImpl: start to execute aclrtFree
[INFO] RUNTIME(3904,m23_gdn_prefill_j12):2026-09-27-11:35:06.246.591 [api_impl.cc:2214] 3904 DevFree: device free mem=0x12004ce00000
[DEBUG] DRV(3904,m23_gdn_prefill_j12):2026-09-27-11:35:06.246.592 [svm_alloc.c:328][ascend][curpid:3904,3904][drv][devmm][halMemFreeInner]Free enter. (ptr=0x12004ce00000)
[DEBUG] ASCENDCL(3904,m23_gdn_prefill_j12):2026-09-27-11:35:06.373.096 [memory.cpp:294]3904 aclrtMallocImpl: start to execute aclrtMalloc, size = 34086912
[DEBUG] ASCENDCL(3904,m23_gdn_prefill_j12):2026-09-27-11:35:06.373.112 [memory.cpp:229]3904 aclMallocMemInner: start to execute aclMallocMemInner, size = 34086912
[INFO] RUNTIME(3904,m23_gdn_prefill_j12):2026-09-27-11:35:06.373.122 [api_impl.cc:2200] 3904 DevMalloc: size=34086912, type=1024, moduleId=33.
[DEBUG] RUNTIME(3904,m23_gdn_prefill_j12):2026-09-27-11:35:06.373.129 [npu_driver_mem.cc:1338] 3904 DevMemAlloc:device_id=0, type=1024, size=34086912, mode=1.
[DEBUG] RUNTIME(3904,m23_gdn_prefill_j12):2026-09-27-11:35:06.373.132 [npu_driver_mem.cc:1095] 3904 DevMemAllocOnline:memory policy=0x400.
[DEBUG] RUNTIME(3904,m23_gdn_prefill_j12):2026-09-27-11:35:06.373.134 [npu_driver_mem.cc:1106] 3904 DevMemAllocOnline:device_id=0, type=0, size=34086912, chip type=15, policy=0x400.
[DEBUG] DRV(3904,m23_gdn_prefill_j12):2026-09-27-11:35:06.373.712 [event_sched.c:368][ascend][curpid:3904,3904][drv][event-sche][esched_finish_call_back]Called the finish func.(dev_id=0; gid=50; tid=0; event_id=27; subevent_id=142).
[DEBUG] DRV(3904,m23_gdn_prefill_j12):2026-09-27-11:35:06.373.791 [svm_alloc.c:313][ascend][curpid:3904,3904][drv][devmm][halMemAllocInner]Alloc. (ptr=0x12004e400000; size=34086912; flag=0x2100000000924400)
[DEBUG] RUNTIME(3904,m23_gdn_prefill_j12):2026-09-27-11:35:06.373.796 [npu_driver_mem.cc:963] 3904 DevMemAllocHugePageManaged:device_id=0,type=0,size=34086912(bytes), chip type=15, moduleId=33.
[DEBUG] RUNTIME(3904,m23_gdn_prefill_j12):2026-09-27-11:35:06.373.798 [npu_driver_mem.cc:1160] 3904 DevMemAllocOnline:Success, memory policy=0x400, device_id=0, size=34086912(bytes), type=0.
[INFO] RUNTIME(3904,m23_gdn_prefill_j12):2026-09-27-11:35:06.373.800 [api_error.cc:1458] 3904 DevMalloc: device malloc, size=34086912(bytes), type=1024, moduleId=33, start ptr=0x12004e400000, end ptr=0x120050482000
[DEBUG] ASCENDCL(3904,m23_gdn_prefill_j12):2026-09-27-11:35:06.373.802 [memory.cpp:294]3904 aclrtMallocImpl: start to execute aclrtMalloc, size = 34086912
[DEBUG] ASCENDCL(3904,m23_gdn_prefill_j12):2026-09-27-11:35:06.373.804 [memory.cpp:229]3904 aclMallocMemInner: start to execute aclMallocMemInner, size = 34086912
[INFO] RUNTIME(3904,m23_gdn_prefill_j12):2026-09-27-11:35:06.373.807 [api_impl.cc:2200] 3904 DevMalloc: size=34086912, type=1024, moduleId=33.
[DEBUG] RUNTIME(3904,m23_gdn_prefill_j12):2026-09-27-11:35:06.373.808 [npu_driver_mem.cc:1338] 3904 DevMemAlloc:device_id=0, type=1024, size=34086912, mode=1.
[DEBUG] RUNTIME(3904,m23_gdn_prefill_j12):2026-09-27-11:35:06.373.810 [npu_driver_mem.cc:1095] 3904 DevMemAllocOnline:memory policy=0x400.
[DEBUG] RUNTIME(3904,m23_gdn_prefill_j12):2026-09-27-11:35:06.373.811 [npu_driver_mem.cc:1106] 3904 DevMemAllocOnline:device_id=0, type=0, size=34086912, chip type=15, policy=0x400.
[DEBUG] DRV(3904,m23_gdn_prefill_j12):2026-09-27-11:35:06.374.063 [event_sched.c:368][ascend][curpid:3904,3904][drv][event-sche][esched_finish_call_back]Called the finish func.(dev_id=0; gid=50; tid=0; event_id=27; subevent_id=130).
[DEBUG] DRV(3904,m23_gdn_prefill_j12):2026-09-27-11:35:06.374.116 [svm_alloc.c:313][ascend][curpid:3904,3904][drv][devmm][halMemAllocInner]Alloc. (ptr=0x120050600000; size=34086912; flag=0x2100000000924400)
[DEBUG] RUNTIME(3904,m23_gdn_prefill_j12):2026-09-27-11:35:06.374.118 [npu_driver_mem.cc:963] 3904 DevMemAllocHugePageManaged:device_id=0,type=0,size=34086912(bytes), chip type=15, moduleId=33.
[DEBUG] RUNTIME(3904,m23_gdn_prefill_j12):2026-09-27-11:35:06.374.120 [npu_driver_mem.cc:1160] 3904 DevMemAllocOnline:Success, memory policy=0x400, device_id=0, size=34086912(bytes), type=0.
[INFO] RUNTIME(3904,m23_gdn_prefill_j12):2026-09-27-11:35:06.374.121 [api_error.cc:1458] 3904 DevMalloc: device malloc, size=34086912(bytes), type=1024, moduleId=33, start ptr=0x120050600000, end ptr=0x120052682000
[DEBUG] ASCENDCL(3904,m23_gdn_prefill_j12):2026-09-27-11:35:06.374.123 [memory.cpp:294]3904 aclrtMallocImpl: start to execute aclrtMalloc, size = 100687872
[DEBUG] ASCENDCL(3904,m23_gdn_prefill_j12):2026-09-27-11:35:06.374.125 [memory.cpp:229]3904 aclMallocMemInner: start to execute aclMallocMemInner, size = 100687872
[INFO] RUNTIME(3904,m23_gdn_prefill_j12):2026-09-27-11:35:06.374.127 [api_impl.cc:2200] 3904 DevMalloc: size=100687872, type=1024, moduleId=33.
[DEBUG] RUNTIME(3904,m23_gdn_prefill_j12):2026-09-27-11:35:06.374.128 [npu_driver_mem.cc:1338] 3904 DevMemAlloc:device_id=0, type=1024, size=100687872, mode=1.
[DEBUG] RUNTIME(3904,m23_gdn_prefill_j12):2026-09-27-11:35:06.374.130 [npu_driver_mem.cc:1095] 3904 DevMemAllocOnline:memory policy=0x400.
[DEBUG] RUNTIME(3904,m23_gdn_prefill_j12):2026-09-27-11:35:06.374.131 [npu_driver_mem.cc:1106] 3904 DevMemAllocOnline:device_id=0, type=0, size=100687872, chip type=15, policy=0x400.
[DEBUG] DRV(3904,m23_gdn_prefill_j12):2026-09-27-11:35:06.374.438 [event_sched.c:368][ascend][curpid:3904,3904][drv][event-sche][esched_finish_call_back]Called the finish func.(dev_id=0; gid=50; tid=0; event_id=27; subevent_id=130).
[DEBUG] DRV(3904,m23_gdn_prefill_j12):2026-09-27-11:35:06.374.515 [svm_alloc.c:313][ascend][curpid:3904,3904][drv][devmm][halMemAllocInner]Alloc. (ptr=0x120052800000; size=100687872; flag=0x2100000000924400)
[DEBUG] RUNTIME(3904,m23_gdn_prefill_j12):2026-09-27-11:35:06.374.517 [npu_driver_mem.cc:963] 3904 DevMemAllocHugePageManaged:device_id=0,type=0,size=100687872(bytes), chip type=15, moduleId=33.
[DEBUG] RUNTIME(3904,m23_gdn_prefill_j12):2026-09-27-11:35:06.374.519 [npu_driver_mem.cc:1160] 3904 DevMemAllocOnline:Success, memory policy=0x400, device_id=0, size=100687872(bytes), type=0.
[INFO] RUNTIME(3904,m23_gdn_prefill_j12):2026-09-27-11:35:06.374.520 [api_error.cc:1458] 3904 DevMalloc: device malloc, size=100687872(bytes), type=1024, moduleId=33, start ptr=0x120052800000, end ptr=0x120058806000
[DEBUG] ASCENDCL(3904,m23_gdn_prefill_j12):2026-09-27-11:35:06.374.522 [memory.cpp:294]3904 aclrtMallocImpl: start to execute aclrtMalloc, size = 787968
[DEBUG] ASCENDCL(3904,m23_gdn_prefill_j12):2026-09-27-11:35:06.374.524 [memory.cpp:229]3904 aclMallocMemInner: start to execute aclMallocMemInner, size = 787968
[INFO] RUNTIME(3904,m23_gdn_prefill_j12):2026-09-27-11:35:06.374.525 [api_impl.cc:2200] 3904 DevMalloc: size=787968, type=1024, moduleId=33.
[DEBUG] RUNTIME(3904,m23_gdn_prefill_j12):2026-09-27-11:35:06.374.527 [npu_driver_mem.cc:1338] 3904 DevMemAlloc:device_id=0, type=1024, size=787968, mode=1.
[DEBUG] RUNTIME(3904,m23_gdn_prefill_j12):2026-09-27-11:35:06.374.529 [npu_driver_mem.cc:1095] 3904 DevMemAllocOnline:memory policy=0x400.
[DEBUG] RUNTIME(3904,m23_gdn_prefill_j12):2026-09-27-11:35:06.374.530 [npu_driver_mem.cc:1106] 3904 DevMemAllocOnline:device_id=0, type=0, size=787968, chip type=15, policy=0x400.
[DEBUG] DRV(3904,m23_gdn_prefill_j12):2026-09-27-11:35:06.374.534 [svm_alloc.c:313][ascend][curpid:3904,3904][drv][devmm][halMemAllocInner]Alloc. (ptr=0x120000017000; size=787968; flag=0x2100000000904400)
[DEBUG] RUNTIME(3904,m23_gdn_prefill_j12):2026-09-27-11:35:06.374.536 [npu_driver_mem.cc:1085] 3904 DevMemAllocManaged:device_id=0, type=0, size=787968(bytes), chip type=15, moduleId=33, tillFlag=0
[DEBUG] RUNTIME(3904,m23_gdn_prefill_j12):2026-09-27-11:35:06.374.538 [npu_driver_mem.cc:1160] 3904 DevMemAllocOnline:Success, memory policy=0x400, device_id=0, size=787968(bytes), type=0.
[INFO] RUNTIME(3904,m23_gdn_prefill_j12):2026-09-27-11:35:06.374.539 [api_error.cc:1458] 3904 DevMalloc: device malloc, size=787968(bytes), type=1024, moduleId=33, start ptr=0x120000017000, end ptr=0x1200000d7600
[DEBUG] ASCENDCL(3904,m23_gdn_prefill_j12):2026-09-27-11:35:06.374.541 [memory.cpp:294]3904 aclrtMallocImpl: start to execute aclrtMalloc, size = 787968
[DEBUG] ASCENDCL(3904,m23_gdn_prefill_j12):2026-09-27-11:35:06.374.543 [memory.cpp:229]3904 aclMallocMemInner: start to execute aclMallocMemInner, size = 787968
[INFO] RUNTIME(3904,m23_gdn_prefill_j12):2026-09-27-11:35:06.374.545 [api_impl.cc:2200] 3904 DevMalloc: size=787968, type=1024, moduleId=33.
[DEBUG] RUNTIME(3904,m23_gdn_prefill_j12):2026-09-27-11:35:06.374.546 [npu_driver_mem.cc:1338] 3904 DevMemAlloc:device_id=0, type=1024, size=787968, mode=1.
[DEBUG] RUNTIME(3904,m23_gdn_prefill_j12):2026-09-27-11:35:06.374.548 [npu_driver_mem.cc:1095] 3904 DevMemAllocOnline:memory policy=0x400.
[DEBUG] RUNTIME(3904,m23_gdn_prefill_j12):2026-09-27-11:35:06.374.549 [npu_driver_mem.cc:1106] 3904 DevMemAllocOnline:device_id=0, type=0, size=787968, chip type=15, policy=0x400.
[DEBUG] DRV(3904,m23_gdn_prefill_j12):2026-09-27-11:35:06.374.552 [svm_alloc.c:313][ascend][curpid:3904,3904][drv][devmm][halMemAllocInner]Alloc. (ptr=0x1200000d8000; size=787968; flag=0x2100000000904400)
[DEBUG] RUNTIME(3904,m23_gdn_prefill_j12):2026-09-27-11:35:06.374.554 [npu_driver_mem.cc:1085] 3904 DevMemAllocManaged:device_id=0, type=0, size=787968(bytes), chip type=15, moduleId=33, tillFlag=0
[DEBUG] RUNTIME(3904,m23_gdn_prefill_j12):2026-09-27-11:35:06.374.555 [npu_driver_mem.cc:1160] 3904 DevMemAllocOnline:Success, memory policy=0x400, device_id=0, size=787968(bytes), type=0.
[INFO] RUNTIME(3904,m23_gdn_prefill_j12):2026-09-27-11:35:06.374.557 [api_error.cc:1458] 3904 DevMalloc: device malloc, size=787968(bytes), type=1024, moduleId=33, start ptr=0x1200000d8000, end ptr=0x120000198600
[DEBUG] ASCENDCL(3904,m23_gdn_prefill_j12):2026-09-27-11:35:06.374.558 [memory.cpp:294]3904 aclrtMallocImpl: start to execute aclrtMalloc, size = 3145728
[DEBUG] ASCENDCL(3904,m23_gdn_prefill_j12):2026-09-27-11:35:06.374.560 [memory.cpp:229]3904 aclMallocMemInner: start to execute aclMallocMemInner, size = 3145728
[INFO] RUNTIME(3904,m23_gdn_prefill_j12):2026-09-27-11:35:06.374.562 [api_impl.cc:2200] 3904 DevMalloc: size=3145728, type=1024, moduleId=33.
[DEBUG] RUNTIME(3904,m23_gdn_prefill_j12):2026-09-27-11:35:06.374.563 [npu_driver_mem.cc:1338] 3904 DevMemAlloc:device_id=0, type=1024, size=3145728, mode=1.
[DEBUG] RUNTIME(3904,m23_gdn_prefill_j12):2026-09-27-11:35:06.374.565 [npu_driver_mem.cc:1095] 3904 DevMemAllocOnline:memory policy=0x400.
[DEBUG] RUNTIME(3904,m23_gdn_prefill_j12):2026-09-27-11:35:06.374.566 [npu_driver_mem.cc:1106] 3904 DevMemAllocOnline:device_id=0, type=0, size=3145728, chip type=15, policy=0x400.
[DEBUG] DRV(3904,m23_gdn_prefill_j12):2026-09-27-11:35:06.374.569 [svm_alloc.c:313][ascend][curpid:3904,3904][drv][devmm][halMemAllocInner]Alloc. (ptr=0x12004ca00000; size=3145728; flag=0x2100000000924400)
[DEBUG] RUNTIME(3904,m23_gdn_prefill_j12):2026-09-27-11:35:06.374.571 [npu_driver_mem.cc:963] 3904 DevMemAllocHugePageManaged:device_id=0,type=0,size=3145728(bytes), chip type=15, moduleId=33.
[DEBUG] RUNTIME(3904,m23_gdn_prefill_j12):2026-09-27-11:35:06.374.573 [npu_driver_mem.cc:1160] 3904 DevMemAllocOnline:Success, memory policy=0x400, device_id=0, size=3145728(bytes), type=0.
[INFO] RUNTIME(3904,m23_gdn_prefill_j12):2026-09-27-11:35:06.374.574 [api_error.cc:1458] 3904 DevMalloc: device malloc, size=3145728(bytes), type=1024, moduleId=33, start ptr=0x12004ca00000, end ptr=0x12004cd00000
[DEBUG] ASCENDCL(3904,m23_gdn_prefill_j12):2026-09-27-11:35:06.374.576 [memory.cpp:294]3904 aclrtMallocImpl: start to execute aclrtMalloc, size = 100687872
[DEBUG] ASCENDCL(3904,m23_gdn_prefill_j12):2026-09-27-11:35:06.374.577 [memory.cpp:229]3904 aclMallocMemInner: start to execute aclMallocMemInner, size = 100687872
[INFO] RUNTIME(3904,m23_gdn_prefill_j12):2026-09-27-11:35:06.374.579 [api_impl.cc:2200] 3904 DevMalloc: size=100687872, type=1024, moduleId=33.
[DEBUG] RUNTIME(3904,m23_gdn_prefill_j12):2026-09-27-11:35:06.374.581 [npu_driver_mem.cc:1338] 3904 DevMemAlloc:device_id=0, type=1024, size=100687872, mode=1.
[DEBUG] RUNTIME(3904,m23_gdn_prefill_j12):2026-09-27-11:35:06.374.582 [npu_driver_mem.cc:1095] 3904 DevMemAllocOnline:memory policy=0x400.
[DEBUG] RUNTIME(3904,m23_gdn_prefill_j12):2026-09-27-11:35:06.374.583 [npu_driver_mem.cc:1106] 3904 DevMemAllocOnline:device_id=0, type=0, size=100687872, chip type=15, policy=0x400.
[DEBUG] DRV(3904,m23_gdn_prefill_j12):2026-09-27-11:35:06.374.862 [event_sched.c:368][ascend][curpid:3904,3904][drv][event-sche][esched_finish_call_back]Called the finish func.(dev_id=0; gid=50; tid=0; event_id=27; subevent_id=130).
[DEBUG] DRV(3904,m23_gdn_prefill_j12):2026-09-27-11:35:06.374.955 [svm_alloc.c:313][ascend][curpid:3904,3904][drv][devmm][halMemAllocInner]Alloc. (ptr=0x120058a00000; size=100687872; flag=0x2100000000924400)
[DEBUG] RUNTIME(3904,m23_gdn_prefill_j12):2026-09-27-11:35:06.374.958 [npu_driver_mem.cc:963] 3904 DevMemAllocHugePageManaged:device_id=0,type=0,size=100687872(bytes), chip type=15, moduleId=33.
[DEBUG] RUNTIME(3904,m23_gdn_prefill_j12):2026-09-27-11:35:06.374.959 [npu_driver_mem.cc:1160] 3904 DevMemAllocOnline:Success, memory policy=0x400, device_id=0, size=100687872(bytes), type=0.
[INFO] RUNTIME(3904,m23_gdn_prefill_j12):2026-09-27-11:35:06.374.961 [api_error.cc:1458] 3904 DevMalloc: device malloc, size=100687872(bytes), type=1024, moduleId=33, start ptr=0x120058a00000, end ptr=0x12005ea06000
[DEBUG] ASCENDCL(3904,m23_gdn_prefill_j12):2026-09-27-11:35:06.374.962 [memory.cpp:294]3904 aclrtMallocImpl: start to execute aclrtMalloc, size = 3145728
[DEBUG] ASCENDCL(3904,m23_gdn_prefill_j12):2026-09-27-11:35:06.374.964 [memory.cpp:229]3904 aclMallocMemInner: start to execute aclMallocMemInner, size = 3145728
[INFO] RUNTIME(3904,m23_gdn_prefill_j12):2026-09-27-11:35:06.374.966 [api_impl.cc:2200] 3904 DevMalloc: size=3145728, type=1024, moduleId=33.
[DEBUG] RUNTIME(3904,m23_gdn_prefill_j12):2026-09-27-11:35:06.374.967 [npu_driver_mem.cc:1338] 3904 DevMemAlloc:device_id=0, type=1024, size=3145728, mode=1.
[DEBUG] RUNTIME(3904,m23_gdn_prefill_j12):2026-09-27-11:35:06.374.968 [npu_driver_mem.cc:1095] 3904 DevMemAllocOnline:memory policy=0x400.
[DEBUG] RUNTIME(3904,m23_gdn_prefill_j12):2026-09-27-11:35:06.374.970 [npu_driver_mem.cc:1106] 3904 DevMemAllocOnline:device_id=0, type=0, size=3145728, chip type=15, policy=0x400.
[DEBUG] DRV(3904,m23_gdn_prefill_j12):2026-09-27-11:35:06.374.972 [svm_alloc.c:313][ascend][curpid:3904,3904][drv][devmm][halMemAllocInner]Alloc. (ptr=0x12004c600000; size=3145728; flag=0x2100000000924400)
[DEBUG] RUNTIME(3904,m23_gdn_prefill_j12):2026-09-27-11:35:06.374.974 [npu_driver_mem.cc:963] 3904 DevMemAllocHugePageManaged:device_id=0,type=0,size=3145728(bytes), chip type=15, moduleId=33.
[DEBUG] RUNTIME(3904,m23_gdn_prefill_j12):2026-09-27-11:35:06.374.976 [npu_driver_mem.cc:1160] 3904 DevMemAllocOnline:Success, memory policy=0x400, device_id=0, size=3145728(bytes), type=0.
[INFO] RUNTIME(3904,m23_gdn_prefill_j12):2026-09-27-11:35:06.374.977 [api_error.cc:1458] 3904 DevMalloc: device malloc, size=3145728(bytes), type=1024, moduleId=33, start ptr=0x12004c600000, end ptr=0x12004c900000
[DEBUG] ASCENDCL(3904,m23_gdn_prefill_j12):2026-09-27-11:35:06.374.978 [memory.cpp:294]3904 aclrtMallocImpl: start to execute aclrtMalloc, size = 21102592
[DEBUG] ASCENDCL(3904,m23_gdn_prefill_j12):2026-09-27-11:35:06.374.980 [memory.cpp:229]3904 aclMallocMemInner: start to execute aclMallocMemInner, size = 21102592
[INFO] RUNTIME(3904,m23_gdn_prefill_j12):2026-09-27-11:35:06.374.982 [api_impl.cc:2200] 3904 DevMalloc: size=21102592, type=1024, moduleId=33.
[DEBUG] RUNTIME(3904,m23_gdn_prefill_j12):2026-09-27-11:35:06.374.984 [npu_driver_mem.cc:1338] 3904 DevMemAlloc:device_id=0, type=1024, size=21102592, mode=1.
[DEBUG] RUNTIME(3904,m23_gdn_prefill_j12):2026-09-27-11:35:06.374.985 [npu_driver_mem.cc:1095] 3904 DevMemAllocOnline:memory policy=0x400.
[DEBUG] RUNTIME(3904,m23_gdn_prefill_j12):2026-09-27-11:35:06.374.987 [npu_driver_mem.cc:1106] 3904 DevMemAllocOnline:device_id=0, type=0, size=21102592, chip type=15, policy=0x400.
[DEBUG] DRV(3904,m23_gdn_prefill_j12):2026-09-27-11:35:06.374.989 [svm_alloc.c:313][ascend][curpid:3904,3904][drv][devmm][halMemAllocInner]Alloc. (ptr=0x12004ce00000; size=21102592; flag=0x2100000000924400)
[DEBUG] RUNTIME(3904,m23_gdn_prefill_j12):2026-09-27-11:35:06.374.991 [npu_driver_mem.cc:963] 3904 DevMemAllocHugePageManaged:device_id=0,type=0,size=21102592(bytes), chip type=15, moduleId=33.
[DEBUG] RUNTIME(3904,m23_gdn_prefill_j12):2026-09-27-11:35:06.374.992 [npu_driver_mem.cc:1160] 3904 DevMemAllocOnline:Success, memory policy=0x400, device_id=0, size=21102592(bytes), type=0.
[INFO] RUNTIME(3904,m23_gdn_prefill_j12):2026-09-27-11:35:06.374.994 [api_error.cc:1458] 3904 DevMalloc: device malloc, size=21102592(bytes), type=1024, moduleId=33, start ptr=0x12004ce00000, end ptr=0x12004e220000
[DEBUG] RUNTIME(3904,m23_gdn_prefill_j12):2026-09-27-11:35:06.374.997 [api_impl.cc:2590] 3904 MemCopySync:memcpy sync, cnt=34086912, kind=1.
[DEBUG] RUNTIME(3904,m23_gdn_prefill_j12):2026-09-27-11:35:06.378.277 [api_impl.cc:2590] 3904 MemCopySync:memcpy sync, cnt=34086912, kind=1.
[DEBUG] RUNTIME(3904,m23_gdn_prefill_j12):2026-09-27-11:35:06.381.595 [api_impl.cc:2590] 3904 MemCopySync:memcpy sync, cnt=100687872, kind=1.
[DEBUG] RUNTIME(3904,m23_gdn_prefill_j12):2026-09-27-11:35:06.391.306 [api_impl.cc:2590] 3904 MemCopySync:memcpy sync, cnt=787968, kind=1.
[DEBUG] RUNTIME(3904,m23_gdn_prefill_j12):2026-09-27-11:35:06.391.435 [api_impl.cc:2590] 3904 MemCopySync:memcpy sync, cnt=787968, kind=1.
[DEBUG] RUNTIME(3904,m23_gdn_prefill_j12):2026-09-27-11:35:06.391.554 [api_impl.cc:2590] 3904 MemCopySync:memcpy sync, cnt=3145728, kind=1.
[DEBUG] ASCENDCL(3904,m23_gdn_prefill_j12):2026-09-27-11:35:06.391.963 [memory.cpp:586]3904 aclrtMemsetImpl: start to execute aclrtMemset, maxSize = 100687872, size = 100687872, value = 0
[INFO] RUNTIME(3904,m23_gdn_prefill_j12):2026-09-27-11:35:06.391.967 [api_impl.cc:3002] 3904 MemSetSync: destMax=100687872, value=0, count=100687872
[DEBUG] DRV(3904,m23_gdn_prefill_j12):2026-09-27-11:35:06.391.970 [svm_set.c:145][ascend][curpid:3904,3904][drv][devmm][drvMemsetD8Inner]Memset info. (va=0x120058a00000; value=0; num=100687872)
[DEBUG] DRV(3904,m23_gdn_prefill_j12):2026-09-27-11:35:06.395.653 [event_sched.c:368][ascend][curpid:3904,3904][drv][event-sche][esched_finish_call_back]Called the finish func.(dev_id=0; gid=50; tid=0; event_id=27; subevent_id=130).
[DEBUG] ASCENDCL(3904,m23_gdn_prefill_j12):2026-09-27-11:35:06.395.706 [memory.cpp:586]3904 aclrtMemsetImpl: start to execute aclrtMemset, maxSize = 3145728, size = 3145728, value = 0
[INFO] RUNTIME(3904,m23_gdn_prefill_j12):2026-09-27-11:35:06.395.708 [api_impl.cc:3002] 3904 MemSetSync: destMax=3145728, value=0, count=3145728
[DEBUG] DRV(3904,m23_gdn_prefill_j12):2026-09-27-11:35:06.395.710 [svm_set.c:145][ascend][curpid:3904,3904][drv][devmm][drvMemsetD8Inner]Memset info. (va=0x12004c600000; value=0; num=3145728)
[DEBUG] DRV(3904,m23_gdn_prefill_j12):2026-09-27-11:35:06.396.032 [event_sched.c:368][ascend][curpid:3904,3904][drv][event-sche][esched_finish_call_back]Called the finish func.(dev_id=0; gid=50; tid=0; event_id=27; subevent_id=128).
[DEBUG] ASCENDCL(3904,m23_gdn_prefill_j12):2026-09-27-11:35:06.396.041 [memory.cpp:586]3904 aclrtMemsetImpl: start to execute aclrtMemset, maxSize = 21102592, size = 21102592, value = 0
[INFO] RUNTIME(3904,m23_gdn_prefill_j12):2026-09-27-11:35:06.396.043 [api_impl.cc:3002] 3904 MemSetSync: destMax=21102592, value=0, count=21102592
[DEBUG] DRV(3904,m23_gdn_prefill_j12):2026-09-27-11:35:06.396.045 [svm_set.c:145][ascend][curpid:3904,3904][drv][devmm][drvMemsetD8Inner]Memset info. (va=0x12004ce00000; value=0; num=21102592)
[DEBUG] DRV(3904,m23_gdn_prefill_j12):2026-09-27-11:35:06.397.497 [event_sched.c:368][ascend][curpid:3904,3904][drv][event-sche][esched_finish_call_back]Called the finish func.(dev_id=0; gid=50; tid=0; event_id=27; subevent_id=128).
[INFO] ASCENDCL(3904,m23_gdn_prefill_j12):2026-09-27-11:35:06.397.507 [kernel.cpp:99]3904 aclrtBinaryGetFunctionImpl: start to execute aclrtBinaryGetFunction
[DEBUG] RUNTIME(3904,m23_gdn_prefill_j12):2026-09-27-11:35:06.397.511 [api_impl.cc:954] 3904 BinaryGetFunctionByName:BinaryGetFunction prog=0x563c50bac5a0,kernel_name=_Z22m23_gdn_prefill_kernelPhS_S_S_S_S_S_S_S_jjjjf,kernelRegType=1
[INFO] RUNTIME(3904,m23_gdn_prefill_j12):2026-09-27-11:35:06.397.515 [program.cc:1318] 3904 CopySoAndNameToCurrentDevice: device_id=0, handle=0x563c50bac5a0, isNewFlow=1 already copy or not need.
[DEBUG] RUNTIME(3904,m23_gdn_prefill_j12):2026-09-27-11:35:06.397.525 [api_impl.cc:965] 3904 BinaryGetFunctionByName:prog hdl=0x563c50bac5a0, kernel_name=_Z22m23_gdn_prefill_kernelPhS_S_S_S_S_S_S_S_jjjjf, funcHandle=0x563c50b54210.
[DEBUG] RUNTIME(3904,m23_gdn_prefill_j12):2026-09-27-11:35:06.397.530 [api_error.cc:193] 3904 CheckArgs:hostInputInfoNum=0, isNoNeedH2DCopy=0, argsSize=92, hasTiling=0
[DEBUG] RUNTIME(3904,m23_gdn_prefill_j12):2026-09-27-11:35:06.397.534 [api_impl_david.cc:530] 3904 LaunchKernelByArgsWithType:LaunchKernelByArgsWithType, device_id=0, add stream_id=61, blockDim=28, argsType=1.
[DEBUG] RUNTIME(3904,m23_gdn_prefill_j12):2026-09-27-11:35:06.397.540 [kernel.cc:78] 3904 GetFunctionDevAddr:Get function device addr, device kernel baseAddr is 0x120041000000, func1 address is 0x120041000000, func2 address is 0x120041000a00. 
[INFO] RUNTIME(3904,m23_gdn_prefill_j12):2026-09-27-11:35:06.397.545 [task_res_da.cc:142] 3904 AllocTaskInfoAndPos: alloc taskinfo success, device_id=0, stream_id=61, pos=1, sqeNum=1, head=1, taskResATail=2, allocNum=2.
[DEBUG] RUNTIME(3904,m23_gdn_prefill_j12):2026-09-27-11:35:06.397.548 [task_david.cc:426] 3904 AllocTaskInfo:alloc taskinfo success, stream_id=61, task_id=1, task_sn=3.
[DEBUG] RUNTIME(3904,m23_gdn_prefill_j12):2026-09-27-11:35:06.397.556 [uma_arg_loader.cc:263] 3904 AllocCopyPtrWithGenericPolicy:Alloc args dev loader mem success.
[DEBUG] RUNTIME(3904,m23_gdn_prefill_j12):2026-09-27-11:35:06.397.558 [aix_starsv2.cc:139] 3904 LoadArgsWithCopy:Alloc args copy ptr success, size=92, device_id=0, stream_id=61.
[INFO] RUNTIME(3904,m23_gdn_prefill_j12):2026-09-27-11:35:06.397.565 [aix_starsv2.cc:146] 3904 LoadArgsWithCopy: Load args success, size=92, device_id=0, stream_id=61.
[INFO] RUNTIME(3904,m23_gdn_prefill_j12):2026-09-27-11:35:06.397.567 [aix_starsv2.cc:504] 3904 StreamLaunchKernelV2: stream_id=61, kernel_name=_Z22m23_gdn_prefill_kernelPhS_S_S_S_S_S_S_S_jjjjf, kernelAttrType=3, funcType=4, arg_size=92, mixType=3, coreDim=28, taskRation=2, kernelVfType=2, dynamicSmSize=0, addr1=0x120041000000, addr2=0x120041000a00, kernelFlag=0x0, qos=0, partId=0, schemMode=0, infoAddr=(nil), atomicIndex=0, groupDim=0, groupBlockDim=0.
[INFO] RUNTIME(3904,m23_gdn_prefill_j12):2026-09-27-11:35:06.397.573 [davinci_kernel_task_v200_base.cc:179] 3904 ConstructCommonAicAivSqePart: sqe dieFriendly=1, blockdim=28, groupDim=2, groupBlockDim=14, featureFlag=0,kernelcredit=253.
[INFO] RUNTIME(3904,m23_gdn_prefill_j12):2026-09-27-11:35:06.397.576 [davinci_kernel_task_v200_base.cc:367] 3904 ConstructDavidMixSqeForDavinciTask: set cfgInfo schemMode=0, sqe_schem=0, taskType=0, ratio=2, mix=1, loose=0, piMix=1,aivSimtDcuSmSize=262144, featureFlag=0x0.
[DEBUG] RUNTIME(3904,m23_gdn_prefill_j12):2026-09-27-11:35:06.397.579 [model_execute_task_v200_base.cc:503] 3904 PrintDavidSqe:MIX Task: 001c0000 00000003 000e0002 03fd0000 c0000000 0000dffe 08490800 02120000
[DEBUG] RUNTIME(3904,m23_gdn_prefill_j12):2026-09-27-11:35:06.397.581 [model_execute_task_v200_base.cc:503] 3904 PrintDavidSqe:MIX Task: 41000000 41000a00 12001200 00040000 00200000 00001200 00200000 00001200
[INFO] RUNTIME(3904,m23_gdn_prefill_j12):2026-09-27-11:35:06.397.583 [stream_david.cc:670] 3904 AddTaskToList: public task, stream_id=61, task_id=1, task_type=0 (KERNEL_AICORE), head=1, tail=2
[INFO] RUNTIME(3904,m23_gdn_prefill_j12):2026-09-27-11:35:06.397.586 [stream_david.cc:719] 3904 StarsAddTaskToStream: single-operator stream, stream_id=61, task_id=1, task_sn=3, type=0(KERNEL_AICORE), sqe_num=1, device_id=0
[INFO] RUNTIME(3904,m23_gdn_prefill_j12):2026-09-27-11:35:06.397.591 [task_david.cc:583] 3904 DavidSendTask: device_id=0, ts_id=0, sq_id=2, stream_id=61, task_id=1, flip_num=0, task_sn=3, task_type=0(KERNEL_AICORE), drvRet=0.
[DEBUG] RUNTIME(3904,m23_gdn_prefill_j12):2026-09-27-11:35:06.397.597 [api_error.cc:1094] 3904 StreamSynchronize:stream synchronize entry, stream_id=61, timeout=-1ms.
[INFO] RUNTIME(3904,m23_gdn_prefill_j12):2026-09-27-11:35:06.397.599 [api_impl.cc:1652] 3904 StreamSynchronize: stream_id=61.
[DEBUG] RUNTIME(3904,m23_gdn_prefill_j12):2026-09-27-11:35:06.397.721 [npu_driver_res.cc:2129] 3929 LogicCqReportV2:device_id=0,ts_id=0,type=2,logicCq=26065,stream_id=61,task_id=4294967295,timeout=0ms,report_cqe_num=32
[DEBUG] RUNTIME(3904,m23_gdn_prefill_j12):2026-09-27-11:35:06.397.734 [npu_driver_res.cc:2132] 3929 LogicCqReportV2:report_cqe_num=1,drvReportGetRet=0
[DEBUG] RUNTIME(3904,m23_gdn_prefill_j12):2026-09-27-11:35:06.397.736 [npu_driver_res.cc:2161] 3929 LogicCqReportV2:logic_cq real cnt=1
[DEBUG] RUNTIME(3904,m23_gdn_prefill_j12):2026-09-27-11:35:06.397.739 [task_david.cc:672] 3929 PrintStarsCqeInfo:device_id=0,sq_id=2,sq_head=1,cq_id=26065,sqe_type=0
[INFO] RUNTIME(3904,m23_gdn_prefill_j12):2026-09-27-11:35:06.397.742 [task_recycle_cqrpt_base.cc:324] 3929 ProcReport: Get logic report: cnt=1, idx=0, stream_id=61, report_pos=1, sync_pos=4294967295, sqe_type=0, sq_head=1, target_task_sn=4294967295, report_task_sn=3, retCode=0, errType=0x1.
[DEBUG] RUNTIME(3904,m23_gdn_prefill_j12):2026-09-27-11:35:06.397.750 [task_res_da.cc:79] 3929 GetTaskInfo:device_id=0, stream_id=61, taskId=1, head=1, tail=2, taskResAHead=1, taskResATail=2, taskInfo_id=1.
[INFO] RUNTIME(3904,m23_gdn_prefill_j12):2026-09-27-11:35:06.397.752 [task_recycle_cqrpt_base.cc:341] 3929 ProcReport: taskType=0.
[ERROR] RUNTIME(3904,m23_gdn_prefill_j12):2026-09-27-11:35:06.397.769 [task_recycle_cqrpt_base.cc:68]3929 PrintTaskErrorMsg:Task run failed, stream_id=61, pos=1, task_sn=3, sqe_type=0(aic), errType=0x1(task exception), sqSwStatus=0.
[DEBUG] RUNTIME(3904,m23_gdn_prefill_j12):2026-09-27-11:35:06.397.773 [device_error_proc.cc:987] 3929 IsPrintStreamTimeoutSnapshot:check snapshot para ok: chiptype=15 ts_version=35 snapshotflag=1
[INFO] RUNTIME(3904,m23_gdn_prefill_j12):2026-09-27-11:35:06.397.850 [device_error_proc.cc:1069] 3929 PrintStreamTimeoutSnapshotInfo: get stream wait timeout snapshot stream_num:0
[INFO] RUNTIME(3904,m23_gdn_prefill_j12):2026-09-27-11:35:06.397.856 [device_error_proc.cc:601] 3929 ProcErrorInfoWithoutLock: Begin to process device abnormal info.
[INFO] RUNTIME(3904,m23_gdn_prefill_j12):2026-09-27-11:35:06.452.930 [runtime.cc:4809] 3929 SetWatchDogDevStatus: There is errInfo of devId=0, tsId=0
[DEBUG] ATRACE(3904,m23_gdn_prefill_j12):2026-09-27-11:35:06.453.027 [trace_event.c:115](tid:3929) save trace RUNTIME_ATRACE_DEV0_TS0 for event RUNTIME_ATRACE_DEV0_TS0
[DEBUG] ATRACE(3904,m23_gdn_prefill_j12):2026-09-27-11:35:06.453.030 [trace_event.c:398](tid:3929) AtraceEventReport [RUNTIME_ATRACE_DEV0_TS0], ret=0.
[INFO] RUNTIME(3904,m23_gdn_prefill_j12):2026-09-27-11:35:06.453.033 [atrace_log.cc:163] 3929 TrySaveAtraceLogs: Save atrace logs to file successfully!
[INFO] RUNTIME(3904,m23_gdn_prefill_j12):2026-09-27-11:35:06.453.060 [device_error_proc.cc:1655] 3929 ProcessOneElementInRingBufferImpl: it need to process 2 errMessages, headSize=32, elementSize=48128.
[INFO] RUNTIME(3904,m23_gdn_prefill_j12):2026-09-27-11:35:06.453.063 [device_error_proc.cc:1662] 3929 ProcessOneElementInRingBufferImpl: head info 0, tail info=2, type=0.
[DEBUG] RUNTIME(3904,m23_gdn_prefill_j12):2026-09-27-11:35:06.453.105 [task_res_da.cc:79] 3929 GetTaskInfo:device_id=0, stream_id=61, taskId=1, head=1, tail=2, taskResAHead=1, taskResATail=2, taskInfo_id=1.
[ERROR] RUNTIME(3904,m23_gdn_prefill_j12):2026-09-27-11:35:06.453.111 [device_error_proc_c.cc:599]3929 ProcessCoreErrorClass:comm_flag=2
[DEBUG] DRV(3904,m23_gdn_prefill_j12):2026-09-27-11:35:06.453.128 [dms_fault.c:146][ascend][curpid:3904,3928][drv][devmng][DmsGetEventPara]Get fault event success.
[ERROR] RUNTIME(3904,m23_gdn_prefill_j12):2026-09-27-11:35:06.453.152 [device_error_proc_c.cc:566]3929 SetDeviceFaultTypeByAixErrClass:hardware local error, stream_id=61, task_id=1, errorCode=0x701002d.
[DEBUG] RUNTIME(3904,m23_gdn_prefill_j12):2026-09-27-11:35:06.453.154 [task_res_da.cc:79] 3929 GetTaskInfo:device_id=0, stream_id=61, taskId=1, head=1, tail=2, taskResAHead=1, taskResATail=2, taskInfo_id=1.
[ERROR] RUNTIME(3904,m23_gdn_prefill_j12):2026-09-27-11:35:06.453.161 [device_error_proc_c.cc:661]3929 AddExceptionRegInfo:add error register: core_id=0, stream_id=61, task_sn=3
[ERROR] RUNTIME(3904,m23_gdn_prefill_j12):2026-09-27-11:35:06.453.171 [device_error_proc_c.cc:716]3929 ProcessDavidStarsCoreErrorInfo:The error from device(chipId:0, dieId:0), serial number is 1246, there is an aicore error exception, core id is 0, error code = 0, dump info: pc start: 0x120041000000, current: 0x120041000468, sc error info: 0xffffffffffff, su error info: 0xfbbddff31d34ffee,0xfd74f2afd800ffff, mte error info: 0x13d10000000202ce, vec error info: 0, cube error info: 0, l1 error info: 0x2090000e814, aic error mask: 0x395856, para base: 0x120000200000, mte error: 0, aic cond: 0.
The extend info: errcode:(0) errorStr: timeout or trap error. subErrType: 0x4.
For details, see the troubleshooting document on the Ascend official website. Search for the keyword "AI Core Error".
[INFO] GE(3904,m23_gdn_prefill_j12):2026-09-27-11:35:06.453.214 [error_manager.cc:399]3929 ReportInterErrMessage:report error_message, error_code:EZ9999, work_stream_id:390403929, error_mode:0
[ERROR] RUNTIME(3904,m23_gdn_prefill_j12):2026-09-27-11:35:06.453.225 [device_error_proc_c.cc:661]3929 AddExceptionRegInfo:add error register: core_id=1, stream_id=61, task_sn=3
[ERROR] RUNTIME(3904,m23_gdn_prefill_j12):2026-09-27-11:35:06.453.229 [device_error_proc_c.cc:716]3929 ProcessDavidStarsCoreErrorInfo:The error from device(chipId:0, dieId:0), serial number is 1246, there is an aicore error exception, core id is 1, error code = 0, dump info: pc start: 0x120041000000, current: 0x120041000468, sc error info: 0xffffffffffff, su error info: 0xffbfffdf1aacfefd,0x73f9f55bf800dfff, mte error info: 0x13d15000000202ce, vec error info: 0, cube error info: 0, l1 error info: 0x23800001897, aic error mask: 0x395856, para base: 0x120000200000, mte error: 0, aic cond: 0.
The extend info: errcode:(0) errorStr: timeout or trap error. subErrType: 0x4.
For details, see the troubleshooting document on the Ascend official website. Search for the keyword "AI Core Error".
[INFO] GE(3904,m23_gdn_prefill_j12):2026-09-27-11:35:06.453.238 [error_manager.cc:399]3929 ReportInterErrMessage:report error_message, error_code:EZ9999, work_stream_id:390403929, error_mode:0
[ERROR] RUNTIME(3904,m23_gdn_prefill_j12):2026-09-27-11:35:06.453.242 [device_error_proc_c.cc:661]3929 AddExceptionRegInfo:add error register: core_id=2, stream_id=61, task_sn=3
[ERROR] RUNTIME(3904,m23_gdn_prefill_j12):2026-09-27-11:35:06.453.246 [device_error_proc_c.cc:716]3929 ProcessDavidStarsCoreErrorInfo:The error from device(chipId:0, dieId:0), serial number is 1246, there is an aicore error exception, core id is 2, error code = 0, dump info: pc start: 0x120041000000, current: 0x120041000704, sc error info: 0xffffffffffff, su error info: 0xbfbdffff184cdde5,0xffd7d4cdf000ffdf, mte error info: 0x13d1a000000202ce, vec error info: 0, cube error info: 0, l1 error info: 0x23800001893, aic error mask: 0x395856, para base: 0x120000200000, mte error: 0, aic cond: 0.
The extend info: errcode:(0) errorStr: timeout or trap error. subErrType: 0x4.
For details, see the troubleshooting document on the Ascend official website. Search for the keyword "AI Core Error".
[INFO] GE(3904,m23_gdn_prefill_j12):2026-09-27-11:35:06.453.254 [error_manager.cc:399]3929 ReportInterErrMessage:report error_message, error_code:EZ9999, work_stream_id:390403929, error_mode:0
[ERROR] RUNTIME(3904,m23_gdn_prefill_j12):2026-09-27-11:35:06.453.258 [device_error_proc_c.cc:661]3929 AddExceptionRegInfo:add error register: core_id=3, stream_id=61, task_sn=3
[ERROR] RUNTIME(3904,m23_gdn_prefill_j12):2026-09-27-11:35:06.453.261 [device_error_proc_c.cc:716]3929 ProcessDavidStarsCoreErrorInfo:The error from device(chipId:0, dieId:0), serial number is 1246, there is an aicore error exception, core id is 3, error code = 0, dump info: pc start: 0x120041000000, current: 0x120041000704, sc error info: 0xffffffffffff, su error info: 0xaff7fe791e04cfff,0xddddfd069800efbf, mte error info: 0x13d1f000000202ce, vec error info: 0, cube error info: 0, l1 error info: 0x23800001086, aic error mask: 0x395856, para base: 0x120000200000, mte error: 0, aic cond: 0.
The extend info: errcode:(0) errorStr: timeout or trap error. subErrType: 0x4.
For details, see the troubleshooting document on the Ascend official website. Search for the keyword "AI Core Error".
[INFO] GE(3904,m23_gdn_prefill_j12):2026-09-27-11:35:06.453.269 [error_manager.cc:399]3929 ReportInterErrMessage:report error_message, error_code:EZ9999, work_stream_id:390403929, error_mode:0
[DEBUG] RUNTIME(3904,m23_gdn_prefill_j12):2026-09-27-11:35:06.453.273 [device_error_proc_c.cc:408] 3929 ProcessDavidStarsCoreErrorOneMapInfo:core errorCode:80000000000
[ERROR] RUNTIME(3904,m23_gdn_prefill_j12):2026-09-27-11:35:06.453.281 [device_error_proc_c.cc:661]3929 AddExceptionRegInfo:add error register: core_id=4, stream_id=61, task_sn=3
[ERROR] RUNTIME(3904,m23_gdn_prefill_j12):2026-09-27-11:35:06.453.285 [device_error_proc_c.cc:716]3929 ProcessDavidStarsCoreErrorInfo:The error from device(chipId:0, dieId:0), serial number is 1246, there is an aicore error exception, core id is 4, error code = 171, dump info: pc start: 0x120041000000, current: 0x120041000478, sc error info: 0xffffffffffff, su error info: 0xcbbf7ffe0eeedaf7,0x6bfe3559f000dfef, mte error info: 0x13d24000000202ce, vec error info: 0, cube error info: 0, l1 error info: 0x23800001811, aic error mask: 0x395856, para base: 0x120000200000, mte error: 0, aic cond: 0.
The extend info: errcode:(171) errorStr: A multi-bit ECC error occurs when fixpipe reads L0C. See the RAS alarm handling. subErrType: 0x4.
For details, see the troubleshooting document on the Ascend official website. Search for the keyword "AI Core Error".
[INFO] GE(3904,m23_gdn_prefill_j12):2026-09-27-11:35:06.453.294 [error_manager.cc:399]3929 ReportInterErrMessage:report error_message, error_code:EZ9999, work_stream_id:390403929, error_mode:0
[ERROR] RUNTIME(3904,m23_gdn_prefill_j12):2026-09-27-11:35:06.453.297 [device_error_proc_c.cc:661]3929 AddExceptionRegInfo:add error register: core_id=5, stream_id=61, task_sn=3
[ERROR] RUNTIME(3904,m23_gdn_prefill_j12):2026-09-27-11:35:06.453.300 [device_error_proc_c.cc:716]3929 ProcessDavidStarsCoreErrorInfo:The error from device(chipId:0, dieId:0), serial number is 1246, there is an aicore error exception, core id is 5, error code = 0, dump info: pc start: 0x120041000000, current: 0x120041000704, sc error info: 0xffffffffffff, su error info: 0xffff7ffe0b9e9fce,0x4ffdef7ef800fffd, mte error info: 0x13d29000000202ce, vec error info: 0, cube error info: 0, l1 error info: 0x1f600001811, aic error mask: 0x395856, para base: 0x120000200000, mte error: 0, aic cond: 0.
The extend info: errcode:(0) errorStr: timeout or trap error. subErrType: 0x4.
For details, see the troubleshooting document on the Ascend official website. Search for the keyword "AI Core Error".
[INFO] GE(3904,m23_gdn_prefill_j12):2026-09-27-11:35:06.453.309 [error_manager.cc:399]3929 ReportInterErrMessage:report error_message, error_code:EZ9999, work_stream_id:390403929, error_mode:0
[DEBUG] RUNTIME(3904,m23_gdn_prefill_j12):2026-09-27-11:35:06.453.312 [device_error_proc_c.cc:408] 3929 ProcessDavidStarsCoreErrorOneMapInfo:core errorCode:80000000000
[ERROR] RUNTIME(3904,m23_gdn_prefill_j12):2026-09-27-11:35:06.453.314 [device_error_proc_c.cc:661]3929 AddExceptionRegInfo:add error register: core_id=6, stream_id=61, task_sn=3
[ERROR] RUNTIME(3904,m23_gdn_prefill_j12):2026-09-27-11:35:06.453.317 [device_error_proc_c.cc:716]3929 ProcessDavidStarsCoreErrorInfo:The error from device(chipId:0, dieId:0), serial number is 1246, there is an aicore error exception, core id is 6, error code = 171, dump info: pc start: 0x120041000000, current: 0x120041000478, sc error info: 0xffffffffffff, su error info: 0xff9ffff31fba0ff8,0xdff07cefb800bffb, mte error info: 0x13d2e000000202ce, vec error info: 0, cube error info: 0, l1 error info: 0x23800001811, aic error mask: 0x395856, para base: 0x120000200000, mte error: 0, aic cond: 0.
The extend info: errcode:(171) errorStr: A multi-bit ECC error occurs when fixpipe reads L0C. See the RAS alarm handling. subErrType: 0x4.
For details, see the troubleshooting document on the Ascend official website. Search for the keyword "AI Core Error".
[INFO] GE(3904,m23_gdn_prefill_j12):2026-09-27-11:35:06.453.325 [error_manager.cc:399]3929 ReportInterErrMessage:report error_message, error_code:EZ9999, work_stream_id:390403929, error_mode:0
[DEBUG] RUNTIME(3904,m23_gdn_prefill_j12):2026-09-27-11:35:06.453.329 [device_error_proc_c.cc:408] 3929 ProcessDavidStarsCoreErrorOneMapInfo:core errorCode:80000000000
[ERROR] RUNTIME(3904,m23_gdn_prefill_j12):2026-09-27-11:35:06.453.331 [device_error_proc_c.cc:661]3929 AddExceptionRegInfo:add error register: core_id=7, stream_id=61, task_sn=3
[ERROR] RUNTIME(3904,m23_gdn_prefill_j12):2026-09-27-11:35:06.453.335 [device_error_proc_c.cc:716]3929 ProcessDavidStarsCoreErrorInfo:The error from device(chipId:0, dieId:0), serial number is 1246, there is an aicore error exception, core id is 7, error code = 171, dump info: pc start: 0x120041000000, current: 0x120041000478, sc error info: 0xffffffffffff, su error info: 0xffbffeff1fb8dfef,0x9fcd6f5378005fff, mte error info: 0x13d33000000202ce, vec error info: 0, cube error info: 0, l1 error info: 0x23800001893, aic error mask: 0x395856, para base: 0x120000200000, mte error: 0, aic cond: 0.
The extend info: errcode:(171) errorStr: A multi-bit ECC error occurs when fixpipe reads L0C. See the RAS alarm handling. subErrType: 0x4.
For details, see the troubleshooting document on the Ascend official website. Search for the keyword "AI Core Error".
[INFO] GE(3904,m23_gdn_prefill_j12):2026-09-27-11:35:06.453.342 [error_manager.cc:399]3929 ReportInterErrMessage:report error_message, error_code:EZ9999, work_stream_id:390403929, error_mode:0
[DEBUG] RUNTIME(3904,m23_gdn_prefill_j12):2026-09-27-11:35:06.453.346 [device_error_proc_c.cc:408] 3929 ProcessDavidStarsCoreErrorOneMapInfo:core errorCode:80000000000
[ERROR] RUNTIME(3904,m23_gdn_prefill_j12):2026-09-27-11:35:06.453.348 [device_error_proc_c.cc:661]3929 AddExceptionRegInfo:add error register: core_id=8, stream_id=61, task_sn=3
[ERROR] RUNTIME(3904,m23_gdn_prefill_j12):2026-09-27-11:35:06.453.351 [device_error_proc_c.cc:716]3929 ProcessDavidStarsCoreErrorInfo:The error from device(chipId:0, dieId:0), serial number is 1246, there is an aicore error exception, core id is 8, error code = 171, dump info: pc start: 0x120041000000, current: 0x120041000810, sc error info: 0xffffffffffff, su error info: 0xffff7f9b11e6fe6d,0xdecddfc4e800ffef, mte error info: 0x13d38000000202ce, vec error info: 0, cube error info: 0, l1 error info: 0x1f600001c18, aic error mask: 0x395856, para base: 0x120000200000, mte error: 0, aic cond: 0.
The extend info: errcode:(171) errorStr: A multi-bit ECC error occurs when fixpipe reads L0C. See the RAS alarm handling. subErrType: 0x4.
For details, see the troubleshooting document on the Ascend official website. Search for the keyword "AI Core Error".
[INFO] GE(3904,m23_gdn_prefill_j12):2026-09-27-11:35:06.453.360 [error_manager.cc:399]3929 ReportInterErrMessage:report error_message, error_code:EZ9999, work_stream_id:390403929, error_mode:0
[ERROR] RUNTIME(3904,m23_gdn_prefill_j12):2026-09-27-11:35:06.453.363 [device_error_proc_c.cc:661]3929 AddExceptionRegInfo:add error register: core_id=9, stream_id=61, task_sn=3
[ERROR] RUNTIME(3904,m23_gdn_prefill_j12):2026-09-27-11:35:06.453.367 [device_error_proc_c.cc:716]3929 ProcessDavidStarsCoreErrorInfo:The error from device(chipId:0, dieId:0), serial number is 1246, there is an aicore error exception, core id is 9, error code = 0, dump info: pc start: 0x120041000000, current: 0x120041000704, sc error info: 0xffffffffffff, su error info: 0xf7ffffee14763f9f,0xf6eec5f8b800ffff, mte error info: 0x13d3d000000202ce, vec error info: 0, cube error info: 0, l1 error info: 0x1f600001c9e, aic error mask: 0x395856, para base: 0x120000200000, mte error: 0, aic cond: 0.
The extend info: errcode:(0) errorStr: timeout or trap error. subErrType: 0x4.
For details, see the troubleshooting document on the Ascend official website. Search for the keyword "AI Core Error".
[INFO] GE(3904,m23_gdn_prefill_j12):2026-09-27-11:35:06.453.375 [error_manager.cc:399]3929 ReportInterErrMessage:report error_message, error_code:EZ9999, work_stream_id:390403929, error_mode:0
[ERROR] RUNTIME(3904,m23_gdn_prefill_j12):2026-09-27-11:35:06.453.379 [device_error_proc_c.cc:661]3929 AddExceptionRegInfo:add error register: core_id=12, stream_id=61, task_sn=3
[ERROR] RUNTIME(3904,m23_gdn_prefill_j12):2026-09-27-11:35:06.453.382 [device_error_proc_c.cc:716]3929 ProcessDavidStarsCoreErrorInfo:The error from device(chipId:0, dieId:0), serial number is 1246, there is an aicore error exception, core id is 12, error code = 0, dump info: pc start: 0x120041000000, current: 0x120041000704, sc error info: 0xffffffffffff, su error info: 0xdfff6ffe1ba4df5f,0xc7ccd1ddf800ffef, mte error info: 0x13d42000000202ce, vec error info: 0, cube error info: 0, l1 error info: 0x1fc00008087, aic error mask: 0x395856, para base: 0x120000200000, mte error: 0, aic cond: 0.
The extend info: errcode:(0) errorStr: timeout or trap error. subErrType: 0x4.
For details, see the troubleshooting document on the Ascend official website. Search for the keyword "AI Core Error".
[INFO] GE(3904,m23_gdn_prefill_j12):2026-09-27-11:35:06.453.390 [error_manager.cc:399]3929 ReportInterErrMessage:report error_message, error_code:EZ9999, work_stream_id:390403929, error_mode:0
[DEBUG] RUNTIME(3904,m23_gdn_prefill_j12):2026-09-27-11:35:06.453.393 [device_error_proc_c.cc:408] 3929 ProcessDavidStarsCoreErrorOneMapInfo:core errorCode:80000000000
[ERROR] RUNTIME(3904,m23_gdn_prefill_j12):2026-09-27-11:35:06.453.395 [device_error_proc_c.cc:661]3929 AddExceptionRegInfo:add error register: core_id=13, stream_id=61, task_sn=3
[ERROR] RUNTIME(3904,m23_gdn_prefill_j12):2026-09-27-11:35:06.453.399 [device_error_proc_c.cc:716]3929 ProcessDavidStarsCoreErrorInfo:The error from device(chipId:0, dieId:0), serial number is 1246, there is an aicore error exception, core id is 13, error code = 171, dump info: pc start: 0x120041000000, current: 0x120041000478, sc error info: 0xffffffffffff, su error info: 0xfffdffff1430cf9f,0xd5fc7ddff000ffef, mte error info: 0x13d47000000202ce, vec error info: 0, cube error info: 0, l1 error info: 0x23800001408, aic error mask: 0x395856, para base: 0x120000200000, mte error: 0, aic cond: 0.
The extend info: errcode:(171) errorStr: A multi-bit ECC error occurs when fixpipe reads L0C. See the RAS alarm handling. subErrType: 0x4.
For details, see the troubleshooting document on the Ascend official website. Search for the keyword "AI Core Error".
[INFO] GE(3904,m23_gdn_prefill_j12):2026-09-27-11:35:06.453.407 [error_manager.cc:399]3929 ReportInterErrMessage:report error_message, error_code:EZ9999, work_stream_id:390403929, error_mode:0
[ERROR] RUNTIME(3904,m23_gdn_prefill_j12):2026-09-27-11:35:06.453.411 [device_error_proc_c.cc:661]3929 AddExceptionRegInfo:add error register: core_id=14, stream_id=61, task_sn=3
[ERROR] RUNTIME(3904,m23_gdn_prefill_j12):2026-09-27-11:35:06.453.414 [device_error_proc_c.cc:716]3929 ProcessDavidStarsCoreErrorInfo:The error from device(chipId:0, dieId:0), serial number is 1246, there is an aicore error exception, core id is 14, error code = 0, dump info: pc start: 0x120041000000, current: 0x120041000468, sc error info: 0xffffffffffff, su error info: 0xf5fdb75f0638ebe6,0xeed7f59df800bfca, mte error info: 0x13d4c000000202ce, vec error info: 0, cube error info: 0, l1 error info: 0x23800001811, aic error mask: 0x395856, para base: 0x120000200000, mte error: 0, aic cond: 0.
The extend info: errcode:(0) errorStr: timeout or trap error. subErrType: 0x4.
For details, see the troubleshooting document on the Ascend official website. Search for the keyword "AI Core Error".
[INFO] GE(3904,m23_gdn_prefill_j12):2026-09-27-11:35:06.453.423 [error_manager.cc:399]3929 ReportInterErrMessage:report error_message, error_code:EZ9999, work_stream_id:390403929, error_mode:0
[DEBUG] RUNTIME(3904,m23_gdn_prefill_j12):2026-09-27-11:35:06.453.426 [device_error_proc_c.cc:408] 3929 ProcessDavidStarsCoreErrorOneMapInfo:core errorCode:80000000000
[ERROR] RUNTIME(3904,m23_gdn_prefill_j12):2026-09-27-11:35:06.453.428 [device_error_proc_c.cc:661]3929 AddExceptionRegInfo:add error register: core_id=15, stream_id=61, task_sn=3
[ERROR] RUNTIME(3904,m23_gdn_prefill_j12):2026-09-27-11:35:06.453.431 [device_error_proc_c.cc:716]3929 ProcessDavidStarsCoreErrorInfo:The error from device(chipId:0, dieId:0), serial number is 1246, there is an aicore error exception, core id is 15, error code = 171, dump info: pc start: 0x120041000000, current: 0x120041000478, sc error info: 0xffffffffffff, su error info: 0xfffdff7b09befffe,0xf5deddf5e800fdff, mte error info: 0x13d51000000202ce, vec error info: 0, cube error info: 0, l1 error info: 0x23800001893, aic error mask: 0x395856, para base: 0x120000200000, mte error: 0, aic cond: 0.
The extend info: errcode:(171) errorStr: A multi-bit ECC error occurs when fixpipe reads L0C. See the RAS alarm handling. subErrType: 0x4.
For details, see the troubleshooting document on the Ascend official website. Search for the keyword "AI Core Error".
[INFO] GE(3904,m23_gdn_prefill_j12):2026-09-27-11:35:06.453.439 [error_manager.cc:399]3929 ReportInterErrMessage:report error_message, error_code:EZ9999, work_stream_id:390403929, error_mode:0
[DEBUG] RUNTIME(3904,m23_gdn_prefill_j12):2026-09-27-11:35:06.453.442 [device_error_proc_c.cc:408] 3929 ProcessDavidStarsCoreErrorOneMapInfo:core errorCode:80000000000
[ERROR] RUNTIME(3904,m23_gdn_prefill_j12):2026-09-27-11:35:06.453.444 [device_error_proc_c.cc:661]3929 AddExceptionRegInfo:add error register: core_id=18, stream_id=61, task_sn=3
[ERROR] RUNTIME(3904,m23_gdn_prefill_j12):2026-09-27-11:35:06.453.448 [device_error_proc_c.cc:716]3929 ProcessDavidStarsCoreErrorInfo:The error from device(chipId:0, dieId:0), serial number is 1246, there is an aicore error exception, core id is 18, error code = 171, dump info: pc start: 0x120041000000, current: 0x120041000810, sc error info: 0xffffffffffff, su error info: 0xbfbeffee013a3bde,0xed4237d47800bfff, mte error info: 0x13d56000000202ce, vec error info: 0, cube error info: 0, l1 error info: 0x1f600001811, aic error mask: 0x395856, para base: 0x120000200000, mte error: 0, aic cond: 0.
The extend info: errcode:(171) errorStr: A multi-bit ECC error occurs when fixpipe reads L0C. See the RAS alarm handling. subErrType: 0x4.
For details, see the troubleshooting document on the Ascend official website. Search for the keyword "AI Core Error".
[INFO] GE(3904,m23_gdn_prefill_j12):2026-09-27-11:35:06.453.456 [error_manager.cc:399]3929 ReportInterErrMessage:report error_message, error_code:EZ9999, work_stream_id:390403929, error_mode:0
[DEBUG] RUNTIME(3904,m23_gdn_prefill_j12):2026-09-27-11:35:06.453.459 [device_error_proc_c.cc:408] 3929 ProcessDavidStarsCoreErrorOneMapInfo:core errorCode:80000000000
[ERROR] RUNTIME(3904,m23_gdn_prefill_j12):2026-09-27-11:35:06.453.461 [device_error_proc_c.cc:661]3929 AddExceptionRegInfo:add error register: core_id=19, stream_id=61, task_sn=3
[ERROR] RUNTIME(3904,m23_gdn_prefill_j12):2026-09-27-11:35:06.453.465 [device_error_proc_c.cc:716]3929 ProcessDavidStarsCoreErrorInfo:The error from device(chipId:0, dieId:0), serial number is 1246, there is an aicore error exception, core id is 19, error code = 171, dump info: pc start: 0x120041000000, current: 0x120041000478, sc error info: 0xffffffffffff, su error info: 0x7f7fafef1bacefff,0xfdc9f4cbf800feff, mte error info: 0x13d5b000000202ce, vec error info: 0, cube error info: 0, l1 error info: 0x23800001814, aic error mask: 0x395856, para base: 0x120000200000, mte error: 0, aic cond: 0.
The extend info: errcode:(171) errorStr: A multi-bit ECC error occurs when fixpipe reads L0C. See the RAS alarm handling. subErrType: 0x4.
For details, see the troubleshooting document on the Ascend official website. Search for the keyword "AI Core Error".
[INFO] GE(3904,m23_gdn_prefill_j12):2026-09-27-11:35:06.453.473 [error_manager.cc:399]3929 ReportInterErrMessage:report error_message, error_code:EZ9999, work_stream_id:390403929, error_mode:0
[ERROR] RUNTIME(3904,m23_gdn_prefill_j12):2026-09-27-11:35:06.453.477 [device_error_proc_c.cc:661]3929 AddExceptionRegInfo:add error register: core_id=20, stream_id=61, task_sn=3
[ERROR] RUNTIME(3904,m23_gdn_prefill_j12):2026-09-27-11:35:06.453.481 [device_error_proc_c.cc:716]3929 ProcessDavidStarsCoreErrorInfo:The error from device(chipId:0, dieId:0), serial number is 1246, there is an aicore error exception, core id is 20, error code = 0, dump info: pc start: 0x120041000000, current: 0x120041000468, sc error info: 0xffffffffffff, su error info: 0xffffffff1a7cfefe,0xdf89fd19a000fb7f, mte error info: 0x13d60000000202ce, vec error info: 0, cube error info: 0, l1 error info: 0x1f600001c19, aic error mask: 0x395856, para base: 0x120000200000, mte error: 0, aic cond: 0.
The extend info: errcode:(0) errorStr: timeout or trap error. subErrType: 0x4.
For details, see the troubleshooting document on the Ascend official website. Search for the keyword "AI Core Error".
[INFO] GE(3904,m23_gdn_prefill_j12):2026-09-27-11:35:06.453.489 [error_manager.cc:399]3929 ReportInterErrMessage:report error_message, error_code:EZ9999, work_stream_id:390403929, error_mode:0
[ERROR] RUNTIME(3904,m23_gdn_prefill_j12):2026-09-27-11:35:06.453.492 [device_error_proc_c.cc:661]3929 AddExceptionRegInfo:add error register: core_id=22, stream_id=61, task_sn=3
[ERROR] RUNTIME(3904,m23_gdn_prefill_j12):2026-09-27-11:35:06.453.495 [device_error_proc_c.cc:716]3929 ProcessDavidStarsCoreErrorInfo:The error from device(chipId:0, dieId:0), serial number is 1246, there is an aicore error exception, core id is 22, error code = 0, dump info: pc start: 0x120041000000, current: 0x120041000704, sc error info: 0xffffffffffff, su error info: 0xefff7ff91adc9ffe,0xfe734d95f800ef7f, mte error info: 0x13d65000000202ce, vec error info: 0, cube error info: 0, l1 error info: 0x23800001811, aic error mask: 0x395856, para base: 0x120000200000, mte error: 0, aic cond: 0.
The extend info: errcode:(0) errorStr: timeout or trap error. subErrType: 0x4.
For details, see the troubleshooting document on the Ascend official website. Search for the keyword "AI Core Error".
[INFO] GE(3904,m23_gdn_prefill_j12):2026-09-27-11:35:06.453.503 [error_manager.cc:399]3929 ReportInterErrMessage:report error_message, error_code:EZ9999, work_stream_id:390403929, error_mode:0
[DEBUG] RUNTIME(3904,m23_gdn_prefill_j12):2026-09-27-11:35:06.453.507 [device_error_proc_c.cc:408] 3929 ProcessDavidStarsCoreErrorOneMapInfo:core errorCode:80000000000
[ERROR] RUNTIME(3904,m23_gdn_prefill_j12):2026-09-27-11:35:06.453.510 [device_error_proc_c.cc:661]3929 AddExceptionRegInfo:add error register: core_id=23, stream_id=61, task_sn=3
[ERROR] RUNTIME(3904,m23_gdn_prefill_j12):2026-09-27-11:35:06.453.513 [device_error_proc_c.cc:716]3929 ProcessDavidStarsCoreErrorInfo:The error from device(chipId:0, dieId:0), serial number is 1246, there is an aicore error exception, core id is 23, error code = 171, dump info: pc start: 0x120041000000, current: 0x120041000810, sc error info: 0xffffffffffff, su error info: 0xfffff4ff0fda0cf8,0xee4d7ffee000ffff, mte error info: 0x13d6a000000202ce, vec error info: 0, cube error info: 0, l1 error info: 0x1f600001c9e, aic error mask: 0x395856, para base: 0x120000200000, mte error: 0, aic cond: 0.
The extend info: errcode:(171) errorStr: A multi-bit ECC error occurs when fixpipe reads L0C. See the RAS alarm handling. subErrType: 0x4.
For details, see the troubleshooting document on the Ascend official website. Search for the keyword "AI Core Error".
[INFO] GE(3904,m23_gdn_prefill_j12):2026-09-27-11:35:06.453.521 [error_manager.cc:399]3929 ReportInterErrMessage:report error_message, error_code:EZ9999, work_stream_id:390403929, error_mode:0
[ERROR] RUNTIME(3904,m23_gdn_prefill_j12):2026-09-27-11:35:06.453.525 [device_error_proc_c.cc:661]3929 AddExceptionRegInfo:add error register: core_id=24, stream_id=61, task_sn=3
[ERROR] RUNTIME(3904,m23_gdn_prefill_j12):2026-09-27-11:35:06.453.529 [device_error_proc_c.cc:716]3929 ProcessDavidStarsCoreErrorInfo:The error from device(chipId:0, dieId:0), serial number is 1246, there is an aicore error exception, core id is 24, error code = 0, dump info: pc start: 0x120041000000, current: 0x120041000704, sc error info: 0xffffffffffff, su error info: 0xfebffff70df8d7c8,0xd3cf9efff800bffb, mte error info: 0x13d6f000000202ce, vec error info: 0, cube error info: 0, l1 error info: 0x1f600001c1c, aic error mask: 0x395856, para base: 0x120000200000, mte error: 0, aic cond: 0.
The extend info: errcode:(0) errorStr: timeout or trap error. subErrType: 0x4.
For details, see the troubleshooting document on the Ascend official website. Search for the keyword "AI Core Error".
[INFO] GE(3904,m23_gdn_prefill_j12):2026-09-27-11:35:06.453.537 [error_manager.cc:399]3929 ReportInterErrMessage:report error_message, error_code:EZ9999, work_stream_id:390403929, error_mode:0
[ERROR] RUNTIME(3904,m23_gdn_prefill_j12):2026-09-27-11:35:06.453.541 [device_error_proc_c.cc:661]3929 AddExceptionRegInfo:add error register: core_id=25, stream_id=61, task_sn=3
[ERROR] RUNTIME(3904,m23_gdn_prefill_j12):2026-09-27-11:35:06.453.544 [device_error_proc_c.cc:716]3929 ProcessDavidStarsCoreErrorInfo:The error from device(chipId:0, dieId:0), serial number is 1246, there is an aicore error exception, core id is 25, error code = 0, dump info: pc start: 0x120041000000, current: 0x120041000704, sc error info: 0xffffffffffff, su error info: 0xfbbff7fb1d2effbf,0x97ff7dd77000f7bf, mte error info: 0x13d74000000202ce, vec error info: 0, cube error info: 0, l1 error info: 0x1f600001811, aic error mask: 0x395856, para base: 0x120000200000, mte error: 0, aic cond: 0.
The extend info: errcode:(0) errorStr: timeout or trap error. subErrType: 0x4.
For details, see the troubleshooting document on the Ascend official website. Search for the keyword "AI Core Error".
[INFO] GE(3904,m23_gdn_prefill_j12):2026-09-27-11:35:06.453.552 [error_manager.cc:399]3929 ReportInterErrMessage:report error_message, error_code:EZ9999, work_stream_id:390403929, error_mode:0
[ERROR] RUNTIME(3904,m23_gdn_prefill_j12):2026-09-27-11:35:06.453.556 [device_error_proc_c.cc:661]3929 AddExceptionRegInfo:add error register: core_id=26, stream_id=61, task_sn=3
[ERROR] RUNTIME(3904,m23_gdn_prefill_j12):2026-09-27-11:35:06.453.559 [device_error_proc_c.cc:716]3929 ProcessDavidStarsCoreErrorInfo:The error from device(chipId:0, dieId:0), serial number is 1246, there is an aicore error exception, core id is 26, error code = 0, dump info: pc start: 0x120041000000, current: 0x120041000704, sc error info: 0xffffffffffff, su error info: 0xfff7fbff11fadebe,0xdddd71c4f800fffa, mte error info: 0x13d79000000202ce, vec error info: 0, cube error info: 0, l1 error info: 0x1f600001c1c, aic error mask: 0x395856, para base: 0x120000200000, mte error: 0, aic cond: 0.
The extend info: errcode:(0) errorStr: timeout or trap error. subErrType: 0x4.
For details, see the troubleshooting document on the Ascend official website. Search for the keyword "AI Core Error".
[INFO] GE(3904,m23_gdn_prefill_j12):2026-09-27-11:35:06.453.567 [error_manager.cc:399]3929 ReportInterErrMessage:report error_message, error_code:EZ9999, work_stream_id:390403929, error_mode:0
[ERROR] RUNTIME(3904,m23_gdn_prefill_j12):2026-09-27-11:35:06.453.571 [device_error_proc_c.cc:661]3929 AddExceptionRegInfo:add error register: core_id=27, stream_id=61, task_sn=3
[ERROR] RUNTIME(3904,m23_gdn_prefill_j12):2026-09-27-11:35:06.453.574 [device_error_proc_c.cc:716]3929 ProcessDavidStarsCoreErrorInfo:The error from device(chipId:0, dieId:0), serial number is 1246, there is an aicore error exception, core id is 27, error code = 0, dump info: pc start: 0x120041000000, current: 0x120041000704, sc error info: 0xffffffffffff, su error info: 0xf7ff27ff1dfaf774,0x7415e7d5d800fdf7, mte error info: 0x13d7e000000202ce, vec error info: 0, cube error info: 0, l1 error info: 0x1f600001c9a, aic error mask: 0x395856, para base: 0x120000200000, mte error: 0, aic cond: 0.
The extend info: errcode:(0) errorStr: timeout or trap error. subErrType: 0x4.
For details, see the troubleshooting document on the Ascend official website. Search for the keyword "AI Core Error".
[INFO] GE(3904,m23_gdn_prefill_j12):2026-09-27-11:35:06.453.582 [error_manager.cc:399]3929 ReportInterErrMessage:report error_message, error_code:EZ9999, work_stream_id:390403929, error_mode:0
[DEBUG] RUNTIME(3904,m23_gdn_prefill_j12):2026-09-27-11:35:06.453.586 [device_error_proc_c.cc:408] 3929 ProcessDavidStarsCoreErrorOneMapInfo:core errorCode:80000000000
[ERROR] RUNTIME(3904,m23_gdn_prefill_j12):2026-09-27-11:35:06.453.588 [device_error_proc_c.cc:661]3929 AddExceptionRegInfo:add error register: core_id=28, stream_id=61, task_sn=3
[ERROR] RUNTIME(3904,m23_gdn_prefill_j12):2026-09-27-11:35:06.453.592 [device_error_proc_c.cc:716]3929 ProcessDavidStarsCoreErrorInfo:The error from device(chipId:0, dieId:0), serial number is 1246, there is an aicore error exception, core id is 28, error code = 171, dump info: pc start: 0x120041000000, current: 0x120041000478, sc error info: 0xffffffffffff, su error info: 0xffffff53068aefcf,0x7f4f6dccf800fbfb, mte error info: 0x13d83000000202ce, vec error info: 0, cube error info: 0, l1 error info: 0x23800001893, aic error mask: 0x395856, para base: 0x120000200000, mte error: 0, aic cond: 0.
The extend info: errcode:(171) errorStr: A multi-bit ECC error occurs when fixpipe reads L0C. See the RAS alarm handling. subErrType: 0x4.
For details, see the troubleshooting document on the Ascend official website. Search for the keyword "AI Core Error".
[INFO] GE(3904,m23_gdn_prefill_j12):2026-09-27-11:35:06.453.600 [error_manager.cc:399]3929 ReportInterErrMessage:report error_message, error_code:EZ9999, work_stream_id:390403929, error_mode:0
[INFO] RUNTIME(3904,m23_gdn_prefill_j12):2026-09-27-11:35:06.453.604 [device_error_proc.cc:1662] 3929 ProcessOneElementInRingBufferImpl: head info 1, tail info=2, type=0.
[DEBUG] RUNTIME(3904,m23_gdn_prefill_j12):2026-09-27-11:35:06.453.610 [task_res_da.cc:79] 3929 GetTaskInfo:device_id=0, stream_id=61, taskId=1, head=1, tail=2, taskResAHead=1, taskResATail=2, taskInfo_id=1.
[ERROR] RUNTIME(3904,m23_gdn_prefill_j12):2026-09-27-11:35:06.453.612 [device_error_proc_c.cc:599]3929 ProcessCoreErrorClass:comm_flag=2
[ERROR] RUNTIME(3904,m23_gdn_prefill_j12):2026-09-27-11:35:06.453.640 [device_error_proc_c.cc:566]3929 SetDeviceFaultTypeByAixErrClass:hardware local error, stream_id=61, task_id=1, errorCode=0x701002d.
[DEBUG] RUNTIME(3904,m23_gdn_prefill_j12):2026-09-27-11:35:06.453.643 [task_res_da.cc:79] 3929 GetTaskInfo:device_id=0, stream_id=61, taskId=1, head=1, tail=2, taskResAHead=1, taskResATail=2, taskInfo_id=1.
[ERROR] RUNTIME(3904,m23_gdn_prefill_j12):2026-09-27-11:35:06.453.645 [device_error_proc_c.cc:661]3929 AddExceptionRegInfo:add error register: core_id=0, stream_id=61, task_sn=3
[ERROR] RUNTIME(3904,m23_gdn_prefill_j12):2026-09-27-11:35:06.453.649 [device_error_proc_c.cc:716]3929 ProcessDavidStarsCoreErrorInfo:The error from device(chipId:0, dieId:0), serial number is 1247, there is an aivec error exception, core id is 0, error code = 0, dump info: pc start: 0x120041000a00, current: 0x120041001490, sc error info: 0xffffffffffff, su error info: 0xeffbd7fd0fd83980,0xc00000585800eeb9, mte error info: 0x8508d800000235cb, vec error info: 0x410062180031126e, cube error info: 0, l1 error info: 0, aic error mask: 0x395856, para base: 0x120000200000, mte error: 0, aic cond: 0.
The extend info: errcode:(0) errorStr: timeout or trap error. subErrType: 0x4.
For details, see the troubleshooting document on the Ascend official website. Search for the keyword "AI Core Error".
[INFO] GE(3904,m23_gdn_prefill_j12):2026-09-27-11:35:06.453.659 [error_manager.cc:399]3929 ReportInterErrMessage:report error_message, error_code:EZ9999, work_stream_id:390403929, error_mode:0
[ERROR] RUNTIME(3904,m23_gdn_prefill_j12):2026-09-27-11:35:06.453.663 [device_error_proc_c.cc:661]3929 AddExceptionRegInfo:add error register: core_id=1, stream_id=61, task_sn=3
[ERROR] RUNTIME(3904,m23_gdn_prefill_j12):2026-09-27-11:35:06.453.667 [device_error_proc_c.cc:716]3929 ProcessDavidStarsCoreErrorInfo:The error from device(chipId:0, dieId:0), serial number is 1247, there is an aivec error exception, core id is 1, error code = 0, dump info: pc start: 0x120041000a00, current: 0x120041001490, sc error info: 0xffffffffffff, su error info: 0xbbfff7ff2c9a0158,0xc0000058b8009c72, mte error info: 0x8508e00000020043, vec error info: 0x410062180031126e, cube error info: 0, l1 error info: 0, aic error mask: 0x395856, para base: 0x120000200000, mte error: 0, aic cond: 0.
The extend info: errcode:(0) errorStr: timeout or trap error. subErrType: 0x4.
For details, see the troubleshooting document on the Ascend official website. Search for the keyword "AI Core Error".
[INFO] GE(3904,m23_gdn_prefill_j12):2026-09-27-11:35:06.453.674 [error_manager.cc:399]3929 ReportInterErrMessage:report error_message, error_code:EZ9999, work_stream_id:390403929, error_mode:0
[ERROR] RUNTIME(3904,m23_gdn_prefill_j12):2026-09-27-11:35:06.453.678 [device_error_proc_c.cc:661]3929 AddExceptionRegInfo:add error register: core_id=2, stream_id=61, task_sn=3
[ERROR] RUNTIME(3904,m23_gdn_prefill_j12):2026-09-27-11:35:06.453.682 [device_error_proc_c.cc:716]3929 ProcessDavidStarsCoreErrorInfo:The error from device(chipId:0, dieId:0), serial number is 1247, there is an aivec error exception, core id is 2, error code = 0, dump info: pc start: 0x120041000a00, current: 0x120041001490, sc error info: 0xffffffffffff, su error info: 0xda9635af2bbe334c,0xc0000058f8005eba, mte error info: 0x8508e81000020043, vec error info: 0x410062180031126e, cube error info: 0, l1 error info: 0, aic error mask: 0x395856, para base: 0x120000200000, mte error: 0, aic cond: 0.
The extend info: errcode:(0) errorStr: timeout or trap error. subErrType: 0x4.
For details, see the troubleshooting document on the Ascend official website. Search for the keyword "AI Core Error".
[INFO] GE(3904,m23_gdn_prefill_j12):2026-09-27-11:35:06.453.689 [error_manager.cc:399]3929 ReportInterErrMessage:report error_message, error_code:EZ9999, work_stream_id:390403929, error_mode:0
[ERROR] RUNTIME(3904,m23_gdn_prefill_j12):2026-09-27-11:35:06.453.693 [device_error_proc_c.cc:661]3929 AddExceptionRegInfo:add error register: core_id=3, stream_id=61, task_sn=3
[ERROR] RUNTIME(3904,m23_gdn_prefill_j12):2026-09-27-11:35:06.453.696 [device_error_proc_c.cc:716]3929 ProcessDavidStarsCoreErrorInfo:The error from device(chipId:0, dieId:0), serial number is 1247, there is an aivec error exception, core id is 3, error code = 0, dump info: pc start: 0x120041000a00, current: 0x120041001490, sc error info: 0xffffffffffff, su error info: 0xffd7df7e1fe2334c,0xc000005878009396, mte error info: 0x8508f00000020043, vec error info: 0x410062180031126e, cube error info: 0, l1 error info: 0, aic error mask: 0x395856, para base: 0x120000200000, mte error: 0, aic cond: 0.
The extend info: errcode:(0) errorStr: timeout or trap error. subErrType: 0x4.
For details, see the troubleshooting document on the Ascend official website. Search for the keyword "AI Core Error".
[INFO] GE(3904,m23_gdn_prefill_j12):2026-09-27-11:35:06.453.704 [error_manager.cc:399]3929 ReportInterErrMessage:report error_message, error_code:EZ9999, work_stream_id:390403929, error_mode:0
[ERROR] RUNTIME(3904,m23_gdn_prefill_j12):2026-09-27-11:35:06.453.707 [device_error_proc_c.cc:661]3929 AddExceptionRegInfo:add error register: core_id=4, stream_id=61, task_sn=3
[ERROR] RUNTIME(3904,m23_gdn_prefill_j12):2026-09-27-11:35:06.453.711 [device_error_proc_c.cc:716]3929 ProcessDavidStarsCoreErrorInfo:The error from device(chipId:0, dieId:0), serial number is 1247, there is an aivec error exception, core id is 4, error code = 0, dump info: pc start: 0x120041000a00, current: 0x120041001490, sc error info: 0xffffffffffff, su error info: 0xffffbb3f1eec334c,0xc0000058e800fff3, mte error info: 0x8508f80000020043, vec error info: 0x410062180031126e, cube error info: 0, l1 error info: 0, aic error mask: 0x395856, para base: 0x120000200000, mte error: 0, aic cond: 0.
The extend info: errcode:(0) errorStr: timeout or trap error. subErrType: 0x4.
For details, see the troubleshooting document on the Ascend official website. Search for the keyword "AI Core Error".
[INFO] GE(3904,m23_gdn_prefill_j12):2026-09-27-11:35:06.453.727 [error_manager.cc:399]3929 ReportInterErrMessage:report error_message, error_code:EZ9999, work_stream_id:390403929, error_mode:0
[ERROR] RUNTIME(3904,m23_gdn_prefill_j12):2026-09-27-11:35:06.453.731 [device_error_proc_c.cc:661]3929 AddExceptionRegInfo:add error register: core_id=5, stream_id=61, task_sn=3
[ERROR] RUNTIME(3904,m23_gdn_prefill_j12):2026-09-27-11:35:06.453.734 [device_error_proc_c.cc:716]3929 ProcessDavidStarsCoreErrorInfo:The error from device(chipId:0, dieId:0), serial number is 1247, there is an aivec error exception, core id is 5, error code = 0, dump info: pc start: 0x120041000a00, current: 0x120041001490, sc error info: 0xffffffffffff, su error info: 0xddd7bff114fc334c,0xc0000058f0005dd9, mte error info: 0x8509000000020043, vec error info: 0x410062180031126e, cube error info: 0, l1 error info: 0, aic error mask: 0x395856, para base: 0x120000200000, mte error: 0, aic cond: 0.
The extend info: errcode:(0) errorStr: timeout or trap error. subErrType: 0x4.
For details, see the troubleshooting document on the Ascend official website. Search for the keyword "AI Core Error".
[INFO] GE(3904,m23_gdn_prefill_j12):2026-09-27-11:35:06.453.742 [error_manager.cc:399]3929 ReportInterErrMessage:report error_message, error_code:EZ9999, work_stream_id:390403929, error_mode:0
[ERROR] RUNTIME(3904,m23_gdn_prefill_j12):2026-09-27-11:35:06.453.746 [device_error_proc_c.cc:661]3929 AddExceptionRegInfo:add error register: core_id=6, stream_id=61, task_sn=3
[ERROR] RUNTIME(3904,m23_gdn_prefill_j12):2026-09-27-11:35:06.453.749 [device_error_proc_c.cc:716]3929 ProcessDavidStarsCoreErrorInfo:The error from device(chipId:0, dieId:0), serial number is 1247, there is an aivec error exception, core id is 6, error code = 0, dump info: pc start: 0x120041000a00, current: 0x120041001490, sc error info: 0xffffffffffff, su error info: 0x96ffa7b12aea334c,0xc00000584800fbfb, mte error info: 0x8509080000020043, vec error info: 0x410062180031126e, cube error info: 0, l1 error info: 0, aic error mask: 0x395856, para base: 0x120000200000, mte error: 0, aic cond: 0.
The extend info: errcode:(0) errorStr: timeout or trap error. subErrType: 0x4.
For details, see the troubleshooting document on the Ascend official website. Search for the keyword "AI Core Error".
[INFO] GE(3904,m23_gdn_prefill_j12):2026-09-27-11:35:06.453.757 [error_manager.cc:399]3929 ReportInterErrMessage:report error_message, error_code:EZ9999, work_stream_id:390403929, error_mode:0
[ERROR] RUNTIME(3904,m23_gdn_prefill_j12):2026-09-27-11:35:06.453.760 [device_error_proc_c.cc:661]3929 AddExceptionRegInfo:add error register: core_id=7, stream_id=61, task_sn=3
[ERROR] RUNTIME(3904,m23_gdn_prefill_j12):2026-09-27-11:35:06.453.763 [device_error_proc_c.cc:716]3929 ProcessDavidStarsCoreErrorInfo:The error from device(chipId:0, dieId:0), serial number is 1247, there is an aivec error exception, core id is 7, error code = 0, dump info: pc start: 0x120041000a00, current: 0x120041001490, sc error info: 0xffffffffffff, su error info: 0x95df5fbc193e334c,0xc0000058e000dfae, mte error info: 0x8509100000020043, vec error info: 0x410062180031126e, cube error info: 0, l1 error info: 0, aic error mask: 0x395856, para base: 0x120000200000, mte error: 0, aic cond: 0.
The extend info: errcode:(0) errorStr: timeout or trap error. subErrType: 0x4.
For details, see the troubleshooting document on the Ascend official website. Search for the keyword "AI Core Error".
[INFO] GE(3904,m23_gdn_prefill_j12):2026-09-27-11:35:06.453.770 [error_manager.cc:399]3929 ReportInterErrMessage:report error_message, error_code:EZ9999, work_stream_id:390403929, error_mode:0
[ERROR] RUNTIME(3904,m23_gdn_prefill_j12):2026-09-27-11:35:06.453.774 [device_error_proc_c.cc:661]3929 AddExceptionRegInfo:add error register: core_id=8, stream_id=61, task_sn=3
[ERROR] RUNTIME(3904,m23_gdn_prefill_j12):2026-09-27-11:35:06.453.777 [device_error_proc_c.cc:716]3929 ProcessDavidStarsCoreErrorInfo:The error from device(chipId:0, dieId:0), serial number is 1247, there is an aivec error exception, core id is 8, error code = 0, dump info: pc start: 0x120041000a00, current: 0x120041001490, sc error info: 0xffffffffffff, su error info: 0xf797b3ef2bdc334c,0xc000005868003f74, mte error info: 0x8509187000020043, vec error info: 0x410062180031126e, cube error info: 0, l1 error info: 0, aic error mask: 0x395856, para base: 0x120000200000, mte error: 0, aic cond: 0.
The extend info: errcode:(0) errorStr: timeout or trap error. subErrType: 0x4.
For details, see the troubleshooting document on the Ascend official website. Search for the keyword "AI Core Error".
[INFO] GE(3904,m23_gdn_prefill_j12):2026-09-27-11:35:06.453.785 [error_manager.cc:399]3929 ReportInterErrMessage:report error_message, error_code:EZ9999, work_stream_id:390403929, error_mode:0
[ERROR] RUNTIME(3904,m23_gdn_prefill_j12):2026-09-27-11:35:06.453.789 [device_error_proc_c.cc:661]3929 AddExceptionRegInfo:add error register: core_id=9, stream_id=61, task_sn=3
[ERROR] RUNTIME(3904,m23_gdn_prefill_j12):2026-09-27-11:35:06.453.792 [device_error_proc_c.cc:716]3929 ProcessDavidStarsCoreErrorInfo:The error from device(chipId:0, dieId:0), serial number is 1247, there is an aivec error exception, core id is 9, error code = 0, dump info: pc start: 0x120041000a00, current: 0x120041001490, sc error info: 0xffffffffffff, su error info: 0x7ef7f6ec35be334c,0xc00000587800fdfe, mte error info: 0x8509200000020043, vec error info: 0x410062180031126e, cube error info: 0, l1 error info: 0, aic error mask: 0x395856, para base: 0x120000200000, mte error: 0, aic cond: 0.
The extend info: errcode:(0) errorStr: timeout or trap error. subErrType: 0x4.
For details, see the troubleshooting document on the Ascend official website. Search for the keyword "AI Core Error".
[INFO] GE(3904,m23_gdn_prefill_j12):2026-09-27-11:35:06.453.800 [error_manager.cc:399]3929 ReportInterErrMessage:report error_message, error_code:EZ9999, work_stream_id:390403929, error_mode:0
[ERROR] RUNTIME(3904,m23_gdn_prefill_j12):2026-09-27-11:35:06.453.803 [device_error_proc_c.cc:661]3929 AddExceptionRegInfo:add error register: core_id=10, stream_id=61, task_sn=3
[ERROR] RUNTIME(3904,m23_gdn_prefill_j12):2026-09-27-11:35:06.453.806 [device_error_proc_c.cc:716]3929 ProcessDavidStarsCoreErrorInfo:The error from device(chipId:0, dieId:0), serial number is 1247, there is an aivec error exception, core id is 10, error code = 0, dump info: pc start: 0x120041000a00, current: 0x120041001490, sc error info: 0xffffffffffff, su error info: 0xffd7a3d02af8334c,0xc0000058c800bfae, mte error info: 0x8509281000020043, vec error info: 0x410062180031126e, cube error info: 0, l1 error info: 0, aic error mask: 0x395856, para base: 0x120000200000, mte error: 0, aic cond: 0.
The extend info: errcode:(0) errorStr: timeout or trap error. subErrType: 0x4.
For details, see the troubleshooting document on the Ascend official website. Search for the keyword "AI Core Error".
[INFO] GE(3904,m23_gdn_prefill_j12):2026-09-27-11:35:06.453.814 [error_manager.cc:399]3929 ReportInterErrMessage:report error_message, error_code:EZ9999, work_stream_id:390403929, error_mode:0
[ERROR] RUNTIME(3904,m23_gdn_prefill_j12):2026-09-27-11:35:06.453.817 [device_error_proc_c.cc:661]3929 AddExceptionRegInfo:add error register: core_id=11, stream_id=61, task_sn=3
[ERROR] RUNTIME(3904,m23_gdn_prefill_j12):2026-09-27-11:35:06.453.820 [device_error_proc_c.cc:716]3929 ProcessDavidStarsCoreErrorInfo:The error from device(chipId:0, dieId:0), serial number is 1247, there is an aivec error exception, core id is 11, error code = 0, dump info: pc start: 0x120041000a00, current: 0x120041001490, sc error info: 0xffffffffffff, su error info: 0xc4fffffd01fe334c,0xc0000058f00026fb, mte error info: 0x8509300000020043, vec error info: 0x410062180031126e, cube error info: 0, l1 error info: 0, aic error mask: 0x395856, para base: 0x120000200000, mte error: 0, aic cond: 0.
The extend info: errcode:(0) errorStr: timeout or trap error. subErrType: 0x4.
For details, see the troubleshooting document on the Ascend official website. Search for the keyword "AI Core Error".
[INFO] GE(3904,m23_gdn_prefill_j12):2026-09-27-11:35:06.453.828 [error_manager.cc:399]3929 ReportInterErrMessage:report error_message, error_code:EZ9999, work_stream_id:390403929, error_mode:0
[ERROR] RUNTIME(3904,m23_gdn_prefill_j12):2026-09-27-11:35:06.453.832 [device_error_proc_c.cc:661]3929 AddExceptionRegInfo:add error register: core_id=12, stream_id=61, task_sn=3
[ERROR] RUNTIME(3904,m23_gdn_prefill_j12):2026-09-27-11:35:06.453.835 [device_error_proc_c.cc:716]3929 ProcessDavidStarsCoreErrorInfo:The error from device(chipId:0, dieId:0), serial number is 1247, there is an aivec error exception, core id is 12, error code = 0, dump info: pc start: 0x120041000a00, current: 0x120041001490, sc error info: 0xffffffffffff, su error info: 0x7f1ca5a5328e334c,0xc0000058c8004b70, mte error info: 0x8509380000020043, vec error info: 0x410062180031126e, cube error info: 0, l1 error info: 0, aic error mask: 0x395856, para base: 0x120000200000, mte error: 0, aic cond: 0.
The extend info: errcode:(0) errorStr: timeout or trap error. subErrType: 0x4.
For details, see the troubleshooting document on the Ascend official website. Search for the keyword "AI Core Error".
[INFO] GE(3904,m23_gdn_prefill_j12):2026-09-27-11:35:06.453.842 [error_manager.cc:399]3929 ReportInterErrMessage:report error_message, error_code:EZ9999, work_stream_id:390403929, error_mode:0
[ERROR] RUNTIME(3904,m23_gdn_prefill_j12):2026-09-27-11:35:06.453.846 [device_error_proc_c.cc:661]3929 AddExceptionRegInfo:add error register: core_id=13, stream_id=61, task_sn=3
[ERROR] RUNTIME(3904,m23_gdn_prefill_j12):2026-09-27-11:35:06.453.849 [device_error_proc_c.cc:716]3929 ProcessDavidStarsCoreErrorInfo:The error from device(chipId:0, dieId:0), serial number is 1247, there is an aivec error exception, core id is 13, error code = 0, dump info: pc start: 0x120041000a00, current: 0x120041001490, sc error info: 0xffffffffffff, su error info: 0xa3777bf919fc334c,0xc00000582000bdff, mte error info: 0x8509400000020043, vec error info: 0x410062180031126e, cube error info: 0, l1 error info: 0, aic error mask: 0x395856, para base: 0x120000200000, mte error: 0, aic cond: 0.
The extend info: errcode:(0) errorStr: timeout or trap error. subErrType: 0x4.
For details, see the troubleshooting document on the Ascend official website. Search for the keyword "AI Core Error".
[INFO] GE(3904,m23_gdn_prefill_j12):2026-09-27-11:35:06.453.856 [error_manager.cc:399]3929 ReportInterErrMessage:report error_message, error_code:EZ9999, work_stream_id:390403929, error_mode:0
[ERROR] RUNTIME(3904,m23_gdn_prefill_j12):2026-09-27-11:35:06.453.860 [device_error_proc_c.cc:661]3929 AddExceptionRegInfo:add error register: core_id=14, stream_id=61, task_sn=3
[ERROR] RUNTIME(3904,m23_gdn_prefill_j12):2026-09-27-11:35:06.453.863 [device_error_proc_c.cc:716]3929 ProcessDavidStarsCoreErrorInfo:The error from device(chipId:0, dieId:0), serial number is 1247, there is an aivec error exception, core id is 14, error code = 0, dump info: pc start: 0x120041000a00, current: 0x120041001490, sc error info: 0xffffffffffff, su error info: 0xc64f375f2f0c334c,0x81efff7fc800843e, mte error info: 0x8509480000020043, vec error info: 0x410062180031126e, cube error info: 0, l1 error info: 0, aic error mask: 0x395856, para base: 0x120000200000, mte error: 0, aic cond: 0.
The extend info: errcode:(0) errorStr: timeout or trap error. subErrType: 0x4.
For details, see the troubleshooting document on the Ascend official website. Search for the keyword "AI Core Error".
[INFO] GE(3904,m23_gdn_prefill_j12):2026-09-27-11:35:06.453.870 [error_manager.cc:399]3929 ReportInterErrMessage:report error_message, error_code:EZ9999, work_stream_id:390403929, error_mode:0
[ERROR] RUNTIME(3904,m23_gdn_prefill_j12):2026-09-27-11:35:06.453.874 [device_error_proc_c.cc:661]3929 AddExceptionRegInfo:add error register: core_id=15, stream_id=61, task_sn=3
[ERROR] RUNTIME(3904,m23_gdn_prefill_j12):2026-09-27-11:35:06.453.877 [device_error_proc_c.cc:716]3929 ProcessDavidStarsCoreErrorInfo:The error from device(chipId:0, dieId:0), serial number is 1247, there is an aivec error exception, core id is 15, error code = 0, dump info: pc start: 0x120041000a00, current: 0x120041001490, sc error info: 0xffffffffffff, su error info: 0x34fffbfe3a2c334c,0xdbfd67df0000ddfe, mte error info: 0x8509500000020043, vec error info: 0x410062180031126e, cube error info: 0, l1 error info: 0, aic error mask: 0x395856, para base: 0x120000200000, mte error: 0, aic cond: 0.
The extend info: errcode:(0) errorStr: timeout or trap error. subErrType: 0x4.
For details, see the troubleshooting document on the Ascend official website. Search for the keyword "AI Core Error".
[INFO] GE(3904,m23_gdn_prefill_j12):2026-09-27-11:35:06.453.884 [error_manager.cc:399]3929 ReportInterErrMessage:report error_message, error_code:EZ9999, work_stream_id:390403929, error_mode:0
[ERROR] RUNTIME(3904,m23_gdn_prefill_j12):2026-09-27-11:35:06.453.888 [device_error_proc_c.cc:661]3929 AddExceptionRegInfo:add error register: core_id=16, stream_id=61, task_sn=3
[ERROR] RUNTIME(3904,m23_gdn_prefill_j12):2026-09-27-11:35:06.453.891 [device_error_proc_c.cc:716]3929 ProcessDavidStarsCoreErrorInfo:The error from device(chipId:0, dieId:0), serial number is 1247, there is an aivec error exception, core id is 16, error code = 0, dump info: pc start: 0x120041000a00, current: 0x1200410015bc, sc error info: 0xffffffffffff, su error info: 0xbfce6ff529fc334c,0x147cf7732800fa3f, mte error info: 0x8509581000020043, vec error info: 0x410062180031126e, cube error info: 0, l1 error info: 0, aic error mask: 0x395856, para base: 0x120000200000, mte error: 0, aic cond: 0.
The extend info: errcode:(0) errorStr: timeout or trap error. subErrType: 0x4.
For details, see the troubleshooting document on the Ascend official website. Search for the keyword "AI Core Error".
[INFO] GE(3904,m23_gdn_prefill_j12):2026-09-27-11:35:06.453.899 [error_manager.cc:399]3929 ReportInterErrMessage:report error_message, error_code:EZ9999, work_stream_id:390403929, error_mode:0
[ERROR] RUNTIME(3904,m23_gdn_prefill_j12):2026-09-27-11:35:06.453.902 [device_error_proc_c.cc:661]3929 AddExceptionRegInfo:add error register: core_id=17, stream_id=61, task_sn=3
[ERROR] RUNTIME(3904,m23_gdn_prefill_j12):2026-09-27-11:35:06.453.906 [device_error_proc_c.cc:716]3929 ProcessDavidStarsCoreErrorInfo:The error from device(chipId:0, dieId:0), serial number is 1247, there is an aivec error exception, core id is 17, error code = 0, dump info: pc start: 0x120041000a00, current: 0x1200410015bc, sc error info: 0xffffffffffff, su error info: 0x6fffbfff3938334c,0xbdfcc9e8f800fd7f, mte error info: 0x8509600000020043, vec error info: 0x410062180031126e, cube error info: 0, l1 error info: 0, aic error mask: 0x395856, para base: 0x120000200000, mte error: 0, aic cond: 0.
The extend info: errcode:(0) errorStr: timeout or trap error. subErrType: 0x4.
For details, see the troubleshooting document on the Ascend official website. Search for the keyword "AI Core Error".
[INFO] GE(3904,m23_gdn_prefill_j12):2026-09-27-11:35:06.453.913 [error_manager.cc:399]3929 ReportInterErrMessage:report error_message, error_code:EZ9999, work_stream_id:390403929, error_mode:0
[ERROR] RUNTIME(3904,m23_gdn_prefill_j12):2026-09-27-11:35:06.453.917 [device_error_proc_c.cc:661]3929 AddExceptionRegInfo:add error register: core_id=18, stream_id=61, task_sn=3
[ERROR] RUNTIME(3904,m23_gdn_prefill_j12):2026-09-27-11:35:06.453.920 [device_error_proc_c.cc:716]3929 ProcessDavidStarsCoreErrorInfo:The error from device(chipId:0, dieId:0), serial number is 1247, there is an aivec error exception, core id is 18, error code = 0, dump info: pc start: 0x120041000a00, current: 0x120041001490, sc error info: 0xffffffffffff, su error info: 0xdba3fa9c23e0334c,0xf87fe5fc7800bf28, mte error info: 0x8509684000020043, vec error info: 0x410062180031126e, cube error info: 0, l1 error info: 0, aic error mask: 0x395856, para base: 0x120000200000, mte error: 0, aic cond: 0.
The extend info: errcode:(0) errorStr: timeout or trap error. subErrType: 0x4.
For details, see the troubleshooting document on the Ascend official website. Search for the keyword "AI Core Error".
[INFO] GE(3904,m23_gdn_prefill_j12):2026-09-27-11:35:06.453.927 [error_manager.cc:399]3929 ReportInterErrMessage:report error_message, error_code:EZ9999, work_stream_id:390403929, error_mode:0
[ERROR] RUNTIME(3904,m23_gdn_prefill_j12):2026-09-27-11:35:06.453.931 [device_error_proc_c.cc:661]3929 AddExceptionRegInfo:add error register: core_id=19, stream_id=61, task_sn=3
[ERROR] RUNTIME(3904,m23_gdn_prefill_j12):2026-09-27-11:35:06.453.934 [device_error_proc_c.cc:716]3929 ProcessDavidStarsCoreErrorInfo:The error from device(chipId:0, dieId:0), serial number is 1247, there is an aivec error exception, core id is 19, error code = 0, dump info: pc start: 0x120041000a00, current: 0x120041001490, sc error info: 0xffffffffffff, su error info: 0xf66fdbb805b8334c,0xab276a1e2000dddb, mte error info: 0x8509700000020043, vec error info: 0x410062180031126e, cube error info: 0, l1 error info: 0, aic error mask: 0x395856, para base: 0x120000200000, mte error: 0, aic cond: 0.
The extend info: errcode:(0) errorStr: timeout or trap error. subErrType: 0x4.
For details, see the troubleshooting document on the Ascend official website. Search for the keyword "AI Core Error".
[INFO] GE(3904,m23_gdn_prefill_j12):2026-09-27-11:35:06.453.942 [error_manager.cc:399]3929 ReportInterErrMessage:report error_message, error_code:EZ9999, work_stream_id:390403929, error_mode:0
[ERROR] RUNTIME(3904,m23_gdn_prefill_j12):2026-09-27-11:35:06.453.945 [device_error_proc_c.cc:661]3929 AddExceptionRegInfo:add error register: core_id=24, stream_id=61, task_sn=3
[ERROR] RUNTIME(3904,m23_gdn_prefill_j12):2026-09-27-11:35:06.453.948 [device_error_proc_c.cc:716]3929 ProcessDavidStarsCoreErrorInfo:The error from device(chipId:0, dieId:0), serial number is 1247, there is an aivec error exception, core id is 24, error code = 0, dump info: pc start: 0x120041000a00, current: 0x120041001490, sc error info: 0xffffffffffff, su error info: 0xfdf78fab1d7c334c,0x5c56f3ddf8004ff0, mte error info: 0x8509780000020043, vec error info: 0x410062180031126e, cube error info: 0, l1 error info: 0, aic error mask: 0x395856, para base: 0x120000200000, mte error: 0, aic cond: 0.
The extend info: errcode:(0) errorStr: timeout or trap error. subErrType: 0x4.
For details, see the troubleshooting document on the Ascend official website. Search for the keyword "AI Core Error".
[INFO] GE(3904,m23_gdn_prefill_j12):2026-09-27-11:35:06.453.956 [error_manager.cc:399]3929 ReportInterErrMessage:report error_message, error_code:EZ9999, work_stream_id:390403929, error_mode:0
[ERROR] RUNTIME(3904,m23_gdn_prefill_j12):2026-09-27-11:35:06.453.959 [device_error_proc_c.cc:661]3929 AddExceptionRegInfo:add error register: core_id=25, stream_id=61, task_sn=3
[ERROR] RUNTIME(3904,m23_gdn_prefill_j12):2026-09-27-11:35:06.453.962 [device_error_proc_c.cc:716]3929 ProcessDavidStarsCoreErrorInfo:The error from device(chipId:0, dieId:0), serial number is 1247, there is an aivec error exception, core id is 25, error code = 0, dump info: pc start: 0x120041000a00, current: 0x120041001490, sc error info: 0xffffffffffff, su error info: 0x7a9daffc3bba334c,0x65d05736b8001774, mte error info: 0x8509801000020043, vec error info: 0x410062180031126e, cube error info: 0, l1 error info: 0, aic error mask: 0x395856, para base: 0x120000200000, mte error: 0, aic cond: 0.
The extend info: errcode:(0) errorStr: timeout or trap error. subErrType: 0x4.
For details, see the troubleshooting document on the Ascend official website. Search for the keyword "AI Core Error".
[INFO] GE(3904,m23_gdn_prefill_j12):2026-09-27-11:35:06.453.970 [error_manager.cc:399]3929 ReportInterErrMessage:report error_message, error_code:EZ9999, work_stream_id:390403929, error_mode:0
[ERROR] RUNTIME(3904,m23_gdn_prefill_j12):2026-09-27-11:35:06.453.973 [device_error_proc_c.cc:661]3929 AddExceptionRegInfo:add error register: core_id=26, stream_id=61, task_sn=3
[ERROR] RUNTIME(3904,m23_gdn_prefill_j12):2026-09-27-11:35:06.453.976 [device_error_proc_c.cc:716]3929 ProcessDavidStarsCoreErrorInfo:The error from device(chipId:0, dieId:0), serial number is 1247, there is an aivec error exception, core id is 26, error code = 0, dump info: pc start: 0x120041000a00, current: 0x120041001490, sc error info: 0xffffffffffff, su error info: 0xf9aab8ee3bba334c,0x7dfff759c000f6db, mte error info: 0x8509880000020043, vec error info: 0x410062180031126e, cube error info: 0, l1 error info: 0, aic error mask: 0x395856, para base: 0x120000200000, mte error: 0, aic cond: 0.
The extend info: errcode:(0) errorStr: timeout or trap error. subErrType: 0x4.
For details, see the troubleshooting document on the Ascend official website. Search for the keyword "AI Core Error".
[INFO] GE(3904,m23_gdn_prefill_j12):2026-09-27-11:35:06.453.984 [error_manager.cc:399]3929 ReportInterErrMessage:report error_message, error_code:EZ9999, work_stream_id:390403929, error_mode:0
[ERROR] RUNTIME(3904,m23_gdn_prefill_j12):2026-09-27-11:35:06.453.988 [device_error_proc_c.cc:661]3929 AddExceptionRegInfo:add error register: core_id=27, stream_id=61, task_sn=3
[ERROR] RUNTIME(3904,m23_gdn_prefill_j12):2026-09-27-11:35:06.453.991 [device_error_proc_c.cc:716]3929 ProcessDavidStarsCoreErrorInfo:The error from device(chipId:0, dieId:0), serial number is 1247, there is an aivec error exception, core id is 27, error code = 0, dump info: pc start: 0x120041000a00, current: 0x120041001490, sc error info: 0xffffffffffff, su error info: 0xfffbff1c3478334c,0x2174cd067000977f, mte error info: 0x8509901000020043, vec error info: 0x410062180031126e, cube error info: 0, l1 error info: 0, aic error mask: 0x395856, para base: 0x120000200000, mte error: 0, aic cond: 0.
The extend info: errcode:(0) errorStr: timeout or trap error. subErrType: 0x4.
For details, see the troubleshooting document on the Ascend official website. Search for the keyword "AI Core Error".
[INFO] GE(3904,m23_gdn_prefill_j12):2026-09-27-11:35:06.453.998 [error_manager.cc:399]3929 ReportInterErrMessage:report error_message, error_code:EZ9999, work_stream_id:390403929, error_mode:0
[ERROR] RUNTIME(3904,m23_gdn_prefill_j12):2026-09-27-11:35:06.454.001 [device_error_proc_c.cc:661]3929 AddExceptionRegInfo:add error register: core_id=28, stream_id=61, task_sn=3
[ERROR] RUNTIME(3904,m23_gdn_prefill_j12):2026-09-27-11:35:06.454.005 [device_error_proc_c.cc:716]3929 ProcessDavidStarsCoreErrorInfo:The error from device(chipId:0, dieId:0), serial number is 1247, there is an aivec error exception, core id is 28, error code = 0, dump info: pc start: 0x120041000a00, current: 0x120041001490, sc error info: 0xffffffffffff, su error info: 0xbfffb7fc203e33e4,0x9dfce95cf000defe, mte error info: 0x8509980000020043, vec error info: 0x410062180031126e, cube error info: 0, l1 error info: 0, aic error mask: 0x395856, para base: 0x120000200000, mte error: 0, aic cond: 0.
The extend info: errcode:(0) errorStr: timeout or trap error. subErrType: 0x4.
For details, see the troubleshooting document on the Ascend official website. Search for the keyword "AI Core Error".
[INFO] GE(3904,m23_gdn_prefill_j12):2026-09-27-11:35:06.454.013 [error_manager.cc:399]3929 ReportInterErrMessage:report error_message, error_code:EZ9999, work_stream_id:390403929, error_mode:0
[ERROR] RUNTIME(3904,m23_gdn_prefill_j12):2026-09-27-11:35:06.454.016 [device_error_proc_c.cc:661]3929 AddExceptionRegInfo:add error register: core_id=29, stream_id=61, task_sn=3
[ERROR] RUNTIME(3904,m23_gdn_prefill_j12):2026-09-27-11:35:06.454.019 [device_error_proc_c.cc:716]3929 ProcessDavidStarsCoreErrorInfo:The error from device(chipId:0, dieId:0), serial number is 1247, there is an aivec error exception, core id is 29, error code = 0, dump info: pc start: 0x120041000a00, current: 0x120041001490, sc error info: 0xffffffffffff, su error info: 0xaebe3f1d3ffc33e4,0x959076d97800dfda, mte error info: 0x8509a02000020043, vec error info: 0x410062180031126e, cube error info: 0, l1 error info: 0, aic error mask: 0x395856, para base: 0x120000200000, mte error: 0, aic cond: 0.
The extend info: errcode:(0) errorStr: timeout or trap error. subErrType: 0x4.
For details, see the troubleshooting document on the Ascend official website. Search for the keyword "AI Core Error".
[INFO] GE(3904,m23_gdn_prefill_j12):2026-09-27-11:35:06.454.027 [error_manager.cc:399]3929 ReportInterErrMessage:report error_message, error_code:EZ9999, work_stream_id:390403929, error_mode:0
[ERROR] RUNTIME(3904,m23_gdn_prefill_j12):2026-09-27-11:35:06.454.030 [device_error_proc_c.cc:661]3929 AddExceptionRegInfo:add error register: core_id=30, stream_id=61, task_sn=3
[ERROR] RUNTIME(3904,m23_gdn_prefill_j12):2026-09-27-11:35:06.454.033 [device_error_proc_c.cc:716]3929 ProcessDavidStarsCoreErrorInfo:The error from device(chipId:0, dieId:0), serial number is 1247, there is an aivec error exception, core id is 30, error code = 0, dump info: pc start: 0x120041000a00, current: 0x120041001490, sc error info: 0xffffffffffff, su error info: 0x2ffaf1ec33fe33e4,0xeeb5f7fad800df9e, mte error info: 0x8509a80000020043, vec error info: 0x410062180031126e, cube error info: 0, l1 error info: 0, aic error mask: 0x395856, para base: 0x120000200000, mte error: 0, aic cond: 0.
The extend info: errcode:(0) errorStr: timeout or trap error. subErrType: 0x4.
For details, see the troubleshooting document on the Ascend official website. Search for the keyword "AI Core Error".
[INFO] GE(3904,m23_gdn_prefill_j12):2026-09-27-11:35:06.454.040 [error_manager.cc:399]3929 ReportInterErrMessage:report error_message, error_code:EZ9999, work_stream_id:390403929, error_mode:0
[ERROR] RUNTIME(3904,m23_gdn_prefill_j12):2026-09-27-11:35:06.454.044 [device_error_proc_c.cc:661]3929 AddExceptionRegInfo:add error register: core_id=31, stream_id=61, task_sn=3
[ERROR] RUNTIME(3904,m23_gdn_prefill_j12):2026-09-27-11:35:06.454.047 [device_error_proc_c.cc:716]3929 ProcessDavidStarsCoreErrorInfo:The error from device(chipId:0, dieId:0), serial number is 1247, there is an aivec error exception, core id is 31, error code = 0, dump info: pc start: 0x120041000a00, current: 0x120041001490, sc error info: 0xffffffffffff, su error info: 0xaeefefad2ffa3484,0x77f77f76e8001fff, mte error info: 0x8509b00000020043, vec error info: 0x410062180031126e, cube error info: 0, l1 error info: 0, aic error mask: 0x395856, para base: 0x120000200000, mte error: 0, aic cond: 0.
The extend info: errcode:(0) errorStr: timeout or trap error. subErrType: 0x4.
For details, see the troubleshooting document on the Ascend official website. Search for the keyword "AI Core Error".
[INFO] GE(3904,m23_gdn_prefill_j12):2026-09-27-11:35:06.454.055 [error_manager.cc:399]3929 ReportInterErrMessage:report error_message, error_code:EZ9999, work_stream_id:390403929, error_mode:0
[ERROR] RUNTIME(3904,m23_gdn_prefill_j12):2026-09-27-11:35:06.454.058 [device_error_proc_c.cc:661]3929 AddExceptionRegInfo:add error register: core_id=36, stream_id=61, task_sn=3
[ERROR] RUNTIME(3904,m23_gdn_prefill_j12):2026-09-27-11:35:06.454.061 [device_error_proc_c.cc:716]3929 ProcessDavidStarsCoreErrorInfo:The error from device(chipId:0, dieId:0), serial number is 1247, there is an aivec error exception, core id is 36, error code = 0, dump info: pc start: 0x120041000a00, current: 0x1200410015bc, sc error info: 0xffffffffffff, su error info: 0xbf5f7fe72bdc3484,0xc00000580800f58e, mte error info: 0x8509b80000020043, vec error info: 0x410062180031126e, cube error info: 0, l1 error info: 0, aic error mask: 0x395856, para base: 0x120000200000, mte error: 0, aic cond: 0.
The extend info: errcode:(0) errorStr: timeout or trap error. subErrType: 0x4.
For details, see the troubleshooting document on the Ascend official website. Search for the keyword "AI Core Error".
[INFO] GE(3904,m23_gdn_prefill_j12):2026-09-27-11:35:06.454.069 [error_manager.cc:399]3929 ReportInterErrMessage:report error_message, error_code:EZ9999, work_stream_id:390403929, error_mode:0
[ERROR] RUNTIME(3904,m23_gdn_prefill_j12):2026-09-27-11:35:06.454.072 [device_error_proc_c.cc:661]3929 AddExceptionRegInfo:add error register: core_id=37, stream_id=61, task_sn=3
[ERROR] RUNTIME(3904,m23_gdn_prefill_j12):2026-09-27-11:35:06.454.075 [device_error_proc_c.cc:716]3929 ProcessDavidStarsCoreErrorInfo:The error from device(chipId:0, dieId:0), serial number is 1247, there is an aivec error exception, core id is 37, error code = 0, dump info: pc start: 0x120041000a00, current: 0x1200410015bc, sc error info: 0xffffffffffff, su error info: 0xf27c777c16883484,0xc0000058b0006ff9, mte error info: 0x8509c00000020043, vec error info: 0x410062180031126e, cube error info: 0, l1 error info: 0, aic error mask: 0x395856, para base: 0x120000200000, mte error: 0, aic cond: 0.
The extend info: errcode:(0) errorStr: timeout or trap error. subErrType: 0x4.
For details, see the troubleshooting document on the Ascend official website. Search for the keyword "AI Core Error".
[INFO] GE(3904,m23_gdn_prefill_j12):2026-09-27-11:35:06.454.083 [error_manager.cc:399]3929 ReportInterErrMessage:report error_message, error_code:EZ9999, work_stream_id:390403929, error_mode:0
[ERROR] RUNTIME(3904,m23_gdn_prefill_j12):2026-09-27-11:35:06.454.086 [device_error_proc_c.cc:661]3929 AddExceptionRegInfo:add error register: core_id=38, stream_id=61, task_sn=3
[ERROR] RUNTIME(3904,m23_gdn_prefill_j12):2026-09-27-11:35:06.454.089 [device_error_proc_c.cc:716]3929 ProcessDavidStarsCoreErrorInfo:The error from device(chipId:0, dieId:0), serial number is 1247, there is an aivec error exception, core id is 38, error code = 0, dump info: pc start: 0x120041000a00, current: 0x120041001490, sc error info: 0xffffffffffff, su error info: 0xfcd7dff73bfa3484,0xc0000058c000ff0f, mte error info: 0x8509c80000020043, vec error info: 0x410062180031126e, cube error info: 0, l1 error info: 0, aic error mask: 0x395856, para base: 0x120000200000, mte error: 0, aic cond: 0.
The extend info: errcode:(0) errorStr: timeout or trap error. subErrType: 0x4.
For details, see the troubleshooting document on the Ascend official website. Search for the keyword "AI Core Error".
[INFO] GE(3904,m23_gdn_prefill_j12):2026-09-27-11:35:06.454.097 [error_manager.cc:399]3929 ReportInterErrMessage:report error_message, error_code:EZ9999, work_stream_id:390403929, error_mode:0
[ERROR] RUNTIME(3904,m23_gdn_prefill_j12):2026-09-27-11:35:06.454.100 [device_error_proc_c.cc:661]3929 AddExceptionRegInfo:add error register: core_id=39, stream_id=61, task_sn=3
[ERROR] RUNTIME(3904,m23_gdn_prefill_j12):2026-09-27-11:35:06.454.104 [device_error_proc_c.cc:716]3929 ProcessDavidStarsCoreErrorInfo:The error from device(chipId:0, dieId:0), serial number is 1247, there is an aivec error exception, core id is 39, error code = 0, dump info: pc start: 0x120041000a00, current: 0x120041001490, sc error info: 0xffffffffffff, su error info: 0xfe7f6f65112834fa,0xc00000587000bf7e, mte error info: 0x8509d00000020043, vec error info: 0x410062180031126e, cube error info: 0, l1 error info: 0, aic error mask: 0x395856, para base: 0x120000200000, mte error: 0, aic cond: 0.
The extend info: errcode:(0) errorStr: timeout or trap error. subErrType: 0x4.
For details, see the troubleshooting document on the Ascend official website. Search for the keyword "AI Core Error".
[INFO] GE(3904,m23_gdn_prefill_j12):2026-09-27-11:35:06.454.111 [error_manager.cc:399]3929 ReportInterErrMessage:report error_message, error_code:EZ9999, work_stream_id:390403929, error_mode:0
[ERROR] RUNTIME(3904,m23_gdn_prefill_j12):2026-09-27-11:35:06.454.115 [device_error_proc_c.cc:661]3929 AddExceptionRegInfo:add error register: core_id=40, stream_id=61, task_sn=3
[ERROR] RUNTIME(3904,m23_gdn_prefill_j12):2026-09-27-11:35:06.454.118 [device_error_proc_c.cc:716]3929 ProcessDavidStarsCoreErrorInfo:The error from device(chipId:0, dieId:0), serial number is 1247, there is an aivec error exception, core id is 40, error code = 0, dump info: pc start: 0x120041000a00, current: 0x120041001490, sc error info: 0xffffffffffff, su error info: 0xbfdff3c70bfa01de,0xc0000058f800fffc, mte error info: 0x8509d81000020043, vec error info: 0x410062180031126e, cube error info: 0, l1 error info: 0, aic error mask: 0x395856, para base: 0x120000200000, mte error: 0, aic cond: 0.
The extend info: errcode:(0) errorStr: timeout or trap error. subErrType: 0x4.
For details, see the troubleshooting document on the Ascend official website. Search for the keyword "AI Core Error".
[INFO] GE(3904,m23_gdn_prefill_j12):2026-09-27-11:35:06.454.126 [error_manager.cc:399]3929 ReportInterErrMessage:report error_message, error_code:EZ9999, work_stream_id:390403929, error_mode:0
[ERROR] RUNTIME(3904,m23_gdn_prefill_j12):2026-09-27-11:35:06.454.130 [device_error_proc_c.cc:661]3929 AddExceptionRegInfo:add error register: core_id=41, stream_id=61, task_sn=3
[ERROR] RUNTIME(3904,m23_gdn_prefill_j12):2026-09-27-11:35:06.454.133 [device_error_proc_c.cc:716]3929 ProcessDavidStarsCoreErrorInfo:The error from device(chipId:0, dieId:0), serial number is 1247, there is an aivec error exception, core id is 41, error code = 0, dump info: pc start: 0x120041000a00, current: 0x120041001490, sc error info: 0xffffffffffff, su error info: 0xffef7eff3bf201de,0xc000005818005f69, mte error info: 0x8509e00000020043, vec error info: 0x410062180031126e, cube error info: 0, l1 error info: 0, aic error mask: 0x395856, para base: 0x120000200000, mte error: 0, aic cond: 0.
The extend info: errcode:(0) errorStr: timeout or trap error. subErrType: 0x4.
For details, see the troubleshooting document on the Ascend official website. Search for the keyword "AI Core Error".
[INFO] GE(3904,m23_gdn_prefill_j12):2026-09-27-11:35:06.454.140 [error_manager.cc:399]3929 ReportInterErrMessage:report error_message, error_code:EZ9999, work_stream_id:390403929, error_mode:0
[ERROR] RUNTIME(3904,m23_gdn_prefill_j12):2026-09-27-11:35:06.454.144 [device_error_proc_c.cc:661]3929 AddExceptionRegInfo:add error register: core_id=44, stream_id=61, task_sn=3
[ERROR] RUNTIME(3904,m23_gdn_prefill_j12):2026-09-27-11:35:06.454.147 [device_error_proc_c.cc:716]3929 ProcessDavidStarsCoreErrorInfo:The error from device(chipId:0, dieId:0), serial number is 1247, there is an aivec error exception, core id is 44, error code = 0, dump info: pc start: 0x120041000a00, current: 0x120041001490, sc error info: 0xffffffffffff, su error info: 0xbfd3dbc539ba01de,0xc0000058780076cb, mte error info: 0x8509e80000020043, vec error info: 0x410062180031126e, cube error info: 0, l1 error info: 0, aic error mask: 0x395856, para base: 0x120000200000, mte error: 0, aic cond: 0.
The extend info: errcode:(0) errorStr: timeout or trap error. subErrType: 0x4.
For details, see the troubleshooting document on the Ascend official website. Search for the keyword "AI Core Error".
[INFO] GE(3904,m23_gdn_prefill_j12):2026-09-27-11:35:06.454.154 [error_manager.cc:399]3929 ReportInterErrMessage:report error_message, error_code:EZ9999, work_stream_id:390403929, error_mode:0
[ERROR] RUNTIME(3904,m23_gdn_prefill_j12):2026-09-27-11:35:06.454.158 [device_error_proc_c.cc:661]3929 AddExceptionRegInfo:add error register: core_id=45, stream_id=61, task_sn=3
[ERROR] RUNTIME(3904,m23_gdn_prefill_j12):2026-09-27-11:35:06.454.161 [device_error_proc_c.cc:716]3929 ProcessDavidStarsCoreErrorInfo:The error from device(chipId:0, dieId:0), serial number is 1247, there is an aivec error exception, core id is 45, error code = 0, dump info: pc start: 0x120041000a00, current: 0x120041001490, sc error info: 0xffffffffffff, su error info: 0xf8de2bb52bea01de,0xc00000587800c9df, mte error info: 0x8509f00000020043, vec error info: 0x410062180031126e, cube error info: 0, l1 error info: 0, aic error mask: 0x395856, para base: 0x120000200000, mte error: 0, aic cond: 0.
The extend info: errcode:(0) errorStr: timeout or trap error. subErrType: 0x4.
For details, see the troubleshooting document on the Ascend official website. Search for the keyword "AI Core Error".
[INFO] GE(3904,m23_gdn_prefill_j12):2026-09-27-11:35:06.454.168 [error_manager.cc:399]3929 ReportInterErrMessage:report error_message, error_code:EZ9999, work_stream_id:390403929, error_mode:0
[ERROR] RUNTIME(3904,m23_gdn_prefill_j12):2026-09-27-11:35:06.454.172 [device_error_proc_c.cc:661]3929 AddExceptionRegInfo:add error register: core_id=46, stream_id=61, task_sn=3
[ERROR] RUNTIME(3904,m23_gdn_prefill_j12):2026-09-27-11:35:06.454.175 [device_error_proc_c.cc:716]3929 ProcessDavidStarsCoreErrorInfo:The error from device(chipId:0, dieId:0), serial number is 1247, there is an aivec error exception, core id is 46, error code = 0, dump info: pc start: 0x120041000a00, current: 0x1200410015bc, sc error info: 0xffffffffffff, su error info: 0xd792babf3ffc01de,0xc0000058f800fef3, mte error info: 0x8509f82000020043, vec error info: 0x410062180031126e, cube error info: 0, l1 error info: 0, aic error mask: 0x395856, para base: 0x120000200000, mte error: 0, aic cond: 0.
The extend info: errcode:(0) errorStr: timeout or trap error. subErrType: 0x4.
For details, see the troubleshooting document on the Ascend official website. Search for the keyword "AI Core Error".
[INFO] GE(3904,m23_gdn_prefill_j12):2026-09-27-11:35:06.454.183 [error_manager.cc:399]3929 ReportInterErrMessage:report error_message, error_code:EZ9999, work_stream_id:390403929, error_mode:0
[ERROR] RUNTIME(3904,m23_gdn_prefill_j12):2026-09-27-11:35:06.454.186 [device_error_proc_c.cc:661]3929 AddExceptionRegInfo:add error register: core_id=47, stream_id=61, task_sn=3
[ERROR] RUNTIME(3904,m23_gdn_prefill_j12):2026-09-27-11:35:06.454.190 [device_error_proc_c.cc:716]3929 ProcessDavidStarsCoreErrorInfo:The error from device(chipId:0, dieId:0), serial number is 1247, there is an aivec error exception, core id is 47, error code = 0, dump info: pc start: 0x120041000a00, current: 0x1200410015bc, sc error info: 0xffffffffffff, su error info: 0xd7fb579f392e01de,0xc0000058e000cbde, mte error info: 0x850a000000020043, vec error info: 0x410062180031126e, cube error info: 0, l1 error info: 0, aic error mask: 0x395856, para base: 0x120000200000, mte error: 0, aic cond: 0.
The extend info: errcode:(0) errorStr: timeout or trap error. subErrType: 0x4.
For details, see the troubleshooting document on the Ascend official website. Search for the keyword "AI Core Error".
[INFO] GE(3904,m23_gdn_prefill_j12):2026-09-27-11:35:06.454.197 [error_manager.cc:399]3929 ReportInterErrMessage:report error_message, error_code:EZ9999, work_stream_id:390403929, error_mode:0
[ERROR] RUNTIME(3904,m23_gdn_prefill_j12):2026-09-27-11:35:06.454.201 [device_error_proc_c.cc:661]3929 AddExceptionRegInfo:add error register: core_id=48, stream_id=61, task_sn=3
[ERROR] RUNTIME(3904,m23_gdn_prefill_j12):2026-09-27-11:35:06.454.204 [device_error_proc_c.cc:716]3929 ProcessDavidStarsCoreErrorInfo:The error from device(chipId:0, dieId:0), serial number is 1247, there is an aivec error exception, core id is 48, error code = 0, dump info: pc start: 0x120041000a00, current: 0x120041001490, sc error info: 0xffffffffffff, su error info: 0x7ffff5702fe601de,0xc0000058d800eeff, mte error info: 0x850a080000020043, vec error info: 0x410062180031126e, cube error info: 0, l1 error info: 0, aic error mask: 0x395856, para base: 0x120000200000, mte error: 0, aic cond: 0.
The extend info: errcode:(0) errorStr: timeout or trap error. subErrType: 0x4.
For details, see the troubleshooting document on the Ascend official website. Search for the keyword "AI Core Error".
[INFO] GE(3904,m23_gdn_prefill_j12):2026-09-27-11:35:06.454.212 [error_manager.cc:399]3929 ReportInterErrMessage:report error_message, error_code:EZ9999, work_stream_id:390403929, error_mode:0
[ERROR] RUNTIME(3904,m23_gdn_prefill_j12):2026-09-27-11:35:06.454.215 [device_error_proc_c.cc:661]3929 AddExceptionRegInfo:add error register: core_id=49, stream_id=61, task_sn=3
[ERROR] RUNTIME(3904,m23_gdn_prefill_j12):2026-09-27-11:35:06.454.218 [device_error_proc_c.cc:716]3929 ProcessDavidStarsCoreErrorInfo:The error from device(chipId:0, dieId:0), serial number is 1247, there is an aivec error exception, core id is 49, error code = 0, dump info: pc start: 0x120041000a00, current: 0x120041001490, sc error info: 0xffffffffffff, su error info: 0xff9b312e30da01de,0xc00000587000b957, mte error info: 0x850a103000020043, vec error info: 0x410062180031126e, cube error info: 0, l1 error info: 0, aic error mask: 0x395856, para base: 0x120000200000, mte error: 0, aic cond: 0.
The extend info: errcode:(0) errorStr: timeout or trap error. subErrType: 0x4.
For details, see the troubleshooting document on the Ascend official website. Search for the keyword "AI Core Error".
[INFO] GE(3904,m23_gdn_prefill_j12):2026-09-27-11:35:06.454.226 [error_manager.cc:399]3929 ReportInterErrMessage:report error_message, error_code:EZ9999, work_stream_id:390403929, error_mode:0
[ERROR] RUNTIME(3904,m23_gdn_prefill_j12):2026-09-27-11:35:06.454.230 [device_error_proc_c.cc:661]3929 AddExceptionRegInfo:add error register: core_id=50, stream_id=61, task_sn=3
[ERROR] RUNTIME(3904,m23_gdn_prefill_j12):2026-09-27-11:35:06.454.233 [device_error_proc_c.cc:716]3929 ProcessDavidStarsCoreErrorInfo:The error from device(chipId:0, dieId:0), serial number is 1247, there is an aivec error exception, core id is 50, error code = 0, dump info: pc start: 0x120041000a00, current: 0x120041001490, sc error info: 0xffffffffffff, su error info: 0x5aeaffff19bc01de,0xc0000058e000b8b2, mte error info: 0x850a180000020043, vec error info: 0x410062180031126e, cube error info: 0, l1 error info: 0, aic error mask: 0x395856, para base: 0x120000200000, mte error: 0, aic cond: 0.
The extend info: errcode:(0) errorStr: timeout or trap error. subErrType: 0x4.
For details, see the troubleshooting document on the Ascend official website. Search for the keyword "AI Core Error".
[INFO] GE(3904,m23_gdn_prefill_j12):2026-09-27-11:35:06.454.241 [error_manager.cc:399]3929 ReportInterErrMessage:report error_message, error_code:EZ9999, work_stream_id:390403929, error_mode:0
[ERROR] RUNTIME(3904,m23_gdn_prefill_j12):2026-09-27-11:35:06.454.245 [device_error_proc_c.cc:661]3929 AddExceptionRegInfo:add error register: core_id=51, stream_id=61, task_sn=3
[ERROR] RUNTIME(3904,m23_gdn_prefill_j12):2026-09-27-11:35:06.454.248 [device_error_proc_c.cc:716]3929 ProcessDavidStarsCoreErrorInfo:The error from device(chipId:0, dieId:0), serial number is 1247, there is an aivec error exception, core id is 51, error code = 0, dump info: pc start: 0x120041000a00, current: 0x120041001490, sc error info: 0xffffffffffff, su error info: 0x38f87e3a1c9c01de,0xc000005870005ffe, mte error info: 0x850a200000020043, vec error info: 0x410062180031126e, cube error info: 0, l1 error info: 0, aic error mask: 0x395856, para base: 0x120000200000, mte error: 0, aic cond: 0.
The extend info: errcode:(0) errorStr: timeout or trap error. subErrType: 0x4.
For details, see the troubleshooting document on the Ascend official website. Search for the keyword "AI Core Error".
[INFO] GE(3904,m23_gdn_prefill_j12):2026-09-27-11:35:06.454.256 [error_manager.cc:399]3929 ReportInterErrMessage:report error_message, error_code:EZ9999, work_stream_id:390403929, error_mode:0
[ERROR] RUNTIME(3904,m23_gdn_prefill_j12):2026-09-27-11:35:06.454.259 [device_error_proc_c.cc:661]3929 AddExceptionRegInfo:add error register: core_id=52, stream_id=61, task_sn=3
[ERROR] RUNTIME(3904,m23_gdn_prefill_j12):2026-09-27-11:35:06.454.262 [device_error_proc_c.cc:716]3929 ProcessDavidStarsCoreErrorInfo:The error from device(chipId:0, dieId:0), serial number is 1247, there is an aivec error exception, core id is 52, error code = 0, dump info: pc start: 0x120041000a00, current: 0x120041001490, sc error info: 0xffffffffffff, su error info: 0xe8f2ef6d2fb201de,0xe4eb70d17000fc4f, mte error info: 0x850a280000020043, vec error info: 0x410062180031126e, cube error info: 0, l1 error info: 0, aic error mask: 0x395856, para base: 0x120000200000, mte error: 0, aic cond: 0.
The extend info: errcode:(0) errorStr: timeout or trap error. subErrType: 0x4.
For details, see the troubleshooting document on the Ascend official website. Search for the keyword "AI Core Error".
[INFO] GE(3904,m23_gdn_prefill_j12):2026-09-27-11:35:06.454.270 [error_manager.cc:399]3929 ReportInterErrMessage:report error_message, error_code:EZ9999, work_stream_id:390403929, error_mode:0
[ERROR] RUNTIME(3904,m23_gdn_prefill_j12):2026-09-27-11:35:06.454.274 [device_error_proc_c.cc:661]3929 AddExceptionRegInfo:add error register: core_id=53, stream_id=61, task_sn=3
[ERROR] RUNTIME(3904,m23_gdn_prefill_j12):2026-09-27-11:35:06.454.277 [device_error_proc_c.cc:716]3929 ProcessDavidStarsCoreErrorInfo:The error from device(chipId:0, dieId:0), serial number is 1247, there is an aivec error exception, core id is 53, error code = 0, dump info: pc start: 0x120041000a00, current: 0x120041001490, sc error info: 0xffffffffffff, su error info: 0x6ef555e43bca01de,0x4ec06ae4f800ffdf, mte error info: 0x850a300000020043, vec error info: 0x410062180031126e, cube error info: 0, l1 error info: 0, aic error mask: 0x395856, para base: 0x120000200000, mte error: 0, aic cond: 0.
The extend info: errcode:(0) errorStr: timeout or trap error. subErrType: 0x4.
For details, see the troubleshooting document on the Ascend official website. Search for the keyword "AI Core Error".
[INFO] GE(3904,m23_gdn_prefill_j12):2026-09-27-11:35:06.454.285 [error_manager.cc:399]3929 ReportInterErrMessage:report error_message, error_code:EZ9999, work_stream_id:390403929, error_mode:0
[ERROR] RUNTIME(3904,m23_gdn_prefill_j12):2026-09-27-11:35:06.454.289 [device_error_proc_c.cc:661]3929 AddExceptionRegInfo:add error register: core_id=54, stream_id=61, task_sn=3
[ERROR] RUNTIME(3904,m23_gdn_prefill_j12):2026-09-27-11:35:06.454.292 [device_error_proc_c.cc:716]3929 ProcessDavidStarsCoreErrorInfo:The error from device(chipId:0, dieId:0), serial number is 1247, there is an aivec error exception, core id is 54, error code = 0, dump info: pc start: 0x120041000a00, current: 0x120041001490, sc error info: 0xffffffffffff, su error info: 0xdb3bfad639c401de,0x77fddd9fe8007ffc, mte error info: 0x850a380000020043, vec error info: 0x410062180031126e, cube error info: 0, l1 error info: 0, aic error mask: 0x395856, para base: 0x120000200000, mte error: 0, aic cond: 0.
The extend info: errcode:(0) errorStr: timeout or trap error. subErrType: 0x4.
For details, see the troubleshooting document on the Ascend official website. Search for the keyword "AI Core Error".
[INFO] GE(3904,m23_gdn_prefill_j12):2026-09-27-11:35:06.454.299 [error_manager.cc:399]3929 ReportInterErrMessage:report error_message, error_code:EZ9999, work_stream_id:390403929, error_mode:0
[ERROR] RUNTIME(3904,m23_gdn_prefill_j12):2026-09-27-11:35:06.454.303 [device_error_proc_c.cc:661]3929 AddExceptionRegInfo:add error register: core_id=55, stream_id=61, task_sn=3
[ERROR] RUNTIME(3904,m23_gdn_prefill_j12):2026-09-27-11:35:06.454.306 [device_error_proc_c.cc:716]3929 ProcessDavidStarsCoreErrorInfo:The error from device(chipId:0, dieId:0), serial number is 1247, there is an aivec error exception, core id is 55, error code = 0, dump info: pc start: 0x120041000a00, current: 0x120041001490, sc error info: 0xffffffffffff, su error info: 0x6d7edfbc3bfc01de,0xf1dfd6f7f000dfff, mte error info: 0x850a402000020043, vec error info: 0x410062180031126e, cube error info: 0, l1 error info: 0, aic error mask: 0x395856, para base: 0x120000200000, mte error: 0, aic cond: 0.
The extend info: errcode:(0) errorStr: timeout or trap error. subErrType: 0x4.
For details, see the troubleshooting document on the Ascend official website. Search for the keyword "AI Core Error".
[INFO] GE(3904,m23_gdn_prefill_j12):2026-09-27-11:35:06.454.313 [error_manager.cc:399]3929 ReportInterErrMessage:report error_message, error_code:EZ9999, work_stream_id:390403929, error_mode:0
[ERROR] RUNTIME(3904,m23_gdn_prefill_j12):2026-09-27-11:35:06.454.317 [device_error_proc_c.cc:661]3929 AddExceptionRegInfo:add error register: core_id=56, stream_id=61, task_sn=3
[ERROR] RUNTIME(3904,m23_gdn_prefill_j12):2026-09-27-11:35:06.454.320 [device_error_proc_c.cc:716]3929 ProcessDavidStarsCoreErrorInfo:The error from device(chipId:0, dieId:0), serial number is 1247, there is an aivec error exception, core id is 56, error code = 0, dump info: pc start: 0x120041000a00, current: 0x120041001490, sc error info: 0xffffffffffff, su error info: 0xe4fa32553abe01de,0xde6515fec800bb1b, mte error info: 0x850a480000020043, vec error info: 0x410062180031126e, cube error info: 0, l1 error info: 0, aic error mask: 0x395856, para base: 0x120000200000, mte error: 0, aic cond: 0.
The extend info: errcode:(0) errorStr: timeout or trap error. subErrType: 0x4.
For details, see the troubleshooting document on the Ascend official website. Search for the keyword "AI Core Error".
[INFO] GE(3904,m23_gdn_prefill_j12):2026-09-27-11:35:06.454.327 [error_manager.cc:399]3929 ReportInterErrMessage:report error_message, error_code:EZ9999, work_stream_id:390403929, error_mode:0
[ERROR] RUNTIME(3904,m23_gdn_prefill_j12):2026-09-27-11:35:06.454.331 [device_error_proc_c.cc:661]3929 AddExceptionRegInfo:add error register: core_id=57, stream_id=61, task_sn=3
[ERROR] RUNTIME(3904,m23_gdn_prefill_j12):2026-09-27-11:35:06.454.334 [device_error_proc_c.cc:716]3929 ProcessDavidStarsCoreErrorInfo:The error from device(chipId:0, dieId:0), serial number is 1247, there is an aivec error exception, core id is 57, error code = 0, dump info: pc start: 0x120041000a00, current: 0x120041001490, sc error info: 0xffffffffffff, su error info: 0xffb5ffdf298e01de,0x5fa58f9f0000ee9d, mte error info: 0x850a500000020043, vec error info: 0x410062180031126e, cube error info: 0, l1 error info: 0, aic error mask: 0x395856, para base: 0x120000200000, mte error: 0, aic cond: 0.
The extend info: errcode:(0) errorStr: timeout or trap error. subErrType: 0x4.
For details, see the troubleshooting document on the Ascend official website. Search for the keyword "AI Core Error".
[INFO] GE(3904,m23_gdn_prefill_j12):2026-09-27-11:35:06.454.342 [error_manager.cc:399]3929 ReportInterErrMessage:report error_message, error_code:EZ9999, work_stream_id:390403929, error_mode:0
[INFO] RUNTIME(3904,m23_gdn_prefill_j12):2026-09-27-11:35:06.454.346 [device_error_proc.cc:681] 3929 ProcErrorInfoWithoutLock: Finished to process device errInfo, retCode=0.
[DEBUG] RUNTIME(3904,m23_gdn_prefill_j12):2026-09-27-11:35:06.454.350 [task_recycle_cqrpt_base.cc:404] 3929 ProcLogicCqReport:RTS_DRIVER: report receive, stream_id=61, pos=1, sq_id=2, sq_head=1, task_type=0(KERNEL_AICORE).
[ERROR] RUNTIME(3904,m23_gdn_prefill_j12):2026-09-27-11:35:06.454.355 [davinci_kernel_task_v200_base.cc:255]3929 SetStarsResultByErrorType:AI Core kernel task execution failed, retCode=0x26.
[ERROR] RUNTIME(3904,m23_gdn_prefill_j12):2026-09-27-11:35:06.454.360 [davinci_kernel_task.cc:1262]3929 PreCheckTaskErr:An error occurred in the kernel task, retCode=0x26, [aicore exception].
[INFO] GE(3904,m23_gdn_prefill_j12):2026-09-27-11:35:06.454.366 [error_manager.cc:399]3929 ReportInterErrMessage:report error_message, error_code:EZ9999, work_stream_id:390403929, error_mode:0
[INFO] RUNTIME(3904,m23_gdn_prefill_j12):2026-09-27-11:35:06.454.370 [davinci_kernel_task.cc:1268] 3929 PreCheckTaskErr: report module_type=5, mte_error=0, errcode=0x0
[DEBUG] DRV(3904,m23_gdn_prefill_j12):2026-09-27-11:35:06.454.390 [svm_alloc.c:313][ascend][curpid:3904,3929][drv][devmm][halMemAllocInner]Alloc. (ptr=0x100000280000; size=93; flag=0x700000000900800)
[ERROR] RUNTIME(3904,m23_gdn_prefill_j12):2026-09-27-11:35:06.454.434 [davinci_kernel_task.cc:1076]3929 GetArgsInfo:[AIC_INFO] args(0 to 10) after execute:0x12004e400000, 0x120050600000, 0x120052800000, 0x120000017000, 0x1200000d8000, 0x12004ca00000, 0x120058a00000, 0x12004c600000, 0x12004ce00000, 0x3000001001, 0x104100001008.
[ERROR] RUNTIME(3904,m23_gdn_prefill_j12):2026-09-27-11:35:06.454.440 [davinci_kernel_task.cc:1080]3929 GetArgsInfo:tilingKey = 0, print 1 Times totalLen=(11*8), argsSize=92, schemMode=0, blockDim=28
[DEBUG] DRV(3904,m23_gdn_prefill_j12):2026-09-27-11:35:06.454.443 [svm_alloc.c:328][ascend][curpid:3904,3929][drv][devmm][halMemFreeInner]Free enter. (ptr=0x100000280000)
[ERROR] RUNTIME(3904,m23_gdn_prefill_j12):2026-09-27-11:35:06.454.448 [davinci_kernel_task.cc:1180]3929 PrintErrorInfoForDavinciTask:[AIC_INFO] after execute:args print end
[ERROR] RUNTIME(3904,m23_gdn_prefill_j12):2026-09-27-11:35:06.454.451 [davinci_kernel_task.cc:1028]3929 GetMixCtxInfo:descAlignBuf is invalid, device_id=0, stream_id=61, task_id=1.
[ERROR] RUNTIME(3904,m23_gdn_prefill_j12):2026-09-27-11:35:06.454.454 [davinci_kernel_task.cc:1185]3929 PrintErrorInfoForDavinciTask:[AIC_INFO] after execute:(no result)
[DEBUG] RUNTIME(3904,m23_gdn_prefill_j12):2026-09-27-11:35:06.454.463 [memory_pool_manager.cc:81] 3929 Allocate:drv devId=0, alloc size=12288, pool=0x563c50cee3b0, addr=0x120041000000, readOnly=1.
[DEBUG] RUNTIME(3904,m23_gdn_prefill_j12):2026-09-27-11:35:06.454.466 [memory_pool_manager.cc:132] 3929 GetPoolMemInfo:GetPoolMemInfo device_id=0, pool=0x563c50cee3b0, addr=0x120041000000, ptr=0x120041003000
[INFO] RUNTIME(3904,m23_gdn_prefill_j12):2026-09-27-11:35:06.454.469 [program.cc:1481] 3929 BinaryPoolMemCopySync: binary memcpy to pool_mem, dev_mem=0x120041003000, size=10024, device_id=0, readonly=1.
[DEBUG] DRV(3904,m23_gdn_prefill_j12):2026-09-27-11:35:06.454.472 [svm_madvise.c:95][ascend][curpid:3904,3929][drv][devmm][halMemAdvise]halMemAdvise. (ptr=0x120041000000; count=10024; type=3; devid=0)
[DEBUG] DRV(3904,m23_gdn_prefill_j12):2026-09-27-11:35:06.454.917 [event_sched.c:336][ascend][curpid:3904,3929][drv][event-sche][esched_create_wait_info]Add thread wait info node(dev_id=0; gid=50; tid=0).
[INFO] RUNTIME(3904,m23_gdn_prefill_j12):2026-09-27-11:35:06.454.923 [program.cc:1430] 3929 BinaryMemAdvise: advise memory, dev_mem=0x120041000000, dev_size=10024, advise_type=3, device_id=0.
[DEBUG] DRV(3904,m23_gdn_prefill_j12):2026-09-27-11:35:06.454.946 [svm_madvise.c:95][ascend][curpid:3904,3929][drv][devmm][halMemAdvise]halMemAdvise. (ptr=0x120041000000; count=10024; type=2; devid=0)
[DEBUG] DRV(3904,m23_gdn_prefill_j12):2026-09-27-11:35:06.455.088 [event_sched.c:368][ascend][curpid:3904,3929][drv][event-sche][esched_finish_call_back]Called the finish func.(dev_id=0; gid=50; tid=0; event_id=27; subevent_id=142).
[INFO] RUNTIME(3904,m23_gdn_prefill_j12):2026-09-27-11:35:06.455.109 [program.cc:1430] 3929 BinaryMemAdvise: advise memory, dev_mem=0x120041000000, dev_size=10024, advise_type=2, device_id=0.
[DEBUG] RUNTIME(3904,m23_gdn_prefill_j12):2026-09-27-11:35:06.455.113 [module.cc:179] 3929 Load:Load on device addr=0x120041003000, size=10024(bytes), program id=0.
[DEBUG] DRV(3904,m23_gdn_prefill_j12):2026-09-27-11:35:06.455.120 [svm_alloc.c:313][ascend][curpid:3904,3929][drv][devmm][halMemAllocInner]Alloc. (ptr=0x100000280000; size=10025; flag=0x700000000900800)
[DEBUG] DRV(3904,m23_gdn_prefill_j12):2026-09-27-11:35:06.455.143 [svm_alloc.c:328][ascend][curpid:3904,3929][drv][devmm][halMemFreeInner]Free enter. (ptr=0x100000280000)
[ERROR] RUNTIME(3904,m23_gdn_prefill_j12):2026-09-27-11:35:06.455.153 [davinci_kernel_task.cc:1210]3929 PrintErrorInfoForDavinciTask:[DFX_INFO]AI Core kernel execution failed, device_id=0, stream_id=61, report_stream_id=61, task_id=1, flip_num=0, fault kernel_name=_Z22m23_gdn_prefill_kernelPhS_S_S_S_S_S_S_S_jjjjf, fault kernel info ext=none, program id=0, hash=13344283972177065418.
[DEBUG] RUNTIME(3904,m23_gdn_prefill_j12):2026-09-27-11:35:06.455.157 [task_res_da.cc:79] 3929 GetTaskInfo:device_id=0, stream_id=61, taskId=1, head=1, tail=2, taskResAHead=1, taskResATail=2, taskInfo_id=1.
[INFO] RUNTIME(3904,m23_gdn_prefill_j12):2026-09-27-11:35:06.455.160 [task_manager.cc:638] 3929 GetExceptionArgs: GetExceptionArgs taskInfo->type=0
[INFO] RUNTIME(3904,m23_gdn_prefill_j12):2026-09-27-11:35:06.455.164 [task_manager.cc:595] 3929 GetBinAndKernelNameExceptionArgs: kernel_name=_Z22m23_gdn_prefill_kernelPhS_S_S_S_S_S_S_S_jjjjf_mix_aic, kernelNameSize=57, binSize=22648.
[INFO] RUNTIME(3904,m23_gdn_prefill_j12):2026-09-27-11:35:06.455.167 [task_manager.cc:612] 3929 GetKernelExceptionDfxInfo: dfxSize=600, dfxAddr=0x563c50bb1728, elfDataFlag=1.
[INFO] RUNTIME(3904,m23_gdn_prefill_j12):2026-09-27-11:35:06.455.169 [task_manager.cc:625] 3929 GetKernelExceptionDfxInfo: GetExceptionArgs argAddr=0x120000200000, argsize=92.
[WARNING] RUNTIME(3904,m23_gdn_prefill_j12):2026-09-27-11:35:06.455.173 [task_manager.cc:692] 3929 TaskFailCallBack: stream_id=61, exposed_stream_id=61, exception_task_id=3, retCode=0x7150026,[aicore exception]
[INFO] RUNTIME(3904,m23_gdn_prefill_j12):2026-09-27-11:35:06.455.177 [task_fail_callback_data_manager.cc:29] 3929 Notify: notify stream_id=61, task_id=3, retcode:507015.
[INFO] RUNTIME(3904,m23_gdn_prefill_j12):2026-09-27-11:35:06.455.182 [kernel_utils.cc:392] 3929 GetOpExecuteMsTimeout: get OP execute timeout=1090922 ms.
[INFO] RUNTIME(3904,m23_gdn_prefill_j12):2026-09-27-11:35:06.455.189 [memory_corruption_checker.cc:268] 3929 LookupKernelByName: Kernel not found by name=_Z22m23_gdn_prefill_kernelPhS_S_S_S_S_S_S_S_jjjjf_mix_aic in all kernel tables
[INFO] RUNTIME(3904,m23_gdn_prefill_j12):2026-09-27-11:35:06.455.191 [memory_corruption_checker.cc:290] 3929 CheckKernelMemoryCorruption: Kernel not found by name=_Z22m23_gdn_prefill_kernelPhS_S_S_S_S_S_S_S_jjjjf_mix_aic, skip single kernel memory check
[INFO] GE(3904,m23_gdn_prefill_j12):2026-09-27-11:35:06.455.195 [error_manager.cc:1032]3929 GetRawErrorMessages:current work_stream_id:390403929
[INFO] RUNTIME(3904,m23_gdn_prefill_j12):2026-09-27-11:35:06.455.206 [context.cc:2967] 3929 PushContextErrMsg: Push error msg
[WARNING] ATRACE(3904,m23_gdn_prefill_j12):2026-09-27-11:35:06.455.211 [trace_event.c:391](tid:3929) the number of trace event[RUNTIME_ATRACE_DEV0_TS0] reports has reached the upper limit 1, ignored
[INFO] RUNTIME(3904,m23_gdn_prefill_j12):2026-09-27-11:35:06.455.214 [atrace_log.cc:163] 3929 TrySaveAtraceLogs: Save atrace logs to file successfully!
[WARNING] RUNTIME(3904,m23_gdn_prefill_j12):2026-09-27-11:35:06.455.216 [task_recycle_cqrpt_base.cc:164] 3929 StarsResumeRtsq: Begin to query sq status, stream_id=61.
[INFO] RUNTIME(3904,m23_gdn_prefill_j12):2026-09-27-11:35:06.455.225 [npu_driver_res.cc:770] 3929 GetSqEnable: deviceId=0, tsId=0, sqId=2, enable=1, readCount=1.
[DEBUG] DRV(3904,m23_gdn_prefill_j12):2026-09-27-11:35:06.500.539 [dms_fault.c:146][ascend][curpid:3904,3928][drv][devmng][DmsGetEventPara]Get fault event success.
[DEBUG] ATRACE(3904,m23_gdn_prefill_j12):2026-09-27-11:35:06.503.870 [atrace_client_core.c:87](tid:3910) atrace client receive event msg, buffer len = 524303 bytes.
[DEBUG] ATRACE(3904,m23_gdn_prefill_j12):2026-09-27-11:35:06.503.883 [atrace_client_communication.c:260](tid:3910) AtraceClientParseEventMsg: info->eventName=ts_1, info->eventTime=20260927193505113015, info->saveType=0.
[DEBUG] ATRACE(3904,m23_gdn_prefill_j12):2026-09-27-11:35:06.504.140 [atrace_client_core.c:87](tid:3910) atrace client receive event msg, buffer len = 524197 bytes.
[DEBUG] ATRACE(3904,m23_gdn_prefill_j12):2026-09-27-11:35:06.504.143 [atrace_client_communication.c:260](tid:3910) AtraceClientParseEventMsg: info->eventName=ts_1, info->eventTime=20260927193505113015, info->saveType=0.
[DEBUG] ATRACE(3904,m23_gdn_prefill_j12):2026-09-27-11:35:06.504.360 [atrace_client_core.c:87](tid:3910) atrace client receive event msg, buffer len = 524203 bytes.
[DEBUG] ATRACE(3904,m23_gdn_prefill_j12):2026-09-27-11:35:06.504.363 [atrace_client_communication.c:260](tid:3910) AtraceClientParseEventMsg: info->eventName=ts_1, info->eventTime=20260927193505113015, info->saveType=0.
[DEBUG] ATRACE(3904,m23_gdn_prefill_j12):2026-09-27-11:35:06.504.397 [atrace_client_core.c:87](tid:3910) atrace client receive event msg, buffer len = 19786 bytes.
[DEBUG] ATRACE(3904,m23_gdn_prefill_j12):2026-09-27-11:35:06.504.399 [atrace_client_communication.c:260](tid:3910) AtraceClientParseEventMsg: info->eventName=ts_1, info->eventTime=20260927193505113015, info->saveType=0.
[INFO] RUNTIME(3904,m23_gdn_prefill_j12):2026-09-27-11:35:06.774.297 [npu_driver_res.cc:770] 3929 GetSqEnable: deviceId=0, tsId=0, sqId=2, enable=0, readCount=2.
[WARNING] RUNTIME(3904,m23_gdn_prefill_j12):2026-09-27-11:35:06.774.306 [task_recycle_cqrpt_base.cc:111] 3929 PollingSqDisable: sq already disable, stream_id=61, queryCnt=3.
[INFO] RUNTIME(3904,m23_gdn_prefill_j12):2026-09-27-11:35:06.774.311 [npu_driver_res.cc:829] 3929 SetSqHead: deviceId=0, tsId=0, sqId=2, head=2.
[INFO] RUNTIME(3904,m23_gdn_prefill_j12):2026-09-27-11:35:06.774.316 [npu_driver_res.cc:1903] 3929 EnableSq: deviceId=0, tsId=0, sqId=2.
[DEBUG] RUNTIME(3904,m23_gdn_prefill_j12):2026-09-27-11:35:06.774.320 [task_res_da.cc:79] 3904 GetTaskInfo:device_id=0, stream_id=61, taskId=2, head=1, tail=2, taskResAHead=1, taskResATail=2, taskInfo_id=0.
[WARNING] RUNTIME(3904,m23_gdn_prefill_j12):2026-09-27-11:35:06.774.322 [task_recycle_cqrpt_base.cc:200] 3929 StarsResumeRtsq: Resume stream_id=61, sq_id=2, sq_head=1, task_id=1, taskType=0, head=2.
[WARNING] RUNTIME(3904,m23_gdn_prefill_j12):2026-09-27-11:35:06.774.325 [task_res_da.cc:92] 3904 GetTaskInfo: taskId is invalid, device_id=0, stream_id=61, taskId=2, head=1, tail=2, taskResAHead=1, taskResATail=2, taskInfo_id=0.
[WARNING] RUNTIME(3904,m23_gdn_prefill_j12):2026-09-27-11:35:06.774.328 [stream_david.cc:1354] 3904 GetTaskIdByPos: taskInfo is null, pos=2
[DEBUG] RUNTIME(3904,m23_gdn_prefill_j12):2026-09-27-11:35:06.774.330 [task_res_da.cc:79] 3904 GetTaskInfo:device_id=0, stream_id=61, taskId=1, head=1, tail=2, taskResAHead=1, taskResATail=2, taskInfo_id=1.
[INFO] RUNTIME(3904,m23_gdn_prefill_j12):2026-09-27-11:35:06.774.333 [stream.cc:1826] 3904 GetFinishedTaskIdBySqHead: stream_id=61, sq_id=2, sqHead=2, nextTaskId=65535, finishedPos=1, endTaskId=1
[DEBUG] RUNTIME(3904,m23_gdn_prefill_j12):2026-09-27-11:35:06.774.333 [task_res_da.cc:79] 3929 GetTaskInfo:device_id=0, stream_id=61, taskId=2, head=1, tail=2, taskResAHead=1, taskResATail=2, taskInfo_id=0.
[INFO] RUNTIME(3904,m23_gdn_prefill_j12):2026-09-27-11:35:06.774.335 [stream.cc:1949] 3904 SynchronizeImpl: device_id=0, stream_id=61, task_id=1 has been completed, no concerned cqe.
[WARNING] RUNTIME(3904,m23_gdn_prefill_j12):2026-09-27-11:35:06.774.335 [task_res_da.cc:92] 3929 GetTaskInfo: taskId is invalid, device_id=0, stream_id=61, taskId=2, head=1, tail=2, taskResAHead=1, taskResATail=2, taskInfo_id=0.
[WARNING] RUNTIME(3904,m23_gdn_prefill_j12):2026-09-27-11:35:06.774.338 [stream_david.cc:1354] 3929 GetTaskIdByPos: taskInfo is null, pos=2
[DEBUG] RUNTIME(3904,m23_gdn_prefill_j12):2026-09-27-11:35:06.774.341 [task_res_da.cc:79] 3929 GetTaskInfo:device_id=0, stream_id=61, taskId=1, head=1, tail=2, taskResAHead=1, taskResATail=2, taskInfo_id=1.
[INFO] GE(3904,m23_gdn_prefill_j12):2026-09-27-11:35:06.774.341 [error_manager.cc:1025]3904 SetRawErrorMessages:Set error_message, work_stream_id:390403904.
[INFO] RUNTIME(3904,m23_gdn_prefill_j12):2026-09-27-11:35:06.774.342 [stream.cc:1826] 3929 GetFinishedTaskIdBySqHead: stream_id=61, sq_id=2, sqHead=2, nextTaskId=65535, finishedPos=1, endTaskId=1
[DEBUG] RUNTIME(3904,m23_gdn_prefill_j12):2026-09-27-11:35:06.774.345 [task_res_da.cc:79] 3929 GetTaskInfo:device_id=0, stream_id=61, taskId=1, head=1, tail=2, taskResAHead=1, taskResATail=2, taskInfo_id=1.
[DEBUG] RUNTIME(3904,m23_gdn_prefill_j12):2026-09-27-11:35:06.774.350 [task_res_da.cc:79] 3929 GetTaskInfo:device_id=0, stream_id=61, taskId=1, head=1, tail=2, taskResAHead=1, taskResATail=2, taskInfo_id=1.
[DEBUG] RUNTIME(3904,m23_gdn_prefill_j12):2026-09-27-11:35:06.774.352 [stream_david.cc:846] 3929 DavidUpdatePublicQueue:public task list update, stream_id=61, finishTaskId_=1, head=2, tail=2
[INFO] RUNTIME(3904,m23_gdn_prefill_j12):2026-09-27-11:35:06.774.354 [context.cc:2983] 3904 PopContextErrMsg: Pop error msg
[DEBUG] RUNTIME(3904,m23_gdn_prefill_j12):2026-09-27-11:35:06.774.358 [uma_arg_loader.cc:758] 3929 Release:Release arg memory!
[INFO] RUNTIME(3904,m23_gdn_prefill_j12):2026-09-27-11:35:06.774.361 [task_res_da.cc:176] 3929 RecycleTaskInfo: recycle taskinfo success, pos=1, sqeNum=1, headBeforeRecycle=1, taskResAHead=2, tail=2, stream_id=61.
[ERROR] RUNTIME(3904,m23_gdn_prefill_j12):2026-09-27-11:35:06.774.362 [stream.cc:1743]3904 GetError:Stream Synchronize failed, stream_id=61, retCode=0x26, [aicore exception].
[DEBUG] RUNTIME(3904,m23_gdn_prefill_j12):2026-09-27-11:35:06.774.364 [task_recycle_common_base.cc:207] 3929 TryReclaimToTask:finish stream_id=61, delPos=1.
[ERROR] RUNTIME(3904,m23_gdn_prefill_j12):2026-09-27-11:35:06.774.366 [stream.cc:1746]3904 GetError:AI Core kernel task execution failed, retCode=0x26.
[DEBUG] RUNTIME(3904,m23_gdn_prefill_j12):2026-09-27-11:35:06.774.367 [task_recycle_common_base.cc:283] 3929 FinishedTaskReclaim:recycle task, stream_id=61, limited=0, curPos=1, tarPos=2, recycleHead=2, task_type=0(KERNEL_AICORE).
[INFO] GE(3904,m23_gdn_prefill_j12):2026-09-27-11:35:06.774.404 [error_manager.cc:399]3904 ReportInterErrMessage:report error_message, error_code:EZ9999, work_stream_id:390403904, error_mode:0
[ERROR] RUNTIME(3904,m23_gdn_prefill_j12):2026-09-27-11:35:06.774.414 [stream.cc:1746]3904 GetError:[AIC_INFO] after execute:args print end
[INFO] GE(3904,m23_gdn_prefill_j12):2026-09-27-11:35:06.774.418 [error_manager.cc:399]3904 ReportInterErrMessage:report error_message, error_code:EZ9999, work_stream_id:390403904, error_mode:0
[ERROR] RUNTIME(3904,m23_gdn_prefill_j12):2026-09-27-11:35:06.774.421 [stream.cc:1746]3904 GetError:[AIC_INFO] after execute:(no result)
[INFO] GE(3904,m23_gdn_prefill_j12):2026-09-27-11:35:06.774.425 [error_manager.cc:399]3904 ReportInterErrMessage:report error_message, error_code:EZ9999, work_stream_id:390403904, error_mode:0
[ERROR] RUNTIME(3904,m23_gdn_prefill_j12):2026-09-27-11:35:06.774.428 [stream.cc:1746]3904 GetError:[DFX_INFO]AI Core kernel execution failed, device_id=0, stream_id=61, report_stream_id=61, task_id=1, flip_num=0, fault kernel_name=_Z22m23_gdn_prefill_kernelPhS_S_S_S_S_S_S_S_jjjjf, fault kernel info ext=none, program id=0, hash=13344283972177065418.
[INFO] GE(3904,m23_gdn_prefill_j12):2026-09-27-11:35:06.774.433 [error_manager.cc:399]3904 ReportInterErrMessage:report error_message, error_code:EZ9999, work_stream_id:390403904, error_mode:0
[ERROR] RUNTIME(3904,m23_gdn_prefill_j12):2026-09-27-11:35:06.774.437 [api_error.cc:1101]3904 StreamSynchronize:Stream synchronize failed, stream_id=61, timeout=-1ms.
[ERROR] RUNTIME(3904,m23_gdn_prefill_j12):2026-09-27-11:35:06.774.458 [api_c_stream.cc:158]3904 rtStreamSynchronize:ErrCode=507015, desc=[aicore exception], InnerCode=0x7150026
[ERROR] RUNTIME(3904,m23_gdn_prefill_j12):2026-09-27-11:35:06.774.462 [error_message_manage.cc:69]3904 FuncErrorReason:rtStreamSynchronize execution failed, reason=aicore exception
[INFO] GE(3904,m23_gdn_prefill_j12):2026-09-27-11:35:06.774.468 [error_manager.cc:399]3904 ReportInterErrMessage:report error_message, error_code:EE9999, work_stream_id:390403904, error_mode:0
[INFO] ASCENDCL(3904,m23_gdn_prefill_j12):2026-09-27-11:35:06.774.484 [acl.cpp:1251]3904 aclGetRecentErrMsgImpl: start to execute aclGetRecentErrMsg.
[DEBUG] RUNTIME(3904,m23_gdn_prefill_j12):2026-09-27-11:35:06.774.493 [api_impl.cc:6116] 3904 GetDevMsg:GetDeviceMsg, getMsgType=0
[DEBUG] RUNTIME(3904,m23_gdn_prefill_j12):2026-09-27-11:35:06.774.504 [api_impl.cc:6055] 3904 GetDevErrMsg:Do not need to send task.
[DEBUG] RUNTIME(3904,m23_gdn_prefill_j12):2026-09-27-11:35:06.774.517 [npu_driver.cc:149] 3904 GetDeviceCount:device count=1.
[DEBUG] RUNTIME(3904,m23_gdn_prefill_j12):2026-09-27-11:35:06.774.519 [api_impl.cc:5611] 3904 GetFaultEvent:Get Fault Event.
[INFO] RUNTIME(3904,m23_gdn_prefill_j12):2026-09-27-11:35:06.774.521 [npu_driver_res.cc:37] 3904 GetFaultEvents: get fault event, drv devId=0, eventId=0, filterFlag=8, outputLen=128.
[INFO] ASCENDCL(3904,m23_gdn_prefill_j12):2026-09-27-11:35:06.774.561 [acl.cpp:1227]3904 GetFaultEventInfo: Cannot get fault event of device 0, runtime errorCode is 0
[INFO] GE(3904,m23_gdn_prefill_j12):2026-09-27-11:35:06.774.565 [error_manager.cc:1032]3904 GetRawErrorMessages:current work_stream_id:390403904
[M23] mix(1,2) launch: nblk(AIC)=28 → AIV 线程数=56；slot=753664 B；scratch=21102592 B
[M23] m1       H=48 T=1    blk=28 : 0.079 ms  (o[0..3]=0.000000 0.000000 0.000000 0.000000, dump ok)
[M23][FAIL] H=48 T=4097 launch/sync error 507015 : EZ9999: Inner Error!
EZ9999[PID: 3904] 2026-09-27-11:35:06.453.184 (EZ9999):  The error from device(chipId:0, dieId:0), serial number is 1246, there is an aicore error exception, core id is 0, error code = 0, dump info: pc start: 0x120041000000, current: 0x120041000468, sc error info: 0xffffffffffff, su error info: 0xfbbddff31d34ffee,0xfd74f2afd800ffff, mte error info: 0x13d10000000202ce, vec error info: 0, cube error info: 0, l1 error info: 0x2090000e814, aic error mask: 0x395856, para base: 0x120000200000, mte error: 0, aic cond: 0.
The extend info: errcode:(0) errorStr: timeout or trap error. subErrType: 0x4.
For details, see the troubleshooting document on the Ascend official website. Search for the keyword "AI Core Error".[FUNC:ProcessDavidStarsCoreErrorInfo][FILE:device_error_proc_c.cc][LINE:716]
TraceBack (most recent call last):
       The error from device(chipId:0, dieId:0), serial number is 1246, there is an aicore error exception, core id is 1, error code = 0, dump info: pc start: 0x120041000000, current: 0x120041000468, sc error info: 0xffffffffffff, su error info: 0xffbfffdf1aacfefd,0x73f9f55bf800dfff, mte error info: 0x13d15000000202ce, vec error info: 0, cube error info: 0, l1 error info: 0x23800001897, aic error mask: 0x395856, para base: 0x120000200000, mte error: 0, aic cond: 0.
The extend info: errcode:(0) errorStr: timeout or trap error. subErrType: 0x4.
For details, see the troubleshooting document on the Ascend official website. Search for the keyword "AI Core Error".[FUNC:ProcessDavidStarsCoreErrorInfo][FILE:device_error_proc_c.cc][LINE:716]
       The error from device(chipId:0, dieId:0), serial number is 1246, there is an aicore error exception, core id is 2, error code = 0, dump info: pc start: 0x120041000000, current: 0x120041000704, sc error info: 0xffffffffffff, su error info: 0xbfbdffff184cdde5,0xffd7d4cdf000ffdf, mte error info: 0x13d1a000000202ce, vec error info: 0, cube error info: 0, l1 error info: 0x23800001893, aic error mask: 0x395856, para base: 0x120000200000, mte error: 0, aic cond: 0.
The extend info: errcode:(0) errorStr: timeout or trap error. subErrType: 0x4.
For details, see the troubleshooting document on the Ascend official website. Search for the keyword "AI Core Error".[FUNC:ProcessDavidStarsCoreErrorInfo][FILE:device_error_proc_c.cc][LINE:716]
       The error from device(chipId:0, dieId:0), serial number is 1246, there is an aicore error exception, core id is 3, error code = 0, dump info: pc start: 0x120041000000, current: 0x120041000704, sc error info: 0xffffffffffff, su error info: 0xaff7fe791e04cfff,0xddddfd069800efbf, mte error info: 0x13d1f000000202ce, vec error info: 0, cube error info: 0, l1 error info: 0x23800001086, aic error mask: 0x395856, para base: 0x120000200000, mte error: 0, aic cond: 0.
The extend info: errcode:(0) errorStr: timeout or trap error. subErrType: 0x4.
For details, see the troubleshooting document on the Ascend official website. Search for the keyword "AI Core Error".[FUNC:ProcessDavidStarsCoreErrorInfo][FILE:device_error_proc_c.cc][LINE:716]
       The error from device(chipId:0, dieId:0), serial number is 1246, there is an aicore error exception, core id is 4, error code = 171, dump info: pc start: 0x120041000000, current: 0x120041000478, sc error info: 0xffffffffffff, su error info: 0xcbbf7ffe0eeedaf7,0x6bfe3559f000dfef, mte error info: 0x13d24000000202ce, vec error info: 0, cube error info: 0, l1 error info: 0x23800001811, aic error mask: 0x395856, para base: 0x120000200000, mte error: 0, aic cond: 0.
The extend info: errcode:(171) errorStr: A multi-bit ECC error occurs when fixpipe reads L0C. See the RAS alarm handling. subErrType: 0x4.
For details, see the troubleshooting document on the Ascend official website. Search for the keyword "AI Core Error".[FUNC:ProcessDavidStarsCoreErrorInfo][FILE:device_error_proc_c.cc][LINE:716]
       The error from device(chipId:0, dieId:0), serial number is 1246, there is an aicore error exception, core id is 5, error code = 0, dump info: pc start: 0x120041000000, current: 0x120041000704, sc error info: 0xffffffffffff, su error info: 0xffff7ffe0b9e9fce,0x4ffdef7ef800fffd, mte error info: 0x13d29000000202ce, vec error info: 0, cube error info: 0, l1 error info: 0x1f600001811, aic error mask: 0x395856, para base: 0x120000200000, mte error: 0, aic cond: 0.
The extend info: errcode:(0) errorStr: timeout or trap error. subErrType: 0x4.
For details, see the troubleshooting document on the Ascend official website. Search for the keyword "AI Core Error".[FUNC:ProcessDavidStarsCoreErrorInfo][FILE:device_error_proc_c.cc][LINE:716]
       The error from device(chipId:0, dieId:0), serial number is 1246, there is an aicore error exception, core id is 6, error code = 171, dump info: pc start: 0x120041000000, current: 0x120041000478, sc error info: 0xffffffffffff, su error info: 0xff9ffff31fba0ff8,0xdff07cefb800bffb, mte error info: 0x13d2e000000202ce, vec error info: 0, cube error info: 0, l1 error info: 0x23800001811, aic error mask: 0x395856, para base: 0x120000200000, mte error: 0, aic cond: 0.
The extend info: errcode:(171) errorStr: A multi-bit ECC error occurs when fixpipe reads L0C. See the RAS alarm handling. subErrType: 0x4.
For details, see the troubleshooting document on the Ascend official website. Search for the keyword "AI Core Error".[FUNC:ProcessDavidStarsCoreErrorInfo][FILE:device_error_proc_c.cc][LINE:716]
       The error from device(chipId:0, dieId:0), serial number is 1246, there is an aicore error exception, core id is 7, error code = 171, dump info: pc start: 0x120041000000, current: 0x120041000478, sc error info: 0xffffffffffff, su error info: 0xffbffeff1fb8dfef,0x9fcd6f5378005fff, mte error info: 0x13d33000000202ce, vec error info: 0, cube error info: 0, l1 error info: 0x23800001893, aic error mask: 0x395856, para base: 0x120000200000, mte error: 0, aic cond: 0.
The extend info: errcode:(171) errorStr: A multi-bit ECC error occurs when fixpipe reads L0C. See the RAS alarm handling. subErrType: 0x4.
For details, see the troubleshooting document on the Ascend official website. Search for the keyword "AI Core Error".[FUNC:ProcessDavidStarsCoreErrorInfo][FILE:device_error_proc_c.cc][LINE:716]
       The error from device(chipId:0, dieId:0), serial number is 1246, there is an aicore error exception, core id is 8, error code = 171, dump info: pc start: 0x120041000000, current: 0x120041000810, sc error info: 0xffffffffffff, su error info: 0xffff7f9b11e6fe6d,0xdecddfc4e800ffef, mte error info: 0x13d38000000202ce, vec error info: 0, cube error info: 0, l1 error info: 0x1f600001c18, aic error mask: 0x395856, para base: 0x120000200000, mte error: 0, aic cond: 0.
The extend info: errcode:(171) errorStr: A multi-bit ECC error occurs when fixpipe reads L0C. See the RAS alarm handling. subErrType: 0x4.
For details, see the troubleshooting document on the Ascend official website. Search for the keyword "AI Core Error".[FUNC:ProcessDavidStarsCoreErrorInfo][FILE:device_error_proc_c.cc][LINE:716]
       The error from device(chipId:0, dieId:0), serial number is 1246, there is an aicore error exception, core id is 9, error code = 0, dump info: pc start: 0x120041000000, current: 0x120041000704, sc error info: 0xffffffffffff, su error info: 0xf7ffffee14763f9f,0xf6eec5f8b800ffff, mte error info: 0x13d3d000000202ce, vec error info: 0, cube error info: 0, l1 error info: 0x1f600001c9e, aic error mask: 0x395856, para base: 0x120000200000, mte error: 0, aic cond: 0.
The extend info: errcode:(0) errorStr: timeout or trap error. subErrType: 0x4.
For details, see the troubleshooting document on the Ascend official website. Search for the keyword "AI Core Error".[FUNC:ProcessDavidStarsCoreErrorInfo][FILE:device_error_proc_c.cc][LINE:716]
       The error from device(chipId:0, dieId:0), serial number is 1246, there is an aicore error exception, core id is 12, error code = 0, dump info: pc start: 0x120041000000, current: 0x120041000704, sc error info: 0xffffffffffff, su error info: 0xdfff6ffe1ba4df5f,0xc7ccd1ddf800ffef, mte error info: 0x13d42000000202ce, vec error info: 0, cube error info: 0, l1 error info: 0x1fc00008087, aic error mask: 0x395856, para base: 0x120000200000, mte error: 0, aic cond: 0.
The extend info: errcode:(0) errorStr: timeout or trap error. subErrType: 0x4.
For details, see the troubleshooting document on the Ascend official website. Search for the keyword "AI Core Error".[FUNC:ProcessDavidStarsCoreErrorInfo][FILE:device_error_proc_c.cc][LINE:716]
       The error from device(chipId:0, dieId:0), serial number is 1246, there is an aicore error exception, core id is 13, error code = 171, dump info: pc start: 0x120041000000, current: 0x120041000478, sc error info: 0xffffffffffff, su error info: 0xfffdffff1430cf9f,0xd5fc7ddff000ffef, mte error info: 0x13d47000000202ce, vec error info: 0, cube error info: 0, l1 error info: 0x23800001408, aic error mask: 0x395856, para base: 0x120000200000, mte error: 0, aic cond: 0.
The extend info: errcode:(171) errorStr: A multi-bit ECC error occurs when fixpipe reads L0C. See the RAS alarm handling. subErrType: 0x4.
For details, see the troubleshooting document on the Ascend official website. Search for the keyword "AI Core Error".[FUNC:ProcessDavidStarsCoreErrorInfo][FILE:device_error_proc_c.cc][LINE:716]
       The error from device(chipId:0, dieId:0), serial number is 1246, there is an aicore error exception, core id is 14, error code = 0, dump info: pc start: 0x120041000000, current: 0x120041000468, sc error info: 0xffffffffffff, su error info: 0xf5fdb75f0638ebe6,0xeed7f59df800bfca, mte error info: 0x13d4c000000202ce, vec error info: 0, cube error info: 0, l1 error info: 0x23800001811, aic error mask: 0x395856, para base: 0x120000200000, mte error: 0, aic cond: 0.
The extend info: errcode:(0) errorStr: timeout or trap error. subErrType: 0x4.
For details, see the troubleshooting document on the Ascend official website. Search for the keyword "AI Core Error".[FUNC:ProcessDavidStarsCoreErrorInfo][FILE:device_error_proc_c.cc][LINE:716]
       The error from device(chipId:0, dieId:0), serial number is 1246, there is an aicore error exception, core id is 15, error code = 171, dump info: pc start: 0x120041000000, current: 0x120041000478, sc error info: 0xffffffffffff, su error info: 0xfffdff7b09befffe,0xf5deddf5e800fdff, mte error info: 0x13d51000000202ce, vec error info: 0, cube error info: 0, l1 error info: 0x23800001893, aic error mask: 0x395856, para base: 0x120000200000, mte error: 0, aic cond: 0.
The extend info: errcode:(171) errorStr: A multi-bit ECC error occurs when fixpipe reads L0C. See the RAS alarm handling. subErrType: 0x4.
For details, see the troubleshooting document on the Ascend official website. Search for the keyword "AI Core Error".[FUNC:ProcessDavidStarsCoreErrorInfo][FILE:device_error_proc_c.cc][LINE:716]
       The error from device(chipId:0, dieId:0), serial number is 1246, there is an aicore error exception, core id is 18, error code = 171, dump info: pc start: 0x120041000000, current: 0x120041000810, sc error info: 0xffffffffffff, su error info: 0xbfbeffee013a3bde,0xed4237d47800bfff, mte error info: 0x13d56000000202ce, vec error info: 0, cube error info: 0, l1 error info: 0x1f600001811, aic error mask: 0x395856, para base: 0x120000200000, mte error: 0, aic cond: 0.
The extend info: errcode:(171) errorStr: A multi-bit ECC error occurs when fixpipe reads L0C. See the RAS alarm handling. subErrType: 0x4.
For details, see the troubleshooting document on the Ascend official website. Search for the keyword "AI Core Error".[FUNC:ProcessDavidStarsCoreErrorInfo][FILE:device_error_proc_c.cc][LINE:716]
       The error from device(chipId:0, dieId:0), serial number is 1246, there is an aicore error exception, core id is 19, error code = 171, dump info: pc start: 0x120041000000, current: 0x120041000478, sc error info: 0xffffffffffff, su error info: 0x7f7fafef1bacefff,0xfdc9f4cbf800feff, mte error info: 0x13d5b000000202ce, vec error info: 0, cube error info: 0, l1 error info: 0x23800001814, aic error mask: 0x395856, para base: 0x120000200000, mte error: 0, aic cond: 0.
The extend info: errcode:(171) errorStr: A multi-bit ECC error occurs when fixpipe reads L0C. See the RAS alarm handling. subErrType: 0x4.
For details, see the troubleshooting document on the Ascend official website. Search for the keyword "AI Core Error".[FUNC:ProcessDavidStarsCoreErrorInfo][FILE:device_error_proc_c.cc][LINE:716]
       The error from device(chipId:0, dieId:0), serial number is 1246, there is an aicore error exception, core id is 20, error code = 0, dump info: pc start: 0x120041000000, current: 0x120041000468, sc error info: 0xffffffffffff, su error info: 0xffffffff1a7cfefe,0xdf89fd19a000fb7f, mte error info: 0x13d60000000202ce, vec error info: 0, cube error info: 0, l1 error info: 0x1f600001c19, aic error mask: 0x395856, para base: 0x120000200000, mte error: 0, aic cond: 0.
The extend info: errcode:(0) errorStr: timeout or trap error. subErrType: 0x4.
For details, see the troubleshooting document on the Ascend official website. Search for the keyword "AI Core Error".[FUNC:ProcessDavidStarsCoreErrorInfo][FILE:device_error_proc_c.cc][LINE:716]
       The error from device(chipId:0, dieId:0), serial number is 1246, there is an aicore error exception, core id is 22, error code = 0, dump info: pc start: 0x120041000000, current: 0x120041000704, sc error info: 0xffffffffffff, su error info: 0xefff7ff91adc9ffe,0xfe734d95f800ef7f, mte error info: 0x13d65000000202ce, vec error info: 0, cube error info: 0, l1 error info: 0x23800001811, aic error mask: 0x395856, para base: 0x120000200000, mte error: 0, aic cond: 0.
The extend info: errcode:(0) errorStr: timeout or trap error. subErrType: 0x4.
For details, see the troubleshooting document on the Ascend official website. Search for the keyword "AI Core Error".[FUNC:ProcessDavidStarsCoreErrorInfo][FILE:device_error_proc_c.cc][LINE:716]
       The error from device(chipId:0, dieId:0), serial number is 1246, there is an aicore error exception, core id is 23, error code = 171, dump info: pc start: 0x120041000000, current: 0x120041000810, sc error info: 0xffffffffffff, su error info: 0xfffff4ff0fda0cf8,0xee4d7ffee000ffff, mte error info: 0x13d6a000000202ce, vec error info: 0, cube error info: 0, l1 error info: 0x1f600001c9e, aic error mask: 0x395856, para base: 0x120000200000, mte error: 0, aic cond: 0.
The extend info: errcode:(171) errorStr: A multi-bit ECC error occurs when fixpipe reads L0C. See the RAS alarm handling. subErrType: 0x4.
For details, see the troubleshooting document on the Ascend official website. Search for the keyword "AI Core Error".[FUNC:ProcessDavidStarsCoreErrorInfo][FILE:device_error_proc_c.cc][LINE:716]
       The error from device(chipId:0, dieId:0), serial number is 1246, there is an aicore error exception, core id is 24, error code = 0, dump info: pc start: 0x120041000000, current: 0x120041000704, sc error info: 0xffffffffffff, su error info: 0xfebffff70df8d7c8,0xd3cf9efff800bffb, mte error info: 0x13d6f000000202ce, vec error info: 0, cube error info: 0, l1 error info: 0x1f600001c1c, aic error mask: 0x395856, para base: 0x120000200000, mte error: 0, aic cond: 0.
The extend info: errcode:(0) errorStr: timeout or trap error. subErrType: 0x4.
For details, see the troubleshooting document on the Ascend official website. Search for the keyword "AI Core Error".[FUNC:ProcessDavidStarsCoreErrorInfo][FILE:device_error_proc_c.cc][LINE:716]
       The error from device(chipId:0, dieId:0), serial number is 1246, there is an aicore error exception, core id is 25, error code = 0, dump info: pc start: 0x120041000000, current: 0x120041000704, sc error info: 0xffffffffffff, su error info: 0xfbbff7fb1d2effbf,0x97ff7dd77000f7bf, mte error info: 0x13d74000000202ce, vec error info: 0, cube error info: 0, l1 error info: 0x1f600001811, aic error mask: 0x395856, para base: 0x120000200000, mte error: 0, aic cond: 0.
The extend info: errcode:(0) errorStr: timeout or trap error. subErrType: 0x4.
For details, see the troubleshooting document on the Ascend official website. Search for the keyword "AI Core Error".[FUNC:ProcessDavidStarsCoreErrorInfo][FILE:device_error_proc_c.cc][LINE:716]
       The error from device(chipId:0, dieId:0), serial number is 1246, there is an aicore error exception, core id is 26, error code = 0, dump info: pc start: 0x120041000000, current: 0x120041000704, sc error info: 0xffffffffffff, su error info: 0xfff7fbff11fadebe,0xdddd71c4f800fffa, mte error info: 0x13d79000000202ce, vec error info: 0, cube error info: 0, l1 error info: 0x1f600001c1c, aic error mask: 0x395856, para base: 0x120000200000, mte error: 0, aic cond: 0.
The extend info: errcode:(0) errorStr: timeout or trap error. subErrType: 0x4.
For details, see the troubleshooting document on the Ascend official website. Search for the keyword "AI Core Error".[FUNC:ProcessDavidStarsCoreErrorInfo][FILE:device_error_proc_c.cc][LINE:716]
       The error from device(chipId:0, dieId:0), serial number is 1246, there is an aicore error exception, core id is 27, error code = 0, dump info: pc start: 0x120041000000, current: 0x120041000704, sc error info: 0xffffffffffff, su error info: 0xf7ff27ff1dfaf774,0x7415e7d5d800fdf7, mte error info: 0x13d7e000000202ce, vec error info: 0, cube error info: 0, l1 error info: 0x1f600001c9a, aic error mask: 0x395856, para base: 0x120000200000, mte error: 0, aic cond: 0.
The extend info: errcode:(0) errorStr: timeout or trap error. subErrType: 0x4.
For details, see the troubleshooting document on the Ascend official website. Search for the keyword "AI Core Error".[FUNC:ProcessDavidStarsCoreErrorInfo][FILE:device_error_proc_c.cc][LINE:716]
       The error from device(chipId:0, dieId:0), serial number is 1246, there is an aicore error exception, core id is 28, error code = 171, dump info: pc start: 0x120041000000, current: 0x120041000478, sc error info: 0xffffffffffff, su error info: 0xffffff53068aefcf,0x7f4f6dccf800fbfb, mte error info: 0x13d83000000202ce, vec error info: 0, cube error info: 0, l1 error info: 0x23800001893, aic error mask: 0x395856, para base: 0x120000200000, mte error: 0, aic cond: 0.
The extend info: errcode:(171) errorStr: A multi-bit ECC error occurs when fixpipe reads L0C. See the RAS alarm handling. subErrType: 0x4.
For details, see the troubleshooting document on the Ascend official website. Search for the keyword "AI Core Error".[FUNC:ProcessDavidStarsCoreErrorInfo][FILE:device_error_proc_c.cc][LINE:716]
       The error from device(chipId:0, dieId:0), serial number is 1247, there is an aivec error exception, core id is 0, error code = 0, dump info: pc start: 0x120041000a00, current: 0x120041001490, sc error info: 0xffffffffffff, su error info: 0xeffbd7fd0fd83980,0xc00000585800eeb9, mte error info: 0x8508d800000235cb, vec error info: 0x410062180031126e, cube error info: 0, l1 error info: 0, aic error mask: 0x395856, para base: 0x120000200000, mte error: 0, aic cond: 0.
The extend info: errcode:(0) errorStr: timeout or trap error. subErrType: 0x4.
For details, see the troubleshooting document on the Ascend official website. Search for the keyword "AI Core Error".[FUNC:ProcessDavidStarsCoreErrorInfo][FILE:device_error_proc_c.cc][LINE:716]
       The error from device(chipId:0, dieId:0), serial number is 1247, there is an aivec error exception, core id is 1, error code = 0, dump info: pc start: 0x120041000a00, current: 0x120041001490, sc error info: 0xffffffffffff, su error info: 0xbbfff7ff2c9a0158,0xc0000058b8009c72, mte error info: 0x8508e00000020043, vec error info: 0x410062180031126e, cube error info: 0, l1 error info: 0, aic error mask: 0x395856, para base: 0x120000200000, mte error: 0, aic cond: 0.
The extend info: errcode:(0) errorStr: timeout or trap error. subErrType: 0x4.
For details, see the troubleshooting document on the Ascend official website. Search for the keyword "AI Core Error".[FUNC:ProcessDavidStarsCoreErrorInfo][FILE:device_error_proc_c.cc][LINE:716]
       The error from device(chipId:0, dieId:0), serial number is 1247, there is an aivec error exception, core id is 2, error code = 0, dump info: pc start: 0x120041000a00, current: 0x120041001490, sc error info: 0xffffffffffff, su error info: 0xda9635af2bbe334c,0xc0000058f8005eba, mte error info: 0x8508e81000020043, vec error info: 0x410062180031126e, cube error info: 0, l1 error info: 0, aic error mask: 0x395856, para base: 0x120000200000, mte error: 0, aic cond: 0.
The extend info: errcode:(0) errorStr: timeout or trap error. subErrType: 0x4.
For details, see the troubleshooting document on the Ascend official website. Search for the keyword "AI Core Error".[FUNC:ProcessDavidStarsCoreErrorInfo][FILE:device_error_proc_c.cc][LINE:716]
       The error from device(chipId:0, dieId:0), serial number is 1247, there is an aivec error exception, core id is 3, error code = 0, dump info: pc start: 0x120041000a00, current: 0x120041001490, sc error info: 0xffffffffffff, su error info: 0xffd7df7e1fe2334c,0xc000005878009396, mte error info: 0x8508f00000020043, vec error info: 0x410062180031126e, cube error info: 0, l1 error info: 0, aic error mask: 0x395856, para base: 0x120000200000, mte error: 0, aic cond: 0.
The extend info: errcode:(0) errorStr: timeout or trap error. subErrType: 0x4.
For details, see the troubleshooting document on the Ascend official website. Search for the keyword "AI Core Error".[FUNC:ProcessDavidStarsCoreErrorInfo][FILE:device_error_proc_c.cc][LINE:716]
       The error from device(chipId:0, dieId:0), serial number is 1247, there is an aivec error exception, core id is 4, error code = 0, dump info: pc start: 0x120041000a00, current: 0x120041001490, sc error info: 0xffffffffffff, su error info: 0xffffbb3f1eec334c,0xc0000058e800fff3, mte error info: 0x8508f80000020043, vec error info: 0x410062180031126e, cube error info: 0, l1 error info: 0, aic error mask: 0x395856, para base: 0x120000200000, mte error: 0, aic cond: 0.
The extend info: errcode:(0) errorStr: timeout or trap error. subErrType: 0x4.
For details, see the troubleshooting document on the Ascend official website. Search for the keyword "AI Core Error".[FUNC:ProcessDavidStarsCoreErrorInfo][FILE:device_error_proc_c.cc][LINE:716]
       The error from device(chipId:0, dieId:0), serial number is 1247, there is an aivec error exception, core id is 5, error code = 0, dump info: pc start: 0x120041000a00, current: 0x120041001490, sc error info: 0xffffffffffff, su error info: 0xddd7bff114fc334c,0xc0000058f0005dd9, mte error info: 0x8509000000020043, vec error info: 0x410062180031126e, cube error info: 0, l1 error info: 0, aic error mask: 0x395856, para base: 0x120000200000, mte error: 0, aic cond: 0.
The extend info: errcode:(0) errorStr: timeout or trap error. subErrType: 0x4.
For details, see the troubleshooting document on the Ascend official website. Search for the keyword "AI Core Error".[FUNC:ProcessDavidStarsCoreErrorInfo][FILE:device_error_proc_c.cc][LINE:716]
       The error from device(chipId:0, dieId:0), serial number is 1247, there is an aivec error exception, core id is 6, error code = 0, dump info: pc start: 0x120041000a00, current: 0x120041001490, sc error info: 0xffffffffffff, su error info: 0x96ffa7b12aea334c,0xc00000584800fbfb, mte error info: 0x8509080000020043, vec error info: 0x410062180031126e, cube error info: 0, l1 error info: 0, aic error mask: 0x395856, para base: 0x120000200000, mte error: 0, aic cond: 0.
The extend info: errcode:(0) errorStr: timeout or trap error. subErrType: 0x4.
For details, see the troubleshooting document on the Ascend official website. Search for the keyword "AI Core Error".[FUNC:ProcessDavidStarsCoreErrorInfo][FILE:device_error_proc_c.cc][LINE:716]
       The error from device(chipId:0, dieId:0), serial number is 1247, there is an aivec error exception, core id is 7, error code = 0, dump info: pc start: 0x120041000a00, current: 0x120041001490, sc error info: 0xffffffffffff, su error info: 0x95df5fbc193e334c,0xc0000058e000dfae, mte error info: 0x8509100000020043, vec error info: 0x410062180031126e, cube error info: 0, l1 error info: 0, aic error mask: 0x395856, para base: 0x120000200000, mte error: 0, aic cond: 0.
The extend info: errcode:(0) errorStr: timeout or trap error. subErrType: 0x4.
For details, see the troubleshooting document on the Ascend official website. Search for the keyword "AI Core Error".[FUNC:ProcessDavidStarsCoreErrorInfo][FILE:device_error_proc_c.cc][LINE:716]
       The error from device(chipId:0, dieId:0), serial number is 1247, there is an aivec error exception, core id is 8, error code = 0, dump info: pc start: 0x120041000a00, current: 0x120041001490, sc error info: 0xffffffffffff, su error info: 0xf797b3ef2bdc334c,0xc000005868003f74, mte error info: 0x8509187000020043, vec error info: 0x410062180031126e, cube error info: 0, l1 error info: 0, aic error mask: 0x395856, para base: 0x120000200000, mte error: 0, aic cond: 0.
The extend info: errcode:(0) errorStr: timeout or trap error. subErrType: 0x4.
For details, see the troubleshooting document on the Ascend official website. Search for the keyword "AI Core Error".[FUNC:ProcessDavidStarsCoreErrorInfo][FILE:device_error_proc_c.cc][LINE:716]
       The error from device(chipId:0, dieId:0), serial number is 1247, there is an aivec error exception, core id is 9, error code = 0, dump info: pc start: 0x120041000a00, current: 0x120041001490, sc error info: 0xffffffffffff, su error info: 0x7ef7f6ec35be334c,0xc00000587800fdfe, mte error info: 0x8509200000020043, vec error info: 0x410062180031126e, cube error info: 0, l1 error info: 0, aic error mask: 0x395856, para base: 0x120000200000, mte error: 0, aic cond: 0.
The extend info: errcode:(0) errorStr: timeout or trap error. subErrType: 0x4.
For details, see the troubleshooting document on the Ascend official website. Search for the keyword "AI Core Error".[FUNC:ProcessDavidStarsCoreErrorInfo][FILE:device_error_proc_c.cc][LINE:716]
       The error from device(chipId:0, dieId:0), serial number is 1247, there is an aivec error exception, core id is 10, error code = 0, dump info: pc start: 0x120041000a00, current: 0x120041001490, sc error info: 0xffffffffffff, su error info: 0xffd7a3d02af8334c,0xc0000058c800bfae, mte error info: 0x8509281000020043, vec error info: 0x410062180031126e, cube error info: 0, l1 error info: 0, aic error mask: 0x395856, para base: 0x120000200000, mte error: 0, aic cond: 0.
The extend info: errcode:(0) errorStr: timeout or trap error. subErrType: 0x4.
For details, see the troubleshooting document on the Ascend official website. Search for the keyword "AI Core Error".[FUNC:ProcessDavidStarsCoreErrorInfo][FILE:device_error_proc_c.cc][LINE:716]
       The error from device(chipId:0, dieId:0), serial number is 1247, there is an aivec error exception, core id is 11, error code = 0, dump info: pc start: 0x120041000a00, current: 0x120041001490, sc error info: 0xffffffffffff, su error info: 0xc4fffffd01fe334c,0xc0000058f00026fb, mte error info: 0x8509300000020043, vec error info: 0x410062180031126e, cube error info: 0, l1 error info: 0, aic error mask: 0x395856, para base: 0x120000200000, mte error: 0, aic cond: 0.
The extend info: errcode:(0) errorStr: timeout or trap error. subErrType: 0x4.
For details, see the troubleshooting document on the Ascend official website. Search for the keyword "AI Core Error".[FUNC:ProcessDavidStarsCoreErrorInfo][FILE:device_error_proc_c.cc][LINE:716]
       The error from device(chipId:0, dieId:0), serial number is 1247, there is an aivec error exception, core id is 12, error code = 0, dump info: pc start: 0x120041000a00, current: 0x120041001490, sc error info: 0xffffffffffff, su error info: 0x7f1ca5a5328e334c,0xc0000058c8004b70, mte error info: 0x8509380000020043, vec error info: 0x410062180031126e, cube error info: 0, l1 error info: 0, aic error mask: 0x395856, para base: 0x120000200000, mte error: 0, aic cond: 0.
The extend info: errcode:(0) errorStr: timeout or trap error. subErrType: 0x4.
For details, see the troubleshooting document on the Ascend official website. Search for the keyword "AI Core Error".[FUNC:ProcessDavidStarsCoreErrorInfo][FILE:device_error_proc_c.cc][LINE:716]
       The error from device(chipId:0, dieId:0), serial number is 1247, there is an aivec error exception, core id is 13, error code = 0, dump info: pc start: 0x120041000a00, current: 0x120041001490, sc error info: 0xffffffffffff, su error info: 0xa3777bf919fc334c,0xc00000582000bdff, mte error info: 0x8509400000020043, vec error info: 0x410062180031126e, cube error info: 0, l1 error info: 0, aic error mask: 0x395856, para base: 0x120000200000, mte error: 0, aic cond: 0.
The extend info: errcode:(0) errorStr: timeout or trap error. subErrType: 0x4.
For details, see the troubleshooting document on the Ascend official website. Search for the keyword "AI Core Error".[FUNC:ProcessDavidStarsCoreErrorInfo][FILE:device_error_proc_c.cc][LINE:716]
       The error from device(chipId:0, dieId:0), serial number is 1247, there is an aivec error exception, core id is 14, error code = 0, dump info: pc start: 0x120041000a00, current: 0x120041001490, sc error info: 0xffffffffffff, su error info: 0xc64f375f2f0c334c,0x81efff7fc800843e, mte error info: 0x8509480000020043, vec error info: 0x410062180031126e, cube error info: 0, l1 error info: 0, aic error mask: 0x395856, para base: 0x120000200000, mte error: 0, aic cond: 0.
The extend info: errcode:(0) errorStr: timeout or trap error. subErrType: 0x4.
For details, see the troubleshooting document on the Ascend official website. Search for the keyword "AI Core Error".[FUNC:ProcessDavidStarsCoreErrorInfo][FILE:device_error_proc_c.cc][LINE:716]
       The error from device(chipId:0, dieId:0), serial number is 1247, there is an aivec error exception, core id is 15, error code = 0, dump info: pc start: 0x120041000a00, current: 0x120041001490, sc error info: 0xffffffffffff, su error info: 0x34fffbfe3a2c334c,0xdbfd67df0000ddfe, mte error info: 0x8509500000020043, vec error info: 0x410062180031126e, cube error info: 0, l1 error info: 0, aic error mask: 0x395856, para base: 0x120000200000, mte error: 0, aic cond: 0.
The extend info: errcode:(0) errorStr: timeout or trap error. subErrType: 0x4.
For details, see the troubleshooting document on the Ascend official website. Search for the keyword "AI Core Error".[FUNC:ProcessDavidStarsCoreErrorInfo][FILE:device_error_proc_c.cc][LINE:716]
       The error from device(chipId:0, dieId:0), serial number is 1247, there is an aivec error exception, core id is 16, error code = 0, dump info: pc start: 0x120041000a00, current: 0x1200410015bc, sc error info: 0xffffffffffff, su error info: 0xbfce6ff529fc334c,0x147cf7732800fa3f, mte error info: 0x8509581000020043, vec error info: 0x410062180031126e, cube error info: 0, l1 error info: 0, aic error mask: 0x395856, para base: 0x120000200000, mte error: 0, aic cond: 0.
The extend info: errcode:(0) errorStr: timeout or trap error. subErrType: 0x4.
For details, see the troubleshooting document on the Ascend official website. Search for the keyword "AI Core Error".[FUNC:ProcessDavidStarsCoreErrorInfo][FILE:device_error_proc_c.cc][LINE:716]
       The error from device(chipId:0, dieId:0), serial number is 1247, there is an aivec error exception, core id is 17, error code = 0, dump info: pc start: 0x120041000a00, current: 0x1200410015bc, sc error info: 0xffffffffffff, su error info: 0x6fffbfff3938334c,0xbdfcc9e8f800fd7f, mte error info: 0x8509600000020043, vec error info: 0x410062180031126e, cube error info: 0, l1 error info: 0, aic error mask: 0x395856, para base: 0x120000200000, mte error: 0, aic cond: 0.
The extend info: errcode:(0) errorStr: timeout or trap error. subErrType: 0x4.
For details, see the troubleshooting document on the Ascend official website. Search for the keyword "AI Core Error".[FUNC:ProcessDavidStarsCoreErrorInfo][FILE:device_error_proc_c.cc][LINE:716]
       The error from device(chipId:0, dieId:0), serial number is 1247, there is an aivec error exception, core id is 18, error code = 0, dump info: pc start: 0x120041000a00, current: 0x120041001490, sc error info: 0xffffffffffff, su error info: 0xdba3fa9c23e0334c,0xf87fe5fc7800bf28, mte error info: 0x8509684000020043, vec error info: 0x410062180031126e, cube error info: 0, l1 error info: 0, aic error mask: 0x395856, para base: 0x120000200000, mte error: 0, aic cond: 0.
The extend info: errcode:(0) errorStr: timeout or trap error. subErrType: 0x4.
For details, see the troubleshooting document on the Ascend official website. Search for the keyword "AI Core Error".[FUNC:ProcessDavidStarsCoreErrorInfo][FILE:device_error_proc_c.cc][LINE:716]
       The error from device(chipId:0, dieId:0), serial number is 1247, there is an aivec error exception, core id is 19, error code = 0, dump info: pc start: 0x120041000a00, current: 0x120041001490, sc error info: 0xffffffffffff, su error info: 0xf66fdbb805b8334c,0xab276a1e2000dddb, mte error info: 0x8509700000020043, vec error info: 0x410062180031126e, cube error info: 0, l1 error info: 0, aic error mask: 0x395856, para base: 0x120000200000, mte error: 0, aic cond: 0.
The extend info: errcode:(0) errorStr: timeout or trap error. subErrType: 0x4.
For details, see the troubleshooting document on the Ascend official website. Search for the keyword "AI Core Error".[FUNC:ProcessDavidStarsCoreErrorInfo][FILE:device_error_proc_c.cc][LINE:716]
       The error from device(chipId:0, dieId:0), serial number is 1247, there is an aivec error exception, core id is 24, error code = 0, dump info: pc start: 0x120041000a00, current: 0x120041001490, sc error info: 0xffffffffffff, su error info: 0xfdf78fab1d7c334c,0x5c56f3ddf8004ff0, mte error info: 0x8509780000020043, vec error info: 0x410062180031126e, cube error info: 0, l1 error info: 0, aic error mask: 0x395856, para base: 0x120000200000, mte error: 0, aic cond: 0.
The extend info: errcode:(0) errorStr: timeout or trap error. subErrType: 0x4.
For details, see the troubleshooting document on the Ascend official website. Search for the keyword "AI Core Error".[FUNC:ProcessDavidStarsCoreErrorInfo][FILE:device_error_proc_c.cc][LINE:716]
       The error from device(chipId:0, dieId:0), serial number is 1247, there is an aivec error exception, core id is 25, error code = 0, dump info: pc start: 0x120041000a00, current: 0x120041001490, sc error info: 0xffffffffffff, su error info: 0x7a9daffc3bba334c,0x65d05736b8001774, mte error info: 0x8509801000020043, vec error info: 0x410062180031126e, cube error info: 0, l1 error info: 0, aic error mask: 0x395856, para base: 0x120000200000, mte error: 0, aic cond: 0.
The extend info: errcode:(0) errorStr: timeout or trap error. subErrType: 0x4.
For details, see the troubleshooting document on the Ascend official website. Search for the keyword "AI Core Error".[FUNC:ProcessDavidStarsCoreErrorInfo][FILE:device_error_proc_c.cc][LINE:716]
       The error from device(chipId:0, dieId:0), serial number is 1247, there is an aivec error exception, core id is 26, error code = 0, dump info: pc start: 0x120041000a00, current: 0x120041001490, sc error info: 0xffffffffffff, su error info: 0xf9aab8ee3bba334c,0x7dfff759c000f6db, mte error info: 0x8509880000020043, vec error info: 0x410062180031126e, cube error info: 0, l1 error info: 0, aic error mask: 0x395856, para base: 0x120000200000, mte error: 0, aic cond: 0.
The extend info: errcode:(0) errorStr: timeout or trap error. subErrType: 0x4.
For details, see the troubleshooting document on the Ascend official website. Search for the keyword "AI Core Error".[FUNC:ProcessDavidStarsCoreErrorInfo][FILE:device_error_proc_c.cc][LINE:716]
       The error from device(chipId:0, dieId:0), serial number is 1247, there is an aivec error exception, core id is 27, error code = 0, dump info: pc start: 0x120041000a00, current: 0x120041001490, sc error info: 0xffffffffffff, su error info: 0xfffbff1c3478334c,0x2174cd067000977f, mte error info: 0x8509901000020043, vec error info: 0x410062180031126e, cube error info: 0, l1 error info: 0, aic error mask: 0x395856, para base: 0x120000200000, mte error: 0, aic cond: 0.
The extend info: errcode:(0) errorStr: timeout or trap error. subErrType: 0x4.
For details, see the troubleshooting document on the Ascend official website. Search for the keyword "AI Core Error".[FUNC:ProcessDavidStarsCoreErrorInfo][FILE:device_error_proc_c.cc][LINE:716]
       The error from device(chipId:0, dieId:0), serial number is 1247, there is an aivec error exception, core id is 28, error code = 0, dump info: pc start: 0x120041000a00, current: 0x120041001490, sc error info: 0xffffffffffff, su error info: 0xbfffb7fc203e33e4,0x9dfce95cf000defe, mte error info: 0x8509980000020043, vec error info: 0x410062180031126e, cube error info: 0, l1 error info: 0, aic error mask: 0x395856, para base: 0x120000200000, mte error: 0, aic cond: 0.
The extend info: errcode:(0) errorStr: timeout or trap error. subErrType: 0x4.
For details, see the troubleshooting document on the Ascend official website. Search for the keyword "AI Core Error".[FUNC:ProcessDavidStarsCoreErrorInfo][FILE:device_error_proc_c.cc][LINE:716]
       The error from device(chipId:0, dieId:0), serial number is 1247, there is an aivec error exception, core id is 29, error code = 0, dump info: pc start: 0x120041000a00, current: 0x120041001490, sc error info: 0xffffffffffff, su error info: 0xaebe3f1d3ffc33e4,0x959076d97800dfda, mte error info: 0x8509a02000020043, vec error info: 0x410062180031126e, cube error info: 0, l1 error info: 0, aic error mask: 0x395856, para base: 0x120000200000, mte error: 0, aic cond: 0.
The extend info: errcode:(0) errorStr: timeout or trap error. subErrType: 0x4.
For details, see the troubleshooting document on the Ascend official website. Search for the keyword "AI Core Error".[FUNC:ProcessDavidStarsCoreErrorInfo][FILE:device_error_proc_c.cc][LINE:716]
       The error from device(chipId:0, dieId:0), serial number is 1247, there is an aivec error exception, core id is 30, error code = 0, dump info: pc start: 0x120041000a00, current: 0x120041001490, sc error info: 0xffffffffffff, su error info: 0x2ffaf1ec33fe33e4,0xeeb5f7fad800df9e, mte error info: 0x8509a80000020043, vec error info: 0x410062180031126e, cube error info: 0, l1 error info: 0, aic error mask: 0x395856, para base: 0x120000200000, mte error: 0, aic cond: 0.
The extend info: errcode:(0) errorStr: timeout or trap error. subErrType: 0x4.
For details, see the troubleshooting document on the Ascend official website. Search for the keyword "AI Core Error".[FUNC:ProcessDavidStarsCoreErrorInfo][FILE:device_error_proc_c.cc][LINE:716]
       The error from device(chipId:0, dieId:0), serial number is 1247, there is an aivec error exception, core id is 31, error code = 0, dump info: pc start: 0x120041000a00, current: 0x120041001490, sc error info: 0xffffffffffff, su error info: 0xaeefefad2ffa3484,0x77f77f76e8001fff, mte error info: 0x8509b00000020043, vec error info: 0x410062180031126e, cube error info: 0, l1 error info: 0, aic error mask: 0x395856, para base: 0x120000200000, mte error: 0, aic cond: 0.
The extend info: errcode:(0) errorStr: timeout or trap error. subErrType: 0x4.
For details, see the troubleshooting document on the Ascend official website. Search for the keyword "AI Core Error".[FUNC:ProcessDavidStarsCoreErrorInfo][FILE:device_error_proc_c.cc][LINE:716]
       The error from device(chipId:0, dieId:0), serial number is 1247, there is an aivec error exception, core id is 36, error code = 0, dump info: pc start: 0x120041000a00, current: 0x1200410015bc, sc error info: 0xffffffffffff, su error info: 0xbf5f7fe72bdc3484,0xc00000580800f58e, mte error info: 0x8509b80000020043, vec error info: 0x410062180031126e, cube error info: 0, l1 error info: 0, aic error mask: 0x395856, para base: 0x120000200000, mte error: 0, aic cond: 0.
The extend info: errcode:(0) errorStr: timeout or trap error. subErrType: 0x4.
For details, see the troubleshooting document on the Ascend official website. Search for the keyword "AI Core Error".[FUNC:ProcessDavidStarsCoreErrorInfo][FILE:device_error_proc_c.cc][LINE:716]
       The error from device(chipId:0, dieId:0), serial number is 1247, there is an aivec error exception, core id is 37, error code = 0, dump info: pc start: 0x120041000a00, current: 0x1200410015bc, sc error info: 0xffffffffffff, su error info: 0xf27c777c16883484,0xc0000058b0006ff9, mte error info: 0x8509c00000020043, vec error info: 0x410062180031126e, cube error info: 0, l1 error info: 0, aic error mask: 0x395856, para base: 0x120000200000, mte error: 0, aic cond: 0.
The extend info: errcode:(0) errorStr: timeout or trap error. subErrType: 0x4.
For details, see the troubleshooting document on the Ascend official website. Search for the keyword "AI Core Error".[FUNC:ProcessDavidStarsCoreErrorInfo][FILE:device_error_proc_c.cc][LINE:716]
       The error from device(chipId:0, dieId:0), serial number is 1247, there is an aivec error exception, core id is 38, error code = 0, dump info: pc start: 0x120041000a00, current: 0x120041001490, sc error info: 0xffffffffffff, su error info: 0xfcd7dff73bfa3484,0xc0000058c000ff0f, mte error info: 0x8509c80000020043, vec error info: 0x410062180031126e, cube error info: 0, l1 error info: 0, aic error mask: 0x395856, para base: 0x120000200000, mte error: 0, aic cond: 0.
The extend info: errcode:(0) errorStr: timeout or trap error. subErrType: 0x4.
For details, see the troubleshooting document on the Ascend official website. Search for the keyword "AI Core Error".[FUNC:ProcessDavidStarsCoreErrorInfo][FILE:device_error_proc_c.cc][LINE:716]
       The error from device(chipId:0, dieId:0), serial number is 1247, there is an aivec error exception, core id is 39, error code = 0, dump info: pc start: 0x120041000a00, current: 0x120041001490, sc error info: 0xffffffffffff, su error info: 0xfe7f6f65112834fa,0xc00000587000bf7e, mte error info: 0x8509d00000020043, vec error info: 0x410062180031126e, cube error info: 0, l1 error info: 0, aic error mask: 0x395856, para base: 0x120000200000, mte error: 0, aic cond: 0.
The extend info: errcode:(0) errorStr: timeout or trap error. subErrType: 0x4.
For details, see the troubleshooting document on the Ascend official website. Search for the keyword "AI Core Error".[FUNC:ProcessDavidStarsCoreErrorInfo][FILE:device_error_proc_c.cc][LINE:716]
       The error from device(chipId:0, dieId:0), serial number is 1247, there is an aivec error exception, core id is 40, error code = 0, dump info: pc start: 0x120041000a00, current: 0x120041001490, sc error info: 0xffffffffffff, su error info: 0xbfdff3c70bfa01de,0xc0000058f800fffc, mte error info: 0x8509d81000020043, vec error info: 0x410062180031126e, cube error info: 0, l1 error info: 0, aic error mask: 0x395856, para base: 0x120000200000, mte error: 0, aic cond: 0.
The extend info: errcode:(0) errorStr: timeout or trap error. subErrType: 0x4.
For details, see the troubleshooting document on the Ascend official website. Search for the keyword "AI Core Error".[FUNC:ProcessDavidStarsCoreErrorInfo][FILE:device_error_proc_c.cc][LINE:716]
       The error from device(chipId:0, dieId:0), serial number is 1247, there is an aivec error exception, core id is 41, error code = 0, dump info: pc start: 0x120041000a00, current: 0x120041001490, sc error info: 0xffffffffffff, su error info: 0xffef7eff3bf201de,0xc000005818005f69, mte error info: 0x8509e00000020043, vec error info: 0x410062180031126e, cube error info: 0, l1 error info: 0, aic error mask: 0x395856, para base: 0x120000200000, mte error: 0, aic cond: 0.
The extend info: errcode:(0) errorStr: timeout or trap error. subErrType: 0x4.
For details, see the troubleshooting document on the Ascend official website. Search for the keyword "AI Core Error".[FUNC:ProcessDavidStarsCoreErrorInfo][FILE:device_error_proc_c.cc][LINE:716]
       The error from device(chipId:0, dieId:0), serial number is 1247, there is an aivec error exception, core id is 44, error code = 0, dump info: pc start: 0x120041000a00, current: 0x120041001490, sc error info: 0xffffffffffff, su error info: 0xbfd3dbc539ba01de,0xc0000058780076cb, mte error info: 0x8509e80000020043, vec error info: 0x410062180031126e, cube error info: 0, l1 error info: 0, aic error mask: 0x395856, para base: 0x120000200000, mte error: 0, aic cond: 0.
The extend info: errcode:(0) errorStr: timeout or trap error. subErrType: 0x4.
For details, see the troubleshooting document on the Ascend official website. Search for the keyword "AI Core Error".[FUNC:ProcessDavidStarsCoreErrorInfo][FILE:device_error_proc_c.cc][LINE:716]
       The error from device(chipId:0, dieId:0), serial number is 1247, there is an aivec error exception, core id is 45, error code = 0, dump info: pc start: 0x120041000a00, current: 0x120041001490, sc error info: 0xffffffffffff, su error info: 0xf8de2bb52bea01de,0xc00000587800c9df, mte error info: 0x8509f00000020043, vec error info: 0x410062180031126e, cube error info: 0, l1 error info: 0, aic error mask: 0x395856, para base: 0x120000200000, mte error: 0, aic cond: 0.
The extend info: errcode:(0) errorStr: timeout or trap error. subErrType: 0x4.
For details, see the troubleshooting document on the Ascend official website. Search for the keyword "AI Core Error".[FUNC:ProcessDavidStarsCoreErrorInfo][FILE:device_error_proc_c.cc][LINE:716]
       The error from device(chipId:0, dieId:0), serial number is 1247, there is an aivec error exception, core id is 46, error code = 0, dump info: pc start: 0x120041000a00, current: 0x1200410015bc, sc error info: 0xffffffffffff, su error info: 0xd792babf3ffc01de,0xc0000058f800fef3, mte error info: 0x8509f82000020043, vec error info: 0x410062180031126e, cube error info: 0, l1 error info: 0, aic error mask: 0x395856, para base: 0x120000200000, mte error: 0, aic cond: 0.
The extend info: errcode:(0) errorStr: timeout or trap error. subErrType: 0x4.
For details, see the troubleshooting document on the Ascend official website. Search for the keyword "AI Core Error".[FUNC:ProcessDavidStarsCoreErrorInfo][FILE:device_error_proc_c.cc][LINE:716]
       The error from device(chipId:0, dieId:0), serial number is 1247, there is an aivec error exception, core id is 47, error code = 0, dump info: pc start: 0x120041000a00, current: 0x1200410015bc, sc error info: 0xffffffffffff, su error info: 0xd7fb579f392e01de,0xc0000058e000cbde, mte error info: 0x850a000000020043, vec error info: 0x410062180031126e, cube error info: 0, l1 error info: 0, aic error mask: 0x395856, para base: 0x120000200000, mte error: 0, aic cond: 0.
The extend info: errcode:(0) errorStr: timeout or trap error. subErrType: 0x4.
For details, see the troubleshooting document on the Ascend official website. Search for the keyword "AI Core Error".[FUNC:ProcessDavidStarsCoreErrorInfo][FILE:device_error_proc_c.cc][LINE:716]
       The error from device(chipId:0, dieId:0), serial number is 1247, there is an aivec error exception, core id is 48, error code = 0, dump info: pc start: 0x120041000a00, current: 0x120041001490, sc error info: 0xffffffffffff, su error info: 0x7ffff5702fe601de,0xc0000058d800eeff, mte error info: 0x850a080000020043, vec error info: 0x410062180031126e, cube error info: 0, l1 error info: 0, aic error mask: 0x395856, para base: 0x120000200000, mte error: 0, aic cond: 0.
The extend info: errcode:(0) errorStr: timeout or trap error. subErrType: 0x4.
For details, see the troubleshooting document on the Ascend official website. Search for the keyword "AI Core Error".[FUNC:ProcessDavidStarsCoreErrorInfo][FILE:device_error_proc_c.cc][LINE:716]
       The error from device(chipId:0, dieId:0), serial number is 1247, there is an aivec error exception, core id is 49, error code = 0, dump info: pc start: 0x120041000a00, current: 0x120041001490, sc error info: 0xffffffffffff, su error info: 0xff9b312e30da01de,0xc00000587000b957, mte error info: 0x850a103000020043, vec error info: 0x410062180031126e, cube error info: 0, l1 error info: 0, aic error mask: 0x395856, para base: 0x120000200000, mte error: 0, aic cond: 0.
The extend info: errcode:(0) errorStr: timeout or trap error. subErrType: 0x4.
For details, see the troubleshooting document on the Ascend official website. Search for the keyword "AI Core Error".[FUNC:ProcessDavidStarsCoreErrorInfo][FILE:device_error_proc_c.cc][LINE:716]
       The error from device(chipId:0, dieId:0), serial number is 1247, there is an aivec error exception, core id is 50, error code = 0, dump info: pc start: 0x120041000a00, current: 0x120041001490, sc error info: 0xffffffffffff, su error info: 0x5aeaffff19bc01de,0xc0000058e000b8b2, mte error info: 0x850a180000020043, vec error info: 0x410062180031126e, cube error info: 0, l1 error info: 0, aic error mask: 0x395856, para base: 0x120000200000, mte error: 0, aic cond: 0.
The extend info: errcode:(0) errorStr: timeout or trap error. subErrType: 0x4.
For details, see the troubleshooting document on the Ascend official website. Search for the keyword "AI Core Error".[FUNC:ProcessDavidStarsCoreErrorInfo][FILE:device_error_proc_c.cc][LINE:716]
       The error from device(chipId:0, dieId:0), serial number is 1247, there is an aivec error exception, core id is 51, error code = 0, dump info: pc start: 0x120041000a00, current: 0x120041001490, sc error info: 0xffffffffffff, su error info: 0x38f87e3a1c9c01de,0xc000005870005ffe, mte error info: 0x850a200000020043, vec error info: 0x410062180031126e, cube error info: 0, l1 error info: 0, aic error mask: 0x395856, para base: 0x120000200000, mte error: 0, aic cond: 0.
The extend info: errcode:(0) errorStr: timeout or trap error. subErrType: 0x4.
For details, see the troubleshooting document on the Ascend official website. Search for the keyword "AI Core Error".[FUNC:ProcessDavidStarsCoreErrorInfo][FILE:device_error_proc_c.cc][LINE:716]
       The error from device(chipId:0, dieId:0), serial number is 1247, there is an aivec error exception, core id is 52, error code = 0, dump info: pc start: 0x120041000a00, current: 0x120041001490, sc error info: 0xffffffffffff, su error info: 0xe8f2ef6d2fb201de,0xe4eb70d17000fc4f, mte error info: 0x850a280000020043, vec error info: 0x410062180031126e, cube error info: 0, l1 error info: 0, aic error mask: 0x395856, para base: 0x120000200000, mte error: 0, aic cond: 0.
The extend info: errcode:(0) errorStr: timeout or trap error. subErrType: 0x4.
For details, see the troubleshooting document on the Ascend official website. Search for the keyword "AI Core Error".[FUNC:ProcessDavidStarsCoreErrorInfo][FILE:device_error_proc_c.cc][LINE:716]
       The error from device(chipId:0, dieId:0), serial number is 1247, there is an aivec error exception, core id is 53, error code = 0, dump info: pc start: 0x120041000a00, current: 0x120041001490, sc error info: 0xffffffffffff, su error info: 0x6ef555e43bca01de,0x4ec06ae4f800ffdf, mte error info: 0x850a300000020043, vec error info: 0x410062180031126e, cube error info: 0, l1 error info: 0, aic error mask: 0x395856, para base: 0x120000200000, mte error: 0, aic cond: 0.
The extend info: errcode:(0) errorStr: timeout or trap error. subErrType: 0x4.
For details, see the troubleshooting document on the Ascend official website. Search for the keyword "AI Core Error".[FUNC:ProcessDavidStarsCoreErrorInfo][FILE:device_error_proc_c.cc][LINE:716]
       The error from device(chipId:0, dieId:0), serial number is 1247, there is an aivec error exception, core id is 54, error code = 0, dump info: pc start: 0x120041000a00, current: 0x120041001490, sc error info: 0xffffffffffff, su error info: 0xdb3bfad639c401de,0x77fddd9fe8007ffc, mte error info: 0x850a380000020043, vec error info: 0x410062180031126e, cube error info: 0, l1 error info: 0, aic error mask: 0x395856, para base: 0x120000200000, mte error: 0, aic cond: 0.
The extend info: errcode:(0) errorStr: timeout or trap error. subErrType: 0x4.
For details, see the troubleshooting document on the Ascend official website. Search for the keyword "AI Core Error".[FUNC:ProcessDavidStarsCoreErrorInfo][FILE:device_error_proc_c.cc][LINE:716]
       The error from device(chipId:0, dieId:0), serial number is 1247, there is an aivec error exception, core id is 55, error code = 0, dump info: pc start: 0x120041000a00, current: 0x120041001490, sc error info: 0xffffffffffff, su error info: 0x6d7edfbc3bfc01de,0xf1dfd6f7f000dfff, mte error info: 0x850a402000020043, vec error info: 0x410062180031126e, cube error info: 0, l1 error info: 0, aic error mask: 0x395856, para base: 0x120000200000, mte error: 0, aic cond: 0.
The extend info: errcode:(0) errorStr: timeout or trap error. subErrType: 0x4.
For details, see the troubleshooting document on the Ascend official website. Search for the keyword "AI Core Error".[FUNC:ProcessDavidStarsCoreErrorInfo][FILE:device_error_proc_c.cc][LINE:716]
       The error from device(chi[INFO] ASCENDCL(3904,m23_gdn_prefill_j12):2026-09-27-11:35:06.782.248 [stream.cpp:98]3904 aclrtDestroyStreamImpl: start to execute aclrtDestroyStream
[INFO] RUNTIME(3904,m23_gdn_prefill_j12):2026-09-27-11:35:06.782.255 [api_impl.cc:1536] 3904 StreamDestroy: stream_id=61.
[DEBUG] RUNTIME(3904,m23_gdn_prefill_j12):2026-09-27-11:35:06.782.260 [stream_state_callback_manager.cc:59] 3904 Notify:notify stream_id=61.
[INFO] RUNTIME(3904,m23_gdn_prefill_j12):2026-09-27-11:35:06.782.263 [stream_state_callback_manager.cc:66] 3904 Notify: No stream state callback function registered!
[INFO] RUNTIME(3904,m23_gdn_prefill_j12):2026-09-27-11:35:06.782.266 [stream_david.cc:506] 3904 TearDown: stream_id=61, sq_id=2, head=2, tail=2, isForceRecycle=0, flag=0, failMode=0.
[DEBUG] RUNTIME(3904,m23_gdn_prefill_j12):2026-09-27-11:35:06.782.270 [stream_sqcq_manage.cc:730] 3904 DelStreamIdToStream:stream_id=61.
[DEBUG] RUNTIME(3904,m23_gdn_prefill_j12):2026-09-27-11:35:06.782.283 [runtime.cc:5402] 3904 GetRuntimeStreamNum:StreamCnt=0
[INFO] RUNTIME(3904,m23_gdn_prefill_j12):2026-09-27-11:35:06.782.287 [stream_sqcq_manage.cc:690] 3904 FreeLogicCq: Return(0), threadIdentifier(140137576967872), devId(0), tsId(0), cqId(26065), isFastCq(0).
[INFO] RUNTIME(3904,m23_gdn_prefill_j12):2026-09-27-11:35:06.782.299 [npu_driver_res.cc:884] 3904 StreamUnBindLogicCq: success: deviceId=0, tsId=0, streamId=61, logicCq=26065.
[INFO] RUNTIME(3904,m23_gdn_prefill_j12):2026-09-27-11:35:06.782.314 [npu_driver_res.cc:1736] 3904 LogicCqFree: Succ:device_id=0,ts_id=0,type=2,logic_cq_id=26065, drvFlag=0.
[INFO] RUNTIME(3904,m23_gdn_prefill_j12):2026-09-27-11:35:06.782.317 [stream.cc:289] 3904 FreeStreamId: Free stream_id=61.
[DEBUG] RUNTIME(3904,m23_gdn_prefill_j12):2026-09-27-11:35:06.782.320 [stream_sqcq_manage.cc:399] 3904 DeAllocStreamSqCq:streamIdToSqIdMap remove:stream_id=61, sq_id=2, cq_id=4294967295.
[INFO] RUNTIME(3904,m23_gdn_prefill_j12):2026-09-27-11:35:06.782.322 [stream_sqcq_manage.cc:428] 3904 DeAllocStreamSqCq: deviceId=0, tsId=0, drvFlag=0
[INFO] RUNTIME(3904,m23_gdn_prefill_j12):2026-09-27-11:35:06.782.324 [npu_driver_res.cc:1618] 3904 NormalSqCqFree: Normal sqcq free, sqId=2, cqId=2, device_id=0, tsId=0, drvFlag=0
[INFO] RUNTIME(3904,m23_gdn_prefill_j12):2026-09-27-11:35:06.782.511 [npu_driver_res.cc:1626] 3904 NormalSqCqFree: Normal sqcq free success, sqId=2, cqId=2, device_id=0, tsId=0, drvFlag=0
[INFO] RUNTIME(3904,m23_gdn_prefill_j12):2026-09-27-11:35:06.782.514 [stream_sqcq_manage.cc:440] 3904 DeAllocStreamSqCq: [SqCqManage]success to release sq, sq_id=2, cq_id=2, stream_id=61, is_sq_need_release=1, drvFlag=0.
[INFO] RUNTIME(3904,m23_gdn_prefill_j12):2026-09-27-11:35:06.782.517 [npu_driver_res.cc:1192] 3904 StreamIdFree: stream id free begin, device_id=0, stream_id=61, ts_id=0, remote_stream_id=0
[INFO] RUNTIME(3904,m23_gdn_prefill_j12):2026-09-27-11:35:06.782.522 [npu_driver_res.cc:1201] 3904 StreamIdFree: Stream id free success, stream_id=61, device_id=0, tsId=0, streamFlag=0
[INFO] ASCENDCL(3904,m23_gdn_prefill_j12):2026-09-27-11:35:06.782.620 [stream.cpp:102]3904 aclrtDestroyStreamImpl: aclrtDestroyStream success
[INFO] ASCENDCL(3904,m23_gdn_prefill_j12):2026-09-27-11:35:06.782.625 [device.cpp:90]3904 aclrtResetDeviceImpl: start to execute aclrtResetDevice, deviceId = 0.
[DEBUG] RUNTIME(3904,m23_gdn_prefill_j12):2026-09-27-11:35:06.782.629 [npu_driver.cc:149] 3904 GetDeviceCount:device count=1.
[INFO] RUNTIME(3904,m23_gdn_prefill_j12):2026-09-27-11:35:06.782.631 [api_impl.cc:3528] 3904 DeviceReset: Reset device, drv devId=0.
[DEBUG] RUNTIME(3904,m23_gdn_prefill_j12):2026-09-27-11:35:06.782.634 [raw_device.cc:2239] 3904 WaitForParsePrintf:The print thread is not enabled.
[INFO] RUNTIME(3904,m23_gdn_prefill_j12):2026-09-27-11:35:06.782.636 [runtime.cc:2503] 3904 PrimaryContextRelease: Context TryDecRef, ts_id=0, count=0x8000000000000000, reset:1
[DEBUG] RUNTIME(3904,m23_gdn_prefill_j12):2026-09-27-11:35:06.782.639 [stream_state_callback_manager.cc:59] 3904 Notify:notify stream_id=63.
[INFO] RUNTIME(3904,m23_gdn_prefill_j12):2026-09-27-11:35:06.782.640 [stream_state_callback_manager.cc:66] 3904 Notify: No stream state callback function registered!
[DEBUG] RUNTIME(3904,m23_gdn_prefill_j12):2026-09-27-11:35:06.782.643 [device_state_callback_manager.cc:76] 3904 Notify:notify device:0 isOpen:true, notifyPos=1.
[DEBUG] RUNTIME(3904,m23_gdn_prefill_j12):2026-09-27-11:35:06.782.653 [memory_pool_manager.cc:118] 3904 TryRelease:TryRelease device memory, ptr=0x120041003000, size=12288.
[DEBUG] DRV(3904,m23_gdn_prefill_j12):2026-09-27-11:35:06.782.768 [svm_alloc.c:328][ascend][curpid:3904,3904][drv][devmm][halMemFreeInner]Free enter. (ptr=0x120000016000)
[INFO] RUNTIME(3904,m23_gdn_prefill_j12):2026-09-27-11:35:06.782.780 [runtime.cc:299] 3904 SetDevProfStatus: devProfStatus_=0, profConfigType=0
[INFO] RUNTIME(3904,m23_gdn_prefill_j12):2026-09-27-11:35:06.782.786 [task_res_da.cc:142] 3904 AllocTaskInfoAndPos: alloc taskinfo success, device_id=0, stream_id=62, pos=1, sqeNum=1, head=1, taskResATail=2, allocNum=2.
[DEBUG] RUNTIME(3904,m23_gdn_prefill_j12):2026-09-27-11:35:06.782.788 [task_david.cc:426] 3904 AllocTaskInfo:alloc taskinfo success, stream_id=62, task_id=1, task_sn=4.
[DEBUG] RUNTIME(3904,m23_gdn_prefill_j12):2026-09-27-11:35:06.782.791 [ringbuffer_maintain_task.cc:34] 3904 RingBufferMaintainTaskInit:Success to create device ringbuffer task
[DEBUG] RUNTIME(3904,m23_gdn_prefill_j12):2026-09-27-11:35:06.782.794 [model_execute_task_v200_base.cc:503] 3904 PrintDavidSqe:RingBufferMaintain: 00000203 00000004 00000007 00fd0053 00000000 00000000 00000000 00000000
[DEBUG] RUNTIME(3904,m23_gdn_prefill_j12):2026-09-27-11:35:06.782.797 [model_execute_task_v200_base.cc:503] 3904 PrintDavidSqe:RingBufferMaintain: 00000000 00000000 00000000 00000001 00000000 00000000 00000000 00000000
[INFO] RUNTIME(3904,m23_gdn_prefill_j12):2026-09-27-11:35:06.782.798 [ringbuffer_maintain_task_v200_base.cc:42] 3904 ConstructDavidSqeForRingBufferMaintainTask: RingBufferMaintainTask, device_id=0, stream_id=62, task_id=1
[INFO] RUNTIME(3904,m23_gdn_prefill_j12):2026-09-27-11:35:06.782.800 [stream_david.cc:719] 3904 StarsAddTaskToStream: single-operator stream, stream_id=62, task_id=1, task_sn=4, type=83(DEVICE_RINGBUFFER_CONTROL), sqe_num=1, device_id=0
[INFO] RUNTIME(3904,m23_gdn_prefill_j12):2026-09-27-11:35:06.782.804 [task_david.cc:583] 3904 DavidSendTask: device_id=0, ts_id=0, sq_id=1, stream_id=62, task_id=1, flip_num=0, task_sn=4, task_type=83(DEVICE_RINGBUFFER_CONTROL), drvRet=0.
[DEBUG] RUNTIME(3904,m23_gdn_prefill_j12):2026-09-27-11:35:06.782.905 [task_res_da.cc:79] 3904 GetTaskInfo:device_id=0, stream_id=62, taskId=2, head=1, tail=2, taskResAHead=1, taskResATail=2, taskInfo_id=0.
[DEBUG] RUNTIME(3904,m23_gdn_prefill_j12):2026-09-27-11:35:06.782.904 [task_res_da.cc:79] 3929 GetTaskInfo:device_id=0, stream_id=62, taskId=2, head=1, tail=2, taskResAHead=1, taskResATail=2, taskInfo_id=0.
[WARNING] RUNTIME(3904,m23_gdn_prefill_j12):2026-09-27-11:35:06.782.907 [task_res_da.cc:92] 3929 GetTaskInfo: taskId is invalid, device_id=0, stream_id=62, taskId=2, head=1, tail=2, taskResAHead=1, taskResATail=2, taskInfo_id=0.
[WARNING] RUNTIME(3904,m23_gdn_prefill_j12):2026-09-27-11:35:06.782.907 [task_res_da.cc:92] 3904 GetTaskInfo: taskId is invalid, device_id=0, stream_id=62, taskId=2, head=1, tail=2, taskResAHead=1, taskResATail=2, taskInfo_id=0.
[WARNING] RUNTIME(3904,m23_gdn_prefill_j12):2026-09-27-11:35:06.782.909 [stream_david.cc:1354] 3929 GetTaskIdByPos: taskInfo is null, pos=2
[WARNING] RUNTIME(3904,m23_gdn_prefill_j12):2026-09-27-11:35:06.782.909 [stream_david.cc:1354] 3904 GetTaskIdByPos: taskInfo is null, pos=2
[DEBUG] RUNTIME(3904,m23_gdn_prefill_j12):2026-09-27-11:35:06.782.912 [task_res_da.cc:79] 3904 GetTaskInfo:device_id=0, stream_id=62, taskId=1, head=1, tail=2, taskResAHead=1, taskResATail=2, taskInfo_id=1.
[DEBUG] RUNTIME(3904,m23_gdn_prefill_j12):2026-09-27-11:35:06.782.912 [task_res_da.cc:79] 3929 GetTaskInfo:device_id=0, stream_id=62, taskId=1, head=1, tail=2, taskResAHead=1, taskResATail=2, taskInfo_id=1.
[INFO] RUNTIME(3904,m23_gdn_prefill_j12):2026-09-27-11:35:06.782.914 [stream.cc:1826] 3904 GetFinishedTaskIdBySqHead: stream_id=62, sq_id=1, sqHead=2, nextTaskId=65535, finishedPos=1, endTaskId=1
[INFO] RUNTIME(3904,m23_gdn_prefill_j12):2026-09-27-11:35:06.782.914 [stream.cc:1826] 3929 GetFinishedTaskIdBySqHead: stream_id=62, sq_id=1, sqHead=2, nextTaskId=65535, finishedPos=1, endTaskId=1
[INFO] RUNTIME(3904,m23_gdn_prefill_j12):2026-09-27-11:35:06.782.916 [stream.cc:1949] 3904 SynchronizeImpl: device_id=0, stream_id=62, task_id=1 has been completed, no concerned cqe.
[DEBUG] RUNTIME(3904,m23_gdn_prefill_j12):2026-09-27-11:35:06.782.917 [task_res_da.cc:79] 3929 GetTaskInfo:device_id=0, stream_id=62, taskId=1, head=1, tail=2, taskResAHead=1, taskResATail=2, taskInfo_id=1.
[DEBUG] RUNTIME(3904,m23_gdn_prefill_j12):2026-09-27-11:35:06.782.919 [device_error_proc.cc:306] 3904 SendTaskToStopUseRingBuffer:End to send destroy task for deleting device ringbuffer.
[DEBUG] RUNTIME(3904,m23_gdn_prefill_j12):2026-09-27-11:35:06.782.920 [stream_david.cc:833] 3929 StarsGetPublicTaskHead:public task list null, stream_id=62, tailTaskId=1, publicHead=0, publicTail=0, taskResTail=2
[INFO] RUNTIME(3904,m23_gdn_prefill_j12):2026-09-27-11:35:06.782.921 [task_recycle_common_base.cc:67] 3929 GetPublicTask: public task proc down, stream_id=62, endTaskSqPos=1, delPos=0, retCode=0x7030008.
[INFO] RUNTIME(3904,m23_gdn_prefill_j12):2026-09-27-11:35:06.782.922 [task_recycle.cc:204] 3904 TaskReclaimAllStream: Travel all streams, num=2.
[INFO] RUNTIME(3904,m23_gdn_prefill_j12):2026-09-27-11:35:06.782.925 [task_res_da.cc:176] 3929 RecycleTaskInfo: recycle taskinfo success, pos=1, sqeNum=1, headBeforeRecycle=1, taskResAHead=2, tail=2, stream_id=62.
[INFO] RUNTIME(3904,m23_gdn_prefill_j12):2026-09-27-11:35:06.782.926 [stream_david.cc:506] 3904 TearDown: stream_id=63, sq_id=0, head=1, tail=1, isForceRecycle=1, flag=1, failMode=0.
[DEBUG] RUNTIME(3904,m23_gdn_prefill_j12):2026-09-27-11:35:06.782.927 [task_recycle_common_base.cc:207] 3929 TryReclaimToTask:finish stream_id=62, delPos=0.
[DEBUG] RUNTIME(3904,m23_gdn_prefill_j12):2026-09-27-11:35:06.782.929 [stream_sqcq_manage.cc:730] 3904 DelStreamIdToStream:stream_id=63.
[DEBUG] RUNTIME(3904,m23_gdn_prefill_j12):2026-09-27-11:35:06.782.930 [task_recycle_common_base.cc:283] 3929 FinishedTaskReclaim:recycle task, stream_id=62, limited=0, curPos=1, tarPos=2, recycleHead=2, task_type=83(DEVICE_RINGBUFFER_CONTROL).
[DEBUG] RUNTIME(3904,m23_gdn_prefill_j12):2026-09-27-11:35:06.782.941 [runtime.cc:5402] 3904 GetRuntimeStreamNum:StreamCnt=0
[INFO] RUNTIME(3904,m23_gdn_prefill_j12):2026-09-27-11:35:06.782.943 [stream_sqcq_manage.cc:690] 3904 FreeLogicCq: Return(0), threadIdentifier(140137576967872), devId(0), tsId(0), cqId(26063), isFastCq(0).
[INFO] RUNTIME(3904,m23_gdn_prefill_j12):2026-09-27-11:35:06.782.947 [npu_driver_res.cc:884] 3904 StreamUnBindLogicCq: success: deviceId=0, tsId=0, streamId=63, logicCq=26063.
[INFO] RUNTIME(3904,m23_gdn_prefill_j12):2026-09-27-11:35:06.782.956 [npu_driver_res.cc:1736] 3904 LogicCqFree: Succ:device_id=0,ts_id=0,type=2,logic_cq_id=26063, drvFlag=0.
[INFO] RUNTIME(3904,m23_gdn_prefill_j12):2026-09-27-11:35:06.782.958 [stream.cc:289] 3904 FreeStreamId: Free stream_id=63.
[DEBUG] RUNTIME(3904,m23_gdn_prefill_j12):2026-09-27-11:35:06.782.960 [stream_sqcq_manage.cc:399] 3904 DeAllocStreamSqCq:streamIdToSqIdMap remove:stream_id=63, sq_id=0, cq_id=4294967295.
[INFO] RUNTIME(3904,m23_gdn_prefill_j12):2026-09-27-11:35:06.782.963 [stream_sqcq_manage.cc:428] 3904 DeAllocStreamSqCq: deviceId=0, tsId=0, drvFlag=0
[INFO] RUNTIME(3904,m23_gdn_prefill_j12):2026-09-27-11:35:06.782.964 [npu_driver_res.cc:1618] 3904 NormalSqCqFree: Normal sqcq free, sqId=0, cqId=0, device_id=0, tsId=0, drvFlag=0
[INFO] RUNTIME(3904,m23_gdn_prefill_j12):2026-09-27-11:35:06.783.055 [npu_driver_res.cc:1626] 3904 NormalSqCqFree: Normal sqcq free success, sqId=0, cqId=0, device_id=0, tsId=0, drvFlag=0
[INFO] RUNTIME(3904,m23_gdn_prefill_j12):2026-09-27-11:35:06.783.058 [stream_sqcq_manage.cc:440] 3904 DeAllocStreamSqCq: [SqCqManage]success to release sq, sq_id=0, cq_id=0, stream_id=63, is_sq_need_release=1, drvFlag=0.
[INFO] RUNTIME(3904,m23_gdn_prefill_j12):2026-09-27-11:35:06.783.059 [npu_driver_res.cc:1192] 3904 StreamIdFree: stream id free begin, device_id=0, stream_id=63, ts_id=0, remote_stream_id=0
[INFO] RUNTIME(3904,m23_gdn_prefill_j12):2026-09-27-11:35:06.783.062 [npu_driver_res.cc:1201] 3904 StreamIdFree: Stream id free success, stream_id=63, device_id=0, tsId=0, streamFlag=1728
[DEBUG] DRV(3904,m23_gdn_prefill_j12):2026-09-27-11:35:06.783.403 [svm_alloc.c:328][ascend][curpid:3904,3904][drv][devmm][halMemFreeInner]Free enter. (ptr=0x12004ba00000)
[DEBUG] RUNTIME(3904,m23_gdn_prefill_j12):2026-09-27-11:35:06.783.416 [stars_arg_manager.cc:76] 3904 ReleaseArgRes:Release args stm pool mem, stream_id=63, device_id=0.
[DEBUG] RUNTIME(3904,m23_gdn_prefill_j12):2026-09-27-11:35:06.783.510 [device_error_proc.cc:403] 3904 DestroyDeviceRingBuffer:begin to delete device ringbuffer.
[DEBUG] DRV(3904,m23_gdn_prefill_j12):2026-09-27-11:35:06.783.512 [svm_alloc.c:328][ascend][curpid:3904,3904][drv][devmm][halMemFreeInner]Free enter. (ptr=0x12004c200000)
[DEBUG] RUNTIME(3904,m23_gdn_prefill_j12):2026-09-27-11:35:06.783.516 [raw_device.cc:922] 3904 FreeStackPhyBase:FreeStackPhyBase drv devId=0, stackPhyBase32k_=0xdffec0000000, drvMemCtrlHandle_=0x563c50cc5220, stackAddrIsDcache_=1.
[DEBUG] DRV(3904,m23_gdn_prefill_j12):2026-09-27-11:35:06.783.519 [svm_vmm.c:1615][ascend][curpid:3904,3904][drv][devmm][halMemUnmap]Vmm Unmap. (va=0xdffec0000000)
[DEBUG] DRV(3904,m23_gdn_prefill_j12):2026-09-27-11:35:06.783.989 [event_sched.c:368][ascend][curpid:3904,3904][drv][event-sche][esched_finish_call_back]Called the finish func.(dev_id=0; gid=50; tid=0; event_id=27; subevent_id=128).
[DEBUG] DRV(3904,m23_gdn_prefill_j12):2026-09-27-11:35:06.784.064 [svm_vmm.c:708][ascend][curpid:3904,3904][drv][devmm][halMemAddressFree]Vmm free. (Va=0xdffec0000000)
[DEBUG] DRV(3904,m23_gdn_prefill_j12):2026-09-27-11:35:06.784.071 [svm_vmm.c:909][ascend][curpid:3904,3904][drv][devmm][halMemReleaseInner]Vmm release. (handle_va=0x12004be00000; type=0; devid=0; key=0; pg_type=1)
[DEBUG] DRV(3904,m23_gdn_prefill_j12):2026-09-27-11:35:06.784.269 [event_sched.c:368][ascend][curpid:3904,3904][drv][event-sche][esched_finish_call_back]Called the finish func.(dev_id=0; gid=50; tid=0; event_id=27; subevent_id=135).
[DEBUG] RUNTIME(3904,m23_gdn_prefill_j12):2026-09-27-11:35:06.784.280 [raw_device.cc:938] 3904 FreeStackPhyBase:FreeStackPhyBase drv devId=0
[DEBUG] RUNTIME(3904,m23_gdn_prefill_j12):2026-09-27-11:35:06.784.283 [raw_device_adpt_david.cc:74] 3904 FreeSimtStackPhyBase:FreeStackPhyBase device_id=0, simtStackPhyBase_=0x120041200000.
[DEBUG] DRV(3904,m23_gdn_prefill_j12):2026-09-27-11:35:06.784.284 [svm_alloc.c:328][ascend][curpid:3904,3904][drv][devmm][halMemFreeInner]Free enter. (ptr=0x120041200000)
[DEBUG] DRV(3904,m23_gdn_prefill_j12):2026-09-27-11:35:06.784.558 [event_sched.c:368][ascend][curpid:3904,3904][drv][event-sche][esched_finish_call_back]Called the finish func.(dev_id=0; gid=50; tid=0; event_id=27; subevent_id=131).
[DEBUG] DRV(3904,m23_gdn_prefill_j12):2026-09-27-11:35:06.784.578 [svm_alloc.c:328][ascend][curpid:3904,3904][drv][devmm][halMemFreeInner]Free enter. (ptr=0x120000015000)
[INFO] RUNTIME(3904,m23_gdn_prefill_j12):2026-09-27-11:35:06.784.589 [stars_engine.cc:219] 3929 RecycleThreadRun: RecycleThreadRun thread leave.
[DEBUG] DRV(3904,m23_gdn_prefill_j12):2026-09-27-11:35:06.784.595 [event_sched.c:274][ascend][curpid:3904,3929][drv][event-sche][esched_thread_destructor]Free thread wait info node(dev_id=0; gid=50; tid=0).
[INFO] RUNTIME(3904,m23_gdn_prefill_j12):2026-09-27-11:35:06.784.630 [stars_engine.cc:198] 3904 DestroyRecycleThread: Stars engine joined recycle thread OK.
[INFO] RUNTIME(3904,m23_gdn_prefill_j12):2026-09-27-11:35:06.792.032 [global_state_manager.cc:132] 3927 DecBackgroundThreadCount: MonitoringRun thread does not need to be locked. Total:1
[INFO] RUNTIME(3904,m23_gdn_prefill_j12):2026-09-27-11:35:06.792.042 [stars_engine.cc:1849] 3927 MonitoringRun: Stars Monitor thread has finished, ts_id=0.
[INFO] RUNTIME(3904,m23_gdn_prefill_j12):2026-09-27-11:35:06.792.061 [stars_engine.cc:156] 3904 Stop: StarsEngine joined monitor thread OK.
[DEBUG] RUNTIME(3904,m23_gdn_prefill_j12):2026-09-27-11:35:06.792.066 [device_state_callback_manager.cc:60] 3904 ProfNotify:notify device:0 isOpen:0.
[INFO] PROFILING(3904,m23_gdn_prefill_j12):2026-09-27-11:35:06.792.079 [msprofiler_impl.cpp:355] (tid:3904) ProfNotifySetDevice, not on cmd mode or acl api not ready.
[INFO] RUNTIME(3904,m23_gdn_prefill_j12):2026-09-27-11:35:06.792.081 [runtime.cc:2824] 3904 DeviceRelease: device_id=0 stop profiling
[DEBUG] ATRACE(3904,m23_gdn_prefill_j12):2026-09-27-11:35:06.792.087 [tracer_core.c:90](tid:3904) AtraceDestroy [RUNTIME_ATRACE_DEV0_TS0].
[INFO] ATRACE(3904,m23_gdn_prefill_j12):2026-09-27-11:35:06.792.090 [tracer_mgr_operate.c:248](tid:3904) destroy object RUNTIME_ATRACE_DEV0_TS0, exitSave(false).
[DEBUG] ATRACE(3904,m23_gdn_prefill_j12):2026-09-27-11:35:06.792.094 [trace_event.c:247](tid:3904) delete event RUNTIME_ATRACE_DEV0_TS0 from event list
[DEBUG] RUNTIME(3904,m23_gdn_prefill_j12):2026-09-27-11:35:06.792.111 [device_sq_cq_pool.cc:24] 3904 ~DeviceSqCqPool:free sq cq pool deviceId=0, tsId=0, occupyList_size=0, freeList_size=0
[DEBUG] RUNTIME(3904,m23_gdn_prefill_j12):2026-09-27-11:35:06.792.114 [sq_addr_memory_pool.cc:52] 3904 ~SqAddrMemoryOrder:free sq addr order
[DEBUG] RUNTIME(3904,m23_gdn_prefill_j12):2026-09-27-11:35:06.792.116 [stream_sqcq_manage.cc:730] 3904 DelStreamIdToStream:stream_id=62.
[DEBUG] RUNTIME(3904,m23_gdn_prefill_j12):2026-09-27-11:35:06.792.118 [runtime.cc:5402] 3904 GetRuntimeStreamNum:StreamCnt=0
[INFO] RUNTIME(3904,m23_gdn_prefill_j12):2026-09-27-11:35:06.792.120 [stream_sqcq_manage.cc:690] 3904 FreeLogicCq: Return(0), threadIdentifier(140137576967872), devId(0), tsId(0), cqId(26064), isFastCq(0).
[INFO] RUNTIME(3904,m23_gdn_prefill_j12):2026-09-27-11:35:06.792.124 [npu_driver_res.cc:884] 3904 StreamUnBindLogicCq: success: deviceId=0, tsId=0, streamId=62, logicCq=26064.
[INFO] RUNTIME(3904,m23_gdn_prefill_j12):2026-09-27-11:35:06.792.132 [npu_driver_res.cc:1736] 3904 LogicCqFree: Succ:device_id=0,ts_id=0,type=2,logic_cq_id=26064, drvFlag=0.
[INFO] RUNTIME(3904,m23_gdn_prefill_j12):2026-09-27-11:35:06.792.134 [stream.cc:289] 3904 FreeStreamId: Free stream_id=62.
[DEBUG] RUNTIME(3904,m23_gdn_prefill_j12):2026-09-27-11:35:06.792.136 [stream_sqcq_manage.cc:399] 3904 DeAllocStreamSqCq:streamIdToSqIdMap remove:stream_id=62, sq_id=1, cq_id=4294967295.
[INFO] RUNTIME(3904,m23_gdn_prefill_j12):2026-09-27-11:35:06.792.138 [stream_sqcq_manage.cc:428] 3904 DeAllocStreamSqCq: deviceId=0, tsId=0, drvFlag=0
[INFO] RUNTIME(3904,m23_gdn_prefill_j12):2026-09-27-11:35:06.792.139 [npu_driver_res.cc:1618] 3904 NormalSqCqFree: Normal sqcq free, sqId=1, cqId=1, device_id=0, tsId=0, drvFlag=0
[INFO] RUNTIME(3904,m23_gdn_prefill_j12):2026-09-27-11:35:06.792.242 [npu_driver_res.cc:1626] 3904 NormalSqCqFree: Normal sqcq free success, sqId=1, cqId=1, device_id=0, tsId=0, drvFlag=0
[INFO] RUNTIME(3904,m23_gdn_prefill_j12):2026-09-27-11:35:06.792.244 [stream_sqcq_manage.cc:440] 3904 DeAllocStreamSqCq: [SqCqManage]success to release sq, sq_id=1, cq_id=1, stream_id=62, is_sq_need_release=1, drvFlag=0.
[INFO] RUNTIME(3904,m23_gdn_prefill_j12):2026-09-27-11:35:06.792.246 [npu_driver_res.cc:1192] 3904 StreamIdFree: stream id free begin, device_id=0, stream_id=62, ts_id=0, remote_stream_id=0
[INFO] RUNTIME(3904,m23_gdn_prefill_j12):2026-09-27-11:35:06.792.248 [npu_driver_res.cc:1201] 3904 StreamIdFree: Stream id free success, stream_id=62, device_id=0, tsId=0, streamFlag=64
[DEBUG] DRV(3904,m23_gdn_prefill_j12):2026-09-27-11:35:06.792.283 [svm_alloc.c:328][ascend][curpid:3904,3904][drv][devmm][halMemFreeInner]Free enter. (ptr=0x120040200000)
[DEBUG] DRV(3904,m23_gdn_prefill_j12):2026-09-27-11:35:06.792.327 [svm_alloc.c:328][ascend][curpid:3904,3904][drv][devmm][halMemFreeInner]Free enter. (ptr=0x120040a00000)
[DEBUG] DRV(3904,m23_gdn_prefill_j12):2026-09-27-11:35:06.792.649 [svm_alloc.c:328][ascend][curpid:3904,3904][drv][devmm][halMemFreeInner]Free enter. (ptr=0x120040c00000)
[DEBUG] DRV(3904,m23_gdn_prefill_j12):2026-09-27-11:35:06.793.285 [svm_alloc.c:328][ascend][curpid:3904,3904][drv][devmm][halMemFreeInner]Free enter. (ptr=0x120000005000)
[DEBUG] DRV(3904,m23_gdn_prefill_j12):2026-09-27-11:35:06.793.532 [svm_alloc.c:328][ascend][curpid:3904,3904][drv][devmm][halMemFreeInner]Free enter. (ptr=0x120000200000)
[DEBUG] DRV(3904,m23_gdn_prefill_j12):2026-09-27-11:35:06.793.581 [svm_alloc.c:328][ascend][curpid:3904,3904][drv][devmm][halMemFreeInner]Free enter. (ptr=0x120040000000)
[DEBUG] RUNTIME(3904,m23_gdn_prefill_j12):2026-09-27-11:35:06.793.586 [memory_pool_manager.cc:33] 3904 ~MemoryPoolManager:~MemoryPoolManager release device memory, size=1.
[DEBUG] DRV(3904,m23_gdn_prefill_j12):2026-09-27-11:35:06.793.589 [svm_alloc.c:328][ascend][curpid:3904,3904][drv][devmm][halMemFreeInner]Free enter. (ptr=0x120041000000)
[DEBUG] DRV(3904,m23_gdn_prefill_j12):2026-09-27-11:35:06.793.875 [event_sched.c:368][ascend][curpid:3904,3904][drv][event-sche][esched_finish_call_back]Called the finish func.(dev_id=0; gid=50; tid=0; event_id=27; subevent_id=131).
[INFO] RUNTIME(3904,m23_gdn_prefill_j12):2026-09-27-11:35:06.793.987 [stars_engine.cc:60] 3904 ~StarsEngine: Destructor.
[INFO] RUNTIME(3904,m23_gdn_prefill_j12):2026-09-27-11:35:06.793.989 [engine.cc:88] 3904 ~Engine: Destructor.
[DEBUG] DRV(3904,m23_gdn_prefill_j12):2026-09-27-11:35:06.793.992 [svm_alloc.c:328][ascend][curpid:3904,3904][drv][devmm][halMemFreeInner]Free enter. (ptr=0x120000000000)
[INFO] DRV(3904,m23_gdn_prefill_j12):2026-09-27-11:35:06.794.010 [queue_interface.c:969][ascend][curpid:3904,3904][drv][queuemng][queue_device_close]queue close finish. (dev_id=0)
[DEBUG] DRV(3904,m23_gdn_prefill_j12):2026-09-27-11:35:06.794.178 [svm_alloc.c:328][ascend][curpid:3904,3904][drv][devmm][halMemFreeInner]Free enter. (ptr=0x120000400000)
[DEBUG] DRV(3904,m23_gdn_prefill_j12):2026-09-27-11:35:06.794.253 [event_sched.c:368][ascend][curpid:3904,3904][drv][event-sche][esched_finish_call_back]Called the finish func.(dev_id=0; gid=50; tid=0; event_id=27; subevent_id=131).
[INFO] DRV(3904,m23_gdn_prefill_j12):2026-09-27-11:35:06.794.695 [esched_adapt.c:88][ascend][curpid:3904,3904][drv][event-sche][esched_dettach_device_inner]Attach refcnt--. (refcnt=4; dev_id=0)
[INFO] DRV(3904,m23_gdn_prefill_j12):2026-09-27-11:35:06.794.698 [esched_adapt.c:88][ascend][curpid:3904,3904][drv][event-sche][esched_dettach_device_inner]Attach refcnt--. (refcnt=3; dev_id=0)
[INFO] DRV(3904,m23_gdn_prefill_j12):2026-09-27-11:35:06.798.667 [trs_dev_drv.c:471][ascend][curpid:3904,3904][drv][tsdrv][drvDeviceCloseComm]Close success. (devid=0; fd=17; mmap_fd=18)
[DEBUG] DRV(3904,m23_gdn_prefill_j12):2026-09-27-11:35:06.799.139 [event_sched.c:368][ascend][curpid:3904,3904][drv][event-sche][esched_finish_call_back]Called the finish func.(dev_id=0; gid=50; tid=0; event_id=27; subevent_id=131).
[DEBUG] DRV(3904,m23_gdn_prefill_j12):2026-09-27-11:35:06.799.470 [event_sched.c:368][ascend][curpid:3904,3904][drv][event-sche][esched_finish_call_back]Called the finish func.(dev_id=0; gid=50; tid=0; event_id=27; subevent_id=131).
[DEBUG] DRV(3904,m23_gdn_prefill_j12):2026-09-27-11:35:06.799.739 [event_sched.c:368][ascend][curpid:3904,3904][drv][event-sche][esched_finish_call_back]Called the finish func.(dev_id=0; gid=50; tid=0; event_id=27; subevent_id=131).
[DEBUG] DRV(3904,m23_gdn_prefill_j12):2026-09-27-11:35:06.799.998 [event_sched.c:368][ascend][curpid:3904,3904][drv][event-sche][esched_finish_call_back]Called the finish func.(dev_id=0; gid=50; tid=0; event_id=27; subevent_id=131).
[INFO] DRV(3904,m23_gdn_prefill_j12):2026-09-27-11:35:06.800.024 [malloc_mng.c:729][ascend][curpid:3904,3904][drv][devmm][svm_recycle_mem_by_dev]Recycle success. (devid=0; recyle_num=9)
[DEBUG] DRV(3904,m23_gdn_prefill_j12):2026-09-27-11:35:06.800.029 [svm_urma_adapt_master_init.c:85][ascend][curpid:3904,3904][drv][devmm][svm_urma_seg_uninit]Urma seg uninit. (devid=0; va=0x100000000000; size=0x20000000000; user_devid=65)
[DEBUG] DRV(3904,m23_gdn_prefill_j12):2026-09-27-11:35:06.800.033 [svm_urma_adapt_master_init.c:85][ascend][curpid:3904,3904][drv][devmm][svm_urma_seg_uninit]Urma seg uninit. (devid=0; va=0x120000000000; size=0x4000000000; user_devid=65)
[DEBUG] DRV(3904,m23_gdn_prefill_j12):2026-09-27-11:35:06.800.036 [svm_urma_adapt_master_init.c:85][ascend][curpid:3904,3904][drv][devmm][svm_urma_seg_uninit]Urma seg uninit. (devid=0; va=0xdffec0000000; size=0x140000000; user_devid=65)
[DEBUG] DRV(3904,m23_gdn_prefill_j12):2026-09-27-11:35:06.800.145 [event_sched.c:368][ascend][curpid:3904,3904][drv][event-sche][esched_finish_call_back]Called the finish func.(dev_id=0; gid=50; tid=0; event_id=27; subevent_id=131).
[INFO] DRV(3904,m23_gdn_prefill_j12):2026-09-27-11:35:06.800.169 [svm_mem_stats_show.c:38][ascend][curpid:3904,3904][drv][devmm][module_mem_stats_show]MEM_HOST Mem stats (Bytes). (module_name=RUNTIME; module_id=7; current_alloced_size=0; allocated_peak_size=12288; alloc_cnt=2; free_cnt=2)
[INFO] DRV(3904,m23_gdn_prefill_j12):2026-09-27-11:35:06.800.173 [svm_mem_stats_show.c:38][ascend][curpid:3904,3904][drv][devmm][module_mem_stats_show]MEM_HOST Mem stats (Bytes). (module_name=DEVMM; module_id=22; current_alloced_size=524288; allocated_peak_size=524288; alloc_cnt=1; free_cnt=0)
[INFO] DRV(3904,m23_gdn_prefill_j12):2026-09-27-11:35:06.800.176 [svm_mem_stats_show.c:70][ascend][curpid:3904,3904][drv][devmm][cache_mem_stats_show]MEM_HOST Cached_size:1572864Bytes
[INFO] DRV(3904,m23_gdn_prefill_j12):2026-09-27-11:35:06.800.179 [svm_mem_stats_show.c:38][ascend][curpid:3904,3904][drv][devmm][module_mem_stats_show]MEM_DEV_SMALL_HBM dev0 Mem stats (Bytes). (module_name=RUNTIME; module_id=7; current_alloced_size=0; allocated_peak_size=94208; alloc_cnt=4; free_cnt=4)
[INFO] DRV(3904,m23_gdn_prefill_j12):2026-09-27-11:35:06.800.181 [svm_mem_stats_show.c:38][ascend][curpid:3904,3904][drv][devmm][module_mem_stats_show]MEM_DEV_SMALL_HBM dev0 Mem stats (Bytes). (module_name=APP; module_id=33; current_alloced_size=1581056; allocated_peak_size=1581056; alloc_cnt=8; free_cnt=6)
[INFO] DRV(3904,m23_gdn_prefill_j12):2026-09-27-11:35:06.800.184 [svm_mem_stats_show.c:70][ascend][curpid:3904,3904][drv][devmm][cache_mem_stats_show]MEM_DEV_SMALL_HBM dev0 Cached_size:2097152Bytes
[INFO] DRV(3904,m23_gdn_prefill_j12):2026-09-27-11:35:06.800.186 [svm_mem_stats_show.c:38][ascend][curpid:3904,3904][drv][devmm][module_mem_stats_show]MEM_DEV_HUGE_HBM dev0 Mem stats (Bytes). (module_name=RUNTIME; module_id=7; current_alloced_size=0; allocated_peak_size=203423744; alloc_cnt=8; free_cnt=8)
[INFO] DRV(3904,m23_gdn_prefill_j12):2026-09-27-11:35:06.800.188 [svm_mem_stats_show.c:38][ascend][curpid:3904,3904][drv][devmm][module_mem_stats_show]MEM_DEV_HUGE_HBM dev0 Mem stats (Bytes). (module_name=APP; module_id=33; current_alloced_size=308281344; allocated_peak_size=308281344; alloc_cnt=10; free_cnt=3)
[INFO] DRV(3904,m23_gdn_prefill_j12):2026-09-27-11:35:06.800.191 [svm_mem_stats_show.c:70][ascend][curpid:3904,3904][drv][devmm][cache_mem_stats_show]MEM_DEV_HUGE_HBM dev0 Cached_size:52428800Bytes
[INFO] DRV(3904,m23_gdn_prefill_j12):2026-09-27-11:35:06.800.193 [svm_mem_stats_show.c:38][ascend][curpid:3904,3904][drv][devmm][module_mem_stats_show]MEM_DEV_SMALL_P2P_HBM dev0 Mem stats (Bytes). (module_name=RUNTIME; module_id=7; current_alloced_size=0; allocated_peak_size=1048576; alloc_cnt=1; free_cnt=1)
[INFO] DRV(3904,m23_gdn_prefill_j12):2026-09-27-11:35:06.800.195 [svm_mem_stats_show.c:38][ascend][curpid:3904,3904][drv][devmm][module_mem_stats_show]MEM_DEV_SMALL_P2P_HBM dev0 Mem stats (Bytes). (module_name=TSDRV; module_id=23; current_alloced_size=0; allocated_peak_size=2097152; alloc_cnt=1; free_cnt=1)
[INFO] DRV(3904,m23_gdn_prefill_j12):2026-09-27-11:35:06.800.197 [svm_mem_stats_show.c:70][ascend][curpid:3904,3904][drv][devmm][cache_mem_stats_show]MEM_DEV_SMALL_P2P_HBM dev0 Cached_size:2097152Bytes
[INFO] DRV(3904,m23_gdn_prefill_j12):2026-09-27-11:35:06.800.199 [svm_mem_stats_show.c:38][ascend][curpid:3904,3904][drv][devmm][module_mem_stats_show]MEM_DEV_HUGE_P2P_HBM dev0 Mem stats (Bytes). (module_name=RUNTIME; module_id=7; current_alloced_size=0; allocated_peak_size=4194304; alloc_cnt=1; free_cnt=1)
[INFO] DRV(3904,m23_gdn_prefill_j12):2026-09-27-11:35:06.800.202 [svm_mem_stats_show.c:70][ascend][curpid:3904,3904][drv][devmm][cache_mem_stats_show]MEM_DEV_HUGE_P2P_HBM dev0 Cached_size:4194304Bytes
[DEBUG] DRV(3904,m23_gdn_prefill_j12):2026-09-27-11:35:06.800.486 [event_sched.c:368][ascend][curpid:3904,3904][drv][event-sche][esched_finish_call_back]Called the finish func.(dev_id=0; gid=50; tid=0; event_id=27; subevent_id=143).
[DEBUG] DRV(3904,m23_gdn_prefill_j12):2026-09-27-11:35:06.801.115 [event_sched.c:368][ascend][curpid:3904,3904][drv][event-sche][esched_finish_call_back]Called the finish func.(dev_id=0; gid=50; tid=0; event_id=27; subevent_id=131).
[DEBUG] DRV(3904,m23_gdn_prefill_j12):2026-09-27-11:35:06.801.355 [event_sched.c:368][ascend][curpid:3904,3904][drv][event-sche][esched_finish_call_back]Called the finish func.(dev_id=0; gid=50; tid=0; event_id=27; subevent_id=131).
[DEBUG] DRV(3904,m23_gdn_prefill_j12):2026-09-27-11:35:06.801.532 [event_sched.c:368][ascend][curpid:3904,3904][drv][event-sche][esched_finish_call_back]Called the finish func.(dev_id=0; gid=50; tid=0; event_id=27; subevent_id=131).
[DEBUG] DRV(3904,m23_gdn_prefill_j12):2026-09-27-11:35:06.801.818 [event_sched.c:368][ascend][curpid:3904,3904][drv][event-sche][esched_finish_call_back]Called the finish func.(dev_id=0; gid=50; tid=0; event_id=27; subevent_id=131).
[DEBUG] DRV(3904,m23_gdn_prefill_j12):2026-09-27-11:35:06.801.874 [event_sched.c:368][ascend][curpid:3904,3904][drv][event-sche][esched_finish_call_back]Called the finish func.(dev_id=0; gid=50; tid=0; event_id=27; subevent_id=131).
[DEBUG] DRV(3904,m23_gdn_prefill_j12):2026-09-27-11:35:06.802.101 [event_sched.c:368][ascend][curpid:3904,3904][drv][event-sche][esched_finish_call_back]Called the finish func.(dev_id=0; gid=50; tid=0; event_id=27; subevent_id=131).
[DEBUG] DRV(3904,m23_gdn_prefill_j12):2026-09-27-11:35:06.802.340 [event_sched.c:368][ascend][curpid:3904,3904][drv][event-sche][esched_finish_call_back]Called the finish func.(dev_id=0; gid=50; tid=0; event_id=27; subevent_id=131).
[DEBUG] DRV(3904,m23_gdn_prefill_j12):2026-09-27-11:35:06.802.623 [event_sched.c:368][ascend][curpid:3904,3904][drv][event-sche][esched_finish_call_back]Called the finish func.(dev_id=0; gid=50; tid=0; event_id=27; subevent_id=131).
[DEBUG] DRV(3904,m23_gdn_prefill_j12):2026-09-27-11:35:06.802.814 [event_sched.c:368][ascend][curpid:3904,3904][drv][event-sche][esched_finish_call_back]Called the finish func.(dev_id=0; gid=50; tid=0; event_id=27; subevent_id=131).
[DEBUG] DRV(3904,m23_gdn_prefill_j12):2026-09-27-11:35:06.803.210 [event_sched.c:368][ascend][curpid:3904,3904][drv][event-sche][esched_finish_call_back]Called the finish func.(dev_id=0; gid=50; tid=0; event_id=27; subevent_id=131).
[DEBUG] DRV(3904,m23_gdn_prefill_j12):2026-09-27-11:35:06.803.226 [va_reserve.c:414][ascend][curpid:3904,3904][drv][devmm][va_release_master]Master munmap. (start=0x120000000000; size=0x4000000000)
[DEBUG] DRV(3904,m23_gdn_prefill_j12):2026-09-27-11:35:06.803.540 [event_sched.c:368][ascend][curpid:3904,3904][drv][event-sche][esched_finish_call_back]Called the finish func.(dev_id=0; gid=50; tid=0; event_id=27; subevent_id=131).
[DEBUG] DRV(3904,m23_gdn_prefill_j12):2026-09-27-11:35:06.803.586 [va_reserve.c:726][ascend][curpid:3904,3904][drv][devmm][svm_release_va]Release va success. (va=0x120000000000)
[DEBUG] DRV(3904,m23_gdn_prefill_j12):2026-09-27-11:35:06.803.635 [event_sched.c:368][ascend][curpid:3904,3904][drv][event-sche][esched_finish_call_back]Called the finish func.(dev_id=0; gid=50; tid=0; event_id=27; subevent_id=141).
[DEBUG] DRV(3904,m23_gdn_prefill_j12):2026-09-27-11:35:06.803.800 [event_sched.c:368][ascend][curpid:3904,3904][drv][event-sche][esched_finish_call_back]Called the finish func.(dev_id=0; gid=50; tid=0; event_id=27; subevent_id=141).
[DEBUG] DRV(3904,m23_gdn_prefill_j12):2026-09-27-11:35:06.804.533 [event_sched.c:368][ascend][curpid:3904,3904][drv][event-sche][esched_finish_call_back]Called the finish func.(dev_id=0; gid=50; tid=0; event_id=27; subevent_id=141).
[INFO] DRV(3904,m23_gdn_prefill_j12):2026-09-27-11:35:06.805.427 [drv_share_log.c:229][ascend][curpid:3904,3904][drv][devmm][share_log_read_in_single_module]Release. (udevid=1; tgid=3198692; ret=0)
[DEBUG] DRV(3904,m23_gdn_prefill_j12):2026-09-27-11:35:06.805.431 [svm_ioctl.c:281][ascend][curpid:3904,3904][drv][devmm][svm_ioctl_dev_uninit]Close fd. (pid=3904; devid=0)
[INFO] DRV(3904,m23_gdn_prefill_j12):2026-09-27-11:35:06.805.434 [svm_master_init.c:83][ascend][curpid:3904,3904][drv][devmm][svm_device_close_locked]Close success. (devid=0)
[INFO] DRV(3904,m23_gdn_prefill_j12):2026-09-27-11:35:06.805.436 [esched_adapt.c:88][ascend][curpid:3904,3904][drv][event-sche][esched_dettach_device_inner]Attach refcnt--. (refcnt=2; dev_id=0)
[INFO] DRV(3904,m23_gdn_prefill_j12):2026-09-27-11:35:06.815.780 [event_sched.c:1519][ascend][curpid:3904,3904][drv][event-sche][esched_device_close]Close success. (dev_id=0)
[INFO] RUNTIME(3904,m23_gdn_prefill_j12):2026-09-27-11:35:06.815.783 [npu_driver.cc:402] 3904 DeviceClose: Close device success, device_id=0, tsId=0.
[INFO] RUNTIME(3904,m23_gdn_prefill_j12):2026-09-27-11:35:06.815.792 [raw_device.cc:164] 3904 ~Device: device destructor.
[DEBUG] RUNTIME(3904,m23_gdn_prefill_j12):2026-09-27-11:35:06.815.795 [runtime.cc:2001] 3904 StopAicpuExecutor:TsdClose devId=0
[INFO] TDT(3904,m23_gdn_prefill_j12):2026-09-27-11:35:06.815.800 [process_mode_manager.cpp:2030][ParseTsdCloseFlag][tid:3904] Parse tsd close flag [0]
[INFO] TDT(3904,m23_gdn_prefill_j12):2026-09-27-11:35:06.815.803 [process_mode_manager.cpp:231][Close][tid:3904] [TsdClient] Close [deviceId=0][sessionId=1] hccp and computer enter
[INFO] TDT(3904,m23_gdn_prefill_j12):2026-09-27-11:35:06.815.809 [version_verify.cpp:117][SpecialFeatureCheck][tid:3904] VersionVerify: previous type[7], supported
[INFO] TDT(3904,m23_gdn_prefill_j12):2026-09-27-11:35:06.815.888 [process_mode_manager.cpp:235][Close][tid:3904] [TsdClient][deviceId=0] [sessionId=1] wait hccp and computer process close response
[INFO] TDT(3904,m23_gdn_prefill_j12):2026-09-27-11:35:06.815.891 [hdc_client.cpp:116][CommRecvData][tid:3904] recv timeout is:150000 ms
[INFO] TDT(3904,m23_gdn_prefill_j12):2026-09-27-11:35:09.758.828 [process_mode_msg_parse.cpp:147][ServerToClientMsgProc][tid:3904] [ServerToClientMsgProc] [sessionID=1]
[INFO] TDT(3904,m23_gdn_prefill_j12):2026-09-27-11:35:09.758.852 [process_mode_msg_parse.cpp:142][DeviceMsgProcess][tid:3904] [TsdClient] DeviceMsgProc recvMsg realDeviceId[0] msgType[9] localDevId[0] rspCode[0]heterogeneousSubPid[0], tsdSupportLevel_[447]
[INFO] TDT(3904,m23_gdn_prefill_j12):2026-09-27-11:35:09.758.856 [hdc_client.cpp:134][CommRecvData][tid:3904] [deviceId=0] the Tsd recv data already
[INFO] TDT(3904,m23_gdn_prefill_j12):2026-09-27-11:35:09.758.862 [process_mode_manager.cpp:238][Close][tid:3904] [TsdClient][logicDeviceId_=0]has recv close hccp and computer process response
[INFO] TDT(3904,m23_gdn_prefill_j12):2026-09-27-11:35:09.758.865 [hdc_client.cpp:395][CommDestroy][tid:3904] enter HdcClient::CommDestroy() function
[INFO] DRV(3904,m23_gdn_prefill_j12):2026-09-27-11:35:09.758.872 [hdc_client.c:434][ascend][curpid:3904,3904][drv][hdc][drv_hdc_client_session_close]Destroy client session. (sock=11846)
[DEBUG] DRV(3904,m23_gdn_prefill_j12):2026-09-27-11:35:09.764.683 [hdc_client.c:264][ascend][curpid:3904,3904][drv][hdc][drv_hdc_client_free_session]Client free session.
[INFO] TDT(3904,m23_gdn_prefill_j12):2026-09-27-11:35:09.764.688 [hdc_client.cpp:378][DestroyClient][tid:3904] begin drvHdcClientDestroy
[DEBUG] DRV(3904,m23_gdn_prefill_j12):2026-09-27-11:35:09.764.693 [hdc_client.c:184][ascend][curpid:3904,3904][drv][hdc][drvHdcClientDestroy]Destroy client.
[INFO] TDT(3904,m23_gdn_prefill_j12):2026-09-27-11:35:09.764.696 [hdc_client.cpp:383][DestroyClient][tid:3904] end drvHdcClientDestroy
[INFO] TDT(3904,m23_gdn_prefill_j12):2026-09-27-11:35:09.764.698 [hdc_client.cpp:354][ClearClientPtr][tid:3904] begin HdcClient::ClearClientPtr
[INFO] TDT(3904,m23_gdn_prefill_j12):2026-09-27-11:35:09.764.701 [hdc_client.cpp:369][ClearClientPtr][tid:3904] end HdcClient::ClearClientPtr
[INFO] TDT(3904,m23_gdn_prefill_j12):2026-09-27-11:35:09.764.703 [hdc_client.cpp:402][CommDestroy][tid:3904] end HdcClient::CommDestroy() function
[INFO] TDT(3904,m23_gdn_prefill_j12):2026-09-27-11:35:09.764.709 [process_mode_manager.cpp:255][Close][tid:3904] [TsdClient][deviceId=0] [sessionId=1] close hccp and computer process success
[INFO] RUNTIME(3904,m23_gdn_prefill_j12):2026-09-27-11:35:09.764.713 [runtime.cc:2027] 3904 StopAicpuExecutor: TsdClose success, userDeviceId=0, devId=0, tdt status=0
[INFO] ATRACE(3904,m23_gdn_prefill_j12):2026-09-27-11:35:09.764.724 [atrace_client_communication.c:141](tid:3904) send [end] msg.
[DEBUG] DRV(3904,m23_gdn_prefill_j12):2026-09-27-11:35:09.764.735 [hdc_client.c:108][ascend][curpid:3904,3904][drv][hdc][drvHdcClientCreate]Create client success.
[DEBUG] DRV(3904,m23_gdn_prefill_j12):2026-09-27-11:35:09.764.738 [hdc_client.c:240][ascend][curpid:3904,3904][drv][hdc][drv_hdc_client_alloc_session]Client alloc session success.
[INFO] DRV(3904,m23_gdn_prefill_j12):2026-09-27-11:35:09.766.217 [hdc_core.c:1733][ascend][curpid:3904,3904][drv][hdc][drvHdcSetSessionReference]Get pid number. (session=11847; pid=3904)
[INFO] DRV(3904,m23_gdn_prefill_j12):2026-09-27-11:35:09.766.787 [hdc_client.c:434][ascend][curpid:3904,3904][drv][hdc][drv_hdc_client_session_close]Destroy client session. (sock=11847)
[DEBUG] DRV(3904,m23_gdn_prefill_j12):2026-09-27-11:35:09.770.105 [hdc_client.c:264][ascend][curpid:3904,3904][drv][hdc][drv_hdc_client_free_session]Client free session.
[DEBUG] DRV(3904,m23_gdn_prefill_j12):2026-09-27-11:35:09.770.109 [hdc_client.c:184][ascend][curpid:3904,3904][drv][hdc][drvHdcClientDestroy]Destroy client.
[INFO] ATRACE(3904,m23_gdn_prefill_j12):2026-09-27-11:35:09.770.111 [atrace_client_communication.c:164](tid:3904) send [end] msg successfully.
[INFO] DRV(3904,m23_gdn_prefill_j12):2026-09-27-11:35:10.643.802 [hdc_client.c:434][ascend][curpid:3904,3910][drv][hdc][drv_hdc_client_session_close]Destroy client session. (sock=11845)
[DEBUG] DRV(3904,m23_gdn_prefill_j12):2026-09-27-11:35:10.643.828 [hdc_client.c:264][ascend][curpid:3904,3910][drv][hdc][drv_hdc_client_free_session]Client free session.
[DEBUG] DRV(3904,m23_gdn_prefill_j12):2026-09-27-11:35:10.643.833 [hdc_client.c:184][ascend][curpid:3904,3910][drv][hdc][drvHdcClientDestroy]Destroy client.
[INFO] ATRACE(3904,m23_gdn_prefill_j12):2026-09-27-11:35:10.643.836 [atrace_client_core.c:127](tid:3910) atrace receive thread exited, devId=0.
[INFO] ATRACE(3904,m23_gdn_prefill_j12):2026-09-27-11:35:10.643.866 [atrace_client_core.c:176](tid:3904) stop to receive device[0] trace log.
[DEBUG] DRV(3904,m23_gdn_prefill_j12):2026-09-27-11:35:10.643.884 [hdc_client.c:240][ascend][curpid:3904,3904][drv][hdc][drv_hdc_client_alloc_session]Client alloc session success.
[INFO] DRV(3904,m23_gdn_prefill_j12):2026-09-27-11:35:10.644.879 [hdc_core.c:1733][ascend][curpid:3904,3904][drv][hdc][drvHdcSetSessionReference]Get pid number. (session=11848; pid=3904)
[INFO] DRV(3904,m23_gdn_prefill_j12):2026-09-27-11:35:10.645.355 [hdc_client.c:434][ascend][curpid:3904,3904][drv][hdc][drv_hdc_client_session_close]Destroy client session. (sock=11848)
[DEBUG] DRV(3904,m23_gdn_prefill_j12):2026-09-27-11:35:10.645.706 [hdc_client.c:264][ascend][curpid:3904,3904][drv][hdc][drv_hdc_client_free_session]Client free session.
[INFO] DRV(3904,m23_gdn_prefill_j12):2026-09-27-11:35:11.239.203 [hdc_client.c:434][ascend][curpid:3904,3907][drv][hdc][drv_hdc_client_session_close]Destroy client session. (sock=11843)
[DEBUG] DRV(3904,m23_gdn_prefill_j12):2026-09-27-11:35:11.240.086 [hdc_client.c:264][ascend][curpid:3904,3907][drv][hdc][drv_hdc_client_free_session]Client free session.
[DEBUG] RUNTIME(3904,m23_gdn_prefill_j12):2026-09-27-11:35:11.240.272 [device_state_callback_manager.cc:76] 3904 Notify:notify device:0 isOpen:false, notifyPos=2.
[INFO] PROFILING(3904,m23_gdn_prefill_j12):2026-09-27-11:35:11.240.296 [msprofiler_impl.cpp:355] (tid:3904) ProfNotifySetDevice, not on cmd mode or acl api not ready.
[INFO] RUNTIME(3904,m23_gdn_prefill_j12):2026-09-27-11:35:11.240.303 [api_impl.cc:3541] 3904 DeviceReset: Succ, drv devId=0.
[INFO] ASCENDCL(3904,m23_gdn_prefill_j12):2026-09-27-11:35:11.240.308 [device.cpp:92]3904 aclrtResetDeviceImpl: successfully execute aclrtResetDevice, reset device 0.
[INFO] ASCENDCL(3904,m23_gdn_prefill_j12):2026-09-27-11:35:11.240.321 [acl.cpp:606]3904 aclFinalizeImpl: start to execute aclFinalize
[INFO] ASCENDCL(3904,m23_gdn_prefill_j12):2026-09-27-11:35:11.240.325 [acl.cpp:529]3904 aclFinalizeInternal: start to execute aclFinalizeInternal
[DEBUG] DRV(3904,m23_gdn_prefill_j12):2026-09-27-11:35:11.240.364 [hdc_client.c:184][ascend][curpid:3904,3904][drv][hdc][drvHdcClientDestroy]Destroy client.
[INFO] ASCENDCL(3904,m23_gdn_prefill_j12):2026-09-27-11:35:11.240.372 [resource_statistics.cpp:113]3904 TraverseStatistics: The ResourceType:ACL_STATISTICS_MALLOC_FREE, applyTotal = 18, applySucc = 18, releaseTotal = 9, releaseSucc = 9
[INFO] ASCENDCL(3904,m23_gdn_prefill_j12):2026-09-27-11:35:11.240.376 [resource_statistics.cpp:113]3904 TraverseStatistics: The ResourceType:ACL_STATISTICS_MALLOC_FREE_HOST, applyTotal = 0, applySucc = 0, releaseTotal = 0, releaseSucc = 0
[INFO] ASCENDCL(3904,m23_gdn_prefill_j12):2026-09-27-11:35:11.240.380 [resource_statistics.cpp:113]3904 TraverseStatistics: The ResourceType:ACL_STATISTICS_CREATE_DESTROY_CONTEXT, applyTotal = 0, applySucc = 0, releaseTotal = 0, releaseSucc = 0
[INFO] ASCENDCL(3904,m23_gdn_prefill_j12):2026-09-27-11:35:11.240.382 [resource_statistics.cpp:113]3904 TraverseStatistics: The ResourceType:ACL_STATISTICS_SET_RESET_DEVICE, applyTotal = 1, applySucc = 1, releaseTotal = 1, releaseSucc = 1
[INFO] ASCENDCL(3904,m23_gdn_prefill_j12):2026-09-27-11:35:11.240.385 [resource_statistics.cpp:113]3904 TraverseStatistics: The ResourceType:ACL_STATISTICS_CREATE_DESTROY_EVENT, applyTotal = 0, applySucc = 0, releaseTotal = 0, releaseSucc = 0
[INFO] ASCENDCL(3904,m23_gdn_prefill_j12):2026-09-27-11:35:11.240.388 [resource_statistics.cpp:113]3904 TraverseStatistics: The ResourceType:ACL_STATISTICS_CREATE_DESTROY_STREAM, applyTotal = 1, applySucc = 1, releaseTotal = 1, releaseSucc = 1
[INFO] ASCENDCL(3904,m23_gdn_prefill_j12):2026-09-27-11:35:11.240.390 [resource_statistics.cpp:113]3904 TraverseStatistics: The ResourceType:ACL_STATISTICS_DVPP_MALLOC_FREE, applyTotal = 0, applySucc = 0, releaseTotal = 0, releaseSucc = 0
[INFO] ASCENDCL(3904,m23_gdn_prefill_j12):2026-09-27-11:35:11.240.393 [resource_statistics.cpp:113]3904 TraverseStatistics: The ResourceType:ACL_STATISTICS_RECORD_RESET_EVENT, applyTotal = 0, applySucc = 0, releaseTotal = 0, releaseSucc = 0
[INFO] ASCENDCL(3904,m23_gdn_prefill_j12):2026-09-27-11:35:11.240.395 [resource_statistics.cpp:113]3904 TraverseStatistics: The ResourceType:ACL_STATISTICS_CREATE_DESTROY_DATA_BUFFER, applyTotal = 0, applySucc = 0, releaseTotal = 0, releaseSucc = 0
[INFO] ASCENDCL(3904,m23_gdn_prefill_j12):2026-09-27-11:35:11.240.398 [resource_statistics.cpp:113]3904 TraverseStatistics: The ResourceType:ACL_STATISTICS_CREATE_DESTROY_TENSOR_DESC, applyTotal = 0, applySucc = 0, releaseTotal = 0, releaseSucc = 0
[INFO] ASCENDCL(3904,m23_gdn_prefill_j12):2026-09-27-11:35:11.240.401 [resource_statistics.cpp:113]3904 TraverseStatistics: The ResourceType:ACL_STATISTICS_CREATE_DESTROY_DESC, applyTotal = 0, applySucc = 0, releaseTotal = 0, releaseSucc = 0
[INFO] ASCENDCL(3904,m23_gdn_prefill_j12):2026-09-27-11:35:11.240.404 [resource_statistics.cpp:113]3904 TraverseStatistics: The ResourceType:ACL_STATISTICS_CREATE_DESTROY_DATASET, applyTotal = 0, applySucc = 0, releaseTotal = 0, releaseSucc = 0
[INFO] ASCENDCL(3904,m23_gdn_prefill_j12):2026-09-27-11:35:11.240.407 [resource_statistics.cpp:113]3904 TraverseStatistics: The ResourceType:ACL_STATISTICS_CREATE_LOAD_UNLOAD_MODEL, applyTotal = 0, applySucc = 0, releaseTotal = 0, releaseSucc = 0
[INFO] ASCENDCL(3904,m23_gdn_prefill_j12):2026-09-27-11:35:11.240.409 [resource_statistics.cpp:113]3904 TraverseStatistics: The ResourceType:ACL_STATISTICS_CREATE_DESTROY_AIPP, applyTotal = 0, applySucc = 0, releaseTotal = 0, releaseSucc = 0
[INFO] ASCENDCL(3904,m23_gdn_prefill_j12):2026-09-27-11:35:11.240.411 [resource_statistics.cpp:113]3904 TraverseStatistics: The ResourceType:ACL_STATISTICS_CREATE_DESTROY_ATTR, applyTotal = 0, applySucc = 0, releaseTotal = 0, releaseSucc = 0
[INFO] ASCENDCL(3904,m23_gdn_prefill_j12):2026-09-27-11:35:11.240.413 [resource_statistics.cpp:113]3904 TraverseStatistics: The ResourceType:ACL_STATISTICS_CREATE_DESTROY_HANDLE, applyTotal = 0, applySucc = 0, releaseTotal = 0, releaseSucc = 0
[INFO] ASCENDCL(3904,m23_gdn_prefill_j12):2026-09-27-11:35:11.240.416 [resource_statistics.cpp:113]3904 TraverseStatistics: The ResourceType:ACL_STATISTICS_CREATE_DESTROY_DVPP_CHANNEL_DESC, applyTotal = 0, applySucc = 0, releaseTotal = 0, releaseSucc = 0
[INFO] ASCENDCL(3904,m23_gdn_prefill_j12):2026-09-27-11:35:11.240.418 [resource_statistics.cpp:113]3904 TraverseStatistics: The ResourceType:ACL_STATISTICS_CREATE_DESTROY_DVPP_PIC_DESC, applyTotal = 0, applySucc = 0, releaseTotal = 0, releaseSucc = 0
[INFO] ASCENDCL(3904,m23_gdn_prefill_j12):2026-09-27-11:35:11.240.421 [resource_statistics.cpp:113]3904 TraverseStatistics: The ResourceType:ACL_STATISTICS_CREATE_DESTROY_DVPP_ROI_CONFIG, applyTotal = 0, applySucc = 0, releaseTotal = 0, releaseSucc = 0
[INFO] ASCENDCL(3904,m23_gdn_prefill_j12):2026-09-27-11:35:11.240.428 [resource_statistics.cpp:113]3904 TraverseStatistics: The ResourceType:ACL_STATISTICS_CREATE_DESTROY_DVPP_RESIZE_CONFIG, applyTotal = 0, applySucc = 0, releaseTotal = 0, releaseSucc = 0
[INFO] ASCENDCL(3904,m23_gdn_prefill_j12):2026-09-27-11:35:11.240.430 [resource_statistics.cpp:113]3904 TraverseStatistics: The ResourceType:ACL_STATISTICS_CREATE_DESTROY_DVPP_JPEGE_CONFIG, applyTotal = 0, applySucc = 0, releaseTotal = 0, releaseSucc = 0
[INFO] ASCENDCL(3904,m23_gdn_prefill_j12):2026-09-27-11:35:11.240.432 [resource_statistics.cpp:113]3904 TraverseStatistics: The ResourceType:ACL_STATISTICS_CREATE_DESTROY_VDEC_CHANNEL_DESC, applyTotal = 0, applySucc = 0, releaseTotal = 0, releaseSucc = 0
[INFO] ASCENDCL(3904,m23_gdn_prefill_j12):2026-09-27-11:35:11.240.435 [resource_statistics.cpp:113]3904 TraverseStatistics: The ResourceType:ACL_STATISTICS_CREATE_DESTROY_VENC_CHANNEL_DESC, applyTotal = 0, applySucc = 0, releaseTotal = 0, releaseSucc = 0
[INFO] ASCENDCL(3904,m23_gdn_prefill_j12):2026-09-27-11:35:11.240.438 [resource_statistics.cpp:113]3904 TraverseStatistics: The ResourceType:ACL_STATISTICS_CREATE_DESTROY_DVPP_STREAM_DESC, applyTotal = 0, applySucc = 0, releaseTotal = 0, releaseSucc = 0
[INFO] ASCENDCL(3904,m23_gdn_prefill_j12):2026-09-27-11:35:11.240.441 [resource_statistics.cpp:113]3904 TraverseStatistics: The ResourceType:ACL_STATISTICS_CREATE_DESTROY_VDEC_FRAME_CONFIG, applyTotal = 0, applySucc = 0, releaseTotal = 0, releaseSucc = 0
[INFO] ASCENDCL(3904,m23_gdn_prefill_j12):2026-09-27-11:35:11.240.444 [resource_statistics.cpp:113]3904 TraverseStatistics: The ResourceType:ACL_STATISTICS_CREATE_DESTROY_VENC_FRAME_CONFIG, applyTotal = 0, applySucc = 0, releaseTotal = 0, releaseSucc = 0
[INFO] ASCENDCL(3904,m23_gdn_prefill_j12):2026-09-27-11:35:11.240.446 [resource_statistics.cpp:113]3904 TraverseStatistics: The ResourceType:ACL_STATISTICS_CREATE_DESTROY_DVPP_CHANNEL, applyTotal = 0, applySucc = 0, releaseTotal = 0, releaseSucc = 0
[INFO] ASCENDCL(3904,m23_gdn_prefill_j12):2026-09-27-11:35:11.240.449 [resource_statistics.cpp:113]3904 TraverseStatistics: The ResourceType:ACL_STATISTICS_CREATE_DESTROY_VDEC_CHANNEL, applyTotal = 0, applySucc = 0, releaseTotal = 0, releaseSucc = 0
[INFO] ASCENDCL(3904,m23_gdn_prefill_j12):2026-09-27-11:35:11.240.451 [resource_statistics.cpp:113]3904 TraverseStatistics: The ResourceType:ACL_STATISTICS_CREATE_DESTROY_VENC_CHANNEL, applyTotal = 0, applySucc = 0, releaseTotal = 0, releaseSucc = 0
[INFO] ASCENDCL(3904,m23_gdn_prefill_j12):2026-09-27-11:35:11.240.454 [resource_statistics.cpp:113]3904 TraverseStatistics: The ResourceType:ACL_STATISTICS_CREATE_DESTROY_DVPP_BATCH_PIC_DESC, applyTotal = 0, applySucc = 0, releaseTotal = 0, releaseSucc = 0
[INFO] ASCENDCL(3904,m23_gdn_prefill_j12):2026-09-27-11:35:11.240.456 [resource_statistics.cpp:113]3904 TraverseStatistics: The ResourceType:ACL_STATISTICS_CREATE_DESTROY_GROUP_INFO, applyTotal = 0, applySucc = 0, releaseTotal = 0, releaseSucc = 0
[INFO] ASCENDCL(3904,m23_gdn_prefill_j12):2026-09-27-11:35:11.240.458 [resource_statistics.cpp:113]3904 TraverseStatistics: The ResourceType:ACL_STATISTICS_CREATE_DESTROY_PROF_CONFIG, applyTotal = 0, applySucc = 0, releaseTotal = 0, releaseSucc = 0
[INFO] ASCENDCL(3904,m23_gdn_prefill_j12):2026-09-27-11:35:11.240.461 [resource_statistics.cpp:113]3904 TraverseStatistics: The ResourceType:ACL_STATISTICS_CREATE_DESTROY_PROF_SUB_CONFIG, applyTotal = 0, applySucc = 0, releaseTotal = 0, releaseSucc = 0
[INFO] ASCENDCL(3904,m23_gdn_prefill_j12):2026-09-27-11:35:11.240.463 [resource_statistics.cpp:113]3904 TraverseStatistics: The ResourceType:ACL_STATISTICS_CREATE_DESTROY_MODEL_CONFIG, applyTotal = 0, applySucc = 0, releaseTotal = 0, releaseSucc = 0
[INFO] ASCENDCL(3904,m23_gdn_prefill_j12):2026-09-27-11:35:11.240.465 [resource_statistics.cpp:113]3904 TraverseStatistics: The ResourceType:ACL_STATISTICS_CREATE_DESTROY_QUEUE_ID, applyTotal = 0, applySucc = 0, releaseTotal = 0, releaseSucc = 0
[INFO] ASCENDCL(3904,m23_gdn_prefill_j12):2026-09-27-11:35:11.240.468 [resource_statistics.cpp:113]3904 TraverseStatistics: The ResourceType:ACL_STATISTICS_CREATE_DESTROY_QUEUE_ATTR, applyTotal = 0, applySucc = 0, releaseTotal = 0, releaseSucc = 0
[INFO] ASCENDCL(3904,m23_gdn_prefill_j12):2026-09-27-11:35:11.240.470 [resource_statistics.cpp:113]3904 TraverseStatistics: The ResourceType:ACL_STATISTICS_CREATE_DESTROY_QUEUE_ROUTE, applyTotal = 0, applySucc = 0, releaseTotal = 0, releaseSucc = 0
[INFO] ASCENDCL(3904,m23_gdn_prefill_j12):2026-09-27-11:35:11.240.472 [resource_statistics.cpp:113]3904 TraverseStatistics: The ResourceType:ACL_STATISTICS_CREATE_DESTROY_QUEUE_ROUTE_LIST, applyTotal = 0, applySucc = 0, releaseTotal = 0, releaseSucc = 0
[INFO] ASCENDCL(3904,m23_gdn_prefill_j12):2026-09-27-11:35:11.240.476 [resource_statistics.cpp:113]3904 TraverseStatistics: The ResourceType:ACL_STATISTICS_CREATE_DESTROY_QUEUE_ROUTE_QUERY, applyTotal = 0, applySucc = 0, releaseTotal = 0, releaseSucc = 0
[INFO] ASCENDCL(3904,m23_gdn_prefill_j12):2026-09-27-11:35:11.240.479 [resource_statistics.cpp:113]3904 TraverseStatistics: The ResourceType:ACL_STATISTICS_CREATE_DESTROY_MBUF, applyTotal = 0, applySucc = 0, releaseTotal = 0, releaseSucc = 0
[INFO] ASCENDCL(3904,m23_gdn_prefill_j12):2026-09-27-11:35:11.240.482 [resource_statistics.cpp:113]3904 TraverseStatistics: The ResourceType:ACL_STATISTICS_CREATE_DESTROY_GRAPH_DUMP_OPTION, applyTotal = 0, applySucc = 0, releaseTotal = 0, releaseSucc = 0
[INFO] ASCENDCL(3904,m23_gdn_prefill_j12):2026-09-27-11:35:11.240.485 [resource_statistics.cpp:113]3904 TraverseStatistics: The ResourceType:ACL_STATISTICS_CREATE_DESTROY_ALLOCATOR_DESC, applyTotal = 0, applySucc = 0, releaseTotal = 0, releaseSucc = 0
[INFO] ASCENDCL(3904,m23_gdn_prefill_j12):2026-09-27-11:35:11.240.488 [resource_statistics.cpp:113]3904 TraverseStatistics: The ResourceType:ACL_STATISTICS_CREATE_DESTROY_ALLOCATOR_BINARY_DESC, applyTotal = 0, applySucc = 0, releaseTotal = 0, releaseSucc = 0
[INFO] ASCENDCL(3904,m23_gdn_prefill_j12):2026-09-27-11:35:11.240.490 [resource_statistics.cpp:113]3904 TraverseStatistics: The ResourceType:ACL_STATISTICS_RESERVE_RELEASE_MEMORY_ADDRESS, applyTotal = 0, applySucc = 0, releaseTotal = 0, releaseSucc = 0
[INFO] ASCENDCL(3904,m23_gdn_prefill_j12):2026-09-27-11:35:11.240.492 [resource_statistics.cpp:113]3904 TraverseStatistics: The ResourceType:ACL_STATISTICS_MALLOC_FREE_PHYSICAL_MEMORY, applyTotal = 0, applySucc = 0, releaseTotal = 0, releaseSucc = 0
[INFO] ASCENDCL(3904,m23_gdn_prefill_j12):2026-09-27-11:35:11.240.495 [resource_statistics.cpp:113]3904 TraverseStatistics: The ResourceType:ACL_STATISTICS_MAP_UNMAP_MEMORY, applyTotal = 0, applySucc = 0, releaseTotal = 0, releaseSucc = 0
[INFO] ASCENDCL(3904,m23_gdn_prefill_j12):2026-09-27-11:35:11.240.497 [resource_statistics.cpp:113]3904 TraverseStatistics: The ResourceType:ACL_STATISTICS_LOAD_UNLOAD_BINARY, applyTotal = 0, applySucc = 0, releaseTotal = 0, releaseSucc = 0
[INFO] PROFILING(3904,m23_gdn_prefill_j12):2026-09-27-11:35:11.240.503 [dyn_prof_mgr.cpp:79] (tid:3904) Dynamic profiling task has not been started
[WARNING] PROFILING(3904,m23_gdn_prefill_j12):2026-09-27-11:35:11.240.505 [prof_acl_mgr.cpp:2456] (tid:3904) Skip profiling finalize process because current mode is not common or aclapi.
[INFO] ASCENDCL(3904,m23_gdn_prefill_j12):2026-09-27-11:35:11.240.511 [acl.cpp:340]3904 IsEnableAutoUCMemeory: auto-uc-memory is enabled.
[INFO] ASCENDCL(3904,m23_gdn_prefill_j12):2026-09-27-11:35:11.240.514 [acl.cpp:569]3904 aclFinalizeInternal: unregister kernel launch fill function in aclFinalize
[INFO] RUNTIME(3904,m23_gdn_prefill_j12):2026-09-27-11:35:11.240.522 [runtime.cc:4636] 3904 UnRegKernelLaunchFillFunc: unregister callback finish, symbol:g_opSystemRunCfg.
[INFO] ASCENDCL(3904,m23_gdn_prefill_j12):2026-09-27-11:35:11.240.525 [acl.cpp:600]3904 aclFinalizeInternal: execute aclFinalizeInternal successfully
[INFO] ASCENDCL(3904,m23_gdn_prefill_j12):2026-09-27-11:35:11.240.527 [acl.cpp:618]3904 aclFinalizeImpl: successfully execute aclFinalize
[INFO] PROFILING(3904,m23_gdn_prefill_j12):2026-09-27-11:35:11.240.532 [dyn_prof_mgr.cpp:79] (tid:3904) Dynamic profiling task has not been started
[INFO] RUNTIME(3904,m23_gdn_prefill_j12):2026-09-27-11:35:11.240.836 [osal.cc:354] 3904 ThreadExit: ThreadExit start.
[INFO] RUNTIME(3904,m23_gdn_prefill_j12):2026-09-27-11:35:11.240.840 [global_state_manager.cc:98] 3904 ForceUnlocked: already in RUNNING state, no action needed
[INFO] IDEDD(3904,m23_gdn_prefill_j12):2026-09-27-11:35:11.242.016 [kernel_dfx_dumper.cpp:151][tid:3904] Begin to stop the dfx dump task.
[INFO] RUNTIME(3904,m23_gdn_prefill_j12):2026-09-27-11:35:11.242.065 [runtime_keeper.cc:228] 3904 DestroyPoolRegistryImpl: Destroy PoolRegistry success.
[INFO] RUNTIME(3904,m23_gdn_prefill_j12):2026-09-27-11:35:11.242.070 [runtime_adapt.cc:58] 3904 ~Runtime: runtime destructor.
[INFO] RUNTIME(3904,m23_gdn_prefill_j12):2026-09-27-11:35:11.339.804 [global_state_manager.cc:132] 3928 DecBackgroundThreadCount: ReportRasRun thread does not need to be locked. Total:0
[INFO] RUNTIME(3904,m23_gdn_prefill_j12):2026-09-27-11:35:11.339.822 [runtime.cc:4967] 3928 ReportRasRun: Report ras thread exits normally!
[INFO] RUNTIME(3904,m23_gdn_prefill_j12):2026-09-27-11:35:11.339.855 [runtime.cc:4936] 3904 DestroyReportRasThread: Join report ras thread OK.
[INFO] RUNTIME(3904,m23_gdn_prefill_j12):2026-09-27-11:35:11.339.859 [runtime.cc:1340] 3904 WaitMonitorExit: wait monitor success, used count=0.
[DEBUG] RUNTIME(3904,m23_gdn_prefill_j12):2026-09-27-11:35:11.396.324 [runtime.cc:5356] 3904 DeleteModuleBackupPoint:Delete begin
[DEBUG] RUNTIME(3904,m23_gdn_prefill_j12):2026-09-27-11:35:11.396.330 [runtime.cc:5358] 3904 DeleteModuleBackupPoint:Delete finish
[INFO] RUNTIME(3904,m23_gdn_prefill_j12):2026-09-27-11:35:11.396.341 [tprt.cc:23][TPRT]TID[3904] ~TprtManage: ~TprtManage
[INFO] RUNTIME(3904,m23_gdn_prefill_j12):2026-09-27-11:35:11.396.344 [plugin_old_arch.cc:39] 3904 DestructorRuntimeImpl: RuntimeImpl destructor success
[INFO] RUNTIME(3904,m23_gdn_prefill_j12):2026-09-27-11:35:11.396.346 [runtime_keeper.cc:245] 3904 DestroyRuntimeImpl: Destroy Runtime success
[INFO] RUNTIME(3904,m23_gdn_prefill_j12):2026-09-27-11:35:11.396.363 [xpu_task_fail_callback_data_manager.cc:64] 3904 ~XpuTaskFailCallBackManager: XpuTaskFailCallBackManager Destructor.
[INFO] RUNTIME(3904,m23_gdn_prefill_j12):2026-09-27-11:35:11.396.365 [task_fail_callback_data_manager.cc:98] 3904 ~TaskFailCallBackManager: Destructor.
[INFO] ATRACE(3904,m23_gdn_prefill_j12):2026-09-27-11:35:11.396.389 [stacktrace_signal.c:199](tid:3904) unregister all signal handlers, can not capture signal.
[DEBUG] ATRACE(3904,m23_gdn_prefill_j12):2026-09-27-11:35:11.480.138 [trace_event.c:247](tid:3904) delete event trace_inner_event from event list
[INFO] ATRACE(3904,m23_gdn_prefill_j12):2026-09-27-11:35:11.480.149 [awatchdog_monitor.c:233](tid:3904) AwdMonitorExit
pId:0, dieId:0), serial number is 1247, there is an aivec error exception, core id is 56, error code = 0, dump info: pc start: 0x120041000a00, current: 0x120041001490, sc error info: 0xffffffffffff, su error info: 0xe4fa32553abe01de,0xde6515fec800bb1b, mte error info: 0x850a480000020043, vec error info: 0x410062180031126e, cube error info: 0, l1 error info: 0, aic error mask: 0x395856, para base: 0x120000200000, mte error: 0, aic cond: 0.
The extend info: errcode:(0) errorStr: timeout or trap error. subErrType: 0x4.
For details, see the troubleshooting document on the Ascend official website. Search for the keyword "AI Core Error".[FUNC:ProcessDavidStarsCoreErrorInfo][FILE:device_error_proc_c.cc][LINE:716]
       The error from device(chipId:0, dieId:0), serial number is 1247, there is an aivec error exception, core id is 57, error code = 0, dump info: pc start: 0x120041000a00, current: 0x120041001490, sc error info: 0xffffffffffff, su error info: 0xffb5ffdf298e01de,0x5fa58f9f0000ee9d, mte error info: 0x850a500000020043, vec error info: 0x410062180031126e, cube error info: 0, l1 error info: 0, aic error mask: 0x395856, para base: 0x120000200000, mte error: 0, aic cond: 0.
The extend info: errcode:(0) errorStr: timeout or trap error. subErrType: 0x4.
For details, see the troubleshooting document on the Ascend official website. Search for the keyword "AI Core Error".[FUNC:ProcessDavidStarsCoreErrorInfo][FILE:device_error_proc_c.cc][LINE:716]
       An error occurred in the kernel task, retCode=0x26, [aicore exception].[FUNC:PreCheckTaskErr][FILE:davinci_kernel_task.cc][LINE:1262]
       AI Core kernel task execution failed, retCode=0x26.[FUNC:GetError][FILE:stream.cc][LINE:1746]
       [AIC_INFO] after execute:args print end[FUNC:GetError][FILE:stream.cc][LINE:1746]
       [AIC_INFO] after execute:(no result)[FUNC:GetError][FILE:stream.cc][LINE:1746]
       [DFX_INFO]AI Core kernel execution failed, device_id=0, stream_id=61, report_stream_id=61, task_id=1, flip_num=0, fault kernel_name=_Z22m23_gdn_prefill_kernelPhS_S_S_S_S_S_S_S_jjjjf, fault kernel info ext=none, program id=0, hash=13344283972177065418.[FUNC:GetError][FILE:stream.cc][LINE:1746]
       rtStreamSynchronize execution failed, reason=aicore exception[FUNC:FuncErrorReason][FILE:error_message_manage.cc][LINE:69]

[M23] ===== FAILURES PRESENT（数值判据请运行 check_ref.py）=====
B_INNER_RC=1
