[m15] M25 48 层循环骨架：层类型 3:1（每 4 层 1 个 full attention 占位直通）；本次跑前 48 层，token 3，reps 10，权重=checkpoint，dump=关
[m15] 层类型模式（config.json: full_attention_interval=4, num_hidden_layers=48）： 36 GDN + 12 attention（与 config 逐层一致）
[m15] 核配置：28 AIC + 56 AIV（blockDim=28，__mix__(1,2)，核数由 API 获取）
[m15] device 缓冲：weights 4174.15 MB（36 层 × 115.95 MB）+ states 115.5 MB + ws 5.3 MB + MoE 权重 628.4 MB（48 层 × 13.09 MB）+ 融合 ws 12.94 MB（GDN 5.26 + MoE 7.69）
[m15] M58 hc 缓冲：权重 1318.63 MB（49 槽 × 26.91 MB/槽；49 = 48 个层槽（每层 2 个边界子槽 × 13.46 MB）+ 1 个全局 mixer 槽，该槽只用到 13.13 MB（norm+down+up），槽 stride 仍为 26.91 MB）+ hc ws 452.71 MB（52 槽 × 8.71 MB/槽 = 每层 2 块 + 3 块 scratch + 1 块全局 mixer ws）
[m15] M65 层链缓冲：pending BO 双缓冲 0.66 MB（2 块 × 327680 B）；三态入口平面复用 hc_hin
[m15] M82 attention cache 平面（跨 12 个 attention 层长寿，按第 k 层编址 k=0..11）：主 KV 50.53 MB（12 层 × 4.211 MB/层 = 257 页/层 × 16384 B）；compressed 3.16 MB（12 层 × 0.263 MB/层 = 1028 行/层 × 256 B）；raw ring 0.01344 MB（12 层 × 1120 B = 4 行/层 × 280 B）；packed 33.63 MB（4097 行 × 8208 B，**层间复用一块**）
[m15] 权重装载完成（真实 checkpoint 切片）：前 48 层内 36 个 GDN 层，4174.15 MB → device，耗时 14221.2 ms
[m15] MoE 段权重装载完成（真实 checkpoint 4 专家切片 + 真实共享专家）：48 层 × 13.09 MB = 628.4 MB → device，耗时 1106.3 ms
[m15] hc 段权重装载完成（真实 checkpoint（hc 权重不量化、原样消费））：本 run H2D 49 槽 × 26.91 MB/槽 = 1318.6 MB（48 个层槽，每层 2 个边界子槽 × 13.46 MB，+ 1 个全局 mixer 槽）；权重区分配 49 槽 × 26.91 MB/槽 = 1318.6 MB → device，耗时 1110.1 ms
[m15] sha256 自检（NIST 向量："abc" 与 1e6×'a'）：PASS

[m15] ===== 权重来源校验（review P2-1：in_proj/out_proj 独立字节级来源）=====
[m15]   W.src.L00 PASS (slot_ref=逐字节一致 in_proj=逐字节一致 out_proj=逐字节一致)
[m15]        in_proj  slot sha256=4be850f53b884949b3b9cb74675f0066d78e53e1ff3a58b117dcda5d125c205d  ckpt-source sha256=4be850f53b884949b3b9cb74675f0066d78e53e1ff3a58b117dcda5d125c205d
[m15]        out_proj slot sha256=61faf46f03e25a68c83cd45860b97bb50d834b30a200474b1a4d3de1aae5bcfe  ckpt-source sha256=61faf46f03e25a68c83cd45860b97bb50d834b30a200474b1a4d3de1aae5bcfe
[m15]   W.src.L01 PASS (slot_ref=逐字节一致 in_proj=逐字节一致 out_proj=逐字节一致)
[m15]        in_proj  slot sha256=7f1a59c50b2c5cc8f5b5d6faff984ea80f76210a90bd28579f60887be90d9249  ckpt-source sha256=7f1a59c50b2c5cc8f5b5d6faff984ea80f76210a90bd28579f60887be90d9249
[m15]        out_proj slot sha256=6718f11ec1b33d23be15e7bc83d84723f4ddff7cf485d015bfcff43d296a8034  ckpt-source sha256=6718f11ec1b33d23be15e7bc83d84723f4ddff7cf485d015bfcff43d296a8034
[m15]   W.src.L02 PASS (slot_ref=逐字节一致 in_proj=逐字节一致 out_proj=逐字节一致)
[m15]        in_proj  slot sha256=c3bcf921144e862eddccf7970b7e47de5106716d0ddf4bf542a18cd6ae883bb7  ckpt-source sha256=c3bcf921144e862eddccf7970b7e47de5106716d0ddf4bf542a18cd6ae883bb7
[m15]        out_proj slot sha256=ed42e0885ac9f2b73d0ede58ebdc126e1e9a22278c397e556836102a13bb4613  ckpt-source sha256=ed42e0885ac9f2b73d0ede58ebdc126e1e9a22278c397e556836102a13bb4613
[m15]   W.src.L04 PASS (slot_ref=逐字节一致 in_proj=逐字节一致 out_proj=逐字节一致)
[m15]        in_proj  slot sha256=5e0c066d40326c18f938197c48338df9d1d5132a8bd715860854989406b07e2a  ckpt-source sha256=5e0c066d40326c18f938197c48338df9d1d5132a8bd715860854989406b07e2a
[m15]        out_proj slot sha256=9c1ce966b07544cc46b3750315799c97dffdc97074bee6e08a495c5ffa94483a  ckpt-source sha256=9c1ce966b07544cc46b3750315799c97dffdc97074bee6e08a495c5ffa94483a
[m15]   W.src.L05 PASS (slot_ref=逐字节一致 in_proj=逐字节一致 out_proj=逐字节一致)
[m15]        in_proj  slot sha256=a23abd015d441f9ef5b55ef80a9748b712b92e5c13e48ef130e644b3eb1852b8  ckpt-source sha256=a23abd015d441f9ef5b55ef80a9748b712b92e5c13e48ef130e644b3eb1852b8
[m15]        out_proj slot sha256=c914dd9180a2933e4780f6689e225d7ea9b44d16c80ecf862c92760e73d8e375  ckpt-source sha256=c914dd9180a2933e4780f6689e225d7ea9b44d16c80ecf862c92760e73d8e375
[m15]   W.src.L06 PASS (slot_ref=逐字节一致 in_proj=逐字节一致 out_proj=逐字节一致)
[m15]        in_proj  slot sha256=c2248c9cf3ef7b45d3ab4dea182ffb3b9b82c2e7af12dd09e7eb15d71de89e66  ckpt-source sha256=c2248c9cf3ef7b45d3ab4dea182ffb3b9b82c2e7af12dd09e7eb15d71de89e66
[m15]        out_proj slot sha256=e941947ef26c77ff5063e03563eedf5bcfe42357ff7ed71b8cda1fe4eb7744b4  ckpt-source sha256=e941947ef26c77ff5063e03563eedf5bcfe42357ff7ed71b8cda1fe4eb7744b4
[m15]   W.src.L08 PASS (slot_ref=逐字节一致 in_proj=逐字节一致 out_proj=逐字节一致)
[m15]        in_proj  slot sha256=97a1f31d369ac59b5602fc3b7a8102ec48b8bc3b7c9876b0b3833c5a36365826  ckpt-source sha256=97a1f31d369ac59b5602fc3b7a8102ec48b8bc3b7c9876b0b3833c5a36365826
[m15]        out_proj slot sha256=3652f0ce3e64dac9d1f768e0d9e196635cfde510418c427ccf0e56a90f840798  ckpt-source sha256=3652f0ce3e64dac9d1f768e0d9e196635cfde510418c427ccf0e56a90f840798
[m15]   W.src.L09 PASS (slot_ref=逐字节一致 in_proj=逐字节一致 out_proj=逐字节一致)
[m15]        in_proj  slot sha256=328a18cad7f46021c66c6137907ff00626b936b9c6af6c7107a62fcfd73c4e0c  ckpt-source sha256=328a18cad7f46021c66c6137907ff00626b936b9c6af6c7107a62fcfd73c4e0c
[m15]        out_proj slot sha256=3055ac719dd134a7be532b384d782ebca73c6c718b2823453de26e02994203c9  ckpt-source sha256=3055ac719dd134a7be532b384d782ebca73c6c718b2823453de26e02994203c9
[m15]   W.src.L10 PASS (slot_ref=逐字节一致 in_proj=逐字节一致 out_proj=逐字节一致)
[m15]        in_proj  slot sha256=5ce0077adb5a6cc03c3aba76b7836956a0e2a6413bd4bf996ac79e2537ce542e  ckpt-source sha256=5ce0077adb5a6cc03c3aba76b7836956a0e2a6413bd4bf996ac79e2537ce542e
[m15]        out_proj slot sha256=05111637e656d121f82cef0eb155331f68cbc21c141489b2c94f7d467207097c  ckpt-source sha256=05111637e656d121f82cef0eb155331f68cbc21c141489b2c94f7d467207097c
[m15]   W.src.L12 PASS (slot_ref=逐字节一致 in_proj=逐字节一致 out_proj=逐字节一致)
[m15]        in_proj  slot sha256=214801c9c01f099178ee2eb90650534c3dd6c0529f7a99f2790f7bb2918cce75  ckpt-source sha256=214801c9c01f099178ee2eb90650534c3dd6c0529f7a99f2790f7bb2918cce75
[m15]        out_proj slot sha256=0050f54b7c2829a11141b6e3eb0458c3058b226d5c286bd512e0171b5a3930f9  ckpt-source sha256=0050f54b7c2829a11141b6e3eb0458c3058b226d5c286bd512e0171b5a3930f9
[m15]   W.src.L13 PASS (slot_ref=逐字节一致 in_proj=逐字节一致 out_proj=逐字节一致)
[m15]        in_proj  slot sha256=3048fb07a6c2b2036e5768654334a9cd9642d4ce5421feb6e68523f8888a4159  ckpt-source sha256=3048fb07a6c2b2036e5768654334a9cd9642d4ce5421feb6e68523f8888a4159
[m15]        out_proj slot sha256=618dc185fe4596ff8b78950db12aa182dfa43f46ebb2e9212166f859c436f503  ckpt-source sha256=618dc185fe4596ff8b78950db12aa182dfa43f46ebb2e9212166f859c436f503
[m15]   W.src.L14 PASS (slot_ref=逐字节一致 in_proj=逐字节一致 out_proj=逐字节一致)
[m15]        in_proj  slot sha256=811a70cea3e48cde0c0772efee7cf374cfa30170eb292a1a2adef747514db81a  ckpt-source sha256=811a70cea3e48cde0c0772efee7cf374cfa30170eb292a1a2adef747514db81a
[m15]        out_proj slot sha256=dc8c8df1a81a7b3dc43ebc87a6bcc6e873864f77df9f9c303bbb4c8bb5e7c8be  ckpt-source sha256=dc8c8df1a81a7b3dc43ebc87a6bcc6e873864f77df9f9c303bbb4c8bb5e7c8be
[m15]   W.src.L16 PASS (slot_ref=逐字节一致 in_proj=逐字节一致 out_proj=逐字节一致)
[m15]        in_proj  slot sha256=61fb9584af7b5d3d821826754e2c72d3464b7ce4719dcaa1b414b8c1bf8c514d  ckpt-source sha256=61fb9584af7b5d3d821826754e2c72d3464b7ce4719dcaa1b414b8c1bf8c514d
[m15]        out_proj slot sha256=59b886e5cb3f169274785e2d049597a906d23f52b272acd79a5b45ebfca6bd3b  ckpt-source sha256=59b886e5cb3f169274785e2d049597a906d23f52b272acd79a5b45ebfca6bd3b
[m15]   W.src.L17 PASS (slot_ref=逐字节一致 in_proj=逐字节一致 out_proj=逐字节一致)
[m15]        in_proj  slot sha256=dbd1755fb7a8bbcd90c88e7f7823c8c38a32c93a0071bb88ac21d9a16fe976f0  ckpt-source sha256=dbd1755fb7a8bbcd90c88e7f7823c8c38a32c93a0071bb88ac21d9a16fe976f0
[m15]        out_proj slot sha256=cc1aa36106edb7c909a20f0f855db852659bf4ff5a15e74e29cd72359d224b9a  ckpt-source sha256=cc1aa36106edb7c909a20f0f855db852659bf4ff5a15e74e29cd72359d224b9a
[m15]   W.src.L18 PASS (slot_ref=逐字节一致 in_proj=逐字节一致 out_proj=逐字节一致)
[m15]        in_proj  slot sha256=935a0a23c473c8194b602c2678a98c9f19a066a4f485f4a09c30223cd6446fcb  ckpt-source sha256=935a0a23c473c8194b602c2678a98c9f19a066a4f485f4a09c30223cd6446fcb
[m15]        out_proj slot sha256=b0cab47e6cf34954adc0221fbef1e395474b1617339d12d648c64033d28d723d  ckpt-source sha256=b0cab47e6cf34954adc0221fbef1e395474b1617339d12d648c64033d28d723d
[m15]   W.src.L20 PASS (slot_ref=逐字节一致 in_proj=逐字节一致 out_proj=逐字节一致)
[m15]        in_proj  slot sha256=d8f641e1aaf9afced87b8a36dee072bf320ed4117795af4ed9ed22b953172cfb  ckpt-source sha256=d8f641e1aaf9afced87b8a36dee072bf320ed4117795af4ed9ed22b953172cfb
[m15]        out_proj slot sha256=08a82cdfda8dfd645be7924f505942d55e780b9d2445b092b447b0c2925816ec  ckpt-source sha256=08a82cdfda8dfd645be7924f505942d55e780b9d2445b092b447b0c2925816ec
[m15]   W.src.L21 PASS (slot_ref=逐字节一致 in_proj=逐字节一致 out_proj=逐字节一致)
[m15]        in_proj  slot sha256=37d4446fadc5916871108a7655999e80d985023ba31b24f7863f2e0660b3f4e7  ckpt-source sha256=37d4446fadc5916871108a7655999e80d985023ba31b24f7863f2e0660b3f4e7
[m15]        out_proj slot sha256=7733353cbacc7938a4d11635f20402efa4ac0f6c219745e028801d09b8dcba1f  ckpt-source sha256=7733353cbacc7938a4d11635f20402efa4ac0f6c219745e028801d09b8dcba1f
[m15]   W.src.L22 PASS (slot_ref=逐字节一致 in_proj=逐字节一致 out_proj=逐字节一致)
[m15]        in_proj  slot sha256=7ec52c63ffb5bf1d0d7bcc04b43fa4e21875c65742a634d9273e8c9a371a3f3b  ckpt-source sha256=7ec52c63ffb5bf1d0d7bcc04b43fa4e21875c65742a634d9273e8c9a371a3f3b
[m15]        out_proj slot sha256=609f8a7be7a7f6c4d8185edb13785c88099198195eb25a6a52c37f88f2ff30c6  ckpt-source sha256=609f8a7be7a7f6c4d8185edb13785c88099198195eb25a6a52c37f88f2ff30c6
[m15]   W.src.L24 PASS (slot_ref=逐字节一致 in_proj=逐字节一致 out_proj=逐字节一致)
[m15]        in_proj  slot sha256=edb3777a1c361d4a693153f72638ba5ad0d2c3cf84c37d5b264fffa146baa61c  ckpt-source sha256=edb3777a1c361d4a693153f72638ba5ad0d2c3cf84c37d5b264fffa146baa61c
[m15]        out_proj slot sha256=4244769a401abb5c0005c8aa83b96b4c9db3dfa4f33de794cdfe1a067300028e  ckpt-source sha256=4244769a401abb5c0005c8aa83b96b4c9db3dfa4f33de794cdfe1a067300028e
[m15]   W.src.L25 PASS (slot_ref=逐字节一致 in_proj=逐字节一致 out_proj=逐字节一致)
[m15]        in_proj  slot sha256=9d56e0edb49081ffaf293c164ada0cdb2eb2ca280b7f20e5c68419157f486764  ckpt-source sha256=9d56e0edb49081ffaf293c164ada0cdb2eb2ca280b7f20e5c68419157f486764
[m15]        out_proj slot sha256=14ae226c6f80d3902254d8b59fcd84a1d20c2f91597e4d86e2a1444025890b05  ckpt-source sha256=14ae226c6f80d3902254d8b59fcd84a1d20c2f91597e4d86e2a1444025890b05
[m15]   W.src.L26 PASS (slot_ref=逐字节一致 in_proj=逐字节一致 out_proj=逐字节一致)
[m15]        in_proj  slot sha256=c401e3f64e82561b8e4b3a4555056c5a4f14442ab406a6026fe4ac33f93f7ddb  ckpt-source sha256=c401e3f64e82561b8e4b3a4555056c5a4f14442ab406a6026fe4ac33f93f7ddb
[m15]        out_proj slot sha256=918b7a263987706b5c0741f90e716f56432fe95e0566dbf9ae54895314e88e4a  ckpt-source sha256=918b7a263987706b5c0741f90e716f56432fe95e0566dbf9ae54895314e88e4a
[m15]   W.src.L28 PASS (slot_ref=逐字节一致 in_proj=逐字节一致 out_proj=逐字节一致)
[m15]        in_proj  slot sha256=73d96131fe7933678b0c01ad6fd8d194dc74a1b93cb5eab9b9a223f6805f175a  ckpt-source sha256=73d96131fe7933678b0c01ad6fd8d194dc74a1b93cb5eab9b9a223f6805f175a
[m15]        out_proj slot sha256=98b35deda3fe809993b33cdd386d08d2a94856adc97b057a525bc9b9d8c34881  ckpt-source sha256=98b35deda3fe809993b33cdd386d08d2a94856adc97b057a525bc9b9d8c34881
[m15]   W.src.L29 PASS (slot_ref=逐字节一致 in_proj=逐字节一致 out_proj=逐字节一致)
[m15]        in_proj  slot sha256=d6f42686403d63911729d04c66cb3e43ea4f1580105954ffae35df373b7204ad  ckpt-source sha256=d6f42686403d63911729d04c66cb3e43ea4f1580105954ffae35df373b7204ad
[m15]        out_proj slot sha256=58fe0b5f6a9e67dccc853205d1abdd6134d9fbc463038155bc3e50e50235caf5  ckpt-source sha256=58fe0b5f6a9e67dccc853205d1abdd6134d9fbc463038155bc3e50e50235caf5
[m15]   W.src.L30 PASS (slot_ref=逐字节一致 in_proj=逐字节一致 out_proj=逐字节一致)
[m15]        in_proj  slot sha256=758d5428b0d6fa6b600c05188b43bb9726e979e414a1909670e876523395092d  ckpt-source sha256=758d5428b0d6fa6b600c05188b43bb9726e979e414a1909670e876523395092d
[m15]        out_proj slot sha256=03e513d91e45563f92829bb08ae353f98464aec6088ef029b1126c88911b4daa  ckpt-source sha256=03e513d91e45563f92829bb08ae353f98464aec6088ef029b1126c88911b4daa
[m15]   W.src.L32 PASS (slot_ref=逐字节一致 in_proj=逐字节一致 out_proj=逐字节一致)
[m15]        in_proj  slot sha256=09ef786ce08a91ef869e2e26e8fce728bea84864d852dea5afd7793696d29809  ckpt-source sha256=09ef786ce08a91ef869e2e26e8fce728bea84864d852dea5afd7793696d29809
[m15]        out_proj slot sha256=2a976a93955d147a4326ae771069328ceb06edb6d82bff34f1ad4d6415edd6a0  ckpt-source sha256=2a976a93955d147a4326ae771069328ceb06edb6d82bff34f1ad4d6415edd6a0
[m15]   W.src.L33 PASS (slot_ref=逐字节一致 in_proj=逐字节一致 out_proj=逐字节一致)
[m15]        in_proj  slot sha256=d25718d2648aad3f05e9bc08030ef722a6d43de572f178b3ad48ceb3241fa0fb  ckpt-source sha256=d25718d2648aad3f05e9bc08030ef722a6d43de572f178b3ad48ceb3241fa0fb
[m15]        out_proj slot sha256=5998275244b2aefb95cbb7d7a937ab1b5c2d5acbef5413274eff6de74105a52b  ckpt-source sha256=5998275244b2aefb95cbb7d7a937ab1b5c2d5acbef5413274eff6de74105a52b
[m15]   W.src.L34 PASS (slot_ref=逐字节一致 in_proj=逐字节一致 out_proj=逐字节一致)
[m15]        in_proj  slot sha256=e7983c02fc7313cb899c9296355d568d511a47bf597b95ae7d7e557d45193c14  ckpt-source sha256=e7983c02fc7313cb899c9296355d568d511a47bf597b95ae7d7e557d45193c14
[m15]        out_proj slot sha256=c1806072dc8613d507910e040e777be25c023f8152bfe7cfd4148cc43c64ae38  ckpt-source sha256=c1806072dc8613d507910e040e777be25c023f8152bfe7cfd4148cc43c64ae38
[m15]   W.src.L36 PASS (slot_ref=逐字节一致 in_proj=逐字节一致 out_proj=逐字节一致)
[m15]        in_proj  slot sha256=2a58804633a4df0fa3097c8f9bc339975d8315bdf5785e350f031ab875a5ce42  ckpt-source sha256=2a58804633a4df0fa3097c8f9bc339975d8315bdf5785e350f031ab875a5ce42
[m15]        out_proj slot sha256=fbce590a766bb9ab453f040327958c85718e3b3f80b242f035b66b9c942b2a03  ckpt-source sha256=fbce590a766bb9ab453f040327958c85718e3b3f80b242f035b66b9c942b2a03
[m15]   W.src.L37 PASS (slot_ref=逐字节一致 in_proj=逐字节一致 out_proj=逐字节一致)
[m15]        in_proj  slot sha256=f8f6e28d195c0ef17cd51c830880429c684a92e08475e99fded205d56bd7efd9  ckpt-source sha256=f8f6e28d195c0ef17cd51c830880429c684a92e08475e99fded205d56bd7efd9
[m15]        out_proj slot sha256=2cedf0765434e9db5e1d10ce991fedfc7983a0d65699ddbab75756dc03b922aa  ckpt-source sha256=2cedf0765434e9db5e1d10ce991fedfc7983a0d65699ddbab75756dc03b922aa
[m15]   W.src.L38 PASS (slot_ref=逐字节一致 in_proj=逐字节一致 out_proj=逐字节一致)
[m15]        in_proj  slot sha256=c76d7e8baa92e42c998751f93ffb96d019110a4aaea2e6a75a9f3df142b27e05  ckpt-source sha256=c76d7e8baa92e42c998751f93ffb96d019110a4aaea2e6a75a9f3df142b27e05
[m15]        out_proj slot sha256=0e174be143f5a08bdd143d2bd1b0ef70afe8cc1126b3fe8df0bf8c0ac00d38d6  ckpt-source sha256=0e174be143f5a08bdd143d2bd1b0ef70afe8cc1126b3fe8df0bf8c0ac00d38d6
[m15]   W.src.L40 PASS (slot_ref=逐字节一致 in_proj=逐字节一致 out_proj=逐字节一致)
[m15]        in_proj  slot sha256=d2498af1588e6bb889d12e2e19b831125734b51c2742040cf05ad1d2221abe7a  ckpt-source sha256=d2498af1588e6bb889d12e2e19b831125734b51c2742040cf05ad1d2221abe7a
[m15]        out_proj slot sha256=62cf6f2085129b8714c2fb8abb8190538176699870804f6a02e24a8ae669e2e9  ckpt-source sha256=62cf6f2085129b8714c2fb8abb8190538176699870804f6a02e24a8ae669e2e9
[m15]   W.src.L41 PASS (slot_ref=逐字节一致 in_proj=逐字节一致 out_proj=逐字节一致)
[m15]        in_proj  slot sha256=790abbf7567431fb6058e8e41f55612fbc937f0c737ad2716348d1b828e559c3  ckpt-source sha256=790abbf7567431fb6058e8e41f55612fbc937f0c737ad2716348d1b828e559c3
[m15]        out_proj slot sha256=65a14b03a43bf9d9ec74155172bc486019cada2961adeb3716e73058171d5284  ckpt-source sha256=65a14b03a43bf9d9ec74155172bc486019cada2961adeb3716e73058171d5284
[m15]   W.src.L42 PASS (slot_ref=逐字节一致 in_proj=逐字节一致 out_proj=逐字节一致)
[m15]        in_proj  slot sha256=4aa6a3af33fe55ba48d3477a2cedd6e7e9e702d34b23faeb3009152e51e195ed  ckpt-source sha256=4aa6a3af33fe55ba48d3477a2cedd6e7e9e702d34b23faeb3009152e51e195ed
[m15]        out_proj slot sha256=896ba39aa0d778ac79d91d3d88ad58cdbf5cc47780297ce908314e7cef28dee3  ckpt-source sha256=896ba39aa0d778ac79d91d3d88ad58cdbf5cc47780297ce908314e7cef28dee3
[m15]   W.src.L44 PASS (slot_ref=逐字节一致 in_proj=逐字节一致 out_proj=逐字节一致)
[m15]        in_proj  slot sha256=d1b992cd8ef253e43a17b2f2b884dea929a49209880a8df58ba354dde0a6a497  ckpt-source sha256=d1b992cd8ef253e43a17b2f2b884dea929a49209880a8df58ba354dde0a6a497
[m15]        out_proj slot sha256=db11bc907d528e7e39de828b882f99472ebc2e60a78d609426be943b150355ae  ckpt-source sha256=db11bc907d528e7e39de828b882f99472ebc2e60a78d609426be943b150355ae
[m15]   W.src.L45 PASS (slot_ref=逐字节一致 in_proj=逐字节一致 out_proj=逐字节一致)
[m15]        in_proj  slot sha256=05588b0fac60ff315c7e8314d7c2c6d97a145477136f5a991d7741e25bbf1952  ckpt-source sha256=05588b0fac60ff315c7e8314d7c2c6d97a145477136f5a991d7741e25bbf1952
[m15]        out_proj slot sha256=e81ba24fc4180ea221b38c65371173b1a0f9528326106be55d9ab068f3329ab9  ckpt-source sha256=e81ba24fc4180ea221b38c65371173b1a0f9528326106be55d9ab068f3329ab9
[m15]   W.src.L46 PASS (slot_ref=逐字节一致 in_proj=逐字节一致 out_proj=逐字节一致)
[m15]        in_proj  slot sha256=b6f0c49e31ba26d1c7323539e9f9e02ac9c73f38f89b73253ca2c4e9cd5382db  ckpt-source sha256=b6f0c49e31ba26d1c7323539e9f9e02ac9c73f38f89b73253ca2c4e9cd5382db
[m15]        out_proj slot sha256=12473e2f114b5fba827dbc0a5d7bec3c2dec8da8776989e6ed23b3e73ecd205f  ckpt-source sha256=12473e2f114b5fba827dbc0a5d7bec3c2dec8da8776989e6ed23b3e73ecd205f
[m15] 权重来源校验（对照 checkpoint 独立来源）：36 个 GDN 层，slot 逐字节 36 / in_proj 36 / out_proj 36；耗时 7873.0 ms

[m15] ===== MoE 段权重来源校验（独立 pread vs 设备槽位，逐字节 + sha256）=====
[m15]   M.wsrc.L00                     PASS  slot sha256 dev=131543a0cb7956e72e5091c93a963296666fbc674ce8d5dda5510a08b4428714 ckpt=131543a0cb7956e72e5091c93a963296666fbc674ce8d5dda5510a08b4428714
[m15]   M.wsrc.L01                     PASS  slot sha256 dev=b235d8ad9ff6697bcc2cfe6b9299339325c7168cd6bdb55c2366155571e08c42 ckpt=b235d8ad9ff6697bcc2cfe6b9299339325c7168cd6bdb55c2366155571e08c42
[m15]   M.wsrc.L02                     PASS  slot sha256 dev=afbbea25d9fe13f7975f172b1ef2bf7944405d801fda6b9eb3b6f9701b9533d9 ckpt=afbbea25d9fe13f7975f172b1ef2bf7944405d801fda6b9eb3b6f9701b9533d9
[m15]   M.wsrc.L03                     PASS  slot sha256 dev=086129776c5576c8c3ceda1eba0ca3e041227a14cc9c486fbb8be928a3b0d07c ckpt=086129776c5576c8c3ceda1eba0ca3e041227a14cc9c486fbb8be928a3b0d07c
[m15]   M.wsrc.L04                     PASS  slot sha256 dev=a11b0af49eeb5b7769d17dbebc846e71653c531fc4e14b37671140618e3cd725 ckpt=a11b0af49eeb5b7769d17dbebc846e71653c531fc4e14b37671140618e3cd725
[m15]   M.wsrc.L05                     PASS  slot sha256 dev=1bfb14e085e9dbfe875d9aa6f013cce4141704b19ec868ffacdeb284a1c3ac92 ckpt=1bfb14e085e9dbfe875d9aa6f013cce4141704b19ec868ffacdeb284a1c3ac92
[m15]   M.wsrc.L06                     PASS  slot sha256 dev=8b7b1ec69fe44d045da42b976520f1d68766241e48b1bd4f3ec16e9cb05a5e27 ckpt=8b7b1ec69fe44d045da42b976520f1d68766241e48b1bd4f3ec16e9cb05a5e27
[m15]   M.wsrc.L07                     PASS  slot sha256 dev=a33e0263e181e33ad49cdd65d3d0634e4448927435ea2ab49f4d31b506b1d52d ckpt=a33e0263e181e33ad49cdd65d3d0634e4448927435ea2ab49f4d31b506b1d52d
[m15]   M.wsrc.L08                     PASS  slot sha256 dev=253a0d501af8f9c0367be719dda3932412e822cd57189c0dff3d72c676e4c9cc ckpt=253a0d501af8f9c0367be719dda3932412e822cd57189c0dff3d72c676e4c9cc
[m15]   M.wsrc.L09                     PASS  slot sha256 dev=e9e7e5d939dad03556f4be55ecb5660c3a18bb8a7abd0af513e501bedb066aa3 ckpt=e9e7e5d939dad03556f4be55ecb5660c3a18bb8a7abd0af513e501bedb066aa3
[m15]   M.wsrc.L10                     PASS  slot sha256 dev=52e6039517fe3c2e83c23a2b856a1424cf8dc8b9a27737b9e09bb7267a31a0be ckpt=52e6039517fe3c2e83c23a2b856a1424cf8dc8b9a27737b9e09bb7267a31a0be
[m15]   M.wsrc.L11                     PASS  slot sha256 dev=2215f2d250ebc5943bca50bb4a2c3f05309bb908c204e1f09848bf58a4d80bf2 ckpt=2215f2d250ebc5943bca50bb4a2c3f05309bb908c204e1f09848bf58a4d80bf2
[m15]   M.wsrc.L12                     PASS  slot sha256 dev=f5576c01c5b5bfeee96cd54ac4f65341f064b3a32c40554192d191100c259c03 ckpt=f5576c01c5b5bfeee96cd54ac4f65341f064b3a32c40554192d191100c259c03
[m15]   M.wsrc.L13                     PASS  slot sha256 dev=6eec93211e1a7103720fb2c3c78a39b3574404618e5ea4aa2fe447fe500d3ed8 ckpt=6eec93211e1a7103720fb2c3c78a39b3574404618e5ea4aa2fe447fe500d3ed8
[m15]   M.wsrc.L14                     PASS  slot sha256 dev=44dbba761ca337a6244614ec402d5a2cd029f6f919a6c0446ffaf5286debf9ad ckpt=44dbba761ca337a6244614ec402d5a2cd029f6f919a6c0446ffaf5286debf9ad
[m15]   M.wsrc.L15                     PASS  slot sha256 dev=b99b49c2a1f6a99578ef3d38793e14127f1dfa8adfa5a86b215c0bc843763a0f ckpt=b99b49c2a1f6a99578ef3d38793e14127f1dfa8adfa5a86b215c0bc843763a0f
[m15]   M.wsrc.L16                     PASS  slot sha256 dev=56a0b917f5be69a24396b340b5c7162679e621d7d98fbecf8788e20eb5569109 ckpt=56a0b917f5be69a24396b340b5c7162679e621d7d98fbecf8788e20eb5569109
[m15]   M.wsrc.L17                     PASS  slot sha256 dev=11b784cf759b0a45124b1ee99fb58a0fb8e6114453865c19b660de6d170beb10 ckpt=11b784cf759b0a45124b1ee99fb58a0fb8e6114453865c19b660de6d170beb10
[m15]   M.wsrc.L18                     PASS  slot sha256 dev=cf192e3ef6b471d22157b834ac9688056aa37c60916686e3f7f456437921c438 ckpt=cf192e3ef6b471d22157b834ac9688056aa37c60916686e3f7f456437921c438
[m15]   M.wsrc.L19                     PASS  slot sha256 dev=cf9d012a86906892efc803ded7b44dc176d6244a51c3c4a66a918b2af1fdf5f6 ckpt=cf9d012a86906892efc803ded7b44dc176d6244a51c3c4a66a918b2af1fdf5f6
[m15]   M.wsrc.L20                     PASS  slot sha256 dev=4dae71a367a8ad0481c404e8cf17f35e5dc1568412cbc3bb6798cc8ece1405be ckpt=4dae71a367a8ad0481c404e8cf17f35e5dc1568412cbc3bb6798cc8ece1405be
[m15]   M.wsrc.L21                     PASS  slot sha256 dev=15ef96761ada859dd7d60f8e68755788c2c2f2474a8b00931bf059f425fc4aef ckpt=15ef96761ada859dd7d60f8e68755788c2c2f2474a8b00931bf059f425fc4aef
[m15]   M.wsrc.L22                     PASS  slot sha256 dev=3a82207cf3f487a9f80d7fa71046c1eff82b8d0295eebaf7b8f8a966f91a9e5d ckpt=3a82207cf3f487a9f80d7fa71046c1eff82b8d0295eebaf7b8f8a966f91a9e5d
[m15]   M.wsrc.L23                     PASS  slot sha256 dev=1c7c1898eb739f6d76ac51a7710c0165093bfd9ee905d72b7e645ea12e457e3a ckpt=1c7c1898eb739f6d76ac51a7710c0165093bfd9ee905d72b7e645ea12e457e3a
[m15]   M.wsrc.L24                     PASS  slot sha256 dev=a323b3b5bd7a02f6674716f8e7f24e2af2851f0738dab458f859b5508bcd5186 ckpt=a323b3b5bd7a02f6674716f8e7f24e2af2851f0738dab458f859b5508bcd5186
[m15]   M.wsrc.L25                     PASS  slot sha256 dev=d3f7f7dbcd99db8555d83abf0136f6e14f42455d56573676075ba83248c60272 ckpt=d3f7f7dbcd99db8555d83abf0136f6e14f42455d56573676075ba83248c60272
[m15]   M.wsrc.L26                     PASS  slot sha256 dev=3757ea6bba3c7d0ffb7c807dd0102077d2e61d2cb36cface72bdd4ee411f08a3 ckpt=3757ea6bba3c7d0ffb7c807dd0102077d2e61d2cb36cface72bdd4ee411f08a3
[m15]   M.wsrc.L27                     PASS  slot sha256 dev=315a017fdece55a5b0860ce0fdd390bdb24f2dfa6a9afc993d65bdf690a455d3 ckpt=315a017fdece55a5b0860ce0fdd390bdb24f2dfa6a9afc993d65bdf690a455d3
[m15]   M.wsrc.L28                     PASS  slot sha256 dev=3e048f7dd70ad2f38464700fc28a9b431a0a3a9f1f124e2ec87e4a9ae0f7d5dd ckpt=3e048f7dd70ad2f38464700fc28a9b431a0a3a9f1f124e2ec87e4a9ae0f7d5dd
[m15]   M.wsrc.L29                     PASS  slot sha256 dev=23a61e5a94081a33b20564316278d0d59379d3c8b6d2df21eaa5d85a27ab02bd ckpt=23a61e5a94081a33b20564316278d0d59379d3c8b6d2df21eaa5d85a27ab02bd
[m15]   M.wsrc.L30                     PASS  slot sha256 dev=26ea621f3d1cec64aa900829f12859dc33f83764d0065d3e3f7648d9090dac4f ckpt=26ea621f3d1cec64aa900829f12859dc33f83764d0065d3e3f7648d9090dac4f
[m15]   M.wsrc.L31                     PASS  slot sha256 dev=cb1d86cf12b2cc1a8223a193e78ba8822a572a0b43e9c40c2935c7fb7de04218 ckpt=cb1d86cf12b2cc1a8223a193e78ba8822a572a0b43e9c40c2935c7fb7de04218
[m15]   M.wsrc.L32                     PASS  slot sha256 dev=03424f017668b1b2538314d2fd74208cf6e39704386f3febfdf8cacdf7245985 ckpt=03424f017668b1b2538314d2fd74208cf6e39704386f3febfdf8cacdf7245985
[m15]   M.wsrc.L33                     PASS  slot sha256 dev=b22e1695c1dcb7cbf44408950c362a47015c316b0d8fae64697d0d30eea9b382 ckpt=b22e1695c1dcb7cbf44408950c362a47015c316b0d8fae64697d0d30eea9b382
[m15]   M.wsrc.L34                     PASS  slot sha256 dev=fc6de9414cfc3ac5f6c32de11f1fbbd4ff4f3bf5cfc345e5097cc0bb1fa35389 ckpt=fc6de9414cfc3ac5f6c32de11f1fbbd4ff4f3bf5cfc345e5097cc0bb1fa35389
[m15]   M.wsrc.L35                     PASS  slot sha256 dev=d169312cca01a746eff0df0c7a71b34f9d27af4f473f588111a51ccfc20f1b09 ckpt=d169312cca01a746eff0df0c7a71b34f9d27af4f473f588111a51ccfc20f1b09
[m15]   M.wsrc.L36                     PASS  slot sha256 dev=1867b797630c930ae93a48b481e2c5152d552352fc24912d1d0c403a56224fd7 ckpt=1867b797630c930ae93a48b481e2c5152d552352fc24912d1d0c403a56224fd7
[m15]   M.wsrc.L37                     PASS  slot sha256 dev=7aca0cfc4d5aca4672d2172085d4d6bb3a8cbb8aa7eeb3c3acdc4098c963c046 ckpt=7aca0cfc4d5aca4672d2172085d4d6bb3a8cbb8aa7eeb3c3acdc4098c963c046
[m15]   M.wsrc.L38                     PASS  slot sha256 dev=8112659193f3687bbeb8af43858a0c9600cdddead4f906db8fe88ff56c010fb2 ckpt=8112659193f3687bbeb8af43858a0c9600cdddead4f906db8fe88ff56c010fb2
[m15]   M.wsrc.L39                     PASS  slot sha256 dev=5d06118dd58d57b2a09fc199347c57a7f6883d7ed3b26aca8a57c6c10d2cba42 ckpt=5d06118dd58d57b2a09fc199347c57a7f6883d7ed3b26aca8a57c6c10d2cba42
[m15]   M.wsrc.L40                     PASS  slot sha256 dev=86c8fc57dff4de45cb3711cfad2ec1a94e3551586486731b6627ff040cb69473 ckpt=86c8fc57dff4de45cb3711cfad2ec1a94e3551586486731b6627ff040cb69473
[m15]   M.wsrc.L41                     PASS  slot sha256 dev=2598cd00388085ca7d5769def0d502d3e3c40fa2843707a572a5597552ee3f66 ckpt=2598cd00388085ca7d5769def0d502d3e3c40fa2843707a572a5597552ee3f66
[m15]   M.wsrc.L42                     PASS  slot sha256 dev=14dac19b3f9dbc0835356aba0271d3032667e978ed94ca095ca644f6efb0b38d ckpt=14dac19b3f9dbc0835356aba0271d3032667e978ed94ca095ca644f6efb0b38d
[m15]   M.wsrc.L43                     PASS  slot sha256 dev=e82763933a06b6b7935531b2d1a33f8b477c40338cdf2a190b7e8a2a6aaff280 ckpt=e82763933a06b6b7935531b2d1a33f8b477c40338cdf2a190b7e8a2a6aaff280
[m15]   M.wsrc.L44                     PASS  slot sha256 dev=e1363b5e7000cb4cbfb2ab7e67af32a53581f154b7b991ded0a9227ca9b97542 ckpt=e1363b5e7000cb4cbfb2ab7e67af32a53581f154b7b991ded0a9227ca9b97542
[m15]   M.wsrc.L45                     PASS  slot sha256 dev=e47a7b027d41d145b67e261f6f5f9928080c3fef9af2440972ca6e2eadd359f5 ckpt=e47a7b027d41d145b67e261f6f5f9928080c3fef9af2440972ca6e2eadd359f5
[m15]   M.wsrc.L46                     PASS  slot sha256 dev=2184942d2b9f1b60d0cb053f3caebcaeae4af5d5578ea0590c93df3e05d7bca2 ckpt=2184942d2b9f1b60d0cb053f3caebcaeae4af5d5578ea0590c93df3e05d7bca2
[m15]   M.wsrc.L47                     PASS  slot sha256 dev=05b70ea1530c06084661679a79d10f97b5afbf2188a159394619b3a886d42f93 ckpt=05b70ea1530c06084661679a79d10f97b5afbf2188a159394619b3a886d42f93
[m15]   MoE 权重来源：48 层逐字节一致（slot 13.092 MB/层）
[m15]   Hc.ws.L00                      PASS (逐字节一致, n=26910720)
[m15]   Hc.ws.L01                      PASS (逐字节一致, n=26910720)
[m15]   Hc.ws.L02                      PASS (逐字节一致, n=26910720)
[m15]   Hc.ws.L03                      PASS (逐字节一致, n=26910720)
[m15]   Hc.ws.L04                      PASS (逐字节一致, n=26910720)
[m15]   Hc.ws.L05                      PASS (逐字节一致, n=26910720)
[m15]   Hc.ws.L06                      PASS (逐字节一致, n=26910720)
[m15]   Hc.ws.L07                      PASS (逐字节一致, n=26910720)
[m15]   Hc.ws.L08                      PASS (逐字节一致, n=26910720)
[m15]   Hc.ws.L09                      PASS (逐字节一致, n=26910720)
[m15]   Hc.ws.L10                      PASS (逐字节一致, n=26910720)
[m15]   Hc.ws.L11                      PASS (逐字节一致, n=26910720)
[m15]   Hc.ws.L12                      PASS (逐字节一致, n=26910720)
[m15]   Hc.ws.L13                      PASS (逐字节一致, n=26910720)
[m15]   Hc.ws.L14                      PASS (逐字节一致, n=26910720)
[m15]   Hc.ws.L15                      PASS (逐字节一致, n=26910720)
[m15]   Hc.ws.L16                      PASS (逐字节一致, n=26910720)
[m15]   Hc.ws.L17                      PASS (逐字节一致, n=26910720)
[m15]   Hc.ws.L18                      PASS (逐字节一致, n=26910720)
[m15]   Hc.ws.L19                      PASS (逐字节一致, n=26910720)
[m15]   Hc.ws.L20                      PASS (逐字节一致, n=26910720)
[m15]   Hc.ws.L21                      PASS (逐字节一致, n=26910720)
[m15]   Hc.ws.L22                      PASS (逐字节一致, n=26910720)
[m15]   Hc.ws.L23                      PASS (逐字节一致, n=26910720)
[m15]   Hc.ws.L24                      PASS (逐字节一致, n=26910720)
[m15]   Hc.ws.L25                      PASS (逐字节一致, n=26910720)
[m15]   Hc.ws.L26                      PASS (逐字节一致, n=26910720)
[m15]   Hc.ws.L27                      PASS (逐字节一致, n=26910720)
[m15]   Hc.ws.L28                      PASS (逐字节一致, n=26910720)
[m15]   Hc.ws.L29                      PASS (逐字节一致, n=26910720)
[m15]   Hc.ws.L30                      PASS (逐字节一致, n=26910720)
[m15]   Hc.ws.L31                      PASS (逐字节一致, n=26910720)
[m15]   Hc.ws.L32                      PASS (逐字节一致, n=26910720)
[m15]   Hc.ws.L33                      PASS (逐字节一致, n=26910720)
[m15]   Hc.ws.L34                      PASS (逐字节一致, n=26910720)
[m15]   Hc.ws.L35                      PASS (逐字节一致, n=26910720)
[m15]   Hc.ws.L36                      PASS (逐字节一致, n=26910720)
[m15]   Hc.ws.L37                      PASS (逐字节一致, n=26910720)
[m15]   Hc.ws.L38                      PASS (逐字节一致, n=26910720)
[m15]   Hc.ws.L39                      PASS (逐字节一致, n=26910720)
[m15]   Hc.ws.L40                      PASS (逐字节一致, n=26910720)
[m15]   Hc.ws.L41                      PASS (逐字节一致, n=26910720)
[m15]   Hc.ws.L42                      PASS (逐字节一致, n=26910720)
[m15]   Hc.ws.L43                      PASS (逐字节一致, n=26910720)
[m15]   Hc.ws.L44                      PASS (逐字节一致, n=26910720)
[m15]   Hc.ws.L45                      PASS (逐字节一致, n=26910720)
[m15]   Hc.ws.L46                      PASS (逐字节一致, n=26910720)
[m15]   Hc.ws.L47                      PASS (逐字节一致, n=26910720)
[m15] hc 段权重来源判据：48 层 × 2 边界，逐字节 memcmp（含注入行 [4,16) 全零见证）

[m15] ===== 验证 A：层间组合正确性（48 层循环 vs 单层直接调用，逐字节）=====
[m15]   A.handoff.L00                  PASS (逐字节一致, n=5120)
[m15]   A.direct_y.L00                 PASS (逐字节一致, n=5120)
[m15]   A.direct_ws.L00                PASS (除 g/β padding 外逐字节一致, n=5258240; padding 内差异 0 B 见报告项)
[m15]   A.direct_cs.L00                PASS (逐字节一致, n=61440)
[m15]   A.direct_ssm.L00               PASS (逐字节一致, n=3145728)
[m15]   A.handoff.L01                  PASS (逐字节一致, n=5120)
[m15]   A.direct_y.L01                 PASS (逐字节一致, n=5120)
[m15]   A.direct_ws.L01                PASS (除 g/β padding 外逐字节一致, n=5258240; padding 内差异 0 B 见报告项)
[m15]   A.direct_cs.L01                PASS (逐字节一致, n=61440)
[m15]   A.direct_ssm.L01               PASS (逐字节一致, n=3145728)
[m15]   A.handoff.L02                  PASS (逐字节一致, n=5120)
[m15]   A.direct_y.L02                 PASS (逐字节一致, n=5120)
[m15]   A.direct_ws.L02                PASS (除 g/β padding 外逐字节一致, n=5258240; padding 内差异 0 B 见报告项)
[m15]   A.direct_cs.L02                PASS (逐字节一致, n=61440)
[m15]   A.direct_ssm.L02               PASS (逐字节一致, n=3145728)
[m15]   A.handoff.L03                  PASS (逐字节一致, n=5120)
[m15]   A.direct_y.L03                 PASS (逐字节一致, n=5120)
[m15]   A.attn_passthru.L03            PASS (逐字节一致, n=5120)
[m15]   A.handoff.L04                  PASS (逐字节一致, n=5120)
[m15]   A.direct_y.L04                 PASS (逐字节一致, n=5120)
[m15]   A.direct_ws.L04                PASS (除 g/β padding 外逐字节一致, n=5258240; padding 内差异 0 B 见报告项)
[m15]   A.direct_cs.L04                PASS (逐字节一致, n=61440)
[m15]   A.direct_ssm.L04               PASS (逐字节一致, n=3145728)
[m15]   A.handoff.L05                  PASS (逐字节一致, n=5120)
[m15]   A.direct_y.L05                 PASS (逐字节一致, n=5120)
[m15]   A.direct_ws.L05                PASS (除 g/β padding 外逐字节一致, n=5258240; padding 内差异 0 B 见报告项)
[m15]   A.direct_cs.L05                PASS (逐字节一致, n=61440)
[m15]   A.direct_ssm.L05               PASS (逐字节一致, n=3145728)
[m15]   A.handoff.L06                  PASS (逐字节一致, n=5120)
[m15]   A.direct_y.L06                 PASS (逐字节一致, n=5120)
[m15]   A.direct_ws.L06                PASS (除 g/β padding 外逐字节一致, n=5258240; padding 内差异 0 B 见报告项)
[m15]   A.direct_cs.L06                PASS (逐字节一致, n=61440)
[m15]   A.direct_ssm.L06               PASS (逐字节一致, n=3145728)
[m15]   A.handoff.L07                  PASS (逐字节一致, n=5120)
[m15]   A.direct_y.L07                 PASS (逐字节一致, n=5120)
[m15]   A.attn_passthru.L07            PASS (逐字节一致, n=5120)
[m15]   A.handoff.L08                  PASS (逐字节一致, n=5120)
[m15]   A.direct_y.L08                 PASS (逐字节一致, n=5120)
[m15]   A.direct_ws.L08                PASS (除 g/β padding 外逐字节一致, n=5258240; padding 内差异 0 B 见报告项)
[m15]   A.direct_cs.L08                PASS (逐字节一致, n=61440)
[m15]   A.direct_ssm.L08               PASS (逐字节一致, n=3145728)
[m15]   A.handoff.L09                  PASS (逐字节一致, n=5120)
[m15]   A.direct_y.L09                 PASS (逐字节一致, n=5120)
[m15]   A.direct_ws.L09                PASS (除 g/β padding 外逐字节一致, n=5258240; padding 内差异 0 B 见报告项)
[m15]   A.direct_cs.L09                PASS (逐字节一致, n=61440)
[m15]   A.direct_ssm.L09               PASS (逐字节一致, n=3145728)
[m15]   A.handoff.L10                  PASS (逐字节一致, n=5120)
[m15]   A.direct_y.L10                 PASS (逐字节一致, n=5120)
[m15]   A.direct_ws.L10                PASS (除 g/β padding 外逐字节一致, n=5258240; padding 内差异 0 B 见报告项)
[m15]   A.direct_cs.L10                PASS (逐字节一致, n=61440)
[m15]   A.direct_ssm.L10               PASS (逐字节一致, n=3145728)
[m15]   A.handoff.L11                  PASS (逐字节一致, n=5120)
[m15]   A.direct_y.L11                 PASS (逐字节一致, n=5120)
[m15]   A.attn_passthru.L11            PASS (逐字节一致, n=5120)
[m15]   A.handoff.L12                  PASS (逐字节一致, n=5120)
[m15]   A.direct_y.L12                 PASS (逐字节一致, n=5120)
[m15]   A.direct_ws.L12                PASS (除 g/β padding 外逐字节一致, n=5258240; padding 内差异 0 B 见报告项)
[m15]   A.direct_cs.L12                PASS (逐字节一致, n=61440)
[m15]   A.direct_ssm.L12               PASS (逐字节一致, n=3145728)
[m15]   A.handoff.L13                  PASS (逐字节一致, n=5120)
[m15]   A.direct_y.L13                 PASS (逐字节一致, n=5120)
[m15]   A.direct_ws.L13                PASS (除 g/β padding 外逐字节一致, n=5258240; padding 内差异 0 B 见报告项)
[m15]   A.direct_cs.L13                PASS (逐字节一致, n=61440)
[m15]   A.direct_ssm.L13               PASS (逐字节一致, n=3145728)
[m15]   A.handoff.L14                  PASS (逐字节一致, n=5120)
[m15]   A.direct_y.L14                 PASS (逐字节一致, n=5120)
[m15]   A.direct_ws.L14                PASS (除 g/β padding 外逐字节一致, n=5258240; padding 内差异 0 B 见报告项)
[m15]   A.direct_cs.L14                PASS (逐字节一致, n=61440)
[m15]   A.direct_ssm.L14               PASS (逐字节一致, n=3145728)
[m15]   A.handoff.L15                  PASS (逐字节一致, n=5120)
[m15]   A.direct_y.L15                 PASS (逐字节一致, n=5120)
[m15]   A.attn_passthru.L15            PASS (逐字节一致, n=5120)
[m15]   A.handoff.L16                  PASS (逐字节一致, n=5120)
[m15]   A.direct_y.L16                 PASS (逐字节一致, n=5120)
[m15]   A.direct_ws.L16                PASS (除 g/β padding 外逐字节一致, n=5258240; padding 内差异 0 B 见报告项)
[m15]   A.direct_cs.L16                PASS (逐字节一致, n=61440)
[m15]   A.direct_ssm.L16               PASS (逐字节一致, n=3145728)
[m15]   A.handoff.L17                  PASS (逐字节一致, n=5120)
[m15]   A.direct_y.L17                 PASS (逐字节一致, n=5120)
[m15]   A.direct_ws.L17                PASS (除 g/β padding 外逐字节一致, n=5258240; padding 内差异 0 B 见报告项)
[m15]   A.direct_cs.L17                PASS (逐字节一致, n=61440)
[m15]   A.direct_ssm.L17               PASS (逐字节一致, n=3145728)
[m15]   A.handoff.L18                  PASS (逐字节一致, n=5120)
[m15]   A.direct_y.L18                 PASS (逐字节一致, n=5120)
[m15]   A.direct_ws.L18                PASS (除 g/β padding 外逐字节一致, n=5258240; padding 内差异 0 B 见报告项)
[m15]   A.direct_cs.L18                PASS (逐字节一致, n=61440)
[m15]   A.direct_ssm.L18               PASS (逐字节一致, n=3145728)
[m15]   A.handoff.L19                  PASS (逐字节一致, n=5120)
[m15]   A.direct_y.L19                 PASS (逐字节一致, n=5120)
[m15]   A.attn_passthru.L19            PASS (逐字节一致, n=5120)
[m15]   A.handoff.L20                  PASS (逐字节一致, n=5120)
[m15]   A.direct_y.L20                 PASS (逐字节一致, n=5120)
[m15]   A.direct_ws.L20                PASS (除 g/β padding 外逐字节一致, n=5258240; padding 内差异 0 B 见报告项)
[m15]   A.direct_cs.L20                PASS (逐字节一致, n=61440)
[m15]   A.direct_ssm.L20               PASS (逐字节一致, n=3145728)
[m15]   A.handoff.L21                  PASS (逐字节一致, n=5120)
[m15]   A.direct_y.L21                 PASS (逐字节一致, n=5120)
[m15]   A.direct_ws.L21                PASS (除 g/β padding 外逐字节一致, n=5258240; padding 内差异 0 B 见报告项)
[m15]   A.direct_cs.L21                PASS (逐字节一致, n=61440)
[m15]   A.direct_ssm.L21               PASS (逐字节一致, n=3145728)
[m15]   A.handoff.L22                  PASS (逐字节一致, n=5120)
[m15]   A.direct_y.L22                 PASS (逐字节一致, n=5120)
[m15]   A.direct_ws.L22                PASS (除 g/β padding 外逐字节一致, n=5258240; padding 内差异 0 B 见报告项)
[m15]   A.direct_cs.L22                PASS (逐字节一致, n=61440)
[m15]   A.direct_ssm.L22               PASS (逐字节一致, n=3145728)
[m15]   A.handoff.L23                  PASS (逐字节一致, n=5120)
[m15]   A.direct_y.L23                 PASS (逐字节一致, n=5120)
[m15]   A.attn_passthru.L23            PASS (逐字节一致, n=5120)
[m15]   A.handoff.L24                  PASS (逐字节一致, n=5120)
[m15]   A.direct_y.L24                 PASS (逐字节一致, n=5120)
[m15]   A.direct_ws.L24                PASS (除 g/β padding 外逐字节一致, n=5258240; padding 内差异 0 B 见报告项)
[m15]   A.direct_cs.L24                PASS (逐字节一致, n=61440)
[m15]   A.direct_ssm.L24               PASS (逐字节一致, n=3145728)
[m15]   A.handoff.L25                  PASS (逐字节一致, n=5120)
[m15]   A.direct_y.L25                 PASS (逐字节一致, n=5120)
[m15]   A.direct_ws.L25                PASS (除 g/β padding 外逐字节一致, n=5258240; padding 内差异 0 B 见报告项)
[m15]   A.direct_cs.L25                PASS (逐字节一致, n=61440)
[m15]   A.direct_ssm.L25               PASS (逐字节一致, n=3145728)
[m15]   A.handoff.L26                  PASS (逐字节一致, n=5120)
[m15]   A.direct_y.L26                 PASS (逐字节一致, n=5120)
[m15]   A.direct_ws.L26                PASS (除 g/β padding 外逐字节一致, n=5258240; padding 内差异 0 B 见报告项)
[m15]   A.direct_cs.L26                PASS (逐字节一致, n=61440)
[m15]   A.direct_ssm.L26               PASS (逐字节一致, n=3145728)
[m15]   A.handoff.L27                  PASS (逐字节一致, n=5120)
[m15]   A.direct_y.L27                 PASS (逐字节一致, n=5120)
[m15]   A.attn_passthru.L27            PASS (逐字节一致, n=5120)
[m15]   A.handoff.L28                  PASS (逐字节一致, n=5120)
[m15]   A.direct_y.L28                 PASS (逐字节一致, n=5120)
[m15]   A.direct_ws.L28                PASS (除 g/β padding 外逐字节一致, n=5258240; padding 内差异 0 B 见报告项)
[m15]   A.direct_cs.L28                PASS (逐字节一致, n=61440)
[m15]   A.direct_ssm.L28               PASS (逐字节一致, n=3145728)
[m15]   A.handoff.L29                  PASS (逐字节一致, n=5120)
[m15]   A.direct_y.L29                 PASS (逐字节一致, n=5120)
[m15]   A.direct_ws.L29                PASS (除 g/β padding 外逐字节一致, n=5258240; padding 内差异 0 B 见报告项)
[m15]   A.direct_cs.L29                PASS (逐字节一致, n=61440)
[m15]   A.direct_ssm.L29               PASS (逐字节一致, n=3145728)
[m15]   A.handoff.L30                  PASS (逐字节一致, n=5120)
[m15]   A.direct_y.L30                 PASS (逐字节一致, n=5120)
[m15]   A.direct_ws.L30                PASS (除 g/β padding 外逐字节一致, n=5258240; padding 内差异 0 B 见报告项)
[m15]   A.direct_cs.L30                PASS (逐字节一致, n=61440)
[m15]   A.direct_ssm.L30               PASS (逐字节一致, n=3145728)
[m15]   A.handoff.L31                  PASS (逐字节一致, n=5120)
[m15]   A.direct_y.L31                 PASS (逐字节一致, n=5120)
[m15]   A.attn_passthru.L31            PASS (逐字节一致, n=5120)
[m15]   A.handoff.L32                  PASS (逐字节一致, n=5120)
[m15]   A.direct_y.L32                 PASS (逐字节一致, n=5120)
[m15]   A.direct_ws.L32                PASS (除 g/β padding 外逐字节一致, n=5258240; padding 内差异 0 B 见报告项)
[m15]   A.direct_cs.L32                PASS (逐字节一致, n=61440)
[m15]   A.direct_ssm.L32               PASS (逐字节一致, n=3145728)
[m15]   A.handoff.L33                  PASS (逐字节一致, n=5120)
[m15]   A.direct_y.L33                 PASS (逐字节一致, n=5120)
[m15]   A.direct_ws.L33                PASS (除 g/β padding 外逐字节一致, n=5258240; padding 内差异 0 B 见报告项)
[m15]   A.direct_cs.L33                PASS (逐字节一致, n=61440)
[m15]   A.direct_ssm.L33               PASS (逐字节一致, n=3145728)
[m15]   A.handoff.L34                  PASS (逐字节一致, n=5120)
[m15]   A.direct_y.L34                 PASS (逐字节一致, n=5120)
[m15]   A.direct_ws.L34                PASS (除 g/β padding 外逐字节一致, n=5258240; padding 内差异 0 B 见报告项)
[m15]   A.direct_cs.L34                PASS (逐字节一致, n=61440)
[m15]   A.direct_ssm.L34               PASS (逐字节一致, n=3145728)
[m15]   A.handoff.L35                  PASS (逐字节一致, n=5120)
[m15]   A.direct_y.L35                 PASS (逐字节一致, n=5120)
[m15]   A.attn_passthru.L35            PASS (逐字节一致, n=5120)
[m15]   A.handoff.L36                  PASS (逐字节一致, n=5120)
[m15]   A.direct_y.L36                 PASS (逐字节一致, n=5120)
[m15]   A.direct_ws.L36                PASS (除 g/β padding 外逐字节一致, n=5258240; padding 内差异 0 B 见报告项)
[m15]   A.direct_cs.L36                PASS (逐字节一致, n=61440)
[m15]   A.direct_ssm.L36               PASS (逐字节一致, n=3145728)
[m15]   A.handoff.L37                  PASS (逐字节一致, n=5120)
[m15]   A.direct_y.L37                 PASS (逐字节一致, n=5120)
[m15]   A.direct_ws.L37                PASS (除 g/β padding 外逐字节一致, n=5258240; padding 内差异 0 B 见报告项)
[m15]   A.direct_cs.L37                PASS (逐字节一致, n=61440)
[m15]   A.direct_ssm.L37               PASS (逐字节一致, n=3145728)
[m15]   A.handoff.L38                  PASS (逐字节一致, n=5120)
[m15]   A.direct_y.L38                 PASS (逐字节一致, n=5120)
[m15]   A.direct_ws.L38                PASS (除 g/β padding 外逐字节一致, n=5258240; padding 内差异 0 B 见报告项)
[m15]   A.direct_cs.L38                PASS (逐字节一致, n=61440)
[m15]   A.direct_ssm.L38               PASS (逐字节一致, n=3145728)
[m15]   A.handoff.L39                  PASS (逐字节一致, n=5120)
[m15]   A.direct_y.L39                 PASS (逐字节一致, n=5120)
[m15]   A.attn_passthru.L39            PASS (逐字节一致, n=5120)
[m15]   A.handoff.L40                  PASS (逐字节一致, n=5120)
[m15]   A.direct_y.L40                 PASS (逐字节一致, n=5120)
[m15]   A.direct_ws.L40                PASS (除 g/β padding 外逐字节一致, n=5258240; padding 内差异 0 B 见报告项)
[m15]   A.direct_cs.L40                PASS (逐字节一致, n=61440)
[m15]   A.direct_ssm.L40               PASS (逐字节一致, n=3145728)
[m15]   A.handoff.L41                  PASS (逐字节一致, n=5120)
[m15]   A.direct_y.L41                 PASS (逐字节一致, n=5120)
[m15]   A.direct_ws.L41                PASS (除 g/β padding 外逐字节一致, n=5258240; padding 内差异 0 B 见报告项)
[m15]   A.direct_cs.L41                PASS (逐字节一致, n=61440)
[m15]   A.direct_ssm.L41               PASS (逐字节一致, n=3145728)
[m15]   A.handoff.L42                  PASS (逐字节一致, n=5120)
[m15]   A.direct_y.L42                 PASS (逐字节一致, n=5120)
[m15]   A.direct_ws.L42                PASS (除 g/β padding 外逐字节一致, n=5258240; padding 内差异 0 B 见报告项)
[m15]   A.direct_cs.L42                PASS (逐字节一致, n=61440)
[m15]   A.direct_ssm.L42               PASS (逐字节一致, n=3145728)
[m15]   A.handoff.L43                  PASS (逐字节一致, n=5120)
[m15]   A.direct_y.L43                 PASS (逐字节一致, n=5120)
[m15]   A.attn_passthru.L43            PASS (逐字节一致, n=5120)
[m15]   A.handoff.L44                  PASS (逐字节一致, n=5120)
[m15]   A.direct_y.L44                 PASS (逐字节一致, n=5120)
[m15]   A.direct_ws.L44                PASS (除 g/β padding 外逐字节一致, n=5258240; padding 内差异 0 B 见报告项)
[m15]   A.direct_cs.L44                PASS (逐字节一致, n=61440)
[m15]   A.direct_ssm.L44               PASS (逐字节一致, n=3145728)
[m15]   A.handoff.L45                  PASS (逐字节一致, n=5120)
[m15]   A.direct_y.L45                 PASS (逐字节一致, n=5120)
[m15]   A.direct_ws.L45                PASS (除 g/β padding 外逐字节一致, n=5258240; padding 内差异 0 B 见报告项)
[m15]   A.direct_cs.L45                PASS (逐字节一致, n=61440)
[m15]   A.direct_ssm.L45               PASS (逐字节一致, n=3145728)
[m15]   A.handoff.L46                  PASS (逐字节一致, n=5120)
[m15]   A.direct_y.L46                 PASS (逐字节一致, n=5120)
[m15]   A.direct_ws.L46                PASS (除 g/β padding 外逐字节一致, n=5258240; padding 内差异 0 B 见报告项)
[m15]   A.direct_cs.L46                PASS (逐字节一致, n=61440)
[m15]   A.direct_ssm.L46               PASS (逐字节一致, n=3145728)
[m15]   A.handoff.L47                  PASS (逐字节一致, n=5120)
[m15]   A.direct_y.L47                 PASS (逐字节一致, n=5120)
[m15]   A.attn_passthru.L47            PASS (逐字节一致, n=5120)
[m15] 验证 A：48 层逐字节比对结束，本段判定项 216 条（累计 348），FAIL 0 条

[m15] ===== 验证 B：多 token 状态连续性（3 token × 48 层；conv_state 位级 / ssm_state 1e-5 相对）=====
[m15]   B.cs.L00.t0                        PASS (bf16 位级一致, n=30720)
[m15]   B.ssm.L00.t0                       PASS (rel 1e-05+1e-06; 最差容差占用 0.101, maxAbs 5.364e-07, n=786432)
[m15]   B.ssm_ulp.L00.t0                   (报告) 逐位一致 29.6318%; |exp|>=1e-6 子集: 位级一致 29.6614% / ≤1ulp 54.0528% / max ulp 15320 (n=786432)
[m15]   B.cs_cur.L00.t0                PASS (逐字节一致, n=20480)
[m15]   B.cs.L01.t0                        PASS (bf16 位级一致, n=30720)
[m15]   B.ssm.L01.t0                       PASS (rel 1e-05+1e-06; 最差容差占用 0.098, maxAbs 5.364e-07, n=786432)
[m15]   B.ssm_ulp.L01.t0                   (报告) 逐位一致 32.4980%; |exp|>=1e-6 子集: 位级一致 32.4982% / ≤1ulp 63.3773% / max ulp 12656 (n=786432)
[m15]   B.cs_cur.L01.t0                PASS (逐字节一致, n=20480)
[m15]   B.cs.L02.t0                        PASS (bf16 位级一致, n=30720)
[m15]   B.ssm.L02.t0                       PASS (rel 1e-05+1e-06; 最差容差占用 0.127, maxAbs 6.258e-07, n=786432)
[m15]   B.ssm_ulp.L02.t0                   (报告) 逐位一致 38.2038%; |exp|>=1e-6 子集: 位级一致 38.2048% / ≤1ulp 71.6262% / max ulp 20135 (n=786432)
[m15]   B.cs_cur.L02.t0                PASS (逐字节一致, n=20480)
[m15]   B.t0.attn_passthru.L03         PASS (逐字节一致, n=5120)
[m15]   B.cs.L04.t0                        PASS (bf16 位级一致, n=30720)
[m15]   B.ssm.L04.t0                       PASS (rel 1e-05+1e-06; 最差容差占用 0.058, maxAbs 2.384e-07, n=786432)
[m15]   B.ssm_ulp.L04.t0                   (报告) 逐位一致 39.2234%; |exp|>=1e-6 子集: 位级一致 39.2252% / ≤1ulp 69.7146% / max ulp 24775 (n=786432)
[m15]   B.cs_cur.L04.t0                PASS (逐字节一致, n=20480)
[m15]   B.cs.L05.t0                        PASS (bf16 位级一致, n=30720)
[m15]   B.ssm.L05.t0                       PASS (rel 1e-05+1e-06; 最差容差占用 0.057, maxAbs 2.980e-07, n=786432)
[m15]   B.ssm_ulp.L05.t0                   (报告) 逐位一致 31.8483%; |exp|>=1e-6 子集: 位级一致 31.8529% / ≤1ulp 70.5386% / max ulp 51424 (n=786432)
[m15]   B.cs_cur.L05.t0                PASS (逐字节一致, n=20480)
[m15]   B.cs.L06.t0                        PASS (bf16 位级一致, n=30720)
[m15]   B.ssm.L06.t0                       PASS (rel 1e-05+1e-06; 最差容差占用 0.148, maxAbs 8.345e-07, n=786432)
[m15]   B.ssm_ulp.L06.t0                   (报告) 逐位一致 22.2838%; |exp|>=1e-6 子集: 位级一致 22.2850% / ≤1ulp 51.6812% / max ulp 20474 (n=786432)
[m15]   B.cs_cur.L06.t0                PASS (逐字节一致, n=20480)
[m15]   B.t0.attn_passthru.L07         PASS (逐字节一致, n=5120)
[m15]   B.cs.L08.t0                        PASS (bf16 位级一致, n=30720)
[m15]   B.ssm.L08.t0                       PASS (rel 1e-05+1e-06; 最差容差占用 0.073, maxAbs 3.278e-07, n=786432)
[m15]   B.ssm_ulp.L08.t0                   (报告) 逐位一致 23.3026%; |exp|>=1e-6 子集: 位级一致 23.3027% / ≤1ulp 54.8735% / max ulp 11044 (n=786432)
[m15]   B.cs_cur.L08.t0                PASS (逐字节一致, n=20480)
[m15]   B.cs.L09.t0                        PASS (bf16 位级一致, n=30720)
[m15]   B.ssm.L09.t0                       PASS (rel 1e-05+1e-06; 最差容差占用 0.081, maxAbs 3.576e-07, n=786432)
[m15]   B.ssm_ulp.L09.t0                   (报告) 逐位一致 32.2083%; |exp|>=1e-6 子集: 位级一致 32.2083% / ≤1ulp 61.0696% / max ulp 11323 (n=786432)
[m15]   B.cs_cur.L09.t0                PASS (逐字节一致, n=20480)
[m15]   B.cs.L10.t0                        PASS (bf16 位级一致, n=30720)
[m15]   B.ssm.L10.t0                       PASS (rel 1e-05+1e-06; 最差容差占用 0.168, maxAbs 5.364e-07, n=786432)
[m15]   B.ssm_ulp.L10.t0                   (报告) 逐位一致 29.7515%; |exp|>=1e-6 子集: 位级一致 29.7517% / ≤1ulp 63.2221% / max ulp 16160 (n=786432)
[m15]   B.cs_cur.L10.t0                PASS (逐字节一致, n=20480)
[m15]   B.t0.attn_passthru.L11         PASS (逐字节一致, n=5120)
[m15]   B.cs.L12.t0                        PASS (bf16 位级一致, n=30720)
[m15]   B.ssm.L12.t0                       PASS (rel 1e-05+1e-06; 最差容差占用 0.071, maxAbs 3.576e-07, n=786432)
[m15]   B.ssm_ulp.L12.t0                   (报告) 逐位一致 23.5119%; |exp|>=1e-6 子集: 位级一致 23.5119% / ≤1ulp 52.8342% / max ulp 10997 (n=786432)
[m15]   B.cs_cur.L12.t0                PASS (逐字节一致, n=20480)
[m15]   B.cs.L13.t0                        PASS (bf16 位级一致, n=30720)
[m15]   B.ssm.L13.t0                       PASS (rel 1e-05+1e-06; 最差容差占用 0.063, maxAbs 3.576e-07, n=786432)
[m15]   B.ssm_ulp.L13.t0                   (报告) 逐位一致 25.1053%; |exp|>=1e-6 子集: 位级一致 25.1053% / ≤1ulp 57.4081% / max ulp 33197 (n=786432)
[m15]   B.cs_cur.L13.t0                PASS (逐字节一致, n=20480)
[m15]   B.cs.L14.t0                        PASS (bf16 位级一致, n=30720)
[m15]   B.ssm.L14.t0                       PASS (rel 1e-05+1e-06; 最差容差占用 0.050, maxAbs 2.980e-07, n=786432)
[m15]   B.ssm_ulp.L14.t0                   (报告) 逐位一致 31.3789%; |exp|>=1e-6 子集: 位级一致 31.3791% / ≤1ulp 64.8910% / max ulp 11323 (n=786432)
[m15]   B.cs_cur.L14.t0                PASS (逐字节一致, n=20480)
[m15]   B.t0.attn_passthru.L15         PASS (逐字节一致, n=5120)
[m15]   B.cs.L16.t0                        PASS (bf16 位级一致, n=30720)
[m15]   B.ssm.L16.t0                       PASS (rel 1e-05+1e-06; 最差容差占用 0.070, maxAbs 4.172e-07, n=786432)
[m15]   B.ssm_ulp.L16.t0                   (报告) 逐位一致 36.2699%; |exp|>=1e-6 子集: 位级一致 36.2758% / ≤1ulp 66.8722% / max ulp 25259 (n=786432)
[m15]   B.cs_cur.L16.t0                PASS (逐字节一致, n=20480)
[m15]   B.cs.L17.t0                        PASS (bf16 位级一致, n=30720)
[m15]   B.ssm.L17.t0                       PASS (rel 1e-05+1e-06; 最差容差占用 0.089, maxAbs 5.364e-07, n=786432)
[m15]   B.ssm_ulp.L17.t0                   (报告) 逐位一致 20.9932%; |exp|>=1e-6 子集: 位级一致 20.9932% / ≤1ulp 47.4371% / max ulp 11053 (n=786432)
[m15]   B.cs_cur.L17.t0                PASS (逐字节一致, n=20480)
[m15]   B.cs.L18.t0                        PASS (bf16 位级一致, n=30720)
[m15]   B.ssm.L18.t0                       PASS (rel 1e-05+1e-06; 最差容差占用 0.078, maxAbs 4.470e-07, n=786432)
[m15]   B.ssm_ulp.L18.t0                   (报告) 逐位一致 28.8072%; |exp|>=1e-6 子集: 位级一致 28.8073% / ≤1ulp 59.7893% / max ulp 38382 (n=786432)
[m15]   B.cs_cur.L18.t0                PASS (逐字节一致, n=20480)
[m15]   B.t0.attn_passthru.L19         PASS (逐字节一致, n=5120)
[m15]   B.cs.L20.t0                        PASS (bf16 位级一致, n=30720)
[m15]   B.ssm.L20.t0                       PASS (rel 1e-05+1e-06; 最差容差占用 0.066, maxAbs 2.980e-07, n=786432)
[m15]   B.ssm_ulp.L20.t0                   (报告) 逐位一致 31.1864%; |exp|>=1e-6 子集: 位级一致 31.1865% / ≤1ulp 57.7248% / max ulp 19201 (n=786432)
[m15]   B.cs_cur.L20.t0                PASS (逐字节一致, n=20480)
[m15]   B.cs.L21.t0                        PASS (bf16 位级一致, n=30720)
[m15]   B.ssm.L21.t0                       PASS (rel 1e-05+1e-06; 最差容差占用 0.118, maxAbs 6.258e-07, n=786432)
[m15]   B.ssm_ulp.L21.t0                   (报告) 逐位一致 26.3165%; |exp|>=1e-6 子集: 位级一致 26.3165% / ≤1ulp 53.0359% / max ulp 8683 (n=786432)
[m15]   B.cs_cur.L21.t0                PASS (逐字节一致, n=20480)
[m15]   B.cs.L22.t0                        PASS (bf16 位级一致, n=30720)
[m15]   B.ssm.L22.t0                       PASS (rel 1e-05+1e-06; 最差容差占用 0.145, maxAbs 6.557e-07, n=786432)
[m15]   B.ssm_ulp.L22.t0                   (报告) 逐位一致 27.4399%; |exp|>=1e-6 子集: 位级一致 27.4403% / ≤1ulp 54.7445% / max ulp 14349 (n=786432)
[m15]   B.cs_cur.L22.t0                PASS (逐字节一致, n=20480)
[m15]   B.t0.attn_passthru.L23         PASS (逐字节一致, n=5120)
[m15]   B.cs.L24.t0                        PASS (bf16 位级一致, n=30720)
[m15]   B.ssm.L24.t0                       PASS (rel 1e-05+1e-06; 最差容差占用 0.077, maxAbs 3.576e-07, n=786432)
[m15]   B.ssm_ulp.L24.t0                   (报告) 逐位一致 25.7472%; |exp|>=1e-6 子集: 位级一致 25.7473% / ≤1ulp 57.8363% / max ulp 16804 (n=786432)
[m15]   B.cs_cur.L24.t0                PASS (逐字节一致, n=20480)
[m15]   B.cs.L25.t0                        PASS (bf16 位级一致, n=30720)
[m15]   B.ssm.L25.t0                       PASS (rel 1e-05+1e-06; 最差容差占用 0.087, maxAbs 3.278e-07, n=786432)
[m15]   B.ssm_ulp.L25.t0                   (报告) 逐位一致 30.6516%; |exp|>=1e-6 子集: 位级一致 30.6518% / ≤1ulp 62.2311% / max ulp 7035 (n=786432)
[m15]   B.cs_cur.L25.t0                PASS (逐字节一致, n=20480)
[m15]   B.cs.L26.t0                        PASS (bf16 位级一致, n=30720)
[m15]   B.ssm.L26.t0                       PASS (rel 1e-05+1e-06; 最差容差占用 0.133, maxAbs 5.066e-07, n=786432)
[m15]   B.ssm_ulp.L26.t0                   (报告) 逐位一致 28.0717%; |exp|>=1e-6 子集: 位级一致 28.0719% / ≤1ulp 57.8181% / max ulp 24066 (n=786432)
[m15]   B.cs_cur.L26.t0                PASS (逐字节一致, n=20480)
[m15]   B.t0.attn_passthru.L27         PASS (逐字节一致, n=5120)
[m15]   B.cs.L28.t0                        PASS (bf16 位级一致, n=30720)
[m15]   B.ssm.L28.t0                       PASS (rel 1e-05+1e-06; 最差容差占用 0.068, maxAbs 2.682e-07, n=786432)
[m15]   B.ssm_ulp.L28.t0                   (报告) 逐位一致 24.3572%; |exp|>=1e-6 子集: 位级一致 24.3574% / ≤1ulp 52.8146% / max ulp 74717 (n=786432)
[m15]   B.cs_cur.L28.t0                PASS (逐字节一致, n=20480)
[m15]   B.cs.L29.t0                        PASS (bf16 位级一致, n=30720)
[m15]   B.ssm.L29.t0                       PASS (rel 1e-05+1e-06; 最差容差占用 0.068, maxAbs 3.576e-07, n=786432)
[m15]   B.ssm_ulp.L29.t0                   (报告) 逐位一致 28.4063%; |exp|>=1e-6 子集: 位级一致 28.4064% / ≤1ulp 58.4963% / max ulp 10173 (n=786432)
[m15]   B.cs_cur.L29.t0                PASS (逐字节一致, n=20480)
[m15]   B.cs.L30.t0                        PASS (bf16 位级一致, n=30720)
[m15]   B.ssm.L30.t0                       PASS (rel 1e-05+1e-06; 最差容差占用 0.046, maxAbs 2.682e-07, n=786432)
[m15]   B.ssm_ulp.L30.t0                   (报告) 逐位一致 28.8666%; |exp|>=1e-6 子集: 位级一致 28.8666% / ≤1ulp 63.9091% / max ulp 44300 (n=786432)
[m15]   B.cs_cur.L30.t0                PASS (逐字节一致, n=20480)
[m15]   B.t0.attn_passthru.L31         PASS (逐字节一致, n=5120)
[m15]   B.cs.L32.t0                        PASS (bf16 位级一致, n=30720)
[m15]   B.ssm.L32.t0                       PASS (rel 1e-05+1e-06; 最差容差占用 0.044, maxAbs 1.788e-07, n=786432)
[m15]   B.ssm_ulp.L32.t0                   (报告) 逐位一致 31.1115%; |exp|>=1e-6 子集: 位级一致 31.0983% / ≤1ulp 65.7891% / max ulp 28738 (n=786432)
[m15]   B.cs_cur.L32.t0                PASS (逐字节一致, n=20480)
[m15]   B.cs.L33.t0                        PASS (bf16 位级一致, n=30720)
[m15]   B.ssm.L33.t0                       PASS (rel 1e-05+1e-06; 最差容差占用 0.074, maxAbs 3.874e-07, n=786432)
[m15]   B.ssm_ulp.L33.t0                   (报告) 逐位一致 22.5244%; |exp|>=1e-6 子集: 位级一致 22.5245% / ≤1ulp 54.7994% / max ulp 4006 (n=786432)
[m15]   B.cs_cur.L33.t0                PASS (逐字节一致, n=20480)
[m15]   B.cs.L34.t0                        PASS (bf16 位级一致, n=30720)
[m15]   B.ssm.L34.t0                       PASS (rel 1e-05+1e-06; 最差容差占用 0.088, maxAbs 4.768e-07, n=786432)
[m15]   B.ssm_ulp.L34.t0                   (报告) 逐位一致 36.5302%; |exp|>=1e-6 子集: 位级一致 36.5302% / ≤1ulp 64.9708% / max ulp 8784 (n=786432)
[m15]   B.cs_cur.L34.t0                PASS (逐字节一致, n=20480)
[m15]   B.t0.attn_passthru.L35         PASS (逐字节一致, n=5120)
[m15]   B.cs.L36.t0                        PASS (bf16 位级一致, n=30720)
[m15]   B.ssm.L36.t0                       PASS (rel 1e-05+1e-06; 最差容差占用 0.064, maxAbs 3.576e-07, n=786432)
[m15]   B.ssm_ulp.L36.t0                   (报告) 逐位一致 29.0273%; |exp|>=1e-6 子集: 位级一致 29.0273% / ≤1ulp 65.5262% / max ulp 7448 (n=786432)
[m15]   B.cs_cur.L36.t0                PASS (逐字节一致, n=20480)
[m15]   B.cs.L37.t0                        PASS (bf16 位级一致, n=30720)
[m15]   B.ssm.L37.t0                       PASS (rel 1e-05+1e-06; 最差容差占用 0.102, maxAbs 5.662e-07, n=786432)
[m15]   B.ssm_ulp.L37.t0                   (报告) 逐位一致 25.8395%; |exp|>=1e-6 子集: 位级一致 25.8396% / ≤1ulp 60.5161% / max ulp 12695 (n=786432)
[m15]   B.cs_cur.L37.t0                PASS (逐字节一致, n=20480)
[m15]   B.cs.L38.t0                        PASS (bf16 位级一致, n=30720)
[m15]   B.ssm.L38.t0                       PASS (rel 1e-05+1e-06; 最差容差占用 0.180, maxAbs 8.643e-07, n=786432)
[m15]   B.ssm_ulp.L38.t0                   (报告) 逐位一致 21.4756%; |exp|>=1e-6 子集: 位级一致 21.4768% / ≤1ulp 47.4762% / max ulp 27387 (n=786432)
[m15]   B.cs_cur.L38.t0                PASS (逐字节一致, n=20480)
[m15]   B.t0.attn_passthru.L39         PASS (逐字节一致, n=5120)
[m15]   B.cs.L40.t0                        PASS (bf16 位级一致, n=30720)
[m15]   B.ssm.L40.t0                       PASS (rel 1e-05+1e-06; 最差容差占用 0.043, maxAbs 2.384e-07, n=786432)
[m15]   B.ssm_ulp.L40.t0                   (报告) 逐位一致 39.3412%; |exp|>=1e-6 子集: 位级一致 39.3413% / ≤1ulp 76.5345% / max ulp 17470 (n=786432)
[m15]   B.cs_cur.L40.t0                PASS (逐字节一致, n=20480)
[m15]   B.cs.L41.t0                        PASS (bf16 位级一致, n=30720)
[m15]   B.ssm.L41.t0                       PASS (rel 1e-05+1e-06; 最差容差占用 0.087, maxAbs 5.066e-07, n=786432)
[m15]   B.ssm_ulp.L41.t0                   (报告) 逐位一致 39.5045%; |exp|>=1e-6 子集: 位级一致 39.5045% / ≤1ulp 74.1953% / max ulp 14734 (n=786432)
[m15]   B.cs_cur.L41.t0                PASS (逐字节一致, n=20480)
[m15]   B.cs.L42.t0                        PASS (bf16 位级一致, n=30720)
[m15]   B.ssm.L42.t0                       PASS (rel 1e-05+1e-06; 最差容差占用 0.068, maxAbs 3.576e-07, n=786432)
[m15]   B.ssm_ulp.L42.t0                   (报告) 逐位一致 36.0476%; |exp|>=1e-6 子集: 位级一致 36.0477% / ≤1ulp 64.8952% / max ulp 6679 (n=786432)
[m15]   B.cs_cur.L42.t0                PASS (逐字节一致, n=20480)
[m15]   B.t0.attn_passthru.L43         PASS (逐字节一致, n=5120)
[m15]   B.cs.L44.t0                        PASS (bf16 位级一致, n=30720)
[m15]   B.ssm.L44.t0                       PASS (rel 1e-05+1e-06; 最差容差占用 0.052, maxAbs 2.980e-07, n=786432)
[m15]   B.ssm_ulp.L44.t0                   (报告) 逐位一致 24.7643%; |exp|>=1e-6 子集: 位级一致 24.7644% / ≤1ulp 61.4562% / max ulp 35886 (n=786432)
[m15]   B.cs_cur.L44.t0                PASS (逐字节一致, n=20480)
[m15]   B.cs.L45.t0                        PASS (bf16 位级一致, n=30720)
[m15]   B.ssm.L45.t0                       PASS (rel 1e-05+1e-06; 最差容差占用 0.071, maxAbs 4.172e-07, n=786432)
[m15]   B.ssm_ulp.L45.t0                   (报告) 逐位一致 30.4942%; |exp|>=1e-6 子集: 位级一致 30.4942% / ≤1ulp 60.3260% / max ulp 17706 (n=786432)
[m15]   B.cs_cur.L45.t0                PASS (逐字节一致, n=20480)
[m15]   B.cs.L46.t0                        PASS (bf16 位级一致, n=30720)
[m15]   B.ssm.L46.t0                       PASS (rel 1e-05+1e-06; 最差容差占用 0.094, maxAbs 5.364e-07, n=786432)
[m15]   B.ssm_ulp.L46.t0                   (报告) 逐位一致 36.8721%; |exp|>=1e-6 子集: 位级一致 36.8721% / ≤1ulp 69.5995% / max ulp 4684 (n=786432)
[m15]   B.cs_cur.L46.t0                PASS (逐字节一致, n=20480)
[m15]   B.t0.attn_passthru.L47         PASS (逐字节一致, n=5120)
[m15]   B.cs.L00.t1                        PASS (bf16 位级一致, n=30720)
[m15]   B.ssm.L00.t1                       PASS (rel 1e-05+1e-06; 最差容差占用 0.130, maxAbs 7.749e-07, n=786432)
[m15]   B.ssm_ulp.L00.t1                   (报告) 逐位一致 25.3072%; |exp|>=1e-6 子集: 位级一致 25.2991% / ≤1ulp 56.1692% / max ulp 13638 (n=786432)
[m15]   B.cs_shift.L00.t1              PASS (逐字节一致, n=20480)
[m15]   B.cs_shift2.L00.t1             PASS (逐字节一致, n=20480)
[m15]   B.cs_cur.L00.t1                PASS (逐字节一致, n=20480)
[m15]   B.cs.L01.t1                        PASS (bf16 位级一致, n=30720)
[m15]   B.ssm.L01.t1                       PASS (rel 1e-05+1e-06; 最差容差占用 0.092, maxAbs 4.768e-07, n=786432)
[m15]   B.ssm_ulp.L01.t1                   (报告) 逐位一致 20.1861%; |exp|>=1e-6 子集: 位级一致 20.1864% / ≤1ulp 45.8353% / max ulp 38033 (n=786432)
[m15]   B.cs_shift.L01.t1              PASS (逐字节一致, n=20480)
[m15]   B.cs_shift2.L01.t1             PASS (逐字节一致, n=20480)
[m15]   B.cs_cur.L01.t1                PASS (逐字节一致, n=20480)
[m15]   B.cs.L02.t1                        PASS (bf16 位级一致, n=30720)
[m15]   B.ssm.L02.t1                       PASS (rel 1e-05+1e-06; 最差容差占用 0.121, maxAbs 5.066e-07, n=786432)
[m15]   B.ssm_ulp.L02.t1                   (报告) 逐位一致 30.5537%; |exp|>=1e-6 子集: 位级一致 30.5630% / ≤1ulp 66.6114% / max ulp 26145 (n=786432)
[m15]   B.cs_shift.L02.t1              PASS (逐字节一致, n=20480)
[m15]   B.cs_shift2.L02.t1             PASS (逐字节一致, n=20480)
[m15]   B.cs_cur.L02.t1                PASS (逐字节一致, n=20480)
[m15]   B.t1.attn_passthru.L03         PASS (逐字节一致, n=5120)
[m15]   B.cs.L04.t1                        PASS (bf16 位级一致, n=30720)
[m15]   B.ssm.L04.t1                       PASS (rel 1e-05+1e-06; 最差容差占用 0.070, maxAbs 3.576e-07, n=786432)
[m15]   B.ssm_ulp.L04.t1                   (报告) 逐位一致 24.1453%; |exp|>=1e-6 子集: 位级一致 24.1342% / ≤1ulp 54.1389% / max ulp 14953 (n=786432)
[m15]   B.cs_shift.L04.t1              PASS (逐字节一致, n=20480)
[m15]   B.cs_shift2.L04.t1             PASS (逐字节一致, n=20480)
[m15]   B.cs_cur.L04.t1                PASS (逐字节一致, n=20480)
[m15]   B.cs.L05.t1                        PASS (bf16 位级一致, n=30720)
[m15]   B.ssm.L05.t1                       PASS (rel 1e-05+1e-06; 最差容差占用 0.120, maxAbs 4.172e-07, n=786432)
[m15]   B.ssm_ulp.L05.t1                   (报告) 逐位一致 21.1159%; |exp|>=1e-6 子集: 位级一致 21.1124% / ≤1ulp 53.9100% / max ulp 23722 (n=786432)
[m15]   B.cs_shift.L05.t1              PASS (逐字节一致, n=20480)
[m15]   B.cs_shift2.L05.t1             PASS (逐字节一致, n=20480)
[m15]   B.cs_cur.L05.t1                PASS (逐字节一致, n=20480)
[m15]   B.cs.L06.t1                        PASS (bf16 位级一致, n=30720)
[m15]   B.ssm.L06.t1                       PASS (rel 1e-05+1e-06; 最差容差占用 0.162, maxAbs 8.643e-07, n=786432)
[m15]   B.ssm_ulp.L06.t1                   (报告) 逐位一致 19.3715%; |exp|>=1e-6 子集: 位级一致 19.3658% / ≤1ulp 43.7999% / max ulp 13451 (n=786432)
[m15]   B.cs_shift.L06.t1              PASS (逐字节一致, n=20480)
[m15]   B.cs_shift2.L06.t1             PASS (逐字节一致, n=20480)
[m15]   B.cs_cur.L06.t1                PASS (逐字节一致, n=20480)
[m15]   B.t1.attn_passthru.L07         PASS (逐字节一致, n=5120)
[m15]   B.cs.L08.t1                        PASS (bf16 位级一致, n=30720)
[m15]   B.ssm.L08.t1                       PASS (rel 1e-05+1e-06; 最差容差占用 0.114, maxAbs 5.960e-07, n=786432)
[m15]   B.ssm_ulp.L08.t1                   (报告) 逐位一致 21.6660%; |exp|>=1e-6 子集: 位级一致 21.6660% / ≤1ulp 51.3156% / max ulp 6004 (n=786432)
[m15]   B.cs_shift.L08.t1              PASS (逐字节一致, n=20480)
[m15]   B.cs_shift2.L08.t1             PASS (逐字节一致, n=20480)
[m15]   B.cs_cur.L08.t1                PASS (逐字节一致, n=20480)
[m15]   B.cs.L09.t1                        PASS (bf16 位级一致, n=30720)
[m15]   B.ssm.L09.t1                       PASS (rel 1e-05+1e-06; 最差容差占用 0.120, maxAbs 6.557e-07, n=786432)
[m15]   B.ssm_ulp.L09.t1                   (报告) 逐位一致 23.0695%; |exp|>=1e-6 子集: 位级一致 23.0698% / ≤1ulp 51.7333% / max ulp 69381 (n=786432)
[m15]   B.cs_shift.L09.t1              PASS (逐字节一致, n=20480)
[m15]   B.cs_shift2.L09.t1             PASS (逐字节一致, n=20480)
[m15]   B.cs_cur.L09.t1                PASS (逐字节一致, n=20480)
[m15]   B.cs.L10.t1                        PASS (bf16 位级一致, n=30720)
[m15]   B.ssm.L10.t1                       PASS (rel 1e-05+1e-06; 最差容差占用 0.086, maxAbs 4.172e-07, n=786432)
[m15]   B.ssm_ulp.L10.t1                   (报告) 逐位一致 21.2198%; |exp|>=1e-6 子集: 位级一致 21.2210% / ≤1ulp 48.2172% / max ulp 25643 (n=786432)
[m15]   B.cs_shift.L10.t1              PASS (逐字节一致, n=20480)
[m15]   B.cs_shift2.L10.t1             PASS (逐字节一致, n=20480)
[m15]   B.cs_cur.L10.t1                PASS (逐字节一致, n=20480)
[m15]   B.t1.attn_passthru.L11         PASS (逐字节一致, n=5120)
[m15]   B.cs.L12.t1                        PASS (bf16 位级一致, n=30720)
[m15]   B.ssm.L12.t1                       PASS (rel 1e-05+1e-06; 最差容差占用 0.095, maxAbs 4.172e-07, n=786432)
[m15]   B.ssm_ulp.L12.t1                   (报告) 逐位一致 17.7790%; |exp|>=1e-6 子集: 位级一致 17.7797% / ≤1ulp 44.5836% / max ulp 69066 (n=786432)
[m15]   B.cs_shift.L12.t1              PASS (逐字节一致, n=20480)
[m15]   B.cs_shift2.L12.t1             PASS (逐字节一致, n=20480)
[m15]   B.cs_cur.L12.t1                PASS (逐字节一致, n=20480)
[m15]   B.cs.L13.t1                        PASS (bf16 位级一致, n=30720)
[m15]   B.ssm.L13.t1                       PASS (rel 1e-05+1e-06; 最差容差占用 0.099, maxAbs 5.960e-07, n=786432)
[m15]   B.ssm_ulp.L13.t1                   (报告) 逐位一致 16.8863%; |exp|>=1e-6 子集: 位级一致 16.8863% / ≤1ulp 42.7414% / max ulp 17729 (n=786432)
[m15]   B.cs_shift.L13.t1              PASS (逐字节一致, n=20480)
[m15]   B.cs_shift2.L13.t1             PASS (逐字节一致, n=20480)
[m15]   B.cs_cur.L13.t1                PASS (逐字节一致, n=20480)
[m15]   B.cs.L14.t1                        PASS (bf16 位级一致, n=30720)
[m15]   B.ssm.L14.t1                       PASS (rel 1e-05+1e-06; 最差容差占用 0.070, maxAbs 4.172e-07, n=786432)
[m15]   B.ssm_ulp.L14.t1                   (报告) 逐位一致 22.2982%; |exp|>=1e-6 子集: 位级一致 22.2988% / ≤1ulp 54.7223% / max ulp 26742 (n=786432)
[m15]   B.cs_shift.L14.t1              PASS (逐字节一致, n=20480)
[m15]   B.cs_shift2.L14.t1             PASS (逐字节一致, n=20480)
[m15]   B.cs_cur.L14.t1                PASS (逐字节一致, n=20480)
[m15]   B.t1.attn_passthru.L15         PASS (逐字节一致, n=5120)
[m15]   B.cs.L16.t1                        PASS (bf16 位级一致, n=30720)
[m15]   B.ssm.L16.t1                       PASS (rel 1e-05+1e-06; 最差容差占用 0.119, maxAbs 7.153e-07, n=786432)
[m15]   B.ssm_ulp.L16.t1                   (报告) 逐位一致 24.2133%; |exp|>=1e-6 子集: 位级一致 24.2173% / ≤1ulp 59.8034% / max ulp 10125 (n=786432)
[m15]   B.cs_shift.L16.t1              PASS (逐字节一致, n=20480)
[m15]   B.cs_shift2.L16.t1             PASS (逐字节一致, n=20480)
[m15]   B.cs_cur.L16.t1                PASS (逐字节一致, n=20480)
[m15]   B.cs.L17.t1                        PASS (bf16 位级一致, n=30720)
[m15]   B.ssm.L17.t1                       PASS (rel 1e-05+1e-06; 最差容差占用 0.176, maxAbs 9.835e-07, n=786432)
[m15]   B.ssm_ulp.L17.t1                   (报告) 逐位一致 17.2255%; |exp|>=1e-6 子集: 位级一致 17.2256% / ≤1ulp 40.5763% / max ulp 20788 (n=786432)
[m15]   B.cs_shift.L17.t1              PASS (逐字节一致, n=20480)
[m15]   B.cs_shift2.L17.t1             PASS (逐字节一致, n=20480)
[m15]   B.cs_cur.L17.t1                PASS (逐字节一致, n=20480)
[m15]   B.cs.L18.t1                        PASS (bf16 位级一致, n=30720)
[m15]   B.ssm.L18.t1                       PASS (rel 1e-05+1e-06; 最差容差占用 0.135, maxAbs 7.451e-07, n=786432)
[m15]   B.ssm_ulp.L18.t1                   (报告) 逐位一致 23.1304%; |exp|>=1e-6 子集: 位级一致 23.1306% / ≤1ulp 52.3523% / max ulp 19746 (n=786432)
[m15]   B.cs_shift.L18.t1              PASS (逐字节一致, n=20480)
[m15]   B.cs_shift2.L18.t1             PASS (逐字节一致, n=20480)
[m15]   B.cs_cur.L18.t1                PASS (逐字节一致, n=20480)
[m15]   B.t1.attn_passthru.L19         PASS (逐字节一致, n=5120)
[m15]   B.cs.L20.t1                        PASS (bf16 位级一致, n=30720)
[m15]   B.ssm.L20.t1                       PASS (rel 1e-05+1e-06; 最差容差占用 0.063, maxAbs 2.980e-07, n=786432)
[m15]   B.ssm_ulp.L20.t1                   (报告) 逐位一致 21.6766%; |exp|>=1e-6 子集: 位级一致 21.6767% / ≤1ulp 52.0267% / max ulp 9645 (n=786432)
[m15]   B.cs_shift.L20.t1              PASS (逐字节一致, n=20480)
[m15]   B.cs_shift2.L20.t1             PASS (逐字节一致, n=20480)
[m15]   B.cs_cur.L20.t1                PASS (逐字节一致, n=20480)
[m15]   B.cs.L21.t1                        PASS (bf16 位级一致, n=30720)
[m15]   B.ssm.L21.t1                       PASS (rel 1e-05+1e-06; 最差容差占用 0.202, maxAbs 9.835e-07, n=786432)
[m15]   B.ssm_ulp.L21.t1                   (报告) 逐位一致 21.4158%; |exp|>=1e-6 子集: 位级一致 21.4160% / ≤1ulp 47.5469% / max ulp 20158 (n=786432)
[m15]   B.cs_shift.L21.t1              PASS (逐字节一致, n=20480)
[m15]   B.cs_shift2.L21.t1             PASS (逐字节一致, n=20480)
[m15]   B.cs_cur.L21.t1                PASS (逐字节一致, n=20480)
[m15]   B.cs.L22.t1                        PASS (bf16 位级一致, n=30720)
[m15]   B.ssm.L22.t1                       PASS (rel 1e-05+1e-06; 最差容差占用 0.267, maxAbs 1.073e-06, n=786432)
[m15]   B.ssm_ulp.L22.t1                   (报告) 逐位一致 19.7889%; |exp|>=1e-6 子集: 位级一致 19.7929% / ≤1ulp 46.8669% / max ulp 18025 (n=786432)
[m15]   B.cs_shift.L22.t1              PASS (逐字节一致, n=20480)
[m15]   B.cs_shift2.L22.t1             PASS (逐字节一致, n=20480)
[m15]   B.cs_cur.L22.t1                PASS (逐字节一致, n=20480)
[m15]   B.t1.attn_passthru.L23         PASS (逐字节一致, n=5120)
[m15]   B.cs.L24.t1                        PASS (bf16 位级一致, n=30720)
[m15]   B.ssm.L24.t1                       PASS (rel 1e-05+1e-06; 最差容差占用 0.126, maxAbs 5.364e-07, n=786432)
[m15]   B.ssm_ulp.L24.t1                   (报告) 逐位一致 15.9129%; |exp|>=1e-6 子集: 位级一致 15.9129% / ≤1ulp 40.3205% / max ulp 16516 (n=786432)
[m15]   B.cs_shift.L24.t1              PASS (逐字节一致, n=20480)
[m15]   B.cs_shift2.L24.t1             PASS (逐字节一致, n=20480)
[m15]   B.cs_cur.L24.t1                PASS (逐字节一致, n=20480)
[m15]   B.cs.L25.t1                        PASS (bf16 位级一致, n=30720)
[m15]   B.ssm.L25.t1                       PASS (rel 1e-05+1e-06; 最差容差占用 0.099, maxAbs 5.960e-07, n=786432)
[m15]   B.ssm_ulp.L25.t1                   (报告) 逐位一致 28.3768%; |exp|>=1e-6 子集: 位级一致 28.3779% / ≤1ulp 62.1195% / max ulp 31017 (n=786432)
[m15]   B.cs_shift.L25.t1              PASS (逐字节一致, n=20480)
[m15]   B.cs_shift2.L25.t1             PASS (逐字节一致, n=20480)
[m15]   B.cs_cur.L25.t1                PASS (逐字节一致, n=20480)
[m15]   B.cs.L26.t1                        PASS (bf16 位级一致, n=30720)
[m15]   B.ssm.L26.t1                       PASS (rel 1e-05+1e-06; 最差容差占用 0.143, maxAbs 5.066e-07, n=786432)
[m15]   B.ssm_ulp.L26.t1                   (报告) 逐位一致 25.8766%; |exp|>=1e-6 子集: 位级一致 25.8772% / ≤1ulp 55.5998% / max ulp 57634 (n=786432)
[m15]   B.cs_shift.L26.t1              PASS (逐字节一致, n=20480)
[m15]   B.cs_shift2.L26.t1             PASS (逐字节一致, n=20480)
[m15]   B.cs_cur.L26.t1                PASS (逐字节一致, n=20480)
[m15]   B.t1.attn_passthru.L27         PASS (逐字节一致, n=5120)
[m15]   B.cs.L28.t1                        PASS (bf16 位级一致, n=30720)
[m15]   B.ssm.L28.t1                       PASS (rel 1e-05+1e-06; 最差容差占用 0.102, maxAbs 4.172e-07, n=786432)
[m15]   B.ssm_ulp.L28.t1                   (报告) 逐位一致 20.8448%; |exp|>=1e-6 子集: 位级一致 20.8458% / ≤1ulp 48.6453% / max ulp 33685 (n=786432)
[m15]   B.cs_shift.L28.t1              PASS (逐字节一致, n=20480)
[m15]   B.cs_shift2.L28.t1             PASS (逐字节一致, n=20480)
[m15]   B.cs_cur.L28.t1                PASS (逐字节一致, n=20480)
[m15]   B.cs.L29.t1                        PASS (bf16 位级一致, n=30720)
[m15]   B.ssm.L29.t1                       PASS (rel 1e-05+1e-06; 最差容差占用 0.112, maxAbs 5.066e-07, n=786432)
[m15]   B.ssm_ulp.L29.t1                   (报告) 逐位一致 21.3392%; |exp|>=1e-6 子集: 位级一致 21.3393% / ≤1ulp 53.0174% / max ulp 22613 (n=786432)
[m15]   B.cs_shift.L29.t1              PASS (逐字节一致, n=20480)
[m15]   B.cs_shift2.L29.t1             PASS (逐字节一致, n=20480)
[m15]   B.cs_cur.L29.t1                PASS (逐字节一致, n=20480)
[m15]   B.cs.L30.t1                        PASS (bf16 位级一致, n=30720)
[m15]   B.ssm.L30.t1                       PASS (rel 1e-05+1e-06; 最差容差占用 0.089, maxAbs 5.364e-07, n=786432)
[m15]   B.ssm_ulp.L30.t1                   (报告) 逐位一致 22.8402%; |exp|>=1e-6 子集: 位级一致 22.8407% / ≤1ulp 53.6046% / max ulp 25612 (n=786432)
[m15]   B.cs_shift.L30.t1              PASS (逐字节一致, n=20480)
[m15]   B.cs_shift2.L30.t1             PASS (逐字节一致, n=20480)
[m15]   B.cs_cur.L30.t1                PASS (逐字节一致, n=20480)
[m15]   B.t1.attn_passthru.L31         PASS (逐字节一致, n=5120)
[m15]   B.cs.L32.t1                        PASS (bf16 位级一致, n=30720)
[m15]   B.ssm.L32.t1                       PASS (rel 1e-05+1e-06; 最差容差占用 0.058, maxAbs 2.980e-07, n=786432)
[m15]   B.ssm_ulp.L32.t1                   (报告) 逐位一致 25.4850%; |exp|>=1e-6 子集: 位级一致 25.4855% / ≤1ulp 58.5901% / max ulp 23816 (n=786432)
[m15]   B.cs_shift.L32.t1              PASS (逐字节一致, n=20480)
[m15]   B.cs_shift2.L32.t1             PASS (逐字节一致, n=20480)
[m15]   B.cs_cur.L32.t1                PASS (逐字节一致, n=20480)
[m15]   B.cs.L33.t1                        PASS (bf16 位级一致, n=30720)
[m15]   B.ssm.L33.t1                       PASS (rel 1e-05+1e-06; 最差容差占用 0.084, maxAbs 4.470e-07, n=786432)
[m15]   B.ssm_ulp.L33.t1                   (报告) 逐位一致 20.7467%; |exp|>=1e-6 子集: 位级一致 20.7468% / ≤1ulp 48.2521% / max ulp 45602 (n=786432)
[m15]   B.cs_shift.L33.t1              PASS (逐字节一致, n=20480)
[m15]   B.cs_shift2.L33.t1             PASS (逐字节一致, n=20480)
[m15]   B.cs_cur.L33.t1                PASS (逐字节一致, n=20480)
[m15]   B.cs.L34.t1                        PASS (bf16 位级一致, n=30720)
[m15]   B.ssm.L34.t1                       PASS (rel 1e-05+1e-06; 最差容差占用 0.070, maxAbs 3.576e-07, n=786432)
[m15]   B.ssm_ulp.L34.t1                   (报告) 逐位一致 25.3852%; |exp|>=1e-6 子集: 位级一致 25.3852% / ≤1ulp 57.1947% / max ulp 19757 (n=786432)
[m15]   B.cs_shift.L34.t1              PASS (逐字节一致, n=20480)
[m15]   B.cs_shift2.L34.t1             PASS (逐字节一致, n=20480)
[m15]   B.cs_cur.L34.t1                PASS (逐字节一致, n=20480)
[m15]   B.t1.attn_passthru.L35         PASS (逐字节一致, n=5120)
[m15]   B.cs.L36.t1                        PASS (bf16 位级一致, n=30720)
[m15]   B.ssm.L36.t1                       PASS (rel 1e-05+1e-06; 最差容差占用 0.119, maxAbs 7.153e-07, n=786432)
[m15]   B.ssm_ulp.L36.t1                   (报告) 逐位一致 22.3361%; |exp|>=1e-6 子集: 位级一致 22.3361% / ≤1ulp 52.6854% / max ulp 17342 (n=786432)
[m15]   B.cs_shift.L36.t1              PASS (逐字节一致, n=20480)
[m15]   B.cs_shift2.L36.t1             PASS (逐字节一致, n=20480)
[m15]   B.cs_cur.L36.t1                PASS (逐字节一致, n=20480)
[m15]   B.cs.L37.t1                        PASS (bf16 位级一致, n=30720)
[m15]   B.ssm.L37.t1                       PASS (rel 1e-05+1e-06; 最差容差占用 0.049, maxAbs 2.086e-07, n=786432)
[m15]   B.ssm_ulp.L37.t1                   (报告) 逐位一致 21.0988%; |exp|>=1e-6 子集: 位级一致 21.0991% / ≤1ulp 52.4427% / max ulp 23996 (n=786432)
[m15]   B.cs_shift.L37.t1              PASS (逐字节一致, n=20480)
[m15]   B.cs_shift2.L37.t1             PASS (逐字节一致, n=20480)
[m15]   B.cs_cur.L37.t1                PASS (逐字节一致, n=20480)
[m15]   B.cs.L38.t1                        PASS (bf16 位级一致, n=30720)
[m15]   B.ssm.L38.t1                       PASS (rel 1e-05+1e-06; 最差容差占用 0.212, maxAbs 7.451e-07, n=786432)
[m15]   B.ssm_ulp.L38.t1                   (报告) 逐位一致 17.9248%; |exp|>=1e-6 子集: 位级一致 17.9344% / ≤1ulp 41.7264% / max ulp 4181 (n=786432)
[m15]   B.cs_shift.L38.t1              PASS (逐字节一致, n=20480)
[m15]   B.cs_shift2.L38.t1             PASS (逐字节一致, n=20480)
[m15]   B.cs_cur.L38.t1                PASS (逐字节一致, n=20480)
[m15]   B.t1.attn_passthru.L39         PASS (逐字节一致, n=5120)
[m15]   B.cs.L40.t1                        PASS (bf16 位级一致, n=30720)
[m15]   B.ssm.L40.t1                       PASS (rel 1e-05+1e-06; 最差容差占用 0.073, maxAbs 4.172e-07, n=786432)
[m15]   B.ssm_ulp.L40.t1                   (报告) 逐位一致 28.8338%; |exp|>=1e-6 子集: 位级一致 28.8340% / ≤1ulp 63.6522% / max ulp 11700 (n=786432)
[m15]   B.cs_shift.L40.t1              PASS (逐字节一致, n=20480)
[m15]   B.cs_shift2.L40.t1             PASS (逐字节一致, n=20480)
[m15]   B.cs_cur.L40.t1                PASS (逐字节一致, n=20480)
[m15]   B.cs.L41.t1                        PASS (bf16 位级一致, n=30720)
[m15]   B.ssm.L41.t1                       PASS (rel 1e-05+1e-06; 最差容差占用 0.094, maxAbs 5.066e-07, n=786432)
[m15]   B.ssm_ulp.L41.t1                   (报告) 逐位一致 31.1946%; |exp|>=1e-6 子集: 位级一致 31.1947% / ≤1ulp 67.5077% / max ulp 38597 (n=786432)
[m15]   B.cs_shift.L41.t1              PASS (逐字节一致, n=20480)
[m15]   B.cs_shift2.L41.t1             PASS (逐字节一致, n=20480)
[m15]   B.cs_cur.L41.t1                PASS (逐字节一致, n=20480)
[m15]   B.cs.L42.t1                        PASS (bf16 位级一致, n=30720)
[m15]   B.ssm.L42.t1                       PASS (rel 1e-05+1e-06; 最差容差占用 0.083, maxAbs 4.172e-07, n=786432)
[m15]   B.ssm_ulp.L42.t1                   (报告) 逐位一致 29.3466%; |exp|>=1e-6 子集: 位级一致 29.3466% / ≤1ulp 61.9920% / max ulp 12155 (n=786432)
[m15]   B.cs_shift.L42.t1              PASS (逐字节一致, n=20480)
[m15]   B.cs_shift2.L42.t1             PASS (逐字节一致, n=20480)
[m15]   B.cs_cur.L42.t1                PASS (逐字节一致, n=20480)
[m15]   B.t1.attn_passthru.L43         PASS (逐字节一致, n=5120)
[m15]   B.cs.L44.t1                        PASS (bf16 位级一致, n=30720)
[m15]   B.ssm.L44.t1                       PASS (rel 1e-05+1e-06; 最差容差占用 0.092, maxAbs 5.364e-07, n=786432)
[m15]   B.ssm_ulp.L44.t1                   (报告) 逐位一致 18.5057%; |exp|>=1e-6 子集: 位级一致 18.5059% / ≤1ulp 44.8895% / max ulp 17023 (n=786432)
[m15]   B.cs_shift.L44.t1              PASS (逐字节一致, n=20480)
[m15]   B.cs_shift2.L44.t1             PASS (逐字节一致, n=20480)
[m15]   B.cs_cur.L44.t1                PASS (逐字节一致, n=20480)
[m15]   B.cs.L45.t1                        PASS (bf16 位级一致, n=30720)
[m15]   B.ssm.L45.t1                       PASS (rel 1e-05+1e-06; 最差容差占用 0.139, maxAbs 5.364e-07, n=786432)
[m15]   B.ssm_ulp.L45.t1                   (报告) 逐位一致 26.4712%; |exp|>=1e-6 子集: 位级一致 26.4714% / ≤1ulp 59.4789% / max ulp 193347 (n=786432)
[m15]   B.cs_shift.L45.t1              PASS (逐字节一致, n=20480)
[m15]   B.cs_shift2.L45.t1             PASS (逐字节一致, n=20480)
[m15]   B.cs_cur.L45.t1                PASS (逐字节一致, n=20480)
[m15]   B.cs.L46.t1                        PASS (bf16 位级一致, n=30720)
[m15]   B.ssm.L46.t1                       PASS (rel 1e-05+1e-06; 最差容差占用 0.086, maxAbs 4.768e-07, n=786432)
[m15]   B.ssm_ulp.L46.t1                   (报告) 逐位一致 24.6413%; |exp|>=1e-6 子集: 位级一致 24.6414% / ≤1ulp 57.9180% / max ulp 13053 (n=786432)
[m15]   B.cs_shift.L46.t1              PASS (逐字节一致, n=20480)
[m15]   B.cs_shift2.L46.t1             PASS (逐字节一致, n=20480)
[m15]   B.cs_cur.L46.t1                PASS (逐字节一致, n=20480)
[m15]   B.t1.attn_passthru.L47         PASS (逐字节一致, n=5120)
[m15]   B.cs.L00.t2                        PASS (bf16 位级一致, n=30720)
[m15]   B.ssm.L00.t2                       PASS (rel 1e-05+1e-06; 最差容差占用 0.122, maxAbs 4.768e-07, n=786432)
[m15]   B.ssm_ulp.L00.t2                   (报告) 逐位一致 21.8497%; |exp|>=1e-6 子集: 位级一致 21.8438% / ≤1ulp 50.3365% / max ulp 8624 (n=786432)
[m15]   B.cs_shift.L00.t2              PASS (逐字节一致, n=20480)
[m15]   B.cs_shift2.L00.t2             PASS (逐字节一致, n=20480)
[m15]   B.cs_cur.L00.t2                PASS (逐字节一致, n=20480)
[m15]   B.cs.L01.t2                        PASS (bf16 位级一致, n=30720)
[m15]   B.ssm.L01.t2                       PASS (rel 1e-05+1e-06; 最差容差占用 0.110, maxAbs 6.557e-07, n=786432)
[m15]   B.ssm_ulp.L01.t2                   (报告) 逐位一致 15.6639%; |exp|>=1e-6 子集: 位级一致 15.6656% / ≤1ulp 39.9427% / max ulp 28269 (n=786432)
[m15]   B.cs_shift.L01.t2              PASS (逐字节一致, n=20480)
[m15]   B.cs_shift2.L01.t2             PASS (逐字节一致, n=20480)
[m15]   B.cs_cur.L01.t2                PASS (逐字节一致, n=20480)
[m15]   B.cs.L02.t2                        PASS (bf16 位级一致, n=30720)
[m15]   B.ssm.L02.t2                       PASS (rel 1e-05+1e-06; 最差容差占用 0.075, maxAbs 3.576e-07, n=786432)
[m15]   B.ssm_ulp.L02.t2                   (报告) 逐位一致 25.4031%; |exp|>=1e-6 子集: 位级一致 25.4124% / ≤1ulp 61.1344% / max ulp 104793 (n=786432)
[m15]   B.cs_shift.L02.t2              PASS (逐字节一致, n=20480)
[m15]   B.cs_shift2.L02.t2             PASS (逐字节一致, n=20480)
[m15]   B.cs_cur.L02.t2                PASS (逐字节一致, n=20480)
[m15]   B.t2.attn_passthru.L03         PASS (逐字节一致, n=5120)
[m15]   B.cs.L04.t2                        PASS (bf16 位级一致, n=30720)
[m15]   B.ssm.L04.t2                       PASS (rel 1e-05+1e-06; 最差容差占用 0.119, maxAbs 7.153e-07, n=786432)
[m15]   B.ssm_ulp.L04.t2                   (报告) 逐位一致 25.1016%; |exp|>=1e-6 子集: 位级一致 25.1055% / ≤1ulp 58.7996% / max ulp 69355 (n=786432)
[m15]   B.cs_shift.L04.t2              PASS (逐字节一致, n=20480)
[m15]   B.cs_shift2.L04.t2             PASS (逐字节一致, n=20480)
[m15]   B.cs_cur.L04.t2                PASS (逐字节一致, n=20480)
[m15]   B.cs.L05.t2                        PASS (bf16 位级一致, n=30720)
[m15]   B.ssm.L05.t2                       PASS (rel 1e-05+1e-06; 最差容差占用 0.068, maxAbs 4.172e-07, n=786432)
[m15]   B.ssm_ulp.L05.t2                   (报告) 逐位一致 16.8011%; |exp|>=1e-6 子集: 位级一致 16.8027% / ≤1ulp 43.7175% / max ulp 41400 (n=786432)
[m15]   B.cs_shift.L05.t2              PASS (逐字节一致, n=20480)
[m15]   B.cs_shift2.L05.t2             PASS (逐字节一致, n=20480)
[m15]   B.cs_cur.L05.t2                PASS (逐字节一致, n=20480)
[m15]   B.cs.L06.t2                        PASS (bf16 位级一致, n=30720)
[m15]   B.ssm.L06.t2                       PASS (rel 1e-05+1e-06; 最差容差占用 0.176, maxAbs 8.643e-07, n=786432)
[m15]   B.ssm_ulp.L06.t2                   (报告) 逐位一致 16.6986%; |exp|>=1e-6 子集: 位级一致 16.7027% / ≤1ulp 41.1910% / max ulp 70762 (n=786432)
[m15]   B.cs_shift.L06.t2              PASS (逐字节一致, n=20480)
[m15]   B.cs_shift2.L06.t2             PASS (逐字节一致, n=20480)
[m15]   B.cs_cur.L06.t2                PASS (逐字节一致, n=20480)
[m15]   B.t2.attn_passthru.L07         PASS (逐字节一致, n=5120)
[m15]   B.cs.L08.t2                        PASS (bf16 位级一致, n=30720)
[m15]   B.ssm.L08.t2                       PASS (rel 1e-05+1e-06; 最差容差占用 0.153, maxAbs 6.855e-07, n=786432)
[m15]   B.ssm_ulp.L08.t2                   (报告) 逐位一致 15.1360%; |exp|>=1e-6 子集: 位级一致 15.1361% / ≤1ulp 39.1594% / max ulp 19198 (n=786432)
[m15]   B.cs_shift.L08.t2              PASS (逐字节一致, n=20480)
[m15]   B.cs_shift2.L08.t2             PASS (逐字节一致, n=20480)
[m15]   B.cs_cur.L08.t2                PASS (逐字节一致, n=20480)
[m15]   B.cs.L09.t2                        PASS (bf16 位级一致, n=30720)
[m15]   B.ssm.L09.t2                       PASS (rel 1e-05+1e-06; 最差容差占用 0.108, maxAbs 5.066e-07, n=786432)
[m15]   B.ssm_ulp.L09.t2                   (报告) 逐位一致 21.2816%; |exp|>=1e-6 子集: 位级一致 21.2837% / ≤1ulp 51.0099% / max ulp 17296 (n=786432)
[m15]   B.cs_shift.L09.t2              PASS (逐字节一致, n=20480)
[m15]   B.cs_shift2.L09.t2             PASS (逐字节一致, n=20480)
[m15]   B.cs_cur.L09.t2                PASS (逐字节一致, n=20480)
[m15]   B.cs.L10.t2                        PASS (bf16 位级一致, n=30720)
[m15]   B.ssm.L10.t2                       PASS (rel 1e-05+1e-06; 最差容差占用 0.088, maxAbs 4.172e-07, n=786432)
[m15]   B.ssm_ulp.L10.t2                   (报告) 逐位一致 18.0964%; |exp|>=1e-6 子集: 位级一致 18.1015% / ≤1ulp 44.4976% / max ulp 27366 (n=786432)
[m15]   B.cs_shift.L10.t2              PASS (逐字节一致, n=20480)
[m15]   B.cs_shift2.L10.t2             PASS (逐字节一致, n=20480)
[m15]   B.cs_cur.L10.t2                PASS (逐字节一致, n=20480)
[m15]   B.t2.attn_passthru.L11         PASS (逐字节一致, n=5120)
[m15]   B.cs.L12.t2                        PASS (bf16 位级一致, n=30720)
[m15]   B.ssm.L12.t2                       PASS (rel 1e-05+1e-06; 最差容差占用 0.131, maxAbs 5.364e-07, n=786432)
[m15]   B.ssm_ulp.L12.t2                   (报告) 逐位一致 14.1131%; |exp|>=1e-6 子集: 位级一致 14.1185% / ≤1ulp 37.5656% / max ulp 20403 (n=786432)
[m15]   B.cs_shift.L12.t2              PASS (逐字节一致, n=20480)
[m15]   B.cs_shift2.L12.t2             PASS (逐字节一致, n=20480)
[m15]   B.cs_cur.L12.t2                PASS (逐字节一致, n=20480)
[m15]   B.cs.L13.t2                        PASS (bf16 位级一致, n=30720)
[m15]   B.ssm.L13.t2                       PASS (rel 1e-05+1e-06; 最差容差占用 0.105, maxAbs 5.662e-07, n=786432)
[m15]   B.ssm_ulp.L13.t2                   (报告) 逐位一致 14.6014%; |exp|>=1e-6 子集: 位级一致 14.6014% / ≤1ulp 37.3539% / max ulp 55288 (n=786432)
[m15]   B.cs_shift.L13.t2              PASS (逐字节一致, n=20480)
[m15]   B.cs_shift2.L13.t2             PASS (逐字节一致, n=20480)
[m15]   B.cs_cur.L13.t2                PASS (逐字节一致, n=20480)
[m15]   B.cs.L14.t2                        PASS (bf16 位级一致, n=30720)
[m15]   B.ssm.L14.t2                       PASS (rel 1e-05+1e-06; 最差容差占用 0.103, maxAbs 5.066e-07, n=786432)
[m15]   B.ssm_ulp.L14.t2                   (报告) 逐位一致 20.4511%; |exp|>=1e-6 子集: 位级一致 20.4571% / ≤1ulp 53.1993% / max ulp 38604 (n=786432)
[m15]   B.cs_shift.L14.t2              PASS (逐字节一致, n=20480)
[m15]   B.cs_shift2.L14.t2             PASS (逐字节一致, n=20480)
[m15]   B.cs_cur.L14.t2                PASS (逐字节一致, n=20480)
[m15]   B.t2.attn_passthru.L15         PASS (逐字节一致, n=5120)
[m15]   B.cs.L16.t2                        PASS (bf16 位级一致, n=30720)
[m15]   B.ssm.L16.t2                       PASS (rel 1e-05+1e-06; 最差容差占用 0.098, maxAbs 5.662e-07, n=786432)
[m15]   B.ssm_ulp.L16.t2                   (报告) 逐位一致 20.3686%; |exp|>=1e-6 子集: 位级一致 20.3714% / ≤1ulp 50.6845% / max ulp 38288 (n=786432)
[m15]   B.cs_shift.L16.t2              PASS (逐字节一致, n=20480)
[m15]   B.cs_shift2.L16.t2             PASS (逐字节一致, n=20480)
[m15]   B.cs_cur.L16.t2                PASS (逐字节一致, n=20480)
[m15]   B.cs.L17.t2                        PASS (bf16 位级一致, n=30720)
[m15]   B.ssm.L17.t2                       PASS (rel 1e-05+1e-06; 最差容差占用 0.180, maxAbs 7.749e-07, n=786432)
[m15]   B.ssm_ulp.L17.t2                   (报告) 逐位一致 12.6241%; |exp|>=1e-6 子集: 位级一致 12.6243% / ≤1ulp 32.1775% / max ulp 68323 (n=786432)
[m15]   B.cs_shift.L17.t2              PASS (逐字节一致, n=20480)
[m15]   B.cs_shift2.L17.t2             PASS (逐字节一致, n=20480)
[m15]   B.cs_cur.L17.t2                PASS (逐字节一致, n=20480)
[m15]   B.cs.L18.t2                        PASS (bf16 位级一致, n=30720)
[m15]   B.ssm.L18.t2                       PASS (rel 1e-05+1e-06; 最差容差占用 0.204, maxAbs 1.103e-06, n=786432)
[m15]   B.ssm_ulp.L18.t2                   (报告) 逐位一致 18.9744%; |exp|>=1e-6 子集: 位级一致 18.9747% / ≤1ulp 47.0997% / max ulp 82094 (n=786432)
[m15]   B.cs_shift.L18.t2              PASS (逐字节一致, n=20480)
[m15]   B.cs_shift2.L18.t2             PASS (逐字节一致, n=20480)
[m15]   B.cs_cur.L18.t2                PASS (逐字节一致, n=20480)
[m15]   B.t2.attn_passthru.L19         PASS (逐字节一致, n=5120)
[m15]   B.cs.L20.t2                        PASS (bf16 位级一致, n=30720)
[m15]   B.ssm.L20.t2                       PASS (rel 1e-05+1e-06; 最差容差占用 0.094, maxAbs 5.364e-07, n=786432)
[m15]   B.ssm_ulp.L20.t2                   (报告) 逐位一致 15.3141%; |exp|>=1e-6 子集: 位级一致 15.3142% / ≤1ulp 40.8233% / max ulp 15353 (n=786432)
[m15]   B.cs_shift.L20.t2              PASS (逐字节一致, n=20480)
[m15]   B.cs_shift2.L20.t2             PASS (逐字节一致, n=20480)
[m15]   B.cs_cur.L20.t2                PASS (逐字节一致, n=20480)
[m15]   B.cs.L21.t2                        PASS (bf16 位级一致, n=30720)
[m15]   B.ssm.L21.t2                       PASS (rel 1e-05+1e-06; 最差容差占用 0.141, maxAbs 7.749e-07, n=786432)
[m15]   B.ssm_ulp.L21.t2                   (报告) 逐位一致 15.6956%; |exp|>=1e-6 子集: 位级一致 15.6960% / ≤1ulp 37.1558% / max ulp 67873 (n=786432)
[m15]   B.cs_shift.L21.t2              PASS (逐字节一致, n=20480)
[m15]   B.cs_shift2.L21.t2             PASS (逐字节一致, n=20480)
[m15]   B.cs_cur.L21.t2                PASS (逐字节一致, n=20480)
[m15]   B.cs.L22.t2                        PASS (bf16 位级一致, n=30720)
[m15]   B.ssm.L22.t2                       PASS (rel 1e-05+1e-06; 最差容差占用 0.317, maxAbs 1.073e-06, n=786432)
[m15]   B.ssm_ulp.L22.t2                   (报告) 逐位一致 12.9140%; |exp|>=1e-6 子集: 位级一致 12.9220% / ≤1ulp 35.4757% / max ulp 19412 (n=786432)
[m15]   B.cs_shift.L22.t2              PASS (逐字节一致, n=20480)
[m15]   B.cs_shift2.L22.t2             PASS (逐字节一致, n=20480)
[m15]   B.cs_cur.L22.t2                PASS (逐字节一致, n=20480)
[m15]   B.t2.attn_passthru.L23         PASS (逐字节一致, n=5120)
[m15]   B.cs.L24.t2                        PASS (bf16 位级一致, n=30720)
[m15]   B.ssm.L24.t2                       PASS (rel 1e-05+1e-06; 最差容差占用 0.150, maxAbs 5.364e-07, n=786432)
[m15]   B.ssm_ulp.L24.t2                   (报告) 逐位一致 15.1843%; |exp|>=1e-6 子集: 位级一致 15.1843% / ≤1ulp 36.8892% / max ulp 18565 (n=786432)
[m15]   B.cs_shift.L24.t2              PASS (逐字节一致, n=20480)
[m15]   B.cs_shift2.L24.t2             PASS (逐字节一致, n=20480)
[m15]   B.cs_cur.L24.t2                PASS (逐字节一致, n=20480)
[m15]   B.cs.L25.t2                        PASS (bf16 位级一致, n=30720)
[m15]   B.ssm.L25.t2                       PASS (rel 1e-05+1e-06; 最差容差占用 0.099, maxAbs 5.960e-07, n=786432)
[m15]   B.ssm_ulp.L25.t2                   (报告) 逐位一致 20.5866%; |exp|>=1e-6 子集: 位级一致 20.5930% / ≤1ulp 51.9951% / max ulp 22148 (n=786432)
[m15]   B.cs_shift.L25.t2              PASS (逐字节一致, n=20480)
[m15]   B.cs_shift2.L25.t2             PASS (逐字节一致, n=20480)
[m15]   B.cs_cur.L25.t2                PASS (逐字节一致, n=20480)
[m15]   B.cs.L26.t2                        PASS (bf16 位级一致, n=30720)
[m15]   B.ssm.L26.t2                       PASS (rel 1e-05+1e-06; 最差容差占用 0.224, maxAbs 5.960e-07, n=786432)
[m15]   B.ssm_ulp.L26.t2                   (报告) 逐位一致 20.0310%; |exp|>=1e-6 子集: 位级一致 20.0341% / ≤1ulp 48.3368% / max ulp 22315 (n=786432)
[m15]   B.cs_shift.L26.t2              PASS (逐字节一致, n=20480)
[m15]   B.cs_shift2.L26.t2             PASS (逐字节一致, n=20480)
[m15]   B.cs_cur.L26.t2                PASS (逐字节一致, n=20480)
[m15]   B.t2.attn_passthru.L27         PASS (逐字节一致, n=5120)
[m15]   B.cs.L28.t2                        PASS (bf16 位级一致, n=30720)
[m15]   B.ssm.L28.t2                       PASS (rel 1e-05+1e-06; 最差容差占用 0.127, maxAbs 7.153e-07, n=786432)
[m15]   B.ssm_ulp.L28.t2                   (报告) 逐位一致 16.3338%; |exp|>=1e-6 子集: 位级一致 16.3415% / ≤1ulp 42.9290% / max ulp 24135 (n=786432)
[m15]   B.cs_shift.L28.t2              PASS (逐字节一致, n=20480)
[m15]   B.cs_shift2.L28.t2             PASS (逐字节一致, n=20480)
[m15]   B.cs_cur.L28.t2                PASS (逐字节一致, n=20480)
[m15]   B.cs.L29.t2                        PASS (bf16 位级一致, n=30720)
[m15]   B.ssm.L29.t2                       PASS (rel 1e-05+1e-06; 最差容差占用 0.124, maxAbs 5.662e-07, n=786432)
[m15]   B.ssm_ulp.L29.t2                   (报告) 逐位一致 16.1503%; |exp|>=1e-6 子集: 位级一致 16.1503% / ≤1ulp 42.5309% / max ulp 36360 (n=786432)
[m15]   B.cs_shift.L29.t2              PASS (逐字节一致, n=20480)
[m15]   B.cs_shift2.L29.t2             PASS (逐字节一致, n=20480)
[m15]   B.cs_cur.L29.t2                PASS (逐字节一致, n=20480)
[m15]   B.cs.L30.t2                        PASS (bf16 位级一致, n=30720)
[m15]   B.ssm.L30.t2                       PASS (rel 1e-05+1e-06; 最差容差占用 0.139, maxAbs 8.345e-07, n=786432)
[m15]   B.ssm_ulp.L30.t2                   (报告) 逐位一致 16.4113%; |exp|>=1e-6 子集: 位级一致 16.4139% / ≤1ulp 43.4366% / max ulp 21499 (n=786432)
[m15]   B.cs_shift.L30.t2              PASS (逐字节一致, n=20480)
[m15]   B.cs_shift2.L30.t2             PASS (逐字节一致, n=20480)
[m15]   B.cs_cur.L30.t2                PASS (逐字节一致, n=20480)
[m15]   B.t2.attn_passthru.L31         PASS (逐字节一致, n=5120)
[m15]   B.cs.L32.t2                        PASS (bf16 位级一致, n=30720)
[m15]   B.ssm.L32.t2                       PASS (rel 1e-05+1e-06; 最差容差占用 0.119, maxAbs 7.153e-07, n=786432)
[m15]   B.ssm_ulp.L32.t2                   (报告) 逐位一致 23.0573%; |exp|>=1e-6 子集: 位级一致 23.0542% / ≤1ulp 55.0995% / max ulp 31190 (n=786432)
[m15]   B.cs_shift.L32.t2              PASS (逐字节一致, n=20480)
[m15]   B.cs_shift2.L32.t2             PASS (逐字节一致, n=20480)
[m15]   B.cs_cur.L32.t2                PASS (逐字节一致, n=20480)
[m15]   B.cs.L33.t2                        PASS (bf16 位级一致, n=30720)
[m15]   B.ssm.L33.t2                       PASS (rel 1e-05+1e-06; 最差容差占用 0.130, maxAbs 7.451e-07, n=786432)
[m15]   B.ssm_ulp.L33.t2                   (报告) 逐位一致 11.4600%; |exp|>=1e-6 子集: 位级一致 11.4603% / ≤1ulp 32.3767% / max ulp 22905 (n=786432)
[m15]   B.cs_shift.L33.t2              PASS (逐字节一致, n=20480)
[m15]   B.cs_shift2.L33.t2             PASS (逐字节一致, n=20480)
[m15]   B.cs_cur.L33.t2                PASS (逐字节一致, n=20480)
[m15]   B.cs.L34.t2                        PASS (bf16 位级一致, n=30720)
[m15]   B.ssm.L34.t2                       PASS (rel 1e-05+1e-06; 最差容差占用 0.107, maxAbs 5.960e-07, n=786432)
[m15]   B.ssm_ulp.L34.t2                   (报告) 逐位一致 21.3071%; |exp|>=1e-6 子集: 位级一致 21.3073% / ≤1ulp 52.1521% / max ulp 16513 (n=786432)
[m15]   B.cs_shift.L34.t2              PASS (逐字节一致, n=20480)
[m15]   B.cs_shift2.L34.t2             PASS (逐字节一致, n=20480)
[m15]   B.cs_cur.L34.t2                PASS (逐字节一致, n=20480)
[m15]   B.t2.attn_passthru.L35         PASS (逐字节一致, n=5120)
[m15]   B.cs.L36.t2                        PASS (bf16 位级一致, n=30720)
[m15]   B.ssm.L36.t2                       PASS (rel 1e-05+1e-06; 最差容差占用 0.071, maxAbs 4.172e-07, n=786432)
[m15]   B.ssm_ulp.L36.t2                   (报告) 逐位一致 17.0481%; |exp|>=1e-6 子集: 位级一致 17.0482% / ≤1ulp 44.5102% / max ulp 22904 (n=786432)
[m15]   B.cs_shift.L36.t2              PASS (逐字节一致, n=20480)
[m15]   B.cs_shift2.L36.t2             PASS (逐字节一致, n=20480)
[m15]   B.cs_cur.L36.t2                PASS (逐字节一致, n=20480)
[m15]   B.cs.L37.t2                        PASS (bf16 位级一致, n=30720)
[m15]   B.ssm.L37.t2                       PASS (rel 1e-05+1e-06; 最差容差占用 0.131, maxAbs 5.364e-07, n=786432)
[m15]   B.ssm_ulp.L37.t2                   (报告) 逐位一致 17.8575%; |exp|>=1e-6 子集: 位级一致 17.8597% / ≤1ulp 47.1305% / max ulp 25405 (n=786432)
[m15]   B.cs_shift.L37.t2              PASS (逐字节一致, n=20480)
[m15]   B.cs_shift2.L37.t2             PASS (逐字节一致, n=20480)
[m15]   B.cs_cur.L37.t2                PASS (逐字节一致, n=20480)
[m15]   B.cs.L38.t2                        PASS (bf16 位级一致, n=30720)
[m15]   B.ssm.L38.t2                       PASS (rel 1e-05+1e-06; 最差容差占用 0.147, maxAbs 5.364e-07, n=786432)
[m15]   B.ssm_ulp.L38.t2                   (报告) 逐位一致 18.5984%; |exp|>=1e-6 子集: 位级一致 18.6022% / ≤1ulp 44.4660% / max ulp 13107 (n=786432)
[m15]   B.cs_shift.L38.t2              PASS (逐字节一致, n=20480)
[m15]   B.cs_shift2.L38.t2             PASS (逐字节一致, n=20480)
[m15]   B.cs_cur.L38.t2                PASS (逐字节一致, n=20480)
[m15]   B.t2.attn_passthru.L39         PASS (逐字节一致, n=5120)
[m15]   B.cs.L40.t2                        PASS (bf16 位级一致, n=30720)
[m15]   B.ssm.L40.t2                       PASS (rel 1e-05+1e-06; 最差容差占用 0.091, maxAbs 5.066e-07, n=786432)
[m15]   B.ssm_ulp.L40.t2                   (报告) 逐位一致 24.5564%; |exp|>=1e-6 子集: 位级一致 24.5567% / ≤1ulp 58.1528% / max ulp 50008 (n=786432)
[m15]   B.cs_shift.L40.t2              PASS (逐字节一致, n=20480)
[m15]   B.cs_shift2.L40.t2             PASS (逐字节一致, n=20480)
[m15]   B.cs_cur.L40.t2                PASS (逐字节一致, n=20480)
[m15]   B.cs.L41.t2                        PASS (bf16 位级一致, n=30720)
[m15]   B.ssm.L41.t2                       PASS (rel 1e-05+1e-06; 最差容差占用 0.082, maxAbs 4.172e-07, n=786432)
[m15]   B.ssm_ulp.L41.t2                   (报告) 逐位一致 24.7695%; |exp|>=1e-6 子集: 位级一致 24.7703% / ≤1ulp 59.7188% / max ulp 9554 (n=786432)
[m15]   B.cs_shift.L41.t2              PASS (逐字节一致, n=20480)
[m15]   B.cs_shift2.L41.t2             PASS (逐字节一致, n=20480)
[m15]   B.cs_cur.L41.t2                PASS (逐字节一致, n=20480)
[m15]   B.cs.L42.t2                        PASS (bf16 位级一致, n=30720)
[m15]   B.ssm.L42.t2                       PASS (rel 1e-05+1e-06; 最差容差占用 0.120, maxAbs 5.662e-07, n=786432)
[m15]   B.ssm_ulp.L42.t2                   (报告) 逐位一致 23.0709%; |exp|>=1e-6 子集: 位级一致 23.0710% / ≤1ulp 54.9825% / max ulp 14881 (n=786432)
[m15]   B.cs_shift.L42.t2              PASS (逐字节一致, n=20480)
[m15]   B.cs_shift2.L42.t2             PASS (逐字节一致, n=20480)
[m15]   B.cs_cur.L42.t2                PASS (逐字节一致, n=20480)
[m15]   B.t2.attn_passthru.L43         PASS (逐字节一致, n=5120)
[m15]   B.cs.L44.t2                        PASS (bf16 位级一致, n=30720)
[m15]   B.ssm.L44.t2                       PASS (rel 1e-05+1e-06; 最差容差占用 0.105, maxAbs 5.960e-07, n=786432)
[m15]   B.ssm_ulp.L44.t2                   (报告) 逐位一致 14.5777%; |exp|>=1e-6 子集: 位级一致 14.5781% / ≤1ulp 39.2068% / max ulp 43137 (n=786432)
[m15]   B.cs_shift.L44.t2              PASS (逐字节一致, n=20480)
[m15]   B.cs_shift2.L44.t2             PASS (逐字节一致, n=20480)
[m15]   B.cs_cur.L44.t2                PASS (逐字节一致, n=20480)
[m15]   B.cs.L45.t2                        PASS (bf16 位级一致, n=30720)
[m15]   B.ssm.L45.t2                       PASS (rel 1e-05+1e-06; 最差容差占用 0.110, maxAbs 5.662e-07, n=786432)
[m15]   B.ssm_ulp.L45.t2                   (报告) 逐位一致 20.6724%; |exp|>=1e-6 子集: 位级一致 20.6727% / ≤1ulp 47.8250% / max ulp 36980 (n=786432)
[m15]   B.cs_shift.L45.t2              PASS (逐字节一致, n=20480)
[m15]   B.cs_shift2.L45.t2             PASS (逐字节一致, n=20480)
[m15]   B.cs_cur.L45.t2                PASS (逐字节一致, n=20480)
[m15]   B.cs.L46.t2                        PASS (bf16 位级一致, n=30720)
[m15]   B.ssm.L46.t2                       PASS (rel 1e-05+1e-06; 最差容差占用 0.125, maxAbs 4.768e-07, n=786432)
[m15]   B.ssm_ulp.L46.t2                   (报告) 逐位一致 18.9337%; |exp|>=1e-6 子集: 位级一致 18.9339% / ≤1ulp 49.2362% / max ulp 25854 (n=786432)
[m15]   B.cs_shift.L46.t2              PASS (逐字节一致, n=20480)
[m15]   B.cs_shift2.L46.t2             PASS (逐字节一致, n=20480)
[m15]   B.cs_cur.L46.t2                PASS (逐字节一致, n=20480)
[m15]   B.t2.attn_passthru.L47         PASS (逐字节一致, n=5120)
[m15] 验证 B：48 层 × 3 token；非空洞性：cs 演化 36/36，ssm 演化 36/36（应 = 层数）
[m15]   B.cs_evolved                       PASS (所有 36 个 GDN 层的 conv_state 都随 token 变化)
[m15]   B.ssm_evolved                      PASS (所有 36 个 GDN 层的 ssm_state 都随 token 变化)

[m15] ===== 验证 C：开销基线（48 层 × 10 次重复；host 计时）=====
[m15]   单层「启动+sync」往返          中位 0.155 ms
[m15]   48 次启动 host 下发（无 sync） 中位 0.088 ms → 每次启动 1.83 us
[m15]   48 层 step（下发 + 尾部 sync） 中位 5.118 ms
[m15]   48 次「逐层 sync」            中位 5.430 ms → 相对 step 多花 0.312 ms（≈ 每次额外 sync 6.64 us）
[m15]   设备执行估计（step − 下发）    5.031 ms（准确值见 msprof，parse_msprof.py 汇总）
[m15]   host 下发占 step wall 的        1.72%
[m15]   （aclgraph 上限收益 ~ 该占比；跨层预取的收益不在此列）
[m15]   C.timing                   PASS
[m15]   ---- 生产形态数据复核（无中间 sync 的 48 次连发）----
[m15]   C.nosync_vs_sync(h/cs/ssm)         PASS (73 个张量逐字节一致)
[m15]   C.nosync_repeat(h/cs/ssm)          PASS (73 个张量逐字节一致)

[m15] ===== 验证 M1：段间零串扰（融合 kernel vs 独立启动的两段，逐字节）=====
[m15]   每层三路：融合(GDN|attn 段 + MoE 段) / 独立 GDN|attn / 独立 MoE(输入=独立段的出口)
[m15]   M.finite.L00                   PASS (bf16 有限：NaN/Inf 0/2560)
[m15]   M.nontrivial.L00               PASS (与输入不同，非恒等)
[m15]   M.ym.L00                       PASS (逐字节一致, n=5120)
[m15]   M.moews.L00                    PASS (逐字节一致, n=7685472)
[m15]   M.gdnws.L00                    PASS (除 g/β padding 外逐字节一致, n=5258240; padding 内差异 28 B 见报告项)
[m15]   M.gb_lane0.L00                 PASS (g/β 槽位首元素 48×2 个 fp32 逐字节一致)
[m15]   M.st_cs.L00                    PASS (逐字节一致, n=61440)
[m15]   M.st_ssm.L00                   PASS (逐字节一致, n=3145728)
[m15]   M.finite.L01                   PASS (bf16 有限：NaN/Inf 0/2560)
[m15]   M.nontrivial.L01               PASS (与输入不同，非恒等)
[m15]   M.ym.L01                       PASS (逐字节一致, n=5120)
[m15]   M.moews.L01                    PASS (逐字节一致, n=7685472)
[m15]   M.gdnws.L01                    PASS (除 g/β padding 外逐字节一致, n=5258240; padding 内差异 26 B 见报告项)
[m15]   M.gb_lane0.L01                 PASS (g/β 槽位首元素 48×2 个 fp32 逐字节一致)
[m15]   M.st_cs.L01                    PASS (逐字节一致, n=61440)
[m15]   M.st_ssm.L01                   PASS (逐字节一致, n=3145728)
[m15]   M.finite.L02                   PASS (bf16 有限：NaN/Inf 0/2560)
[m15]   M.nontrivial.L02               PASS (与输入不同，非恒等)
[m15]   M.ym.L02                       PASS (逐字节一致, n=5120)
[m15]   M.moews.L02                    PASS (逐字节一致, n=7685472)
[m15]   M.gdnws.L02                    PASS (除 g/β padding 外逐字节一致, n=5258240; padding 内差异 25 B 见报告项)
[m15]   M.gb_lane0.L02                 PASS (g/β 槽位首元素 48×2 个 fp32 逐字节一致)
[m15]   M.st_cs.L02                    PASS (逐字节一致, n=61440)
[m15]   M.st_ssm.L02                   PASS (逐字节一致, n=3145728)
[m15]   M.finite.L03                   PASS (bf16 有限：NaN/Inf 0/2560)
[m15]   M.nontrivial.L03               PASS (与输入不同，非恒等)
[m15]   M.ym.L03                       PASS (逐字节一致, n=5120)
[m15]   M.moews.L03                    PASS (逐字节一致, n=7685472)
[m15]   M.attn.L03                     PASS (逐字节一致, n=5120)
[m15]   M.finite.L04                   PASS (bf16 有限：NaN/Inf 0/2560)
[m15]   M.nontrivial.L04               PASS (与输入不同，非恒等)
[m15]   M.ym.L04                       PASS (逐字节一致, n=5120)
[m15]   M.moews.L04                    PASS (逐字节一致, n=7685472)
[m15]   M.gdnws.L04                    PASS (除 g/β padding 外逐字节一致, n=5258240; padding 内差异 22 B 见报告项)
[m15]   M.gb_lane0.L04                 PASS (g/β 槽位首元素 48×2 个 fp32 逐字节一致)
[m15]   M.st_cs.L04                    PASS (逐字节一致, n=61440)
[m15]   M.st_ssm.L04                   PASS (逐字节一致, n=3145728)
[m15]   M.finite.L05                   PASS (bf16 有限：NaN/Inf 0/2560)
[m15]   M.nontrivial.L05               PASS (与输入不同，非恒等)
[m15]   M.ym.L05                       PASS (逐字节一致, n=5120)
[m15]   M.moews.L05                    PASS (逐字节一致, n=7685472)
[m15]   M.gdnws.L05                    PASS (除 g/β padding 外逐字节一致, n=5258240; padding 内差异 23 B 见报告项)
[m15]   M.gb_lane0.L05                 PASS (g/β 槽位首元素 48×2 个 fp32 逐字节一致)
[m15]   M.st_cs.L05                    PASS (逐字节一致, n=61440)
[m15]   M.st_ssm.L05                   PASS (逐字节一致, n=3145728)
[m15]   M.finite.L06                   PASS (bf16 有限：NaN/Inf 0/2560)
[m15]   M.nontrivial.L06               PASS (与输入不同，非恒等)
[m15]   M.ym.L06                       PASS (逐字节一致, n=5120)
[m15]   M.moews.L06                    PASS (逐字节一致, n=7685472)
[m15]   M.gdnws.L06                    PASS (除 g/β padding 外逐字节一致, n=5258240; padding 内差异 26 B 见报告项)
[m15]   M.gb_lane0.L06                 PASS (g/β 槽位首元素 48×2 个 fp32 逐字节一致)
[m15]   M.st_cs.L06                    PASS (逐字节一致, n=61440)
[m15]   M.st_ssm.L06                   PASS (逐字节一致, n=3145728)
[m15]   M.finite.L07                   PASS (bf16 有限：NaN/Inf 0/2560)
[m15]   M.nontrivial.L07               PASS (与输入不同，非恒等)
[m15]   M.ym.L07                       PASS (逐字节一致, n=5120)
[m15]   M.moews.L07                    PASS (逐字节一致, n=7685472)
[m15]   M.attn.L07                     PASS (逐字节一致, n=5120)
[m15]   M.finite.L08                   PASS (bf16 有限：NaN/Inf 0/2560)
[m15]   M.nontrivial.L08               PASS (与输入不同，非恒等)
[m15]   M.ym.L08                       PASS (逐字节一致, n=5120)
[m15]   M.moews.L08                    PASS (逐字节一致, n=7685472)
[m15]   M.gdnws.L08                    PASS (除 g/β padding 外逐字节一致, n=5258240; padding 内差异 26 B 见报告项)
[m15]   M.gb_lane0.L08                 PASS (g/β 槽位首元素 48×2 个 fp32 逐字节一致)
[m15]   M.st_cs.L08                    PASS (逐字节一致, n=61440)
[m15]   M.st_ssm.L08                   PASS (逐字节一致, n=3145728)
[m15]   M.finite.L09                   PASS (bf16 有限：NaN/Inf 0/2560)
[m15]   M.nontrivial.L09               PASS (与输入不同，非恒等)
[m15]   M.ym.L09                       PASS (逐字节一致, n=5120)
[m15]   M.moews.L09                    PASS (逐字节一致, n=7685472)
[m15]   M.gdnws.L09                    PASS (除 g/β padding 外逐字节一致, n=5258240; padding 内差异 22 B 见报告项)
[m15]   M.gb_lane0.L09                 PASS (g/β 槽位首元素 48×2 个 fp32 逐字节一致)
[m15]   M.st_cs.L09                    PASS (逐字节一致, n=61440)
[m15]   M.st_ssm.L09                   PASS (逐字节一致, n=3145728)
[m15]   M.finite.L10                   PASS (bf16 有限：NaN/Inf 0/2560)
[m15]   M.nontrivial.L10               PASS (与输入不同，非恒等)
[m15]   M.ym.L10                       PASS (逐字节一致, n=5120)
[m15]   M.moews.L10                    PASS (逐字节一致, n=7685472)
[m15]   M.gdnws.L10                    PASS (除 g/β padding 外逐字节一致, n=5258240; padding 内差异 25 B 见报告项)
[m15]   M.gb_lane0.L10                 PASS (g/β 槽位首元素 48×2 个 fp32 逐字节一致)
[m15]   M.st_cs.L10                    PASS (逐字节一致, n=61440)
[m15]   M.st_ssm.L10                   PASS (逐字节一致, n=3145728)
[m15]   M.finite.L11                   PASS (bf16 有限：NaN/Inf 0/2560)
[m15]   M.nontrivial.L11               PASS (与输入不同，非恒等)
[m15]   M.ym.L11                       PASS (逐字节一致, n=5120)
[m15]   M.moews.L11                    PASS (逐字节一致, n=7685472)
[m15]   M.attn.L11                     PASS (逐字节一致, n=5120)
[m15]   M.finite.L12                   PASS (bf16 有限：NaN/Inf 0/2560)
[m15]   M.nontrivial.L12               PASS (与输入不同，非恒等)
[m15]   M.ym.L12                       PASS (逐字节一致, n=5120)
[m15]   M.moews.L12                    PASS (逐字节一致, n=7685472)
[m15]   M.gdnws.L12                    PASS (除 g/β padding 外逐字节一致, n=5258240; padding 内差异 25 B 见报告项)
[m15]   M.gb_lane0.L12                 PASS (g/β 槽位首元素 48×2 个 fp32 逐字节一致)
[m15]   M.st_cs.L12                    PASS (逐字节一致, n=61440)
[m15]   M.st_ssm.L12                   PASS (逐字节一致, n=3145728)
[m15]   M.finite.L13                   PASS (bf16 有限：NaN/Inf 0/2560)
[m15]   M.nontrivial.L13               PASS (与输入不同，非恒等)
[m15]   M.ym.L13                       PASS (逐字节一致, n=5120)
[m15]   M.moews.L13                    PASS (逐字节一致, n=7685472)
[m15]   M.gdnws.L13                    PASS (除 g/β padding 外逐字节一致, n=5258240; padding 内差异 24 B 见报告项)
[m15]   M.gb_lane0.L13                 PASS (g/β 槽位首元素 48×2 个 fp32 逐字节一致)
[m15]   M.st_cs.L13                    PASS (逐字节一致, n=61440)
[m15]   M.st_ssm.L13                   PASS (逐字节一致, n=3145728)
[m15]   M.finite.L14                   PASS (bf16 有限：NaN/Inf 0/2560)
[m15]   M.nontrivial.L14               PASS (与输入不同，非恒等)
[m15]   M.ym.L14                       PASS (逐字节一致, n=5120)
[m15]   M.moews.L14                    PASS (逐字节一致, n=7685472)
[m15]   M.gdnws.L14                    PASS (除 g/β padding 外逐字节一致, n=5258240; padding 内差异 28 B 见报告项)
[m15]   M.gb_lane0.L14                 PASS (g/β 槽位首元素 48×2 个 fp32 逐字节一致)
[m15]   M.st_cs.L14                    PASS (逐字节一致, n=61440)
[m15]   M.st_ssm.L14                   PASS (逐字节一致, n=3145728)
[m15]   M.finite.L15                   PASS (bf16 有限：NaN/Inf 0/2560)
[m15]   M.nontrivial.L15               PASS (与输入不同，非恒等)
[m15]   M.ym.L15                       PASS (逐字节一致, n=5120)
[m15]   M.moews.L15                    PASS (逐字节一致, n=7685472)
[m15]   M.attn.L15                     PASS (逐字节一致, n=5120)
[m15]   M.finite.L16                   PASS (bf16 有限：NaN/Inf 0/2560)
[m15]   M.nontrivial.L16               PASS (与输入不同，非恒等)
[m15]   M.ym.L16                       PASS (逐字节一致, n=5120)
[m15]   M.moews.L16                    PASS (逐字节一致, n=7685472)
[m15]   M.gdnws.L16                    PASS (除 g/β padding 外逐字节一致, n=5258240; padding 内差异 24 B 见报告项)
[m15]   M.gb_lane0.L16                 PASS (g/β 槽位首元素 48×2 个 fp32 逐字节一致)
[m15]   M.st_cs.L16                    PASS (逐字节一致, n=61440)
[m15]   M.st_ssm.L16                   PASS (逐字节一致, n=3145728)
[m15]   M.finite.L17                   PASS (bf16 有限：NaN/Inf 0/2560)
[m15]   M.nontrivial.L17               PASS (与输入不同，非恒等)
[m15]   M.ym.L17                       PASS (逐字节一致, n=5120)
[m15]   M.moews.L17                    PASS (逐字节一致, n=7685472)
[m15]   M.gdnws.L17                    PASS (除 g/β padding 外逐字节一致, n=5258240; padding 内差异 24 B 见报告项)
[m15]   M.gb_lane0.L17                 PASS (g/β 槽位首元素 48×2 个 fp32 逐字节一致)
[m15]   M.st_cs.L17                    PASS (逐字节一致, n=61440)
[m15]   M.st_ssm.L17                   PASS (逐字节一致, n=3145728)
[m15]   M.finite.L18                   PASS (bf16 有限：NaN/Inf 0/2560)
[m15]   M.nontrivial.L18               PASS (与输入不同，非恒等)
[m15]   M.ym.L18                       PASS (逐字节一致, n=5120)
[m15]   M.moews.L18                    PASS (逐字节一致, n=7685472)
[m15]   M.gdnws.L18                    PASS (除 g/β padding 外逐字节一致, n=5258240; padding 内差异 24 B 见报告项)
[m15]   M.gb_lane0.L18                 PASS (g/β 槽位首元素 48×2 个 fp32 逐字节一致)
[m15]   M.st_cs.L18                    PASS (逐字节一致, n=61440)
[m15]   M.st_ssm.L18                   PASS (逐字节一致, n=3145728)
[m15]   M.finite.L19                   PASS (bf16 有限：NaN/Inf 0/2560)
[m15]   M.nontrivial.L19               PASS (与输入不同，非恒等)
[m15]   M.ym.L19                       PASS (逐字节一致, n=5120)
[m15]   M.moews.L19                    PASS (逐字节一致, n=7685472)
[m15]   M.attn.L19                     PASS (逐字节一致, n=5120)
[m15]   M.finite.L20                   PASS (bf16 有限：NaN/Inf 0/2560)
[m15]   M.nontrivial.L20               PASS (与输入不同，非恒等)
[m15]   M.ym.L20                       PASS (逐字节一致, n=5120)
[m15]   M.moews.L20                    PASS (逐字节一致, n=7685472)
[m15]   M.gdnws.L20                    PASS (除 g/β padding 外逐字节一致, n=5258240; padding 内差异 26 B 见报告项)
[m15]   M.gb_lane0.L20                 PASS (g/β 槽位首元素 48×2 个 fp32 逐字节一致)
[m15]   M.st_cs.L20                    PASS (逐字节一致, n=61440)
[m15]   M.st_ssm.L20                   PASS (逐字节一致, n=3145728)
[m15]   M.finite.L21                   PASS (bf16 有限：NaN/Inf 0/2560)
[m15]   M.nontrivial.L21               PASS (与输入不同，非恒等)
[m15]   M.ym.L21                       PASS (逐字节一致, n=5120)
[m15]   M.moews.L21                    PASS (逐字节一致, n=7685472)
[m15]   M.gdnws.L21                    PASS (除 g/β padding 外逐字节一致, n=5258240; padding 内差异 24 B 见报告项)
[m15]   M.gb_lane0.L21                 PASS (g/β 槽位首元素 48×2 个 fp32 逐字节一致)
[m15]   M.st_cs.L21                    PASS (逐字节一致, n=61440)
[m15]   M.st_ssm.L21                   PASS (逐字节一致, n=3145728)
[m15]   M.finite.L22                   PASS (bf16 有限：NaN/Inf 0/2560)
[m15]   M.nontrivial.L22               PASS (与输入不同，非恒等)
[m15]   M.ym.L22                       PASS (逐字节一致, n=5120)
[m15]   M.moews.L22                    PASS (逐字节一致, n=7685472)
[m15]   M.gdnws.L22                    PASS (除 g/β padding 外逐字节一致, n=5258240; padding 内差异 26 B 见报告项)
[m15]   M.gb_lane0.L22                 PASS (g/β 槽位首元素 48×2 个 fp32 逐字节一致)
[m15]   M.st_cs.L22                    PASS (逐字节一致, n=61440)
[m15]   M.st_ssm.L22                   PASS (逐字节一致, n=3145728)
[m15]   M.finite.L23                   PASS (bf16 有限：NaN/Inf 0/2560)
[m15]   M.nontrivial.L23               PASS (与输入不同，非恒等)
[m15]   M.ym.L23                       PASS (逐字节一致, n=5120)
[m15]   M.moews.L23                    PASS (逐字节一致, n=7685472)
[m15]   M.attn.L23                     PASS (逐字节一致, n=5120)
[m15]   M.finite.L24                   PASS (bf16 有限：NaN/Inf 0/2560)
[m15]   M.nontrivial.L24               PASS (与输入不同，非恒等)
[m15]   M.ym.L24                       PASS (逐字节一致, n=5120)
[m15]   M.moews.L24                    PASS (逐字节一致, n=7685472)
[m15]   M.gdnws.L24                    PASS (除 g/β padding 外逐字节一致, n=5258240; padding 内差异 25 B 见报告项)
[m15]   M.gb_lane0.L24                 PASS (g/β 槽位首元素 48×2 个 fp32 逐字节一致)
[m15]   M.st_cs.L24                    PASS (逐字节一致, n=61440)
[m15]   M.st_ssm.L24                   PASS (逐字节一致, n=3145728)
[m15]   M.finite.L25                   PASS (bf16 有限：NaN/Inf 0/2560)
[m15]   M.nontrivial.L25               PASS (与输入不同，非恒等)
[m15]   M.ym.L25                       PASS (逐字节一致, n=5120)
[m15]   M.moews.L25                    PASS (逐字节一致, n=7685472)
[m15]   M.gdnws.L25                    PASS (除 g/β padding 外逐字节一致, n=5258240; padding 内差异 21 B 见报告项)
[m15]   M.gb_lane0.L25                 PASS (g/β 槽位首元素 48×2 个 fp32 逐字节一致)
[m15]   M.st_cs.L25                    PASS (逐字节一致, n=61440)
[m15]   M.st_ssm.L25                   PASS (逐字节一致, n=3145728)
[m15]   M.finite.L26                   PASS (bf16 有限：NaN/Inf 0/2560)
[m15]   M.nontrivial.L26               PASS (与输入不同，非恒等)
[m15]   M.ym.L26                       PASS (逐字节一致, n=5120)
[m15]   M.moews.L26                    PASS (逐字节一致, n=7685472)
[m15]   M.gdnws.L26                    PASS (除 g/β padding 外逐字节一致, n=5258240; padding 内差异 25 B 见报告项)
[m15]   M.gb_lane0.L26                 PASS (g/β 槽位首元素 48×2 个 fp32 逐字节一致)
[m15]   M.st_cs.L26                    PASS (逐字节一致, n=61440)
[m15]   M.st_ssm.L26                   PASS (逐字节一致, n=3145728)
[m15]   M.finite.L27                   PASS (bf16 有限：NaN/Inf 0/2560)
[m15]   M.nontrivial.L27               PASS (与输入不同，非恒等)
[m15]   M.ym.L27                       PASS (逐字节一致, n=5120)
[m15]   M.moews.L27                    PASS (逐字节一致, n=7685472)
[m15]   M.attn.L27                     PASS (逐字节一致, n=5120)
[m15]   M.finite.L28                   PASS (bf16 有限：NaN/Inf 0/2560)
[m15]   M.nontrivial.L28               PASS (与输入不同，非恒等)
[m15]   M.ym.L28                       PASS (逐字节一致, n=5120)
[m15]   M.moews.L28                    PASS (逐字节一致, n=7685472)
[m15]   M.gdnws.L28                    PASS (除 g/β padding 外逐字节一致, n=5258240; padding 内差异 24 B 见报告项)
[m15]   M.gb_lane0.L28                 PASS (g/β 槽位首元素 48×2 个 fp32 逐字节一致)
[m15]   M.st_cs.L28                    PASS (逐字节一致, n=61440)
[m15]   M.st_ssm.L28                   PASS (逐字节一致, n=3145728)
[m15]   M.finite.L29                   PASS (bf16 有限：NaN/Inf 0/2560)
[m15]   M.nontrivial.L29               PASS (与输入不同，非恒等)
[m15]   M.ym.L29                       PASS (逐字节一致, n=5120)
[m15]   M.moews.L29                    PASS (逐字节一致, n=7685472)
[m15]   M.gdnws.L29                    PASS (除 g/β padding 外逐字节一致, n=5258240; padding 内差异 23 B 见报告项)
[m15]   M.gb_lane0.L29                 PASS (g/β 槽位首元素 48×2 个 fp32 逐字节一致)
[m15]   M.st_cs.L29                    PASS (逐字节一致, n=61440)
[m15]   M.st_ssm.L29                   PASS (逐字节一致, n=3145728)
[m15]   M.finite.L30                   PASS (bf16 有限：NaN/Inf 0/2560)
[m15]   M.nontrivial.L30               PASS (与输入不同，非恒等)
[m15]   M.ym.L30                       PASS (逐字节一致, n=5120)
[m15]   M.moews.L30                    PASS (逐字节一致, n=7685472)
[m15]   M.gdnws.L30                    PASS (除 g/β padding 外逐字节一致, n=5258240; padding 内差异 25 B 见报告项)
[m15]   M.gb_lane0.L30                 PASS (g/β 槽位首元素 48×2 个 fp32 逐字节一致)
[m15]   M.st_cs.L30                    PASS (逐字节一致, n=61440)
[m15]   M.st_ssm.L30                   PASS (逐字节一致, n=3145728)
[m15]   M.finite.L31                   PASS (bf16 有限：NaN/Inf 0/2560)
[m15]   M.nontrivial.L31               PASS (与输入不同，非恒等)
[m15]   M.ym.L31                       PASS (逐字节一致, n=5120)
[m15]   M.moews.L31                    PASS (逐字节一致, n=7685472)
[m15]   M.attn.L31                     PASS (逐字节一致, n=5120)
[m15]   M.finite.L32                   PASS (bf16 有限：NaN/Inf 0/2560)
[m15]   M.nontrivial.L32               PASS (与输入不同，非恒等)
[m15]   M.ym.L32                       PASS (逐字节一致, n=5120)
[m15]   M.moews.L32                    PASS (逐字节一致, n=7685472)
[m15]   M.gdnws.L32                    PASS (除 g/β padding 外逐字节一致, n=5258240; padding 内差异 24 B 见报告项)
[m15]   M.gb_lane0.L32                 PASS (g/β 槽位首元素 48×2 个 fp32 逐字节一致)
[m15]   M.st_cs.L32                    PASS (逐字节一致, n=61440)
[m15]   M.st_ssm.L32                   PASS (逐字节一致, n=3145728)
[m15]   M.finite.L33                   PASS (bf16 有限：NaN/Inf 0/2560)
[m15]   M.nontrivial.L33               PASS (与输入不同，非恒等)
[m15]   M.ym.L33                       PASS (逐字节一致, n=5120)
[m15]   M.moews.L33                    PASS (逐字节一致, n=7685472)
[m15]   M.gdnws.L33                    PASS (除 g/β padding 外逐字节一致, n=5258240; padding 内差异 25 B 见报告项)
[m15]   M.gb_lane0.L33                 PASS (g/β 槽位首元素 48×2 个 fp32 逐字节一致)
[m15]   M.st_cs.L33                    PASS (逐字节一致, n=61440)
[m15]   M.st_ssm.L33                   PASS (逐字节一致, n=3145728)
[m15]   M.finite.L34                   PASS (bf16 有限：NaN/Inf 0/2560)
[m15]   M.nontrivial.L34               PASS (与输入不同，非恒等)
[m15]   M.ym.L34                       PASS (逐字节一致, n=5120)
[m15]   M.moews.L34                    PASS (逐字节一致, n=7685472)
[m15]   M.gdnws.L34                    PASS (除 g/β padding 外逐字节一致, n=5258240; padding 内差异 25 B 见报告项)
[m15]   M.gb_lane0.L34                 PASS (g/β 槽位首元素 48×2 个 fp32 逐字节一致)
[m15]   M.st_cs.L34                    PASS (逐字节一致, n=61440)
[m15]   M.st_ssm.L34                   PASS (逐字节一致, n=3145728)
[m15]   M.finite.L35                   PASS (bf16 有限：NaN/Inf 0/2560)
[m15]   M.nontrivial.L35               PASS (与输入不同，非恒等)
[m15]   M.ym.L35                       PASS (逐字节一致, n=5120)
[m15]   M.moews.L35                    PASS (逐字节一致, n=7685472)
[m15]   M.attn.L35                     PASS (逐字节一致, n=5120)
[m15]   M.finite.L36                   PASS (bf16 有限：NaN/Inf 0/2560)
[m15]   M.nontrivial.L36               PASS (与输入不同，非恒等)
[m15]   M.ym.L36                       PASS (逐字节一致, n=5120)
[m15]   M.moews.L36                    PASS (逐字节一致, n=7685472)
[m15]   M.gdnws.L36                    PASS (除 g/β padding 外逐字节一致, n=5258240; padding 内差异 22 B 见报告项)
[m15]   M.gb_lane0.L36                 PASS (g/β 槽位首元素 48×2 个 fp32 逐字节一致)
[m15]   M.st_cs.L36                    PASS (逐字节一致, n=61440)
[m15]   M.st_ssm.L36                   PASS (逐字节一致, n=3145728)
[m15]   M.finite.L37                   PASS (bf16 有限：NaN/Inf 0/2560)
[m15]   M.nontrivial.L37               PASS (与输入不同，非恒等)
[m15]   M.ym.L37                       PASS (逐字节一致, n=5120)
[m15]   M.moews.L37                    PASS (逐字节一致, n=7685472)
[m15]   M.gdnws.L37                    PASS (除 g/β padding 外逐字节一致, n=5258240; padding 内差异 24 B 见报告项)
[m15]   M.gb_lane0.L37                 PASS (g/β 槽位首元素 48×2 个 fp32 逐字节一致)
[m15]   M.st_cs.L37                    PASS (逐字节一致, n=61440)
[m15]   M.st_ssm.L37                   PASS (逐字节一致, n=3145728)
[m15]   M.finite.L38                   PASS (bf16 有限：NaN/Inf 0/2560)
[m15]   M.nontrivial.L38               PASS (与输入不同，非恒等)
[m15]   M.ym.L38                       PASS (逐字节一致, n=5120)
[m15]   M.moews.L38                    PASS (逐字节一致, n=7685472)
[m15]   M.gdnws.L38                    PASS (除 g/β padding 外逐字节一致, n=5258240; padding 内差异 25 B 见报告项)
[m15]   M.gb_lane0.L38                 PASS (g/β 槽位首元素 48×2 个 fp32 逐字节一致)
[m15]   M.st_cs.L38                    PASS (逐字节一致, n=61440)
[m15]   M.st_ssm.L38                   PASS (逐字节一致, n=3145728)
[m15]   M.finite.L39                   PASS (bf16 有限：NaN/Inf 0/2560)
[m15]   M.nontrivial.L39               PASS (与输入不同，非恒等)
[m15]   M.ym.L39                       PASS (逐字节一致, n=5120)
[m15]   M.moews.L39                    PASS (逐字节一致, n=7685472)
[m15]   M.attn.L39                     PASS (逐字节一致, n=5120)
[m15]   M.finite.L40                   PASS (bf16 有限：NaN/Inf 0/2560)
[m15]   M.nontrivial.L40               PASS (与输入不同，非恒等)
[m15]   M.ym.L40                       PASS (逐字节一致, n=5120)
[m15]   M.moews.L40                    PASS (逐字节一致, n=7685472)
[m15]   M.gdnws.L40                    PASS (除 g/β padding 外逐字节一致, n=5258240; padding 内差异 22 B 见报告项)
[m15]   M.gb_lane0.L40                 PASS (g/β 槽位首元素 48×2 个 fp32 逐字节一致)
[m15]   M.st_cs.L40                    PASS (逐字节一致, n=61440)
[m15]   M.st_ssm.L40                   PASS (逐字节一致, n=3145728)
[m15]   M.finite.L41                   PASS (bf16 有限：NaN/Inf 0/2560)
[m15]   M.nontrivial.L41               PASS (与输入不同，非恒等)
[m15]   M.ym.L41                       PASS (逐字节一致, n=5120)
[m15]   M.moews.L41                    PASS (逐字节一致, n=7685472)
[m15]   M.gdnws.L41                    PASS (除 g/β padding 外逐字节一致, n=5258240; padding 内差异 21 B 见报告项)
[m15]   M.gb_lane0.L41                 PASS (g/β 槽位首元素 48×2 个 fp32 逐字节一致)
[m15]   M.st_cs.L41                    PASS (逐字节一致, n=61440)
[m15]   M.st_ssm.L41                   PASS (逐字节一致, n=3145728)
[m15]   M.finite.L42                   PASS (bf16 有限：NaN/Inf 0/2560)
[m15]   M.nontrivial.L42               PASS (与输入不同，非恒等)
[m15]   M.ym.L42                       PASS (逐字节一致, n=5120)
[m15]   M.moews.L42                    PASS (逐字节一致, n=7685472)
[m15]   M.gdnws.L42                    PASS (除 g/β padding 外逐字节一致, n=5258240; padding 内差异 24 B 见报告项)
[m15]   M.gb_lane0.L42                 PASS (g/β 槽位首元素 48×2 个 fp32 逐字节一致)
[m15]   M.st_cs.L42                    PASS (逐字节一致, n=61440)
[m15]   M.st_ssm.L42                   PASS (逐字节一致, n=3145728)
[m15]   M.finite.L43                   PASS (bf16 有限：NaN/Inf 0/2560)
[m15]   M.nontrivial.L43               PASS (与输入不同，非恒等)
[m15]   M.ym.L43                       PASS (逐字节一致, n=5120)
[m15]   M.moews.L43                    PASS (逐字节一致, n=7685472)
[m15]   M.attn.L43                     PASS (逐字节一致, n=5120)
[m15]   M.finite.L44                   PASS (bf16 有限：NaN/Inf 0/2560)
[m15]   M.nontrivial.L44               PASS (与输入不同，非恒等)
[m15]   M.ym.L44                       PASS (逐字节一致, n=5120)
[m15]   M.moews.L44                    PASS (逐字节一致, n=7685472)
[m15]   M.gdnws.L44                    PASS (除 g/β padding 外逐字节一致, n=5258240; padding 内差异 25 B 见报告项)
[m15]   M.gb_lane0.L44                 PASS (g/β 槽位首元素 48×2 个 fp32 逐字节一致)
[m15]   M.st_cs.L44                    PASS (逐字节一致, n=61440)
[m15]   M.st_ssm.L44                   PASS (逐字节一致, n=3145728)
[m15]   M.finite.L45                   PASS (bf16 有限：NaN/Inf 0/2560)
[m15]   M.nontrivial.L45               PASS (与输入不同，非恒等)
[m15]   M.ym.L45                       PASS (逐字节一致, n=5120)
[m15]   M.moews.L45                    PASS (逐字节一致, n=7685472)
[m15]   M.gdnws.L45                    PASS (除 g/β padding 外逐字节一致, n=5258240; padding 内差异 24 B 见报告项)
[m15]   M.gb_lane0.L45                 PASS (g/β 槽位首元素 48×2 个 fp32 逐字节一致)
[m15]   M.st_cs.L45                    PASS (逐字节一致, n=61440)
[m15]   M.st_ssm.L45                   PASS (逐字节一致, n=3145728)
[m15]   M.finite.L46                   PASS (bf16 有限：NaN/Inf 0/2560)
[m15]   M.nontrivial.L46               PASS (与输入不同，非恒等)
[m15]   M.ym.L46                       PASS (逐字节一致, n=5120)
[m15]   M.moews.L46                    PASS (逐字节一致, n=7685472)
[m15]   M.gdnws.L46                    PASS (除 g/β padding 外逐字节一致, n=5258240; padding 内差异 25 B 见报告项)
[m15]   M.gb_lane0.L46                 PASS (g/β 槽位首元素 48×2 个 fp32 逐字节一致)
[m15]   M.st_cs.L46                    PASS (逐字节一致, n=61440)
[m15]   M.st_ssm.L46                   PASS (逐字节一致, n=3145728)
[m15]   M.finite.L47                   PASS (bf16 有限：NaN/Inf 0/2560)
[m15]   M.nontrivial.L47               PASS (与输入不同，非恒等)
[m15]   M.ym.L47                       PASS (逐字节一致, n=5120)
[m15]   M.moews.L47                    PASS (逐字节一致, n=7685472)
[m15]   M.attn.L47                     PASS (逐字节一致, n=5120)
[m15] 验证 M1：48 层，本段判定项 348 条，累计 FAIL 0
[m15]   [报告项·不计入判定] g/β padding 车道差异：合计 877 B（48 层），单层最大 28 B；该区域被消费方（S4 递推）按契约不读（见本节 1b 说明）

[m15] ===== 验证 M2：多 token（融合形态；3 token × 48 层）=====
[m15]   M2.fused_vs_composed_h         PASS (逐字节一致, n=5120)
[m15]   M2.fused_vs_composed_state     PASS (逐字节一致, n=115458048)
[m15]   M2.state_evolved               PASS（层 0 的 cs+ssm：token 0 vs token 2 有 2851778/3207168 字节不同 → 状态在演化）
[m15]   M2.token_sensitive             PASS（末层输出 t0 != t2，逐字节不同）
[m15]   M2.nosync_vs_sync_h            PASS (逐字节一致, n=5120)
[m15]   M2.nosync_vs_sync_state        PASS (逐字节一致, n=115458048)
[m15]   M2.nosync_repeat_h             PASS (逐字节一致, n=5120)
[m15]   M2.nosync_repeat_state         PASS (逐字节一致, n=115458048)
[m15] 验证 M2：本段判定项 8 条

[m15] ===== 验证 H：四相位融合形态（hc(attn) → 子层段 → hc(mlp) → MoE 段；m=1）=====
[m15]   H.finite.L00                   PASS (bf16 有限：NaN/Inf 0/10240)
[m15]   H.nontrivial.L00               PASS (与输入不同，非恒等)
[m15]   H.h1ws.L00                     PASS (逐字节一致, n=4353024)
[m15]   H.h2ws.L00                     PASS (逐字节一致, n=4353024)
[m15]   H.conly.L00                    PASS (H' 与 combine_and_mix 档逐字节一致 n=20480；BLK 未被写出 0xCD 全场保持)
[m15]   H.det_h1.L00                   PASS (逐字节一致, n=4353024)
[m15]   H.det_h2.L00                   PASS (逐字节一致, n=4353024)
[m15]   层 00（GDN，attn mode=0 / mlp mode=1）：H.fused/H.h1ws/H.h2ws/H.conly/H.det 全部比对完成
[m15]   H.finite.L01                   PASS (bf16 有限：NaN/Inf 0/10240)
[m15]   H.nontrivial.L01               PASS (与输入不同，非恒等)
[m15]   H.h1ws.L01                     PASS (逐字节一致, n=4353024)
[m15]   H.h2ws.L01                     PASS (逐字节一致, n=4353024)
[m15]   H.conly.L01                    PASS (H' 与 combine_and_mix 档逐字节一致 n=20480；BLK 未被写出 0xCD 全场保持)
[m15]   H.det_h1.L01                   PASS (逐字节一致, n=4353024)
[m15]   H.det_h2.L01                   PASS (逐字节一致, n=4353024)
[m15]   层 01（GDN，attn mode=1 / mlp mode=1）：H.fused/H.h1ws/H.h2ws/H.conly/H.det 全部比对完成
[m15]   H.finite.L03                   PASS (bf16 有限：NaN/Inf 0/10240)
[m15]   H.nontrivial.L03               PASS (与输入不同，非恒等)
[m15]   H.h1ws.L03                     PASS (逐字节一致, n=4353024)
[m15]   H.h2ws.L03                     PASS (逐字节一致, n=4353024)
[m15]   H.conly.L03                    PASS (H' 与 combine_and_mix 档逐字节一致 n=20480；BLK 未被写出 0xCD 全场保持)
[m15]   H.det_h1.L03                   PASS (逐字节一致, n=4353024)
[m15]   H.det_h2.L03                   PASS (逐字节一致, n=4353024)
[m15]   层 03（ATTN，attn mode=1 / mlp mode=1）：H.fused/H.h1ws/H.h2ws/H.conly/H.det 全部比对完成
[m15] 验证 H：3 层（层表 M15_HC_LAYERS=0,1,3，m=1），本段判定项累计 21，累计 FAIL 0

[m15] ===== 验证 Ch：48 层链走四相位入口（每层一次启动；m=1，层数 48）=====
[m15]   段序：hc(attn) → 子层段 → hc(mlp) → MoE（层 1 另把 H1 拆成 combine-only → PLE 占位 → mix-only）；层间零拷贝搬 H/BO/IJ 三条长寿状态
[m15]   PLE 打断点 = 开（M15_CHAIN_PLE=1；关掉只用于 msprof 的 A/B）
[m15]   Ch.wsrc.gm                     PASS (逐字节一致, n=26910720)
[m15]   全局 mixer 权重来源：3 个张量（norm/down/up）+ 注入区 16 行全零见证，逐字节 memcmp（26910720 字节）
[m15]   pass 1：48 层链跑通（一次启动/层；层 1 走 PLE 打断点（H1 拆成五段））
[m15][DISCLOSE] 层 1 的 PLE 段**未实现**（空操作，见 m15_layer_kernel.h §3b）：本段验证的是打断点的结构与它的舍入点判据，**不是** PLE 的数值。
[m15]   手工路径：逐层 4 段独立启动（hc#1 → 子层段 → hc#2 → MoE）与链逐字节对拍（PLE 层另加 combine-only 与单次 combine_and_mix 参考各一次 ⇒ 该层 6 次启动）
[m15]   Ch.h1blk.L00                   PASS (逐字节一致, n=5120)
[m15]   Ch.h1inj.L00                   PASS (逐字节一致, n=648)
[m15]   Ch.sub.L00                     PASS (逐字节一致, n=5120)
[m15]   Ch.h2hcp.L00                   PASS (逐字节一致, n=20480)
[m15]   Ch.h2blk.L00                   PASS (逐字节一致, n=5120)
[m15]   Ch.h2inj.L00                   PASS (逐字节一致, n=8)
[m15]   Ch.bo.L00                      PASS (逐字节一致, n=5120)
[m15]   Ch.h1hcp.L01                   PASS (逐字节一致, n=20480)
[m15]   Ch.ple.bf16.L01                PASS (逐字节一致, n=20480)
[m15]   Ch.ple.single.L01              PASS (逐字节一致, n=5120)
[m15]   Ch.h1blk.L01                   PASS (逐字节一致, n=5120)
[m15]   Ch.h1inj.L01                   PASS (逐字节一致, n=648)
[m15]   Ch.sub.L01                     PASS (逐字节一致, n=5120)
[m15]   Ch.h2hcp.L01                   PASS (逐字节一致, n=20480)
[m15]   Ch.h2blk.L01                   PASS (逐字节一致, n=5120)
[m15]   Ch.h2inj.L01                   PASS (逐字节一致, n=8)
[m15]   Ch.bo.L01                      PASS (逐字节一致, n=5120)
[m15]   Ch.h1hcp.L02                   PASS (逐字节一致, n=20480)
[m15]   Ch.h1blk.L02                   PASS (逐字节一致, n=5120)
[m15]   Ch.h1inj.L02                   PASS (逐字节一致, n=648)
[m15]   Ch.sub.L02                     PASS (逐字节一致, n=5120)
[m15]   Ch.h2hcp.L02                   PASS (逐字节一致, n=20480)
[m15]   Ch.h2blk.L02                   PASS (逐字节一致, n=5120)
[m15]   Ch.h2inj.L02                   PASS (逐字节一致, n=8)
[m15]   Ch.bo.L02                      PASS (逐字节一致, n=5120)
[m15]   Ch.h1hcp.L03                   PASS (逐字节一致, n=20480)
[m15]   Ch.h1blk.L03                   PASS (逐字节一致, n=5120)
[m15]   Ch.h1inj.L03                   PASS (逐字节一致, n=648)
[m15]   Ch.sub.L03                     PASS (逐字节一致, n=5120)
[m15]   Ch.h2hcp.L03                   PASS (逐字节一致, n=20480)
[m15]   Ch.h2blk.L03                   PASS (逐字节一致, n=5120)
[m15]   Ch.h2inj.L03                   PASS (逐字节一致, n=8)
[m15]   Ch.bo.L03                      PASS (逐字节一致, n=5120)
[m15]   Ch.h1hcp.L04                   PASS (逐字节一致, n=20480)
[m15]   Ch.h1blk.L04                   PASS (逐字节一致, n=5120)
[m15]   Ch.h1inj.L04                   PASS (逐字节一致, n=648)
[m15]   Ch.sub.L04                     PASS (逐字节一致, n=5120)
[m15]   Ch.h2hcp.L04                   PASS (逐字节一致, n=20480)
[m15]   Ch.h2blk.L04                   PASS (逐字节一致, n=5120)
[m15]   Ch.h2inj.L04                   PASS (逐字节一致, n=8)
[m15]   Ch.bo.L04                      PASS (逐字节一致, n=5120)
[m15]   Ch.h1hcp.L05                   PASS (逐字节一致, n=20480)
[m15]   Ch.h1blk.L05                   PASS (逐字节一致, n=5120)
[m15]   Ch.h1inj.L05                   PASS (逐字节一致, n=648)
[m15]   Ch.sub.L05                     PASS (逐字节一致, n=5120)
[m15]   Ch.h2hcp.L05                   PASS (逐字节一致, n=20480)
[m15]   Ch.h2blk.L05                   PASS (逐字节一致, n=5120)
[m15]   Ch.h2inj.L05                   PASS (逐字节一致, n=8)
[m15]   Ch.bo.L05                      PASS (逐字节一致, n=5120)
[m15]   Ch.h1hcp.L06                   PASS (逐字节一致, n=20480)
[m15]   Ch.h1blk.L06                   PASS (逐字节一致, n=5120)
[m15]   Ch.h1inj.L06                   PASS (逐字节一致, n=648)
[m15]   Ch.sub.L06                     PASS (逐字节一致, n=5120)
[m15]   Ch.h2hcp.L06                   PASS (逐字节一致, n=20480)
[m15]   Ch.h2blk.L06                   PASS (逐字节一致, n=5120)
[m15]   Ch.h2inj.L06                   PASS (逐字节一致, n=8)
[m15]   Ch.bo.L06                      PASS (逐字节一致, n=5120)
[m15]   Ch.h1hcp.L07                   PASS (逐字节一致, n=20480)
[m15]   Ch.h1blk.L07                   PASS (逐字节一致, n=5120)
[m15]   Ch.h1inj.L07                   PASS (逐字节一致, n=648)
[m15]   Ch.sub.L07                     PASS (逐字节一致, n=5120)
[m15]   Ch.h2hcp.L07                   PASS (逐字节一致, n=20480)
[m15]   Ch.h2blk.L07                   PASS (逐字节一致, n=5120)
[m15]   Ch.h2inj.L07                   PASS (逐字节一致, n=8)
[m15]   Ch.bo.L07                      PASS (逐字节一致, n=5120)
[m15]   Ch.h1hcp.L08                   PASS (逐字节一致, n=20480)
[m15]   Ch.h1blk.L08                   PASS (逐字节一致, n=5120)
[m15]   Ch.h1inj.L08                   PASS (逐字节一致, n=648)
[m15]   Ch.sub.L08                     PASS (逐字节一致, n=5120)
[m15]   Ch.h2hcp.L08                   PASS (逐字节一致, n=20480)
[m15]   Ch.h2blk.L08                   PASS (逐字节一致, n=5120)
[m15]   Ch.h2inj.L08                   PASS (逐字节一致, n=8)
[m15]   Ch.bo.L08                      PASS (逐字节一致, n=5120)
[m15]   Ch.h1hcp.L09                   PASS (逐字节一致, n=20480)
[m15]   Ch.h1blk.L09                   PASS (逐字节一致, n=5120)
[m15]   Ch.h1inj.L09                   PASS (逐字节一致, n=648)
[m15]   Ch.sub.L09                     PASS (逐字节一致, n=5120)
[m15]   Ch.h2hcp.L09                   PASS (逐字节一致, n=20480)
[m15]   Ch.h2blk.L09                   PASS (逐字节一致, n=5120)
[m15]   Ch.h2inj.L09                   PASS (逐字节一致, n=8)
[m15]   Ch.bo.L09                      PASS (逐字节一致, n=5120)
[m15]   Ch.h1hcp.L10                   PASS (逐字节一致, n=20480)
[m15]   Ch.h1blk.L10                   PASS (逐字节一致, n=5120)
[m15]   Ch.h1inj.L10                   PASS (逐字节一致, n=648)
[m15]   Ch.sub.L10                     PASS (逐字节一致, n=5120)
[m15]   Ch.h2hcp.L10                   PASS (逐字节一致, n=20480)
[m15]   Ch.h2blk.L10                   PASS (逐字节一致, n=5120)
[m15]   Ch.h2inj.L10                   PASS (逐字节一致, n=8)
[m15]   Ch.bo.L10                      PASS (逐字节一致, n=5120)
[m15]   Ch.h1hcp.L11                   PASS (逐字节一致, n=20480)
[m15]   Ch.h1blk.L11                   PASS (逐字节一致, n=5120)
[m15]   Ch.h1inj.L11                   PASS (逐字节一致, n=648)
[m15]   Ch.sub.L11                     PASS (逐字节一致, n=5120)
[m15]   Ch.h2hcp.L11                   PASS (逐字节一致, n=20480)
[m15]   Ch.h2blk.L11                   PASS (逐字节一致, n=5120)
[m15]   Ch.h2inj.L11                   PASS (逐字节一致, n=8)
[m15]   Ch.bo.L11                      PASS (逐字节一致, n=5120)
[m15]   Ch.h1hcp.L12                   PASS (逐字节一致, n=20480)
[m15]   Ch.h1blk.L12                   PASS (逐字节一致, n=5120)
[m15]   Ch.h1inj.L12                   PASS (逐字节一致, n=648)
[m15]   Ch.sub.L12                     PASS (逐字节一致, n=5120)
[m15]   Ch.h2hcp.L12                   PASS (逐字节一致, n=20480)
[m15]   Ch.h2blk.L12                   PASS (逐字节一致, n=5120)
[m15]   Ch.h2inj.L12                   PASS (逐字节一致, n=8)
[m15]   Ch.bo.L12                      PASS (逐字节一致, n=5120)
[m15]   Ch.h1hcp.L13                   PASS (逐字节一致, n=20480)
[m15]   Ch.h1blk.L13                   PASS (逐字节一致, n=5120)
[m15]   Ch.h1inj.L13                   PASS (逐字节一致, n=648)
[m15]   Ch.sub.L13                     PASS (逐字节一致, n=5120)
[m15]   Ch.h2hcp.L13                   PASS (逐字节一致, n=20480)
[m15]   Ch.h2blk.L13                   PASS (逐字节一致, n=5120)
[m15]   Ch.h2inj.L13                   PASS (逐字节一致, n=8)
[m15]   Ch.bo.L13                      PASS (逐字节一致, n=5120)
[m15]   Ch.h1hcp.L14                   PASS (逐字节一致, n=20480)
[m15]   Ch.h1blk.L14                   PASS (逐字节一致, n=5120)
[m15]   Ch.h1inj.L14                   PASS (逐字节一致, n=648)
[m15]   Ch.sub.L14                     PASS (逐字节一致, n=5120)
[m15]   Ch.h2hcp.L14                   PASS (逐字节一致, n=20480)
[m15]   Ch.h2blk.L14                   PASS (逐字节一致, n=5120)
[m15]   Ch.h2inj.L14                   PASS (逐字节一致, n=8)
[m15]   Ch.bo.L14                      PASS (逐字节一致, n=5120)
[m15]   Ch.h1hcp.L15                   PASS (逐字节一致, n=20480)
[m15]   Ch.h1blk.L15                   PASS (逐字节一致, n=5120)
[m15]   Ch.h1inj.L15                   PASS (逐字节一致, n=648)
[m15]   Ch.sub.L15                     PASS (逐字节一致, n=5120)
[m15]   Ch.h2hcp.L15                   PASS (逐字节一致, n=20480)
[m15]   Ch.h2blk.L15                   PASS (逐字节一致, n=5120)
[m15]   Ch.h2inj.L15                   PASS (逐字节一致, n=8)
[m15]   Ch.bo.L15                      PASS (逐字节一致, n=5120)
[m15]   Ch.h1hcp.L16                   PASS (逐字节一致, n=20480)
[m15]   Ch.h1blk.L16                   PASS (逐字节一致, n=5120)
[m15]   Ch.h1inj.L16                   PASS (逐字节一致, n=648)
[m15]   Ch.sub.L16                     PASS (逐字节一致, n=5120)
[m15]   Ch.h2hcp.L16                   PASS (逐字节一致, n=20480)
[m15]   Ch.h2blk.L16                   PASS (逐字节一致, n=5120)
[m15]   Ch.h2inj.L16                   PASS (逐字节一致, n=8)
[m15]   Ch.bo.L16                      PASS (逐字节一致, n=5120)
[m15]   Ch.h1hcp.L17                   PASS (逐字节一致, n=20480)
[m15]   Ch.h1blk.L17                   PASS (逐字节一致, n=5120)
[m15]   Ch.h1inj.L17                   PASS (逐字节一致, n=648)
[m15]   Ch.sub.L17                     PASS (逐字节一致, n=5120)
[m15]   Ch.h2hcp.L17                   PASS (逐字节一致, n=20480)
[m15]   Ch.h2blk.L17                   PASS (逐字节一致, n=5120)
[m15]   Ch.h2inj.L17                   PASS (逐字节一致, n=8)
[m15]   Ch.bo.L17                      PASS (逐字节一致, n=5120)
[m15]   Ch.h1hcp.L18                   PASS (逐字节一致, n=20480)
[m15]   Ch.h1blk.L18                   PASS (逐字节一致, n=5120)
[m15]   Ch.h1inj.L18                   PASS (逐字节一致, n=648)
[m15]   Ch.sub.L18                     PASS (逐字节一致, n=5120)
[m15]   Ch.h2hcp.L18                   PASS (逐字节一致, n=20480)
[m15]   Ch.h2blk.L18                   PASS (逐字节一致, n=5120)
[m15]   Ch.h2inj.L18                   PASS (逐字节一致, n=8)
[m15]   Ch.bo.L18                      PASS (逐字节一致, n=5120)
[m15]   Ch.h1hcp.L19                   PASS (逐字节一致, n=20480)
[m15]   Ch.h1blk.L19                   PASS (逐字节一致, n=5120)
[m15]   Ch.h1inj.L19                   PASS (逐字节一致, n=648)
[m15]   Ch.sub.L19                     PASS (逐字节一致, n=5120)
[m15]   Ch.h2hcp.L19                   PASS (逐字节一致, n=20480)
[m15]   Ch.h2blk.L19                   PASS (逐字节一致, n=5120)
[m15]   Ch.h2inj.L19                   PASS (逐字节一致, n=8)
[m15]   Ch.bo.L19                      PASS (逐字节一致, n=5120)
[m15]   Ch.h1hcp.L20                   PASS (逐字节一致, n=20480)
[m15]   Ch.h1blk.L20                   PASS (逐字节一致, n=5120)
[m15]   Ch.h1inj.L20                   PASS (逐字节一致, n=648)
[m15]   Ch.sub.L20                     PASS (逐字节一致, n=5120)
[m15]   Ch.h2hcp.L20                   PASS (逐字节一致, n=20480)
[m15]   Ch.h2blk.L20                   PASS (逐字节一致, n=5120)
[m15]   Ch.h2inj.L20                   PASS (逐字节一致, n=8)
[m15]   Ch.bo.L20                      PASS (逐字节一致, n=5120)
[m15]   Ch.h1hcp.L21                   PASS (逐字节一致, n=20480)
[m15]   Ch.h1blk.L21                   PASS (逐字节一致, n=5120)
[m15]   Ch.h1inj.L21                   PASS (逐字节一致, n=648)
[m15]   Ch.sub.L21                     PASS (逐字节一致, n=5120)
[m15]   Ch.h2hcp.L21                   PASS (逐字节一致, n=20480)
[m15]   Ch.h2blk.L21                   PASS (逐字节一致, n=5120)
[m15]   Ch.h2inj.L21                   PASS (逐字节一致, n=8)
[m15]   Ch.bo.L21                      PASS (逐字节一致, n=5120)
[m15]   Ch.h1hcp.L22                   PASS (逐字节一致, n=20480)
[m15]   Ch.h1blk.L22                   PASS (逐字节一致, n=5120)
[m15]   Ch.h1inj.L22                   PASS (逐字节一致, n=648)
[m15]   Ch.sub.L22                     PASS (逐字节一致, n=5120)
[m15]   Ch.h2hcp.L22                   PASS (逐字节一致, n=20480)
[m15]   Ch.h2blk.L22                   PASS (逐字节一致, n=5120)
[m15]   Ch.h2inj.L22                   PASS (逐字节一致, n=8)
[m15]   Ch.bo.L22                      PASS (逐字节一致, n=5120)
[m15]   Ch.h1hcp.L23                   PASS (逐字节一致, n=20480)
[m15]   Ch.h1blk.L23                   PASS (逐字节一致, n=5120)
[m15]   Ch.h1inj.L23                   PASS (逐字节一致, n=648)
[m15]   Ch.sub.L23                     PASS (逐字节一致, n=5120)
[m15]   Ch.h2hcp.L23                   PASS (逐字节一致, n=20480)
[m15]   Ch.h2blk.L23                   PASS (逐字节一致, n=5120)
[m15]   Ch.h2inj.L23                   PASS (逐字节一致, n=8)
[m15]   Ch.bo.L23                      PASS (逐字节一致, n=5120)
[m15]   Ch.h1hcp.L24                   PASS (逐字节一致, n=20480)
[m15]   Ch.h1blk.L24                   PASS (逐字节一致, n=5120)
[m15]   Ch.h1inj.L24                   PASS (逐字节一致, n=648)
[m15]   Ch.sub.L24                     PASS (逐字节一致, n=5120)
[m15]   Ch.h2hcp.L24                   PASS (逐字节一致, n=20480)
[m15]   Ch.h2blk.L24                   PASS (逐字节一致, n=5120)
[m15]   Ch.h2inj.L24                   PASS (逐字节一致, n=8)
[m15]   Ch.bo.L24                      PASS (逐字节一致, n=5120)
[m15]   Ch.h1hcp.L25                   PASS (逐字节一致, n=20480)
[m15]   Ch.h1blk.L25                   PASS (逐字节一致, n=5120)
[m15]   Ch.h1inj.L25                   PASS (逐字节一致, n=648)
[m15]   Ch.sub.L25                     PASS (逐字节一致, n=5120)
[m15]   Ch.h2hcp.L25                   PASS (逐字节一致, n=20480)
[m15]   Ch.h2blk.L25                   PASS (逐字节一致, n=5120)
[m15]   Ch.h2inj.L25                   PASS (逐字节一致, n=8)
[m15]   Ch.bo.L25                      PASS (逐字节一致, n=5120)
[m15]   Ch.h1hcp.L26                   PASS (逐字节一致, n=20480)
[m15]   Ch.h1blk.L26                   PASS (逐字节一致, n=5120)
[m15]   Ch.h1inj.L26                   PASS (逐字节一致, n=648)
[m15]   Ch.sub.L26                     PASS (逐字节一致, n=5120)
[m15]   Ch.h2hcp.L26                   PASS (逐字节一致, n=20480)
[m15]   Ch.h2blk.L26                   PASS (逐字节一致, n=5120)
[m15]   Ch.h2inj.L26                   PASS (逐字节一致, n=8)
[m15]   Ch.bo.L26                      PASS (逐字节一致, n=5120)
[m15]   Ch.h1hcp.L27                   PASS (逐字节一致, n=20480)
[m15]   Ch.h1blk.L27                   PASS (逐字节一致, n=5120)
[m15]   Ch.h1inj.L27                   PASS (逐字节一致, n=648)
[m15]   Ch.sub.L27                     PASS (逐字节一致, n=5120)
[m15]   Ch.h2hcp.L27                   PASS (逐字节一致, n=20480)
[m15]   Ch.h2blk.L27                   PASS (逐字节一致, n=5120)
[m15]   Ch.h2inj.L27                   PASS (逐字节一致, n=8)
[m15]   Ch.bo.L27                      PASS (逐字节一致, n=5120)
[m15]   Ch.h1hcp.L28                   PASS (逐字节一致, n=20480)
[m15]   Ch.h1blk.L28                   PASS (逐字节一致, n=5120)
[m15]   Ch.h1inj.L28                   PASS (逐字节一致, n=648)
[m15]   Ch.sub.L28                     PASS (逐字节一致, n=5120)
[m15]   Ch.h2hcp.L28                   PASS (逐字节一致, n=20480)
[m15]   Ch.h2blk.L28                   PASS (逐字节一致, n=5120)
[m15]   Ch.h2inj.L28                   PASS (逐字节一致, n=8)
[m15]   Ch.bo.L28                      PASS (逐字节一致, n=5120)
[m15]   Ch.h1hcp.L29                   PASS (逐字节一致, n=20480)
[m15]   Ch.h1blk.L29                   PASS (逐字节一致, n=5120)
[m15]   Ch.h1inj.L29                   PASS (逐字节一致, n=648)
[m15]   Ch.sub.L29                     PASS (逐字节一致, n=5120)
[m15]   Ch.h2hcp.L29                   PASS (逐字节一致, n=20480)
[m15]   Ch.h2blk.L29                   PASS (逐字节一致, n=5120)
[m15]   Ch.h2inj.L29                   PASS (逐字节一致, n=8)
[m15]   Ch.bo.L29                      PASS (逐字节一致, n=5120)
[m15]   Ch.h1hcp.L30                   PASS (逐字节一致, n=20480)
[m15]   Ch.h1blk.L30                   PASS (逐字节一致, n=5120)
[m15]   Ch.h1inj.L30                   PASS (逐字节一致, n=648)
[m15]   Ch.sub.L30                     PASS (逐字节一致, n=5120)
[m15]   Ch.h2hcp.L30                   PASS (逐字节一致, n=20480)
[m15]   Ch.h2blk.L30                   PASS (逐字节一致, n=5120)
[m15]   Ch.h2inj.L30                   PASS (逐字节一致, n=8)
[m15]   Ch.bo.L30                      PASS (逐字节一致, n=5120)
[m15]   Ch.h1hcp.L31                   PASS (逐字节一致, n=20480)
[m15]   Ch.h1blk.L31                   PASS (逐字节一致, n=5120)
[m15]   Ch.h1inj.L31                   PASS (逐字节一致, n=648)
[m15]   Ch.sub.L31                     PASS (逐字节一致, n=5120)
[m15]   Ch.h2hcp.L31                   PASS (逐字节一致, n=20480)
[m15]   Ch.h2blk.L31                   PASS (逐字节一致, n=5120)
[m15]   Ch.h2inj.L31                   PASS (逐字节一致, n=8)
[m15]   Ch.bo.L31                      PASS (逐字节一致, n=5120)
[m15]   Ch.h1hcp.L32                   PASS (逐字节一致, n=20480)
[m15]   Ch.h1blk.L32                   PASS (逐字节一致, n=5120)
[m15]   Ch.h1inj.L32                   PASS (逐字节一致, n=648)
[m15]   Ch.sub.L32                     PASS (逐字节一致, n=5120)
[m15]   Ch.h2hcp.L32                   PASS (逐字节一致, n=20480)
[m15]   Ch.h2blk.L32                   PASS (逐字节一致, n=5120)
[m15]   Ch.h2inj.L32                   PASS (逐字节一致, n=8)
[m15]   Ch.bo.L32                      PASS (逐字节一致, n=5120)
[m15]   Ch.h1hcp.L33                   PASS (逐字节一致, n=20480)
[m15]   Ch.h1blk.L33                   PASS (逐字节一致, n=5120)
[m15]   Ch.h1inj.L33                   PASS (逐字节一致, n=648)
[m15]   Ch.sub.L33                     PASS (逐字节一致, n=5120)
[m15]   Ch.h2hcp.L33                   PASS (逐字节一致, n=20480)
[m15]   Ch.h2blk.L33                   PASS (逐字节一致, n=5120)
[m15]   Ch.h2inj.L33                   PASS (逐字节一致, n=8)
[m15]   Ch.bo.L33                      PASS (逐字节一致, n=5120)
[m15]   Ch.h1hcp.L34                   PASS (逐字节一致, n=20480)
[m15]   Ch.h1blk.L34                   PASS (逐字节一致, n=5120)
[m15]   Ch.h1inj.L34                   PASS (逐字节一致, n=648)
[m15]   Ch.sub.L34                     PASS (逐字节一致, n=5120)
[m15]   Ch.h2hcp.L34                   PASS (逐字节一致, n=20480)
[m15]   Ch.h2blk.L34                   PASS (逐字节一致, n=5120)
[m15]   Ch.h2inj.L34                   PASS (逐字节一致, n=8)
[m15]   Ch.bo.L34                      PASS (逐字节一致, n=5120)
[m15]   Ch.h1hcp.L35                   PASS (逐字节一致, n=20480)
[m15]   Ch.h1blk.L35                   PASS (逐字节一致, n=5120)
[m15]   Ch.h1inj.L35                   PASS (逐字节一致, n=648)
[m15]   Ch.sub.L35                     PASS (逐字节一致, n=5120)
[m15]   Ch.h2hcp.L35                   PASS (逐字节一致, n=20480)
[m15]   Ch.h2blk.L35                   PASS (逐字节一致, n=5120)
[m15]   Ch.h2inj.L35                   PASS (逐字节一致, n=8)
[m15]   Ch.bo.L35                      PASS (逐字节一致, n=5120)
[m15]   Ch.h1hcp.L36                   PASS (逐字节一致, n=20480)
[m15]   Ch.h1blk.L36                   PASS (逐字节一致, n=5120)
[m15]   Ch.h1inj.L36                   PASS (逐字节一致, n=648)
[m15]   Ch.sub.L36                     PASS (逐字节一致, n=5120)
[m15]   Ch.h2hcp.L36                   PASS (逐字节一致, n=20480)
[m15]   Ch.h2blk.L36                   PASS (逐字节一致, n=5120)
[m15]   Ch.h2inj.L36                   PASS (逐字节一致, n=8)
[m15]   Ch.bo.L36                      PASS (逐字节一致, n=5120)
[m15]   Ch.h1hcp.L37                   PASS (逐字节一致, n=20480)
[m15]   Ch.h1blk.L37                   PASS (逐字节一致, n=5120)
[m15]   Ch.h1inj.L37                   PASS (逐字节一致, n=648)
[m15]   Ch.sub.L37                     PASS (逐字节一致, n=5120)
[m15]   Ch.h2hcp.L37                   PASS (逐字节一致, n=20480)
[m15]   Ch.h2blk.L37                   PASS (逐字节一致, n=5120)
[m15]   Ch.h2inj.L37                   PASS (逐字节一致, n=8)
[m15]   Ch.bo.L37                      PASS (逐字节一致, n=5120)
[m15]   Ch.h1hcp.L38                   PASS (逐字节一致, n=20480)
[m15]   Ch.h1blk.L38                   PASS (逐字节一致, n=5120)
[m15]   Ch.h1inj.L38                   PASS (逐字节一致, n=648)
[m15]   Ch.sub.L38                     PASS (逐字节一致, n=5120)
[m15]   Ch.h2hcp.L38                   PASS (逐字节一致, n=20480)
[m15]   Ch.h2blk.L38                   PASS (逐字节一致, n=5120)
[m15]   Ch.h2inj.L38                   PASS (逐字节一致, n=8)
[m15]   Ch.bo.L38                      PASS (逐字节一致, n=5120)
[m15]   Ch.h1hcp.L39                   PASS (逐字节一致, n=20480)
[m15]   Ch.h1blk.L39                   PASS (逐字节一致, n=5120)
[m15]   Ch.h1inj.L39                   PASS (逐字节一致, n=648)
[m15]   Ch.sub.L39                     PASS (逐字节一致, n=5120)
[m15]   Ch.h2hcp.L39                   PASS (逐字节一致, n=20480)
[m15]   Ch.h2blk.L39                   PASS (逐字节一致, n=5120)
[m15]   Ch.h2inj.L39                   PASS (逐字节一致, n=8)
[m15]   Ch.bo.L39                      PASS (逐字节一致, n=5120)
[m15]   Ch.h1hcp.L40                   PASS (逐字节一致, n=20480)
[m15]   Ch.h1blk.L40                   PASS (逐字节一致, n=5120)
[m15]   Ch.h1inj.L40                   PASS (逐字节一致, n=648)
[m15]   Ch.sub.L40                     PASS (逐字节一致, n=5120)
[m15]   Ch.h2hcp.L40                   PASS (逐字节一致, n=20480)
[m15]   Ch.h2blk.L40                   PASS (逐字节一致, n=5120)
[m15]   Ch.h2inj.L40                   PASS (逐字节一致, n=8)
[m15]   Ch.bo.L40                      PASS (逐字节一致, n=5120)
[m15]   Ch.h1hcp.L41                   PASS (逐字节一致, n=20480)
[m15]   Ch.h1blk.L41                   PASS (逐字节一致, n=5120)
[m15]   Ch.h1inj.L41                   PASS (逐字节一致, n=648)
[m15]   Ch.sub.L41                     PASS (逐字节一致, n=5120)
[m15]   Ch.h2hcp.L41                   PASS (逐字节一致, n=20480)
[m15]   Ch.h2blk.L41                   PASS (逐字节一致, n=5120)
[m15]   Ch.h2inj.L41                   PASS (逐字节一致, n=8)
[m15]   Ch.bo.L41                      PASS (逐字节一致, n=5120)
[m15]   Ch.h1hcp.L42                   PASS (逐字节一致, n=20480)
[m15]   Ch.h1blk.L42                   PASS (逐字节一致, n=5120)
[m15]   Ch.h1inj.L42                   PASS (逐字节一致, n=648)
[m15]   Ch.sub.L42                     PASS (逐字节一致, n=5120)
[m15]   Ch.h2hcp.L42                   PASS (逐字节一致, n=20480)
[m15]   Ch.h2blk.L42                   PASS (逐字节一致, n=5120)
[m15]   Ch.h2inj.L42                   PASS (逐字节一致, n=8)
[m15]   Ch.bo.L42                      PASS (逐字节一致, n=5120)
[m15]   Ch.h1hcp.L43                   PASS (逐字节一致, n=20480)
[m15]   Ch.h1blk.L43                   PASS (逐字节一致, n=5120)
[m15]   Ch.h1inj.L43                   PASS (逐字节一致, n=648)
[m15]   Ch.sub.L43                     PASS (逐字节一致, n=5120)
[m15]   Ch.h2hcp.L43                   PASS (逐字节一致, n=20480)
[m15]   Ch.h2blk.L43                   PASS (逐字节一致, n=5120)
[m15]   Ch.h2inj.L43                   PASS (逐字节一致, n=8)
[m15]   Ch.bo.L43                      PASS (逐字节一致, n=5120)
[m15]   Ch.h1hcp.L44                   PASS (逐字节一致, n=20480)
[m15]   Ch.h1blk.L44                   PASS (逐字节一致, n=5120)
[m15]   Ch.h1inj.L44                   PASS (逐字节一致, n=648)
[m15]   Ch.sub.L44                     PASS (逐字节一致, n=5120)
[m15]   Ch.h2hcp.L44                   PASS (逐字节一致, n=20480)
[m15]   Ch.h2blk.L44                   PASS (逐字节一致, n=5120)
[m15]   Ch.h2inj.L44                   PASS (逐字节一致, n=8)
[m15]   Ch.bo.L44                      PASS (逐字节一致, n=5120)
[m15]   Ch.h1hcp.L45                   PASS (逐字节一致, n=20480)
[m15]   Ch.h1blk.L45                   PASS (逐字节一致, n=5120)
[m15]   Ch.h1inj.L45                   PASS (逐字节一致, n=648)
[m15]   Ch.sub.L45                     PASS (逐字节一致, n=5120)
[m15]   Ch.h2hcp.L45                   PASS (逐字节一致, n=20480)
[m15]   Ch.h2blk.L45                   PASS (逐字节一致, n=5120)
[m15]   Ch.h2inj.L45                   PASS (逐字节一致, n=8)
[m15]   Ch.bo.L45                      PASS (逐字节一致, n=5120)
[m15]   Ch.h1hcp.L46                   PASS (逐字节一致, n=20480)
[m15]   Ch.h1blk.L46                   PASS (逐字节一致, n=5120)
[m15]   Ch.h1inj.L46                   PASS (逐字节一致, n=648)
[m15]   Ch.sub.L46                     PASS (逐字节一致, n=5120)
[m15]   Ch.h2hcp.L46                   PASS (逐字节一致, n=20480)
[m15]   Ch.h2blk.L46                   PASS (逐字节一致, n=5120)
[m15]   Ch.h2inj.L46                   PASS (逐字节一致, n=8)
[m15]   Ch.bo.L46                      PASS (逐字节一致, n=5120)
[m15]   Ch.h1hcp.L47                   PASS (逐字节一致, n=20480)
[m15]   Ch.h1blk.L47                   PASS (逐字节一致, n=5120)
[m15]   Ch.h1inj.L47                   PASS (逐字节一致, n=648)
[m15]   Ch.sub.L47                     PASS (逐字节一致, n=5120)
[m15]   Ch.h2hcp.L47                   PASS (逐字节一致, n=20480)
[m15]   Ch.h2blk.L47                   PASS (逐字节一致, n=5120)
[m15]   Ch.h2inj.L47                   PASS (逐字节一致, n=8)
[m15]   Ch.bo.L47                      PASS (逐字节一致, n=5120)
[m15]   Ch.detH.L00                    PASS (逐字节一致, n=20480)
[m15]   Ch.detBO.L00                   PASS (逐字节一致, n=5120)
[m15]   Ch.detIJ.L00                   PASS (逐字节一致, n=8)
[m15]   Ch.detH.L01                    PASS (逐字节一致, n=20480)
[m15]   Ch.detBO.L01                   PASS (逐字节一致, n=5120)
[m15]   Ch.detIJ.L01                   PASS (逐字节一致, n=8)
[m15]   Ch.detH.L02                    PASS (逐字节一致, n=20480)
[m15]   Ch.detBO.L02                   PASS (逐字节一致, n=5120)
[m15]   Ch.detIJ.L02                   PASS (逐字节一致, n=8)
[m15]   Ch.detH.L03                    PASS (逐字节一致, n=20480)
[m15]   Ch.detBO.L03                   PASS (逐字节一致, n=5120)
[m15]   Ch.detIJ.L03                   PASS (逐字节一致, n=8)
[m15]   Ch.detH.L04                    PASS (逐字节一致, n=20480)
[m15]   Ch.detBO.L04                   PASS (逐字节一致, n=5120)
[m15]   Ch.detIJ.L04                   PASS (逐字节一致, n=8)
[m15]   Ch.detH.L05                    PASS (逐字节一致, n=20480)
[m15]   Ch.detBO.L05                   PASS (逐字节一致, n=5120)
[m15]   Ch.detIJ.L05                   PASS (逐字节一致, n=8)
[m15]   Ch.detH.L06                    PASS (逐字节一致, n=20480)
[m15]   Ch.detBO.L06                   PASS (逐字节一致, n=5120)
[m15]   Ch.detIJ.L06                   PASS (逐字节一致, n=8)
[m15]   Ch.detH.L07                    PASS (逐字节一致, n=20480)
[m15]   Ch.detBO.L07                   PASS (逐字节一致, n=5120)
[m15]   Ch.detIJ.L07                   PASS (逐字节一致, n=8)
[m15]   Ch.detH.L08                    PASS (逐字节一致, n=20480)
[m15]   Ch.detBO.L08                   PASS (逐字节一致, n=5120)
[m15]   Ch.detIJ.L08                   PASS (逐字节一致, n=8)
[m15]   Ch.detH.L09                    PASS (逐字节一致, n=20480)
[m15]   Ch.detBO.L09                   PASS (逐字节一致, n=5120)
[m15]   Ch.detIJ.L09                   PASS (逐字节一致, n=8)
[m15]   Ch.detH.L10                    PASS (逐字节一致, n=20480)
[m15]   Ch.detBO.L10                   PASS (逐字节一致, n=5120)
[m15]   Ch.detIJ.L10                   PASS (逐字节一致, n=8)
[m15]   Ch.detH.L11                    PASS (逐字节一致, n=20480)
[m15]   Ch.detBO.L11                   PASS (逐字节一致, n=5120)
[m15]   Ch.detIJ.L11                   PASS (逐字节一致, n=8)
[m15]   Ch.detH.L12                    PASS (逐字节一致, n=20480)
[m15]   Ch.detBO.L12                   PASS (逐字节一致, n=5120)
[m15]   Ch.detIJ.L12                   PASS (逐字节一致, n=8)
[m15]   Ch.detH.L13                    PASS (逐字节一致, n=20480)
[m15]   Ch.detBO.L13                   PASS (逐字节一致, n=5120)
[m15]   Ch.detIJ.L13                   PASS (逐字节一致, n=8)
[m15]   Ch.detH.L14                    PASS (逐字节一致, n=20480)
[m15]   Ch.detBO.L14                   PASS (逐字节一致, n=5120)
[m15]   Ch.detIJ.L14                   PASS (逐字节一致, n=8)
[m15]   Ch.detH.L15                    PASS (逐字节一致, n=20480)
[m15]   Ch.detBO.L15                   PASS (逐字节一致, n=5120)
[m15]   Ch.detIJ.L15                   PASS (逐字节一致, n=8)
[m15]   Ch.detH.L16                    PASS (逐字节一致, n=20480)
[m15]   Ch.detBO.L16                   PASS (逐字节一致, n=5120)
[m15]   Ch.detIJ.L16                   PASS (逐字节一致, n=8)
[m15]   Ch.detH.L17                    PASS (逐字节一致, n=20480)
[m15]   Ch.detBO.L17                   PASS (逐字节一致, n=5120)
[m15]   Ch.detIJ.L17                   PASS (逐字节一致, n=8)
[m15]   Ch.detH.L18                    PASS (逐字节一致, n=20480)
[m15]   Ch.detBO.L18                   PASS (逐字节一致, n=5120)
[m15]   Ch.detIJ.L18                   PASS (逐字节一致, n=8)
[m15]   Ch.detH.L19                    PASS (逐字节一致, n=20480)
[m15]   Ch.detBO.L19                   PASS (逐字节一致, n=5120)
[m15]   Ch.detIJ.L19                   PASS (逐字节一致, n=8)
[m15]   Ch.detH.L20                    PASS (逐字节一致, n=20480)
[m15]   Ch.detBO.L20                   PASS (逐字节一致, n=5120)
[m15]   Ch.detIJ.L20                   PASS (逐字节一致, n=8)
[m15]   Ch.detH.L21                    PASS (逐字节一致, n=20480)
[m15]   Ch.detBO.L21                   PASS (逐字节一致, n=5120)
[m15]   Ch.detIJ.L21                   PASS (逐字节一致, n=8)
[m15]   Ch.detH.L22                    PASS (逐字节一致, n=20480)
[m15]   Ch.detBO.L22                   PASS (逐字节一致, n=5120)
[m15]   Ch.detIJ.L22                   PASS (逐字节一致, n=8)
[m15]   Ch.detH.L23                    PASS (逐字节一致, n=20480)
[m15]   Ch.detBO.L23                   PASS (逐字节一致, n=5120)
[m15]   Ch.detIJ.L23                   PASS (逐字节一致, n=8)
[m15]   Ch.detH.L24                    PASS (逐字节一致, n=20480)
[m15]   Ch.detBO.L24                   PASS (逐字节一致, n=5120)
[m15]   Ch.detIJ.L24                   PASS (逐字节一致, n=8)
[m15]   Ch.detH.L25                    PASS (逐字节一致, n=20480)
[m15]   Ch.detBO.L25                   PASS (逐字节一致, n=5120)
[m15]   Ch.detIJ.L25                   PASS (逐字节一致, n=8)
[m15]   Ch.detH.L26                    PASS (逐字节一致, n=20480)
[m15]   Ch.detBO.L26                   PASS (逐字节一致, n=5120)
[m15]   Ch.detIJ.L26                   PASS (逐字节一致, n=8)
[m15]   Ch.detH.L27                    PASS (逐字节一致, n=20480)
[m15]   Ch.detBO.L27                   PASS (逐字节一致, n=5120)
[m15]   Ch.detIJ.L27                   PASS (逐字节一致, n=8)
[m15]   Ch.detH.L28                    PASS (逐字节一致, n=20480)
[m15]   Ch.detBO.L28                   PASS (逐字节一致, n=5120)
[m15]   Ch.detIJ.L28                   PASS (逐字节一致, n=8)
[m15]   Ch.detH.L29                    PASS (逐字节一致, n=20480)
[m15]   Ch.detBO.L29                   PASS (逐字节一致, n=5120)
[m15]   Ch.detIJ.L29                   PASS (逐字节一致, n=8)
[m15]   Ch.detH.L30                    PASS (逐字节一致, n=20480)
[m15]   Ch.detBO.L30                   PASS (逐字节一致, n=5120)
[m15]   Ch.detIJ.L30                   PASS (逐字节一致, n=8)
[m15]   Ch.detH.L31                    PASS (逐字节一致, n=20480)
[m15]   Ch.detBO.L31                   PASS (逐字节一致, n=5120)
[m15]   Ch.detIJ.L31                   PASS (逐字节一致, n=8)
[m15]   Ch.detH.L32                    PASS (逐字节一致, n=20480)
[m15]   Ch.detBO.L32                   PASS (逐字节一致, n=5120)
[m15]   Ch.detIJ.L32                   PASS (逐字节一致, n=8)
[m15]   Ch.detH.L33                    PASS (逐字节一致, n=20480)
[m15]   Ch.detBO.L33                   PASS (逐字节一致, n=5120)
[m15]   Ch.detIJ.L33                   PASS (逐字节一致, n=8)
[m15]   Ch.detH.L34                    PASS (逐字节一致, n=20480)
[m15]   Ch.detBO.L34                   PASS (逐字节一致, n=5120)
[m15]   Ch.detIJ.L34                   PASS (逐字节一致, n=8)
[m15]   Ch.detH.L35                    PASS (逐字节一致, n=20480)
[m15]   Ch.detBO.L35                   PASS (逐字节一致, n=5120)
[m15]   Ch.detIJ.L35                   PASS (逐字节一致, n=8)
[m15]   Ch.detH.L36                    PASS (逐字节一致, n=20480)
[m15]   Ch.detBO.L36                   PASS (逐字节一致, n=5120)
[m15]   Ch.detIJ.L36                   PASS (逐字节一致, n=8)
[m15]   Ch.detH.L37                    PASS (逐字节一致, n=20480)
[m15]   Ch.detBO.L37                   PASS (逐字节一致, n=5120)
[m15]   Ch.detIJ.L37                   PASS (逐字节一致, n=8)
[m15]   Ch.detH.L38                    PASS (逐字节一致, n=20480)
[m15]   Ch.detBO.L38                   PASS (逐字节一致, n=5120)
[m15]   Ch.detIJ.L38                   PASS (逐字节一致, n=8)
[m15]   Ch.detH.L39                    PASS (逐字节一致, n=20480)
[m15]   Ch.detBO.L39                   PASS (逐字节一致, n=5120)
[m15]   Ch.detIJ.L39                   PASS (逐字节一致, n=8)
[m15]   Ch.detH.L40                    PASS (逐字节一致, n=20480)
[m15]   Ch.detBO.L40                   PASS (逐字节一致, n=5120)
[m15]   Ch.detIJ.L40                   PASS (逐字节一致, n=8)
[m15]   Ch.detH.L41                    PASS (逐字节一致, n=20480)
[m15]   Ch.detBO.L41                   PASS (逐字节一致, n=5120)
[m15]   Ch.detIJ.L41                   PASS (逐字节一致, n=8)
[m15]   Ch.detH.L42                    PASS (逐字节一致, n=20480)
[m15]   Ch.detBO.L42                   PASS (逐字节一致, n=5120)
[m15]   Ch.detIJ.L42                   PASS (逐字节一致, n=8)
[m15]   Ch.detH.L43                    PASS (逐字节一致, n=20480)
[m15]   Ch.detBO.L43                   PASS (逐字节一致, n=5120)
[m15]   Ch.detIJ.L43                   PASS (逐字节一致, n=8)
[m15]   Ch.detH.L44                    PASS (逐字节一致, n=20480)
[m15]   Ch.detBO.L44                   PASS (逐字节一致, n=5120)
[m15]   Ch.detIJ.L44                   PASS (逐字节一致, n=8)
[m15]   Ch.detH.L45                    PASS (逐字节一致, n=20480)
[m15]   Ch.detBO.L45                   PASS (逐字节一致, n=5120)
[m15]   Ch.detIJ.L45                   PASS (逐字节一致, n=8)
[m15]   Ch.detH.L46                    PASS (逐字节一致, n=20480)
[m15]   Ch.detBO.L46                   PASS (逐字节一致, n=5120)
[m15]   Ch.detIJ.L46                   PASS (逐字节一致, n=8)
[m15]   Ch.detH.L47                    PASS (逐字节一致, n=20480)
[m15]   Ch.detBO.L47                   PASS (逐字节一致, n=5120)
[m15]   Ch.detIJ.L47                   PASS (逐字节一致, n=8)
[m15]   Ch.det.gm_multi                PASS (逐字节一致, n=20480)
[m15]   Ch.det.gm_sample               PASS (逐字节一致, n=5120)
[m15]   Ch.pert.lastH                  PASS (与输入不同，非恒等)
[m15]   Ch.pert.gm                     PASS (与输入不同，非恒等)
[m15]   Ch.pert.gmmerge                PASS (与输入不同，非恒等)
[m15]   Ch.nonid.L00                   PASS (与输入不同，非恒等)
[m15]   Ch.moe.L00                     PASS (与输入不同，非恒等)
[m15]   Ch.blks.L00                    PASS (与输入不同，非恒等)
[m15]   Ch.finite.L00                  PASS (bf16 有限：NaN/Inf 0/10240)
[m15]   Ch.nonid.L01                   PASS (与输入不同，非恒等)
[m15]   Ch.moe.L01                     PASS (与输入不同，非恒等)
[m15]   Ch.blks.L01                    PASS (与输入不同，非恒等)
[m15]   Ch.finite.L01                  PASS (bf16 有限：NaN/Inf 0/10240)
[m15]   Ch.nonid.L02                   PASS (与输入不同，非恒等)
[m15]   Ch.moe.L02                     PASS (与输入不同，非恒等)
[m15]   Ch.blks.L02                    PASS (与输入不同，非恒等)
[m15]   Ch.finite.L02                  PASS (bf16 有限：NaN/Inf 0/10240)
[m15]   Ch.nonid.L03                   PASS (与输入不同，非恒等)
[m15]   Ch.moe.L03                     PASS (与输入不同，非恒等)
[m15]   Ch.blks.L03                    PASS (与输入不同，非恒等)
[m15]   Ch.finite.L03                  PASS (bf16 有限：NaN/Inf 0/10240)
[m15]   Ch.nonid.L04                   PASS (与输入不同，非恒等)
[m15]   Ch.moe.L04                     PASS (与输入不同，非恒等)
[m15]   Ch.blks.L04                    PASS (与输入不同，非恒等)
[m15]   Ch.finite.L04                  PASS (bf16 有限：NaN/Inf 0/10240)
[m15]   Ch.nonid.L05                   PASS (与输入不同，非恒等)
[m15]   Ch.moe.L05                     PASS (与输入不同，非恒等)
[m15]   Ch.blks.L05                    PASS (与输入不同，非恒等)
[m15]   Ch.finite.L05                  PASS (bf16 有限：NaN/Inf 0/10240)
[m15]   Ch.nonid.L06                   PASS (与输入不同，非恒等)
[m15]   Ch.moe.L06                     PASS (与输入不同，非恒等)
[m15]   Ch.blks.L06                    PASS (与输入不同，非恒等)
[m15]   Ch.finite.L06                  PASS (bf16 有限：NaN/Inf 0/10240)
[m15]   Ch.nonid.L07                   PASS (与输入不同，非恒等)
[m15]   Ch.moe.L07                     PASS (与输入不同，非恒等)
[m15]   Ch.blks.L07                    PASS (与输入不同，非恒等)
[m15]   Ch.finite.L07                  PASS (bf16 有限：NaN/Inf 0/10240)
[m15]   Ch.nonid.L08                   PASS (与输入不同，非恒等)
[m15]   Ch.moe.L08                     PASS (与输入不同，非恒等)
[m15]   Ch.blks.L08                    PASS (与输入不同，非恒等)
[m15]   Ch.finite.L08                  PASS (bf16 有限：NaN/Inf 0/10240)
[m15]   Ch.nonid.L09                   PASS (与输入不同，非恒等)
[m15]   Ch.moe.L09                     PASS (与输入不同，非恒等)
[m15]   Ch.blks.L09                    PASS (与输入不同，非恒等)
[m15]   Ch.finite.L09                  PASS (bf16 有限：NaN/Inf 0/10240)
[m15]   Ch.nonid.L10                   PASS (与输入不同，非恒等)
[m15]   Ch.moe.L10                     PASS (与输入不同，非恒等)
[m15]   Ch.blks.L10                    PASS (与输入不同，非恒等)
[m15]   Ch.finite.L10                  PASS (bf16 有限：NaN/Inf 0/10240)
[m15]   Ch.nonid.L11                   PASS (与输入不同，非恒等)
[m15]   Ch.moe.L11                     PASS (与输入不同，非恒等)
[m15]   Ch.blks.L11                    PASS (与输入不同，非恒等)
[m15]   Ch.finite.L11                  PASS (bf16 有限：NaN/Inf 0/10240)
[m15]   Ch.nonid.L12                   PASS (与输入不同，非恒等)
[m15]   Ch.moe.L12                     PASS (与输入不同，非恒等)
[m15]   Ch.blks.L12                    PASS (与输入不同，非恒等)
[m15]   Ch.finite.L12                  PASS (bf16 有限：NaN/Inf 0/10240)
[m15]   Ch.nonid.L13                   PASS (与输入不同，非恒等)
[m15]   Ch.moe.L13                     PASS (与输入不同，非恒等)
[m15]   Ch.blks.L13                    PASS (与输入不同，非恒等)
[m15]   Ch.finite.L13                  PASS (bf16 有限：NaN/Inf 0/10240)
[m15]   Ch.nonid.L14                   PASS (与输入不同，非恒等)
[m15]   Ch.moe.L14                     PASS (与输入不同，非恒等)
[m15]   Ch.blks.L14                    PASS (与输入不同，非恒等)
[m15]   Ch.finite.L14                  PASS (bf16 有限：NaN/Inf 0/10240)
[m15]   Ch.nonid.L15                   PASS (与输入不同，非恒等)
[m15]   Ch.moe.L15                     PASS (与输入不同，非恒等)
[m15]   Ch.blks.L15                    PASS (与输入不同，非恒等)
[m15]   Ch.finite.L15                  PASS (bf16 有限：NaN/Inf 0/10240)
[m15]   Ch.nonid.L16                   PASS (与输入不同，非恒等)
[m15]   Ch.moe.L16                     PASS (与输入不同，非恒等)
[m15]   Ch.blks.L16                    PASS (与输入不同，非恒等)
[m15]   Ch.finite.L16                  PASS (bf16 有限：NaN/Inf 0/10240)
[m15]   Ch.nonid.L17                   PASS (与输入不同，非恒等)
[m15]   Ch.moe.L17                     PASS (与输入不同，非恒等)
[m15]   Ch.blks.L17                    PASS (与输入不同，非恒等)
[m15]   Ch.finite.L17                  PASS (bf16 有限：NaN/Inf 0/10240)
[m15]   Ch.nonid.L18                   PASS (与输入不同，非恒等)
[m15]   Ch.moe.L18                     PASS (与输入不同，非恒等)
[m15]   Ch.blks.L18                    PASS (与输入不同，非恒等)
[m15]   Ch.finite.L18                  PASS (bf16 有限：NaN/Inf 0/10240)
[m15]   Ch.nonid.L19                   PASS (与输入不同，非恒等)
[m15]   Ch.moe.L19                     PASS (与输入不同，非恒等)
[m15]   Ch.blks.L19                    PASS (与输入不同，非恒等)
[m15]   Ch.finite.L19                  PASS (bf16 有限：NaN/Inf 0/10240)
[m15]   Ch.nonid.L20                   PASS (与输入不同，非恒等)
[m15]   Ch.moe.L20                     PASS (与输入不同，非恒等)
[m15]   Ch.blks.L20                    PASS (与输入不同，非恒等)
[m15]   Ch.finite.L20                  PASS (bf16 有限：NaN/Inf 0/10240)
[m15]   Ch.nonid.L21                   PASS (与输入不同，非恒等)
[m15]   Ch.moe.L21                     PASS (与输入不同，非恒等)
[m15]   Ch.blks.L21                    PASS (与输入不同，非恒等)
[m15]   Ch.finite.L21                  PASS (bf16 有限：NaN/Inf 0/10240)
[m15]   Ch.nonid.L22                   PASS (与输入不同，非恒等)
[m15]   Ch.moe.L22                     PASS (与输入不同，非恒等)
[m15]   Ch.blks.L22                    PASS (与输入不同，非恒等)
[m15]   Ch.finite.L22                  PASS (bf16 有限：NaN/Inf 0/10240)
[m15]   Ch.nonid.L23                   PASS (与输入不同，非恒等)
[m15]   Ch.moe.L23                     PASS (与输入不同，非恒等)
[m15]   Ch.blks.L23                    PASS (与输入不同，非恒等)
[m15]   Ch.finite.L23                  PASS (bf16 有限：NaN/Inf 0/10240)
[m15]   Ch.nonid.L24                   PASS (与输入不同，非恒等)
[m15]   Ch.moe.L24                     PASS (与输入不同，非恒等)
[m15]   Ch.blks.L24                    PASS (与输入不同，非恒等)
[m15]   Ch.finite.L24                  PASS (bf16 有限：NaN/Inf 0/10240)
[m15]   Ch.nonid.L25                   PASS (与输入不同，非恒等)
[m15]   Ch.moe.L25                     PASS (与输入不同，非恒等)
[m15]   Ch.blks.L25                    PASS (与输入不同，非恒等)
[m15]   Ch.finite.L25                  PASS (bf16 有限：NaN/Inf 0/10240)
[m15]   Ch.nonid.L26                   PASS (与输入不同，非恒等)
[m15]   Ch.moe.L26                     PASS (与输入不同，非恒等)
[m15]   Ch.blks.L26                    PASS (与输入不同，非恒等)
[m15]   Ch.finite.L26                  PASS (bf16 有限：NaN/Inf 0/10240)
[m15]   Ch.nonid.L27                   PASS (与输入不同，非恒等)
[m15]   Ch.moe.L27                     PASS (与输入不同，非恒等)
[m15]   Ch.blks.L27                    PASS (与输入不同，非恒等)
[m15]   Ch.finite.L27                  PASS (bf16 有限：NaN/Inf 0/10240)
[m15]   Ch.nonid.L28                   PASS (与输入不同，非恒等)
[m15]   Ch.moe.L28                     PASS (与输入不同，非恒等)
[m15]   Ch.blks.L28                    PASS (与输入不同，非恒等)
[m15]   Ch.finite.L28                  PASS (bf16 有限：NaN/Inf 0/10240)
[m15]   Ch.nonid.L29                   PASS (与输入不同，非恒等)
[m15]   Ch.moe.L29                     PASS (与输入不同，非恒等)
[m15]   Ch.blks.L29                    PASS (与输入不同，非恒等)
[m15]   Ch.finite.L29                  PASS (bf16 有限：NaN/Inf 0/10240)
[m15]   Ch.nonid.L30                   PASS (与输入不同，非恒等)
[m15]   Ch.moe.L30                     PASS (与输入不同，非恒等)
[m15]   Ch.blks.L30                    PASS (与输入不同，非恒等)
[m15]   Ch.finite.L30                  PASS (bf16 有限：NaN/Inf 0/10240)
[m15]   Ch.nonid.L31                   PASS (与输入不同，非恒等)
[m15]   Ch.moe.L31                     PASS (与输入不同，非恒等)
[m15]   Ch.blks.L31                    PASS (与输入不同，非恒等)
[m15]   Ch.finite.L31                  PASS (bf16 有限：NaN/Inf 0/10240)
[m15]   Ch.nonid.L32                   PASS (与输入不同，非恒等)
[m15]   Ch.moe.L32                     PASS (与输入不同，非恒等)
[m15]   Ch.blks.L32                    PASS (与输入不同，非恒等)
[m15]   Ch.finite.L32                  PASS (bf16 有限：NaN/Inf 0/10240)
[m15]   Ch.nonid.L33                   PASS (与输入不同，非恒等)
[m15]   Ch.moe.L33                     PASS (与输入不同，非恒等)
[m15]   Ch.blks.L33                    PASS (与输入不同，非恒等)
[m15]   Ch.finite.L33                  PASS (bf16 有限：NaN/Inf 0/10240)
[m15]   Ch.nonid.L34                   PASS (与输入不同，非恒等)
[m15]   Ch.moe.L34                     PASS (与输入不同，非恒等)
[m15]   Ch.blks.L34                    PASS (与输入不同，非恒等)
[m15]   Ch.finite.L34                  PASS (bf16 有限：NaN/Inf 0/10240)
[m15]   Ch.nonid.L35                   PASS (与输入不同，非恒等)
[m15]   Ch.moe.L35                     PASS (与输入不同，非恒等)
[m15]   Ch.blks.L35                    PASS (与输入不同，非恒等)
[m15]   Ch.finite.L35                  PASS (bf16 有限：NaN/Inf 0/10240)
[m15]   Ch.nonid.L36                   PASS (与输入不同，非恒等)
[m15]   Ch.moe.L36                     PASS (与输入不同，非恒等)
[m15]   Ch.blks.L36                    PASS (与输入不同，非恒等)
[m15]   Ch.finite.L36                  PASS (bf16 有限：NaN/Inf 0/10240)
[m15]   Ch.nonid.L37                   PASS (与输入不同，非恒等)
[m15]   Ch.moe.L37                     PASS (与输入不同，非恒等)
[m15]   Ch.blks.L37                    PASS (与输入不同，非恒等)
[m15]   Ch.finite.L37                  PASS (bf16 有限：NaN/Inf 0/10240)
[m15]   Ch.nonid.L38                   PASS (与输入不同，非恒等)
[m15]   Ch.moe.L38                     PASS (与输入不同，非恒等)
[m15]   Ch.blks.L38                    PASS (与输入不同，非恒等)
[m15]   Ch.finite.L38                  PASS (bf16 有限：NaN/Inf 0/10240)
[m15]   Ch.nonid.L39                   PASS (与输入不同，非恒等)
[m15]   Ch.moe.L39                     PASS (与输入不同，非恒等)
[m15]   Ch.blks.L39                    PASS (与输入不同，非恒等)
[m15]   Ch.finite.L39                  PASS (bf16 有限：NaN/Inf 0/10240)
[m15]   Ch.nonid.L40                   PASS (与输入不同，非恒等)
[m15]   Ch.moe.L40                     PASS (与输入不同，非恒等)
[m15]   Ch.blks.L40                    PASS (与输入不同，非恒等)
[m15]   Ch.finite.L40                  PASS (bf16 有限：NaN/Inf 0/10240)
[m15]   Ch.nonid.L41                   PASS (与输入不同，非恒等)
[m15]   Ch.moe.L41                     PASS (与输入不同，非恒等)
[m15]   Ch.blks.L41                    PASS (与输入不同，非恒等)
[m15]   Ch.finite.L41                  PASS (bf16 有限：NaN/Inf 0/10240)
[m15]   Ch.nonid.L42                   PASS (与输入不同，非恒等)
[m15]   Ch.moe.L42                     PASS (与输入不同，非恒等)
[m15]   Ch.blks.L42                    PASS (与输入不同，非恒等)
[m15]   Ch.finite.L42                  PASS (bf16 有限：NaN/Inf 0/10240)
[m15]   Ch.nonid.L43                   PASS (与输入不同，非恒等)
[m15]   Ch.moe.L43                     PASS (与输入不同，非恒等)
[m15]   Ch.blks.L43                    PASS (与输入不同，非恒等)
[m15]   Ch.finite.L43                  PASS (bf16 有限：NaN/Inf 0/10240)
[m15]   Ch.nonid.L44                   PASS (与输入不同，非恒等)
[m15]   Ch.moe.L44                     PASS (与输入不同，非恒等)
[m15]   Ch.blks.L44                    PASS (与输入不同，非恒等)
[m15]   Ch.finite.L44                  PASS (bf16 有限：NaN/Inf 0/10240)
[m15]   Ch.nonid.L45                   PASS (与输入不同，非恒等)
[m15]   Ch.moe.L45                     PASS (与输入不同，非恒等)
[m15]   Ch.blks.L45                    PASS (与输入不同，非恒等)
[m15]   Ch.finite.L45                  PASS (bf16 有限：NaN/Inf 0/10240)
[m15]   Ch.nonid.L46                   PASS (与输入不同，非恒等)
[m15]   Ch.moe.L46                     PASS (与输入不同，非恒等)
[m15]   Ch.blks.L46                    PASS (与输入不同，非恒等)
[m15]   Ch.finite.L46                  PASS (bf16 有限：NaN/Inf 0/10240)
[m15]   Ch.nonid.L47                   PASS (与输入不同，非恒等)
[m15]   Ch.moe.L47                     PASS (与输入不同，非恒等)
[m15]   Ch.blks.L47                    PASS (与输入不同，非恒等)
[m15]   Ch.finite.L47                  PASS (bf16 有限：NaN/Inf 0/10240)
[m15]   Ch.gm.multi                    PASS (与输入不同，非恒等)
[m15]   Ch.gm.sample                   PASS (bf16 有限：NaN/Inf 0/2560)
[m15]   Ch.gm.sample_nonconst          PASS (非常量)
[m15]   Ch.fp.L00                      PASS (跨层三态指纹互异，n=25608 字节)
[m15]   Ch.fp.L01                      PASS (跨层三态指纹互异，n=25608 字节)
[m15]   Ch.fp.L02                      PASS (跨层三态指纹互异，n=25608 字节)
[m15]   Ch.fp.L03                      PASS (跨层三态指纹互异，n=25608 字节)
[m15]   Ch.fp.L04                      PASS (跨层三态指纹互异，n=25608 字节)
[m15]   Ch.fp.L05                      PASS (跨层三态指纹互异，n=25608 字节)
[m15]   Ch.fp.L06                      PASS (跨层三态指纹互异，n=25608 字节)
[m15]   Ch.fp.L07                      PASS (跨层三态指纹互异，n=25608 字节)
[m15]   Ch.fp.L08                      PASS (跨层三态指纹互异，n=25608 字节)
[m15]   Ch.fp.L09                      PASS (跨层三态指纹互异，n=25608 字节)
[m15]   Ch.fp.L10                      PASS (跨层三态指纹互异，n=25608 字节)
[m15]   Ch.fp.L11                      PASS (跨层三态指纹互异，n=25608 字节)
[m15]   Ch.fp.L12                      PASS (跨层三态指纹互异，n=25608 字节)
[m15]   Ch.fp.L13                      PASS (跨层三态指纹互异，n=25608 字节)
[m15]   Ch.fp.L14                      PASS (跨层三态指纹互异，n=25608 字节)
[m15]   Ch.fp.L15                      PASS (跨层三态指纹互异，n=25608 字节)
[m15]   Ch.fp.L16                      PASS (跨层三态指纹互异，n=25608 字节)
[m15]   Ch.fp.L17                      PASS (跨层三态指纹互异，n=25608 字节)
[m15]   Ch.fp.L18                      PASS (跨层三态指纹互异，n=25608 字节)
[m15]   Ch.fp.L19                      PASS (跨层三态指纹互异，n=25608 字节)
[m15]   Ch.fp.L20                      PASS (跨层三态指纹互异，n=25608 字节)
[m15]   Ch.fp.L21                      PASS (跨层三态指纹互异，n=25608 字节)
[m15]   Ch.fp.L22                      PASS (跨层三态指纹互异，n=25608 字节)
[m15]   Ch.fp.L23                      PASS (跨层三态指纹互异，n=25608 字节)
[m15]   Ch.fp.L24                      PASS (跨层三态指纹互异，n=25608 字节)
[m15]   Ch.fp.L25                      PASS (跨层三态指纹互异，n=25608 字节)
[m15]   Ch.fp.L26                      PASS (跨层三态指纹互异，n=25608 字节)
[m15]   Ch.fp.L27                      PASS (跨层三态指纹互异，n=25608 字节)
[m15]   Ch.fp.L28                      PASS (跨层三态指纹互异，n=25608 字节)
[m15]   Ch.fp.L29                      PASS (跨层三态指纹互异，n=25608 字节)
[m15]   Ch.fp.L30                      PASS (跨层三态指纹互异，n=25608 字节)
[m15]   Ch.fp.L31                      PASS (跨层三态指纹互异，n=25608 字节)
[m15]   Ch.fp.L32                      PASS (跨层三态指纹互异，n=25608 字节)
[m15]   Ch.fp.L33                      PASS (跨层三态指纹互异，n=25608 字节)
[m15]   Ch.fp.L34                      PASS (跨层三态指纹互异，n=25608 字节)
[m15]   Ch.fp.L35                      PASS (跨层三态指纹互异，n=25608 字节)
[m15]   Ch.fp.L36                      PASS (跨层三态指纹互异，n=25608 字节)
[m15]   Ch.fp.L37                      PASS (跨层三态指纹互异，n=25608 字节)
[m15]   Ch.fp.L38                      PASS (跨层三态指纹互异，n=25608 字节)
[m15]   Ch.fp.L39                      PASS (跨层三态指纹互异，n=25608 字节)
[m15]   Ch.fp.L40                      PASS (跨层三态指纹互异，n=25608 字节)
[m15]   Ch.fp.L41                      PASS (跨层三态指纹互异，n=25608 字节)
[m15]   Ch.fp.L42                      PASS (跨层三态指纹互异，n=25608 字节)
[m15]   Ch.fp.L43                      PASS (跨层三态指纹互异，n=25608 字节)
[m15]   Ch.fp.L44                      PASS (跨层三态指纹互异，n=25608 字节)
[m15]   Ch.fp.L45                      PASS (跨层三态指纹互异，n=25608 字节)
[m15]   Ch.fp.L46                      PASS (跨层三态指纹互异，n=25608 字节)
[m15]   Ch.fp.L47                      PASS (跨层三态指纹互异，n=25608 字节)
[m15]   ④ 与 M39 官方单层参考对拍需要 M15_DUMP=1（本次未落盘 ⇒ 该条为 SKIPPED，不计入判定项）
[m15] 验证 Ch：本段判定项 778 条 + guard 3 条（累计 checks 2012 / guards 160 / fails 0）

[m15] ===== 验证 Kv：attention 三套 cache + packed indices 的布局冻结（M82）=====
[m15]   权威来源：docs/14:616-627（三套 cache）、docs/15:528-531（paged 契约现在就定死）、docs/17:286（pos 4096 属开放组）、m19_qsa_indexer/README.md:90-123（行为）
[m15]   **基准交代**：本段判的是布局/寻址/门控契约；首期数值基准 = 自建稠密 causal 参考，**它不是官方行为**（官方 QSA 每 token 只 attend 约一半历史，docs/17:281）
[m15]   Kv.cap 独立复算（只用规范原始数字 16/2/256/4/140/2052/4097）：
[m15]     主 KV   : ceil(4097/16)=257 页 × 16384 B/页 = 4210688 B/层；×12 层 = 50528256 B
[m15]     compressed: 1028 行 × 256 B/行 = 263168 B/层（写入 1024 行 = 位置 3,7,…,4095）；×12 层 = 3158016 B
[m15]     raw ring : 128×2 + 24 = 280 B/行 × 4 行 = 1120 B/层；×12 层 = 13440 B
[m15]     packed   : 4097 行 × 2052 列 × 4 B = 33628176 B（**层间复用一块**）
[m15]     decode(1,ctx=4096)：主 KV 256 页 = 4194304 B/层；compressed 1024 行 = 262144 B/层
[m15]   Kv.align 判据：主 KV 页 16,384 / 页内 token 步长 512 / head 平面 8,192 / compressed 行 256 —— 均 32 B 整数倍；**raw ring 单行 280 B ≡ 24 (mod 32)**、**packed 单行 8,208 B ≡ 16 (mod 32)** ⇒ 单行传输只能走 DataCopyPad（实跑见证见 Kv.ring.row.* / Kv.pack.rows.*）
[m15]   Kv.cap.rt.main                 PASS (逐字节一致, n=192)
[m15]   Kv.cap.rt.comp                 PASS (逐字节一致, n=192)
[m15]   Kv.cap.rt.ring                 PASS (逐字节一致, n=192)
[m15]   Kv.cap.rt.pack                 PASS (逐字节一致, n=16)
[m15]   Kv.cap.rt 标记 round-trip：74 个位置（12 层主 KV 的槽首/槽尾 24 + compressed 24 + ring 24 + packed 2）= 「第 k 槽可寻址且不被第 k+1 槽的写踩掉」
[m15]   Kv.kv.paged.L0                 PASS (逐字节一致, n=1024)
[m15]   Kv.ring.row.L0                 PASS (逐字节一致, n=280)
[m15]   Kv.comp.L0                     PASS (逐字节一致, n=256)
[m15]   Kv.pack.rows.L0                PASS (逐字节一致, n=16416)
[m15]   Kv.flag.L0                     PASS (gate=0 g=0 slot=0 mode=0)
[m15]   Kv.kv.paged.L1                 PASS (逐字节一致, n=1024)
[m15]   Kv.ring.row.L1                 PASS (逐字节一致, n=280)
[m15]   Kv.comp.L1                     PASS (逐字节一致, n=256)
[m15]   Kv.pack.rows.L1                PASS (逐字节一致, n=16416)
[m15]   Kv.flag.L1                     PASS (gate=0 g=0 slot=1 mode=0)
[m15]   Kv.kv.paged.L2                 PASS (逐字节一致, n=1024)
[m15]   Kv.ring.row.L2                 PASS (逐字节一致, n=280)
[m15]   Kv.comp.L2                     PASS (逐字节一致, n=256)
[m15]   Kv.pack.rows.L2                PASS (逐字节一致, n=16416)
[m15]   Kv.flag.L2                     PASS (gate=0 g=0 slot=2 mode=0)
[m15]   Kv.kv.paged.L3                 PASS (逐字节一致, n=1024)
[m15]   Kv.ring.row.L3                 PASS (逐字节一致, n=280)
[m15]   Kv.comp.L3                     PASS (逐字节一致, n=256)
[m15]   Kv.pack.rows.L3                PASS (逐字节一致, n=16416)
[m15]   Kv.flag.L3                     PASS (gate=1 g=0 slot=3 mode=0)
[m15]   Kv.kv.paged.L4                 PASS (逐字节一致, n=1024)
[m15]   Kv.ring.row.L4                 PASS (逐字节一致, n=280)
[m15]   Kv.comp.L4                     PASS (逐字节一致, n=256)
[m15]   Kv.pack.rows.L4                PASS (逐字节一致, n=16416)
[m15]   Kv.flag.L4                     PASS (gate=0 g=1 slot=0 mode=0)
[m15]   Kv.kv.paged.L7                 PASS (逐字节一致, n=1024)
[m15]   Kv.ring.row.L7                 PASS (逐字节一致, n=280)
[m15]   Kv.comp.L7                     PASS (逐字节一致, n=256)
[m15]   Kv.pack.rows.L7                PASS (逐字节一致, n=16416)
[m15]   Kv.flag.L7                     PASS (gate=1 g=1 slot=3 mode=0)
[m15]   Kv.kv.paged.L17                PASS (逐字节一致, n=1024)
[m15]   Kv.ring.row.L17                PASS (逐字节一致, n=280)
[m15]   Kv.comp.L17                    PASS (逐字节一致, n=256)
[m15]   Kv.pack.rows.L17               PASS (逐字节一致, n=16416)
[m15]   Kv.flag.L17                    PASS (gate=0 g=4 slot=1 mode=0)
[m15]   Kv.kv.paged.L300               PASS (逐字节一致, n=1024)
[m15]   Kv.ring.row.L300               PASS (逐字节一致, n=280)
[m15]   Kv.comp.L300                   PASS (逐字节一致, n=256)
[m15]   Kv.pack.rows.L300              PASS (逐字节一致, n=16416)
[m15]   Kv.flag.L300                   PASS (gate=0 g=75 slot=0 mode=0)
[m15]   Kv.kv.paged.L4095              PASS (逐字节一致, n=1024)
[m15]   Kv.ring.row.L4095              PASS (逐字节一致, n=280)
[m15]   Kv.comp.L4095                  PASS (逐字节一致, n=256)
[m15]   Kv.pack.rows.L4095             PASS (逐字节一致, n=16416)
[m15]   Kv.flag.L4095                  PASS (gate=1 g=1023 slot=3 mode=0)
[m15]   Kv.kv.paged.L4096              PASS (逐字节一致, n=1024)
[m15]   Kv.ring.row.L4096              PASS (逐字节一致, n=280)
[m15]   Kv.comp.L4096                  PASS (逐字节一致, n=256)
[m15]   Kv.pack.rows.L4096             PASS (逐字节一致, n=16416)
[m15]   Kv.flag.L4096                  PASS (gate=0 g=1024 slot=0 mode=0)
[m15]   Kv.neg.offbyone.L4096        PASS（契约档判据 成立；注入档（pos 4096 也写压缩行）同一判据 被打破 ⇒ 判据对 off-by-one 有判别力）
[m15]   Kv.lay.headsplit               PASS (与输入不同，非恒等)
[m15]   Kv.neg.paged                   PASS (与输入不同，非恒等)
[m15]   覆盖交代：本段**不覆盖** ① 压缩行的内容（4 个 raw k 的均值 → GemmaRMSNorm → RoPE@组首）—— attention prolog **未实现**；② 主 KV 的 KV 向量本身（v_proj 输出）—— 同上；③ 打分/topk/expand 与 packed 的**选择语义**（本段只判 packed 行的字节布局/行距）。
[m15]   未决交代：raw ring 行宽 140 是**带时点的设计决定**（默认按规范宽，见 m15_attn_kv.h 的 D1）；「serving 栈是否逐字节要求 3 个 MRoPE 位置尾」未取证。
[m15] 验证 Kv：本段判定项 56 条 + guard 130 条（累计 checks 2068 / guards 290 / fails 0）

[m15] 判据分账：权重来源 84（GDN+MoE）+ 48（hc）+ A 216 + B 506 + C 3 + M1 348 + M2 8 + H 21 + Ch 778 + Kv 56 = 2068 条判定项（聚合判据按 1 条计；口径见 README §3/§3.7）
[m15]   ④ 与 M39 官方单层参考对拍的判据**不在这个数里**：它在 `check_chain_ref.py`（torch，独立三态退出码与计数），由本程序的 dump 驱动；运行方式见 README。
[m15] guard：290 条（恒真前置断言，**不计入判定项**）：sha256 工具自检 1 + hc 注入行 [4,16) 全零 48 + 参考链锚点非空 108 + M65 链 3 + 其余 130
[m15] ===== ALL PASS（checks=2068, guards=290, fails=0）=====
