Device_id,Model ID,Task ID,Stream ID,Op Name,OP Type,OP State,Task Type,Task Start Time(us),Task Duration(us),Task Wait Time(us),Block Num,Mix Block Num,HF32 Eligible,Input Shapes,Input Data Types,Input Formats,Output Shapes,Output Data Types,Output Formats,Context ID,aicore_time(us),aic_total_cycles,aic_mac_time(us),aic_mac_ratio,aic_scalar_time(us),aic_scalar_ratio,aic_mte1_time(us),aic_mte1_ratio,aic_mte2_time(us),aic_mte2_ratio,aic_mte3_time(us),aic_mte3_ratio,aic_fixpipe_time(us),aic_fixpipe_ratio,aic_icache_miss_rate,aiv_time(us),aiv_total_cycles,aiv_vec_time(us),aiv_vec_ratio,aiv_scalar_time(us),aiv_scalar_ratio,aiv_mte2_time(us),aiv_mte2_ratio,aiv_mte3_time(us),aiv_mte3_ratio,aiv_icache_miss_rate,cube_utilization(%)
0,4294967295,3,61,_ZN4M15L23m15_layer_kernel_gdn_hcEPhS0_S0_S0_S0_S0_S0_S0_S0_S0_S0_S0_S0_S0_S0_S0_S0_S0_S0_S0_S0_S0_S0_S0_S0_S0_S0_S0_S0_S0_S0_S0_S0_S0_S0_S0_S0_S0_S0_S0_S0_S0_jjjjjj,_ZN4M15L23m15_layer_kernel_gdn_hcEPhS0_S0_S0_S0_S0_S0_S0_S0_S0_S0_S0_S0_S0_S0_S0_S0_S0_S0_S0_S0_S0_S0_S0_S0_S0_S0_S0_S0_S0_S0_S0_S0_S0_S0_S0_S0_S0_S0_S0_S0_S0_jjjjjj,dynamic,MIX_AIC,1790435068883006.494	,351.802,0,28,56,NO,N/A,N/A,N/A,N/A,N/A,N/A,N/A,350.97,16085686,21.541,0.061,12.489,0.036,21.089,0.06,125.868,0.359,0.001,0.0,3.694,0.011,0.008,350.99,32316025,2.271,0.006,4.921,0.014,12.563,0.036,3.607,0.01,0.136,98.969
0,4294967295,4,61,_ZN4M15L23m15_layer_kernel_gdn_hcEPhS0_S0_S0_S0_S0_S0_S0_S0_S0_S0_S0_S0_S0_S0_S0_S0_S0_S0_S0_S0_S0_S0_S0_S0_S0_S0_S0_S0_S0_S0_S0_S0_S0_S0_S0_S0_S0_S0_S0_S0_S0_jjjjjj,_ZN4M15L23m15_layer_kernel_gdn_hcEPhS0_S0_S0_S0_S0_S0_S0_S0_S0_S0_S0_S0_S0_S0_S0_S0_S0_S0_S0_S0_S0_S0_S0_S0_S0_S0_S0_S0_S0_S0_S0_S0_S0_S0_S0_S0_S0_S0_S0_S0_S0_jjjjjj,dynamic,MIX_AIC,1790435068884215.103	,356.012,856.698000,28,56,NO,N/A,N/A,N/A,N/A,N/A,N/A,N/A,355.69,16310259,21.503,0.06,11.878,0.033,21.196,0.06,128.857,0.362,0.001,0.0,3.492,0.01,0.0,355.72,32741316,2.523,0.007,5.464,0.015,13.154,0.037,6.589,0.019,0.084,99.164
0,4294967295,5,61,_ZN4M15L23m15_layer_kernel_gdn_hcEPhS0_S0_S0_S0_S0_S0_S0_S0_S0_S0_S0_S0_S0_S0_S0_S0_S0_S0_S0_S0_S0_S0_S0_S0_S0_S0_S0_S0_S0_S0_S0_S0_S0_S0_S0_S0_S0_S0_S0_S0_S0_jjjjjj,_ZN4M15L23m15_layer_kernel_gdn_hcEPhS0_S0_S0_S0_S0_S0_S0_S0_S0_S0_S0_S0_S0_S0_S0_S0_S0_S0_S0_S0_S0_S0_S0_S0_S0_S0_S0_S0_S0_S0_S0_S0_S0_S0_S0_S0_S0_S0_S0_S0_S0_jjjjjj,dynamic,MIX_AIC,1790435068885113.375	,358.046,542.488000,28,56,NO,N/A,N/A,N/A,N/A,N/A,N/A,N/A,357.68,16407998,21.531,0.06,11.24,0.031,21.176,0.059,133.665,0.374,0.001,0.0,3.584,0.01,0.001,357.7,32951893,2.533,0.007,4.483,0.013,13.479,0.038,6.618,0.019,0.087,99.192
0,4294967295,6,61,_ZN4M15L24m15_layer_kernel_attn_hcEPhS0_S0_S0_S0_S0_S0_S0_S0_S0_S0_S0_S0_S0_S0_S0_S0_S0_S0_S0_S0_S0_S0_S0_S0_S0_S0_S0_S0_S0_S0_S0_S0_S0_S0_S0_S0_S0_S0_S0_S0_S0_jjjjjj,_ZN4M15L24m15_layer_kernel_attn_hcEPhS0_S0_S0_S0_S0_S0_S0_S0_S0_S0_S0_S0_S0_S0_S0_S0_S0_S0_S0_S0_S0_S0_S0_S0_S0_S0_S0_S0_S0_S0_S0_S0_S0_S0_S0_S0_S0_S0_S0_S0_S0_jjjjjj,dynamic,MIX_AIC,1790435068885996.702	,214.846,525.204000,28,56,NO,N/A,N/A,N/A,N/A,N/A,N/A,N/A,214.48,9757595,5.675,0.026,7.135,0.033,5.761,0.027,31.214,0.146,0.001,0.0,1.977,0.009,0.009,214.5,19728030,0.977,0.005,5.768,0.027,7.5,0.035,5.454,0.025,0.102,98.305
0,4294967295,7,61,_ZN4M15L23m15_layer_kernel_gdn_hcEPhS0_S0_S0_S0_S0_S0_S0_S0_S0_S0_S0_S0_S0_S0_S0_S0_S0_S0_S0_S0_S0_S0_S0_S0_S0_S0_S0_S0_S0_S0_S0_S0_S0_S0_S0_S0_S0_S0_S0_S0_S0_jjjjjj,_ZN4M15L23m15_layer_kernel_gdn_hcEPhS0_S0_S0_S0_S0_S0_S0_S0_S0_S0_S0_S0_S0_S0_S0_S0_S0_S0_S0_S0_S0_S0_S0_S0_S0_S0_S0_S0_S0_S0_S0_S0_S0_S0_S0_S0_S0_S0_S0_S0_S0_jjjjjj,dynamic,MIX_AIC,1790435068886734.922	,356.395,523.404000,28,56,NO,N/A,N/A,N/A,N/A,N/A,N/A,N/A,356.07,16341200,21.497,0.06,11.404,0.032,21.051,0.059,129.562,0.364,0.001,0.0,3.511,0.01,0.0,356.1,32810000,2.522,0.007,5.217,0.015,12.973,0.036,6.901,0.019,0.111,99.245
0,4294967295,8,61,_ZN4M15L23m15_layer_kernel_gdn_hcEPhS0_S0_S0_S0_S0_S0_S0_S0_S0_S0_S0_S0_S0_S0_S0_S0_S0_S0_S0_S0_S0_S0_S0_S0_S0_S0_S0_S0_S0_S0_S0_S0_S0_S0_S0_S0_S0_S0_S0_S0_S0_jjjjjj,_ZN4M15L23m15_layer_kernel_gdn_hcEPhS0_S0_S0_S0_S0_S0_S0_S0_S0_S0_S0_S0_S0_S0_S0_S0_S0_S0_S0_S0_S0_S0_S0_S0_S0_S0_S0_S0_S0_S0_S0_S0_S0_S0_S0_S0_S0_S0_S0_S0_S0_jjjjjj,dynamic,MIX_AIC,1790435068887615.663	,356.734,524.355000,28,56,NO,N/A,N/A,N/A,N/A,N/A,N/A,N/A,356.41,16346211,21.489,0.06,11.265,0.032,21.163,0.059,132.035,0.37,0.001,0.0,3.48,0.01,0.0,356.44,32834003,2.532,0.007,5.024,0.014,13.473,0.038,6.627,0.019,0.088,99.181
0,4294967295,9,61,_ZN4M15L23m15_layer_kernel_gdn_hcEPhS0_S0_S0_S0_S0_S0_S0_S0_S0_S0_S0_S0_S0_S0_S0_S0_S0_S0_S0_S0_S0_S0_S0_S0_S0_S0_S0_S0_S0_S0_S0_S0_S0_S0_S0_S0_S0_S0_S0_S0_S0_jjjjjj,_ZN4M15L23m15_layer_kernel_gdn_hcEPhS0_S0_S0_S0_S0_S0_S0_S0_S0_S0_S0_S0_S0_S0_S0_S0_S0_S0_S0_S0_S0_S0_S0_S0_S0_S0_S0_S0_S0_S0_S0_S0_S0_S0_S0_S0_S0_S0_S0_S0_S0_jjjjjj,dynamic,MIX_AIC,1790435068888516.645	,364.120,544.266000,28,56,NO,N/A,N/A,N/A,N/A,N/A,N/A,N/A,363.74,16692140,21.469,0.059,11.872,0.033,21.245,0.058,136.526,0.375,0.001,0.0,3.518,0.01,0.0,363.76,33511529,2.522,0.007,5.099,0.014,14.004,0.038,7.094,0.02,0.086,99.226
0,4294967295,10,61,_ZN4M15L24m15_layer_kernel_attn_hcEPhS0_S0_S0_S0_S0_S0_S0_S0_S0_S0_S0_S0_S0_S0_S0_S0_S0_S0_S0_S0_S0_S0_S0_S0_S0_S0_S0_S0_S0_S0_S0_S0_S0_S0_S0_S0_S0_S0_S0_S0_S0_jjjjjj,_ZN4M15L24m15_layer_kernel_attn_hcEPhS0_S0_S0_S0_S0_S0_S0_S0_S0_S0_S0_S0_S0_S0_S0_S0_S0_S0_S0_S0_S0_S0_S0_S0_S0_S0_S0_S0_S0_S0_S0_S0_S0_S0_S0_S0_S0_S0_S0_S0_S0_jjjjjj,dynamic,MIX_AIC,1790435068889407.048	,212.247,526.130000,28,56,NO,N/A,N/A,N/A,N/A,N/A,N/A,N/A,211.86,9654224,5.648,0.027,6.756,0.032,5.738,0.027,31.206,0.147,0.001,0.0,2.04,0.01,0.0,211.89,19488370,0.976,0.005,5.474,0.026,7.416,0.035,5.244,0.025,0.103,98.454
0,4294967295,11,61,_ZN4M15L23m15_layer_kernel_gdn_hcEPhS0_S0_S0_S0_S0_S0_S0_S0_S0_S0_S0_S0_S0_S0_S0_S0_S0_S0_S0_S0_S0_S0_S0_S0_S0_S0_S0_S0_S0_S0_S0_S0_S0_S0_S0_S0_S0_S0_S0_S0_S0_jjjjjj,_ZN4M15L23m15_layer_kernel_gdn_hcEPhS0_S0_S0_S0_S0_S0_S0_S0_S0_S0_S0_S0_S0_S0_S0_S0_S0_S0_S0_S0_S0_S0_S0_S0_S0_S0_S0_S0_S0_S0_S0_S0_S0_S0_S0_S0_S0_S0_S0_S0_S0_jjjjjj,dynamic,MIX_AIC,1790435068890139.797	,358.396,520.503000,28,56,NO,N/A,N/A,N/A,N/A,N/A,N/A,N/A,358.09,16423270,21.544,0.06,12.112,0.034,21.174,0.059,129.976,0.363,0.001,0.0,3.398,0.009,0.0,358.11,32982376,2.529,0.007,5.845,0.016,13.652,0.038,6.591,0.018,0.111,99.187
0,4294967295,12,61,_ZN4M15L23m15_layer_kernel_gdn_hcEPhS0_S0_S0_S0_S0_S0_S0_S0_S0_S0_S0_S0_S0_S0_S0_S0_S0_S0_S0_S0_S0_S0_S0_S0_S0_S0_S0_S0_S0_S0_S0_S0_S0_S0_S0_S0_S0_S0_S0_S0_S0_jjjjjj,_ZN4M15L23m15_layer_kernel_gdn_hcEPhS0_S0_S0_S0_S0_S0_S0_S0_S0_S0_S0_S0_S0_S0_S0_S0_S0_S0_S0_S0_S0_S0_S0_S0_S0_S0_S0_S0_S0_S0_S0_S0_S0_S0_S0_S0_S0_S0_S0_S0_S0_jjjjjj,dynamic,MIX_AIC,1790435068891015.295	,354.386,517.104000,28,56,NO,N/A,N/A,N/A,N/A,N/A,N/A,N/A,354.08,16253321,21.477,0.061,11.693,0.033,21.164,0.06,129.332,0.365,0.001,0.0,3.299,0.009,0.0,354.1,32619410,2.521,0.007,5.358,0.015,13.197,0.037,6.246,0.018,0.088,99.271
0,4294967295,13,61,_ZN4M15L23m15_layer_kernel_gdn_hcEPhS0_S0_S0_S0_S0_S0_S0_S0_S0_S0_S0_S0_S0_S0_S0_S0_S0_S0_S0_S0_S0_S0_S0_S0_S0_S0_S0_S0_S0_S0_S0_S0_S0_S0_S0_S0_S0_S0_S0_S0_S0_jjjjjj,_ZN4M15L23m15_layer_kernel_gdn_hcEPhS0_S0_S0_S0_S0_S0_S0_S0_S0_S0_S0_S0_S0_S0_S0_S0_S0_S0_S0_S0_S0_S0_S0_S0_S0_S0_S0_S0_S0_S0_S0_S0_S0_S0_S0_S0_S0_S0_S0_S0_S0_jjjjjj,dynamic,MIX_AIC,1790435068891884.292	,360.201,514.614000,28,56,NO,N/A,N/A,N/A,N/A,N/A,N/A,N/A,359.82,16506534,21.498,0.06,12.001,0.033,21.216,0.059,133.438,0.371,0.001,0.0,3.525,0.01,0.0,359.85,33138557,2.531,0.007,5.566,0.015,13.314,0.037,6.708,0.019,0.087,99.190
0,4294967295,14,61,_ZN4M15L24m15_layer_kernel_attn_hcEPhS0_S0_S0_S0_S0_S0_S0_S0_S0_S0_S0_S0_S0_S0_S0_S0_S0_S0_S0_S0_S0_S0_S0_S0_S0_S0_S0_S0_S0_S0_S0_S0_S0_S0_S0_S0_S0_S0_S0_S0_S0_jjjjjj,_ZN4M15L24m15_layer_kernel_attn_hcEPhS0_S0_S0_S0_S0_S0_S0_S0_S0_S0_S0_S0_S0_S0_S0_S0_S0_S0_S0_S0_S0_S0_S0_S0_S0_S0_S0_S0_S0_S0_S0_S0_S0_S0_S0_S0_S0_S0_S0_S0_S0_jjjjjj,dynamic,MIX_AIC,1790435068892760.985	,214.550,516.549000,28,56,NO,N/A,N/A,N/A,N/A,N/A,N/A,N/A,214.17,9752410,5.625,0.026,6.588,0.031,5.759,0.027,31.221,0.146,0.001,0.0,1.987,0.009,0.0,214.19,19699059,0.977,0.005,5.322,0.025,8.16,0.038,5.41,0.025,0.103,98.388
0,4294967295,15,61,_ZN4M15L23m15_layer_kernel_gdn_hcEPhS0_S0_S0_S0_S0_S0_S0_S0_S0_S0_S0_S0_S0_S0_S0_S0_S0_S0_S0_S0_S0_S0_S0_S0_S0_S0_S0_S0_S0_S0_S0_S0_S0_S0_S0_S0_S0_S0_S0_S0_S0_jjjjjj,_ZN4M15L23m15_layer_kernel_gdn_hcEPhS0_S0_S0_S0_S0_S0_S0_S0_S0_S0_S0_S0_S0_S0_S0_S0_S0_S0_S0_S0_S0_S0_S0_S0_S0_S0_S0_S0_S0_S0_S0_S0_S0_S0_S0_S0_S0_S0_S0_S0_S0_jjjjjj,dynamic,MIX_AIC,1790435068893496.986	,351.968,521.450000,28,56,NO,N/A,N/A,N/A,N/A,N/A,N/A,N/A,351.66,16137405,21.516,0.061,11.757,0.033,20.997,0.06,125.356,0.356,0.001,0.0,3.488,0.01,0.0,351.68,32401007,2.527,0.007,5.351,0.015,13.529,0.038,6.63,0.019,0.111,99.240
0,4294967295,16,61,_ZN4M15L23m15_layer_kernel_gdn_hcEPhS0_S0_S0_S0_S0_S0_S0_S0_S0_S0_S0_S0_S0_S0_S0_S0_S0_S0_S0_S0_S0_S0_S0_S0_S0_S0_S0_S0_S0_S0_S0_S0_S0_S0_S0_S0_S0_S0_S0_S0_S0_jjjjjj,_ZN4M15L23m15_layer_kernel_gdn_hcEPhS0_S0_S0_S0_S0_S0_S0_S0_S0_S0_S0_S0_S0_S0_S0_S0_S0_S0_S0_S0_S0_S0_S0_S0_S0_S0_S0_S0_S0_S0_S0_S0_S0_S0_S0_S0_S0_S0_S0_S0_S0_jjjjjj,dynamic,MIX_AIC,1790435068894363.905	,358.769,515.032000,28,56,NO,N/A,N/A,N/A,N/A,N/A,N/A,N/A,358.46,16454295,21.514,0.06,11.567,0.032,21.168,0.059,134.053,0.374,0.001,0.0,3.536,0.01,0.0,358.48,33022483,2.531,0.007,5.279,0.015,13.851,0.039,6.091,0.017,0.088,99.271
0,4294967295,17,61,_ZN4M15L23m15_layer_kernel_gdn_hcEPhS0_S0_S0_S0_S0_S0_S0_S0_S0_S0_S0_S0_S0_S0_S0_S0_S0_S0_S0_S0_S0_S0_S0_S0_S0_S0_S0_S0_S0_S0_S0_S0_S0_S0_S0_S0_S0_S0_S0_S0_S0_jjjjjj,_ZN4M15L23m15_layer_kernel_gdn_hcEPhS0_S0_S0_S0_S0_S0_S0_S0_S0_S0_S0_S0_S0_S0_S0_S0_S0_S0_S0_S0_S0_S0_S0_S0_S0_S0_S0_S0_S0_S0_S0_S0_S0_S0_S0_S0_S0_S0_S0_S0_S0_jjjjjj,dynamic,MIX_AIC,1790435068895244.093	,351.552,521.231000,28,56,NO,N/A,N/A,N/A,N/A,N/A,N/A,N/A,351.15,16106135,21.552,0.061,11.401,0.032,21.046,0.06,127.617,0.363,0.001,0.0,3.45,0.01,0.0,351.18,32348759,2.524,0.007,5.16,0.015,13.204,0.038,7.056,0.02,0.087,99.165
0,4294967295,18,61,_ZN4M15L24m15_layer_kernel_attn_hcEPhS0_S0_S0_S0_S0_S0_S0_S0_S0_S0_S0_S0_S0_S0_S0_S0_S0_S0_S0_S0_S0_S0_S0_S0_S0_S0_S0_S0_S0_S0_S0_S0_S0_S0_S0_S0_S0_S0_S0_S0_S0_jjjjjj,_ZN4M15L24m15_layer_kernel_attn_hcEPhS0_S0_S0_S0_S0_S0_S0_S0_S0_S0_S0_S0_S0_S0_S0_S0_S0_S0_S0_S0_S0_S0_S0_S0_S0_S0_S0_S0_S0_S0_S0_S0_S0_S0_S0_S0_S0_S0_S0_S0_S0_jjjjjj,dynamic,MIX_AIC,1790435068896109.938	,213.097,514.448000,28,56,NO,N/A,N/A,N/A,N/A,N/A,N/A,N/A,212.7,9687486,5.659,0.027,7.007,0.033,5.728,0.027,31.927,0.15,0.001,0.0,2.172,0.01,0.0,212.72,19564936,0.976,0.005,5.586,0.026,7.244,0.034,4.43,0.021,0.103,98.399
0,4294967295,19,61,_ZN4M15L23m15_layer_kernel_gdn_hcEPhS0_S0_S0_S0_S0_S0_S0_S0_S0_S0_S0_S0_S0_S0_S0_S0_S0_S0_S0_S0_S0_S0_S0_S0_S0_S0_S0_S0_S0_S0_S0_S0_S0_S0_S0_S0_S0_S0_S0_S0_S0_jjjjjj,_ZN4M15L23m15_layer_kernel_gdn_hcEPhS0_S0_S0_S0_S0_S0_S0_S0_S0_S0_S0_S0_S0_S0_S0_S0_S0_S0_S0_S0_S0_S0_S0_S0_S0_S0_S0_S0_S0_S0_S0_S0_S0_S0_S0_S0_S0_S0_S0_S0_S0_jjjjjj,dynamic,MIX_AIC,1790435068896841.898	,358.364,518.903000,28,56,NO,N/A,N/A,N/A,N/A,N/A,N/A,N/A,357.9,16418036,21.489,0.06,11.478,0.032,21.154,0.059,132.168,0.369,0.001,0.0,3.609,0.01,0.0,357.93,32971573,2.531,0.007,5.201,0.015,13.221,0.037,6.805,0.019,0.111,99.164
0,4294967295,20,61,_ZN4M15L23m15_layer_kernel_gdn_hcEPhS0_S0_S0_S0_S0_S0_S0_S0_S0_S0_S0_S0_S0_S0_S0_S0_S0_S0_S0_S0_S0_S0_S0_S0_S0_S0_S0_S0_S0_S0_S0_S0_S0_S0_S0_S0_S0_S0_S0_S0_S0_jjjjjj,_ZN4M15L23m15_layer_kernel_gdn_hcEPhS0_S0_S0_S0_S0_S0_S0_S0_S0_S0_S0_S0_S0_S0_S0_S0_S0_S0_S0_S0_S0_S0_S0_S0_S0_S0_S0_S0_S0_S0_S0_S0_S0_S0_S0_S0_S0_S0_S0_S0_S0_jjjjjj,dynamic,MIX_AIC,1790435068897714.227	,356.552,513.886000,28,56,NO,N/A,N/A,N/A,N/A,N/A,N/A,N/A,356.21,16342756,21.54,0.06,11.386,0.032,21.237,0.06,130.114,0.365,0.001,0.0,3.508,0.01,0.0,356.24,32824470,2.527,0.007,5.099,0.014,13.184,0.037,6.906,0.019,0.087,99.211
0,4294967295,21,61,_ZN4M15L23m15_layer_kernel_gdn_hcEPhS0_S0_S0_S0_S0_S0_S0_S0_S0_S0_S0_S0_S0_S0_S0_S0_S0_S0_S0_S0_S0_S0_S0_S0_S0_S0_S0_S0_S0_S0_S0_S0_S0_S0_S0_S0_S0_S0_S0_S0_S0_jjjjjj,_ZN4M15L23m15_layer_kernel_gdn_hcEPhS0_S0_S0_S0_S0_S0_S0_S0_S0_S0_S0_S0_S0_S0_S0_S0_S0_S0_S0_S0_S0_S0_S0_S0_S0_S0_S0_S0_S0_S0_S0_S0_S0_S0_S0_S0_S0_S0_S0_S0_S0_jjjjjj,dynamic,MIX_AIC,1790435068898591.854	,351.032,520.948000,28,56,NO,N/A,N/A,N/A,N/A,N/A,N/A,N/A,350.69,16085526,21.487,0.061,11.757,0.034,21.009,0.06,126.459,0.361,0.001,0.0,3.583,0.01,0.0,350.72,32306611,2.534,0.007,5.568,0.016,13.289,0.038,6.29,0.018,0.087,99.185
0,4294967295,22,61,_ZN4M15L24m15_layer_kernel_attn_hcEPhS0_S0_S0_S0_S0_S0_S0_S0_S0_S0_S0_S0_S0_S0_S0_S0_S0_S0_S0_S0_S0_S0_S0_S0_S0_S0_S0_S0_S0_S0_S0_S0_S0_S0_S0_S0_S0_S0_S0_S0_S0_jjjjjj,_ZN4M15L24m15_layer_kernel_attn_hcEPhS0_S0_S0_S0_S0_S0_S0_S0_S0_S0_S0_S0_S0_S0_S0_S0_S0_S0_S0_S0_S0_S0_S0_S0_S0_S0_S0_S0_S0_S0_S0_S0_S0_S0_S0_S0_S0_S0_S0_S0_S0_jjjjjj,dynamic,MIX_AIC,1790435068899458.659	,213.356,515.968000,28,56,NO,N/A,N/A,N/A,N/A,N/A,N/A,N/A,213.02,9702247,5.647,0.027,6.908,0.032,5.739,0.027,31.852,0.15,0.001,0.0,2.259,0.011,0.0,213.04,19595366,0.977,0.005,5.461,0.026,7.205,0.034,5.024,0.024,0.103,98.430
0,4294967295,23,61,_ZN4M15L23m15_layer_kernel_gdn_hcEPhS0_S0_S0_S0_S0_S0_S0_S0_S0_S0_S0_S0_S0_S0_S0_S0_S0_S0_S0_S0_S0_S0_S0_S0_S0_S0_S0_S0_S0_S0_S0_S0_S0_S0_S0_S0_S0_S0_S0_S0_S0_jjjjjj,_ZN4M15L23m15_layer_kernel_gdn_hcEPhS0_S0_S0_S0_S0_S0_S0_S0_S0_S0_S0_S0_S0_S0_S0_S0_S0_S0_S0_S0_S0_S0_S0_S0_S0_S0_S0_S0_S0_S0_S0_S0_S0_S0_S0_S0_S0_S0_S0_S0_S0_jjjjjj,dynamic,MIX_AIC,1790435068900181.288	,355.609,509.144000,28,56,NO,N/A,N/A,N/A,N/A,N/A,N/A,N/A,355.26,16294790,21.5,0.061,11.26,0.032,21.16,0.06,128.194,0.361,0.001,0.0,3.564,0.01,0.0,355.29,32731858,2.527,0.007,4.939,0.014,13.692,0.039,6.784,0.019,0.11,99.182
0,4294967295,24,61,_ZN4M15L23m15_layer_kernel_gdn_hcEPhS0_S0_S0_S0_S0_S0_S0_S0_S0_S0_S0_S0_S0_S0_S0_S0_S0_S0_S0_S0_S0_S0_S0_S0_S0_S0_S0_S0_S0_S0_S0_S0_S0_S0_S0_S0_S0_S0_S0_S0_S0_jjjjjj,_ZN4M15L23m15_layer_kernel_gdn_hcEPhS0_S0_S0_S0_S0_S0_S0_S0_S0_S0_S0_S0_S0_S0_S0_S0_S0_S0_S0_S0_S0_S0_S0_S0_S0_S0_S0_S0_S0_S0_S0_S0_S0_S0_S0_S0_S0_S0_S0_S0_S0_jjjjjj,dynamic,MIX_AIC,1790435068901060.043	,358.191,523.141000,28,56,NO,N/A,N/A,N/A,N/A,N/A,N/A,N/A,357.85,16425288,21.531,0.06,11.661,0.033,21.202,0.059,132.02,0.369,0.001,0.0,3.581,0.01,0.0,357.87,32967275,2.527,0.007,5.187,0.014,13.721,0.038,6.995,0.02,0.088,99.256
0,4294967295,25,61,_ZN4M15L23m15_layer_kernel_gdn_hcEPhS0_S0_S0_S0_S0_S0_S0_S0_S0_S0_S0_S0_S0_S0_S0_S0_S0_S0_S0_S0_S0_S0_S0_S0_S0_S0_S0_S0_S0_S0_S0_S0_S0_S0_S0_S0_S0_S0_S0_S0_S0_jjjjjj,_ZN4M15L23m15_layer_kernel_gdn_hcEPhS0_S0_S0_S0_S0_S0_S0_S0_S0_S0_S0_S0_S0_S0_S0_S0_S0_S0_S0_S0_S0_S0_S0_S0_S0_S0_S0_S0_S0_S0_S0_S0_S0_S0_S0_S0_S0_S0_S0_S0_S0_jjjjjj,dynamic,MIX_AIC,1790435068901931.107	,359.281,512.809000,28,56,NO,N/A,N/A,N/A,N/A,N/A,N/A,N/A,358.92,16475328,21.524,0.06,11.125,0.031,21.207,0.059,132.486,0.369,0.001,0.0,3.485,0.01,0.0,358.95,33066197,2.52,0.007,4.808,0.013,14.024,0.039,6.545,0.018,0.087,99.256
0,4294967295,26,61,_ZN4M15L24m15_layer_kernel_attn_hcEPhS0_S0_S0_S0_S0_S0_S0_S0_S0_S0_S0_S0_S0_S0_S0_S0_S0_S0_S0_S0_S0_S0_S0_S0_S0_S0_S0_S0_S0_S0_S0_S0_S0_S0_S0_S0_S0_S0_S0_S0_S0_jjjjjj,_ZN4M15L24m15_layer_kernel_attn_hcEPhS0_S0_S0_S0_S0_S0_S0_S0_S0_S0_S0_S0_S0_S0_S0_S0_S0_S0_S0_S0_S0_S0_S0_S0_S0_S0_S0_S0_S0_S0_S0_S0_S0_S0_S0_S0_S0_S0_S0_S0_S0_jjjjjj,dynamic,MIX_AIC,1790435068902816.804	,215.039,526.469000,28,56,NO,N/A,N/A,N/A,N/A,N/A,N/A,N/A,214.68,9780603,5.626,0.026,6.772,0.032,5.731,0.027,31.636,0.147,0.001,0.0,1.943,0.009,0.0,214.71,19751474,0.976,0.005,5.543,0.026,7.362,0.034,5.597,0.026,0.103,98.448
0,4294967295,27,61,_ZN4M15L23m15_layer_kernel_gdn_hcEPhS0_S0_S0_S0_S0_S0_S0_S0_S0_S0_S0_S0_S0_S0_S0_S0_S0_S0_S0_S0_S0_S0_S0_S0_S0_S0_S0_S0_S0_S0_S0_S0_S0_S0_S0_S0_S0_S0_S0_S0_S0_jjjjjj,_ZN4M15L23m15_layer_kernel_gdn_hcEPhS0_S0_S0_S0_S0_S0_S0_S0_S0_S0_S0_S0_S0_S0_S0_S0_S0_S0_S0_S0_S0_S0_S0_S0_S0_S0_S0_S0_S0_S0_S0_S0_S0_S0_S0_S0_S0_S0_S0_S0_S0_jjjjjj,dynamic,MIX_AIC,1790435068903565.021	,355.714,533.211000,28,56,NO,N/A,N/A,N/A,N/A,N/A,N/A,N/A,355.38,16301208,21.529,0.061,11.321,0.032,21.081,0.059,128.503,0.362,0.001,0.0,3.82,0.011,0.0,355.4,32747874,2.529,0.007,4.893,0.014,13.762,0.039,7.417,0.021,0.111,99.192
0,4294967295,28,61,_ZN4M15L23m15_layer_kernel_gdn_hcEPhS0_S0_S0_S0_S0_S0_S0_S0_S0_S0_S0_S0_S0_S0_S0_S0_S0_S0_S0_S0_S0_S0_S0_S0_S0_S0_S0_S0_S0_S0_S0_S0_S0_S0_S0_S0_S0_S0_S0_S0_S0_jjjjjj,_ZN4M15L23m15_layer_kernel_gdn_hcEPhS0_S0_S0_S0_S0_S0_S0_S0_S0_S0_S0_S0_S0_S0_S0_S0_S0_S0_S0_S0_S0_S0_S0_S0_S0_S0_S0_S0_S0_S0_S0_S0_S0_S0_S0_S0_S0_S0_S0_S0_S0_jjjjjj,dynamic,MIX_AIC,1790435068904436.566	,358.309,515.786000,28,56,NO,N/A,N/A,N/A,N/A,N/A,N/A,N/A,357.98,16421944,21.504,0.06,11.508,0.032,21.164,0.059,129.713,0.362,0.001,0.0,3.462,0.01,0.0,358.0,32979999,2.521,0.007,5.043,0.014,13.309,0.037,6.496,0.018,0.089,99.203
0,4294967295,29,61,_ZN4M15L23m15_layer_kernel_gdn_hcEPhS0_S0_S0_S0_S0_S0_S0_S0_S0_S0_S0_S0_S0_S0_S0_S0_S0_S0_S0_S0_S0_S0_S0_S0_S0_S0_S0_S0_S0_S0_S0_S0_S0_S0_S0_S0_S0_S0_S0_S0_S0_jjjjjj,_ZN4M15L23m15_layer_kernel_gdn_hcEPhS0_S0_S0_S0_S0_S0_S0_S0_S0_S0_S0_S0_S0_S0_S0_S0_S0_S0_S0_S0_S0_S0_S0_S0_S0_S0_S0_S0_S0_S0_S0_S0_S0_S0_S0_S0_S0_S0_S0_S0_S0_jjjjjj,dynamic,MIX_AIC,1790435068905317.943	,361.095,523.191000,28,56,NO,N/A,N/A,N/A,N/A,N/A,N/A,N/A,360.75,16554460,21.514,0.06,11.716,0.032,21.19,0.059,133.438,0.37,0.001,0.0,3.392,0.009,0.0,360.77,33234696,2.528,0.007,5.282,0.015,13.676,0.038,7.016,0.019,0.086,99.232
0,4294967295,30,61,_ZN4M15L24m15_layer_kernel_attn_hcEPhS0_S0_S0_S0_S0_S0_S0_S0_S0_S0_S0_S0_S0_S0_S0_S0_S0_S0_S0_S0_S0_S0_S0_S0_S0_S0_S0_S0_S0_S0_S0_S0_S0_S0_S0_S0_S0_S0_S0_S0_S0_jjjjjj,_ZN4M15L24m15_layer_kernel_attn_hcEPhS0_S0_S0_S0_S0_S0_S0_S0_S0_S0_S0_S0_S0_S0_S0_S0_S0_S0_S0_S0_S0_S0_S0_S0_S0_S0_S0_S0_S0_S0_S0_S0_S0_S0_S0_S0_S0_S0_S0_S0_S0_jjjjjj,dynamic,MIX_AIC,1790435068906197.869	,213.857,518.655000,28,56,NO,N/A,N/A,N/A,N/A,N/A,N/A,N/A,213.51,9718614,5.629,0.026,6.713,0.031,5.764,0.027,32.191,0.151,0.001,0.0,1.959,0.009,0.0,213.53,19642312,0.979,0.005,5.345,0.025,7.039,0.033,5.028,0.024,0.103,98.365
0,4294967295,31,61,_ZN4M15L23m15_layer_kernel_gdn_hcEPhS0_S0_S0_S0_S0_S0_S0_S0_S0_S0_S0_S0_S0_S0_S0_S0_S0_S0_S0_S0_S0_S0_S0_S0_S0_S0_S0_S0_S0_S0_S0_S0_S0_S0_S0_S0_S0_S0_S0_S0_S0_jjjjjj,_ZN4M15L23m15_layer_kernel_gdn_hcEPhS0_S0_S0_S0_S0_S0_S0_S0_S0_S0_S0_S0_S0_S0_S0_S0_S0_S0_S0_S0_S0_S0_S0_S0_S0_S0_S0_S0_S0_S0_S0_S0_S0_S0_S0_S0_S0_S0_S0_S0_S0_jjjjjj,dynamic,MIX_AIC,1790435068906938.903	,359.212,527.393000,28,56,NO,N/A,N/A,N/A,N/A,N/A,N/A,N/A,358.88,16474384,21.515,0.06,11.61,0.032,21.146,0.059,131.474,0.366,0.001,0.0,3.69,0.01,0.0,358.9,33062123,2.519,0.007,5.327,0.015,13.304,0.037,6.826,0.019,0.111,99.270
0,4294967295,32,61,_ZN4M15L23m15_layer_kernel_gdn_hcEPhS0_S0_S0_S0_S0_S0_S0_S0_S0_S0_S0_S0_S0_S0_S0_S0_S0_S0_S0_S0_S0_S0_S0_S0_S0_S0_S0_S0_S0_S0_S0_S0_S0_S0_S0_S0_S0_S0_S0_S0_S0_jjjjjj,_ZN4M15L23m15_layer_kernel_gdn_hcEPhS0_S0_S0_S0_S0_S0_S0_S0_S0_S0_S0_S0_S0_S0_S0_S0_S0_S0_S0_S0_S0_S0_S0_S0_S0_S0_S0_S0_S0_S0_S0_S0_S0_S0_S0_S0_S0_S0_S0_S0_S0_jjjjjj,dynamic,MIX_AIC,1790435068907823.856	,354.860,525.538000,28,56,NO,N/A,N/A,N/A,N/A,N/A,N/A,N/A,354.52,16270068,21.485,0.061,11.365,0.032,21.174,0.06,128.936,0.364,0.001,0.0,3.679,0.01,0.0,354.55,32659440,2.527,0.007,5.026,0.014,14.018,0.04,6.594,0.019,0.089,99.241
0,4294967295,33,61,_ZN4M15L23m15_layer_kernel_gdn_hcEPhS0_S0_S0_S0_S0_S0_S0_S0_S0_S0_S0_S0_S0_S0_S0_S0_S0_S0_S0_S0_S0_S0_S0_S0_S0_S0_S0_S0_S0_S0_S0_S0_S0_S0_S0_S0_S0_S0_S0_S0_S0_jjjjjj,_ZN4M15L23m15_layer_kernel_gdn_hcEPhS0_S0_S0_S0_S0_S0_S0_S0_S0_S0_S0_S0_S0_S0_S0_S0_S0_S0_S0_S0_S0_S0_S0_S0_S0_S0_S0_S0_S0_S0_S0_S0_S0_S0_S0_S0_S0_S0_S0_S0_S0_jjjjjj,dynamic,MIX_AIC,1790435068908706.157	,359.003,527.640000,28,56,NO,N/A,N/A,N/A,N/A,N/A,N/A,N/A,358.63,16457033,21.53,0.06,11.505,0.032,21.1,0.059,131.289,0.366,0.001,0.0,3.497,0.01,0.0,358.66,33038306,2.52,0.007,4.981,0.014,13.752,0.038,6.919,0.019,0.087,99.223
0,4294967295,34,61,_ZN4M15L24m15_layer_kernel_attn_hcEPhS0_S0_S0_S0_S0_S0_S0_S0_S0_S0_S0_S0_S0_S0_S0_S0_S0_S0_S0_S0_S0_S0_S0_S0_S0_S0_S0_S0_S0_S0_S0_S0_S0_S0_S0_S0_S0_S0_S0_S0_S0_jjjjjj,_ZN4M15L24m15_layer_kernel_attn_hcEPhS0_S0_S0_S0_S0_S0_S0_S0_S0_S0_S0_S0_S0_S0_S0_S0_S0_S0_S0_S0_S0_S0_S0_S0_S0_S0_S0_S0_S0_S0_S0_S0_S0_S0_S0_S0_S0_S0_S0_S0_S0_jjjjjj,dynamic,MIX_AIC,1790435068909584.383	,213.444,519.247000,28,56,NO,N/A,N/A,N/A,N/A,N/A,N/A,N/A,213.08,9707066,5.654,0.027,6.645,0.031,5.742,0.027,32.023,0.15,0.001,0.0,2.044,0.01,0.0,213.1,19601508,0.976,0.005,5.224,0.025,7.085,0.033,5.353,0.025,0.103,98.438
0,4294967295,35,61,_ZN4M15L23m15_layer_kernel_gdn_hcEPhS0_S0_S0_S0_S0_S0_S0_S0_S0_S0_S0_S0_S0_S0_S0_S0_S0_S0_S0_S0_S0_S0_S0_S0_S0_S0_S0_S0_S0_S0_S0_S0_S0_S0_S0_S0_S0_S0_S0_S0_S0_jjjjjj,_ZN4M15L23m15_layer_kernel_gdn_hcEPhS0_S0_S0_S0_S0_S0_S0_S0_S0_S0_S0_S0_S0_S0_S0_S0_S0_S0_S0_S0_S0_S0_S0_S0_S0_S0_S0_S0_S0_S0_S0_S0_S0_S0_S0_S0_S0_S0_S0_S0_S0_jjjjjj,dynamic,MIX_AIC,1790435068910322.389	,351.272,524.556000,28,56,NO,N/A,N/A,N/A,N/A,N/A,N/A,N/A,350.81,16089777,21.52,0.061,11.358,0.032,21.04,0.06,128.497,0.366,0.001,0.0,3.568,0.01,0.0,350.84,32317021,2.528,0.007,5.023,0.014,13.134,0.037,6.407,0.018,0.112,99.144
0,4294967295,36,61,_ZN4M15L23m15_layer_kernel_gdn_hcEPhS0_S0_S0_S0_S0_S0_S0_S0_S0_S0_S0_S0_S0_S0_S0_S0_S0_S0_S0_S0_S0_S0_S0_S0_S0_S0_S0_S0_S0_S0_S0_S0_S0_S0_S0_S0_S0_S0_S0_S0_S0_jjjjjj,_ZN4M15L23m15_layer_kernel_gdn_hcEPhS0_S0_S0_S0_S0_S0_S0_S0_S0_S0_S0_S0_S0_S0_S0_S0_S0_S0_S0_S0_S0_S0_S0_S0_S0_S0_S0_S0_S0_S0_S0_S0_S0_S0_S0_S0_S0_S0_S0_S0_S0_jjjjjj,dynamic,MIX_AIC,1790435068911202.103	,349.722,528.228000,28,56,NO,N/A,N/A,N/A,N/A,N/A,N/A,N/A,349.39,16030590,21.528,0.062,11.542,0.033,21.104,0.06,125.496,0.359,0.001,0.0,3.569,0.01,0.0,349.41,32186442,2.523,0.007,4.966,0.014,13.336,0.038,7.06,0.02,0.089,99.217
0,4294967295,37,61,_ZN4M15L23m15_layer_kernel_gdn_hcEPhS0_S0_S0_S0_S0_S0_S0_S0_S0_S0_S0_S0_S0_S0_S0_S0_S0_S0_S0_S0_S0_S0_S0_S0_S0_S0_S0_S0_S0_S0_S0_S0_S0_S0_S0_S0_S0_S0_S0_S0_S0_jjjjjj,_ZN4M15L23m15_layer_kernel_gdn_hcEPhS0_S0_S0_S0_S0_S0_S0_S0_S0_S0_S0_S0_S0_S0_S0_S0_S0_S0_S0_S0_S0_S0_S0_S0_S0_S0_S0_S0_S0_S0_S0_S0_S0_S0_S0_S0_S0_S0_S0_S0_S0_jjjjjj,dynamic,MIX_AIC,1790435068912064.824	,355.145,513.028000,28,56,NO,N/A,N/A,N/A,N/A,N/A,N/A,N/A,354.79,16275102,21.501,0.061,11.398,0.032,21.183,0.06,128.547,0.362,0.001,0.0,3.464,0.01,0.0,354.82,32685545,2.541,0.007,4.978,0.014,13.619,0.038,6.764,0.019,0.087,99.192
0,4294967295,38,61,_ZN4M15L24m15_layer_kernel_attn_hcEPhS0_S0_S0_S0_S0_S0_S0_S0_S0_S0_S0_S0_S0_S0_S0_S0_S0_S0_S0_S0_S0_S0_S0_S0_S0_S0_S0_S0_S0_S0_S0_S0_S0_S0_S0_S0_S0_S0_S0_S0_S0_jjjjjj,_ZN4M15L24m15_layer_kernel_attn_hcEPhS0_S0_S0_S0_S0_S0_S0_S0_S0_S0_S0_S0_S0_S0_S0_S0_S0_S0_S0_S0_S0_S0_S0_S0_S0_S0_S0_S0_S0_S0_S0_S0_S0_S0_S0_S0_S0_S0_S0_S0_S0_jjjjjj,dynamic,MIX_AIC,1790435068912932.638	,215.108,512.855000,28,56,NO,N/A,N/A,N/A,N/A,N/A,N/A,N/A,214.75,9783211,5.595,0.026,6.555,0.031,5.742,0.027,31.433,0.146,0.001,0.0,2.074,0.01,0.0,214.78,19755914,0.977,0.005,5.285,0.025,7.818,0.036,5.629,0.026,0.103,98.443
0,4294967295,39,61,_ZN4M15L23m15_layer_kernel_gdn_hcEPhS0_S0_S0_S0_S0_S0_S0_S0_S0_S0_S0_S0_S0_S0_S0_S0_S0_S0_S0_S0_S0_S0_S0_S0_S0_S0_S0_S0_S0_S0_S0_S0_S0_S0_S0_S0_S0_S0_S0_S0_S0_jjjjjj,_ZN4M15L23m15_layer_kernel_gdn_hcEPhS0_S0_S0_S0_S0_S0_S0_S0_S0_S0_S0_S0_S0_S0_S0_S0_S0_S0_S0_S0_S0_S0_S0_S0_S0_S0_S0_S0_S0_S0_S0_S0_S0_S0_S0_S0_S0_S0_S0_S0_S0_jjjjjj,dynamic,MIX_AIC,1790435068913652.661	,351.357,504.892000,28,56,NO,N/A,N/A,N/A,N/A,N/A,N/A,N/A,351.02,16100419,21.532,0.061,11.499,0.033,21.072,0.06,130.541,0.372,0.001,0.0,3.463,0.01,0.0,351.05,32336201,2.525,0.007,5.223,0.015,13.408,0.038,6.358,0.018,0.111,99.185
0,4294967295,40,61,_ZN4M15L23m15_layer_kernel_gdn_hcEPhS0_S0_S0_S0_S0_S0_S0_S0_S0_S0_S0_S0_S0_S0_S0_S0_S0_S0_S0_S0_S0_S0_S0_S0_S0_S0_S0_S0_S0_S0_S0_S0_S0_S0_S0_S0_S0_S0_S0_S0_S0_jjjjjj,_ZN4M15L23m15_layer_kernel_gdn_hcEPhS0_S0_S0_S0_S0_S0_S0_S0_S0_S0_S0_S0_S0_S0_S0_S0_S0_S0_S0_S0_S0_S0_S0_S0_S0_S0_S0_S0_S0_S0_S0_S0_S0_S0_S0_S0_S0_S0_S0_S0_S0_jjjjjj,dynamic,MIX_AIC,1790435068914544.573	,360.232,540.393000,28,56,NO,N/A,N/A,N/A,N/A,N/A,N/A,N/A,359.89,16510710,21.538,0.06,11.376,0.032,21.249,0.059,134.306,0.373,0.001,0.0,3.454,0.01,0.0,359.92,33157015,2.533,0.007,5.15,0.014,13.032,0.036,7.064,0.02,0.088,99.207
0,4294967295,41,61,_ZN4M15L23m15_layer_kernel_gdn_hcEPhS0_S0_S0_S0_S0_S0_S0_S0_S0_S0_S0_S0_S0_S0_S0_S0_S0_S0_S0_S0_S0_S0_S0_S0_S0_S0_S0_S0_S0_S0_S0_S0_S0_S0_S0_S0_S0_S0_S0_S0_S0_jjjjjj,_ZN4M15L23m15_layer_kernel_gdn_hcEPhS0_S0_S0_S0_S0_S0_S0_S0_S0_S0_S0_S0_S0_S0_S0_S0_S0_S0_S0_S0_S0_S0_S0_S0_S0_S0_S0_S0_S0_S0_S0_S0_S0_S0_S0_S0_S0_S0_S0_S0_S0_jjjjjj,dynamic,MIX_AIC,1790435068915436.728	,355.805,532.018000,28,56,NO,N/A,N/A,N/A,N/A,N/A,N/A,N/A,355.44,16315352,21.481,0.06,11.474,0.032,21.173,0.06,130.112,0.366,0.001,0.0,3.439,0.01,0.0,355.46,32744617,2.532,0.007,5.14,0.014,13.367,0.038,6.088,0.017,0.087,99.253
0,4294967295,42,61,_ZN4M15L24m15_layer_kernel_attn_hcEPhS0_S0_S0_S0_S0_S0_S0_S0_S0_S0_S0_S0_S0_S0_S0_S0_S0_S0_S0_S0_S0_S0_S0_S0_S0_S0_S0_S0_S0_S0_S0_S0_S0_S0_S0_S0_S0_S0_S0_S0_S0_jjjjjj,_ZN4M15L24m15_layer_kernel_attn_hcEPhS0_S0_S0_S0_S0_S0_S0_S0_S0_S0_S0_S0_S0_S0_S0_S0_S0_S0_S0_S0_S0_S0_S0_S0_S0_S0_S0_S0_S0_S0_S0_S0_S0_S0_S0_S0_S0_S0_S0_S0_S0_jjjjjj,dynamic,MIX_AIC,1790435068916317.984	,214.998,525.445000,28,56,NO,N/A,N/A,N/A,N/A,N/A,N/A,N/A,214.63,9781397,5.613,0.026,6.689,0.031,5.77,0.027,32.093,0.15,0.001,0.0,2.262,0.011,0.0,214.65,19744106,0.978,0.005,5.117,0.024,7.334,0.034,5.348,0.025,0.103,98.475
0,4294967295,43,61,_ZN4M15L23m15_layer_kernel_gdn_hcEPhS0_S0_S0_S0_S0_S0_S0_S0_S0_S0_S0_S0_S0_S0_S0_S0_S0_S0_S0_S0_S0_S0_S0_S0_S0_S0_S0_S0_S0_S0_S0_S0_S0_S0_S0_S0_S0_S0_S0_S0_S0_jjjjjj,_ZN4M15L23m15_layer_kernel_gdn_hcEPhS0_S0_S0_S0_S0_S0_S0_S0_S0_S0_S0_S0_S0_S0_S0_S0_S0_S0_S0_S0_S0_S0_S0_S0_S0_S0_S0_S0_S0_S0_S0_S0_S0_S0_S0_S0_S0_S0_S0_S0_S0_jjjjjj,dynamic,MIX_AIC,1790435068917033.424	,351.426,500.502000,28,56,NO,N/A,N/A,N/A,N/A,N/A,N/A,N/A,351.1,16103981,21.476,0.061,11.428,0.033,21.09,0.06,125.947,0.359,0.001,0.0,3.549,0.01,0.0,351.12,32343784,2.529,0.007,4.969,0.014,14.242,0.041,6.387,0.018,0.111,99.188
0,4294967295,44,61,_ZN4M15L23m15_layer_kernel_gdn_hcEPhS0_S0_S0_S0_S0_S0_S0_S0_S0_S0_S0_S0_S0_S0_S0_S0_S0_S0_S0_S0_S0_S0_S0_S0_S0_S0_S0_S0_S0_S0_S0_S0_S0_S0_S0_S0_S0_S0_S0_S0_S0_jjjjjj,_ZN4M15L23m15_layer_kernel_gdn_hcEPhS0_S0_S0_S0_S0_S0_S0_S0_S0_S0_S0_S0_S0_S0_S0_S0_S0_S0_S0_S0_S0_S0_S0_S0_S0_S0_S0_S0_S0_S0_S0_S0_S0_S0_S0_S0_S0_S0_S0_S0_S0_jjjjjj,dynamic,MIX_AIC,1790435068917939.690	,354.351,554.824000,28,56,NO,N/A,N/A,N/A,N/A,N/A,N/A,N/A,354.02,16244314,21.528,0.061,11.341,0.032,21.094,0.06,128.784,0.364,0.001,0.0,3.474,0.01,0.0,354.05,32614029,2.525,0.007,5.062,0.014,13.324,0.038,6.651,0.019,0.088,99.226
0,4294967295,45,61,_ZN4M15L23m15_layer_kernel_gdn_hcEPhS0_S0_S0_S0_S0_S0_S0_S0_S0_S0_S0_S0_S0_S0_S0_S0_S0_S0_S0_S0_S0_S0_S0_S0_S0_S0_S0_S0_S0_S0_S0_S0_S0_S0_S0_S0_S0_S0_S0_S0_S0_jjjjjj,_ZN4M15L23m15_layer_kernel_gdn_hcEPhS0_S0_S0_S0_S0_S0_S0_S0_S0_S0_S0_S0_S0_S0_S0_S0_S0_S0_S0_S0_S0_S0_S0_S0_S0_S0_S0_S0_S0_S0_S0_S0_S0_S0_S0_S0_S0_S0_S0_S0_S0_jjjjjj,dynamic,MIX_AIC,1790435068918802.073	,357.502,507.899000,28,56,NO,N/A,N/A,N/A,N/A,N/A,N/A,N/A,357.14,16382210,21.513,0.06,11.544,0.032,21.206,0.059,130.964,0.367,0.001,0.0,3.623,0.01,0.0,357.16,32907149,2.528,0.007,5.214,0.015,13.477,0.038,7.063,0.02,0.087,99.186
0,4294967295,46,61,_ZN4M15L24m15_layer_kernel_attn_hcEPhS0_S0_S0_S0_S0_S0_S0_S0_S0_S0_S0_S0_S0_S0_S0_S0_S0_S0_S0_S0_S0_S0_S0_S0_S0_S0_S0_S0_S0_S0_S0_S0_S0_S0_S0_S0_S0_S0_S0_S0_S0_jjjjjj,_ZN4M15L24m15_layer_kernel_attn_hcEPhS0_S0_S0_S0_S0_S0_S0_S0_S0_S0_S0_S0_S0_S0_S0_S0_S0_S0_S0_S0_S0_S0_S0_S0_S0_S0_S0_S0_S0_S0_S0_S0_S0_S0_S0_S0_S0_S0_S0_S0_S0_jjjjjj,dynamic,MIX_AIC,1790435068919654.870	,212.896,495.248000,28,56,NO,N/A,N/A,N/A,N/A,N/A,N/A,N/A,212.53,9677226,5.664,0.027,6.729,0.032,5.732,0.027,30.99,0.146,0.001,0.0,1.972,0.009,0.0,212.55,19551084,0.977,0.005,5.455,0.026,7.084,0.033,4.96,0.023,0.103,98.388
0,4294967295,47,61,_ZN4M15L23m15_layer_kernel_gdn_hcEPhS0_S0_S0_S0_S0_S0_S0_S0_S0_S0_S0_S0_S0_S0_S0_S0_S0_S0_S0_S0_S0_S0_S0_S0_S0_S0_S0_S0_S0_S0_S0_S0_S0_S0_S0_S0_S0_S0_S0_S0_S0_jjjjjj,_ZN4M15L23m15_layer_kernel_gdn_hcEPhS0_S0_S0_S0_S0_S0_S0_S0_S0_S0_S0_S0_S0_S0_S0_S0_S0_S0_S0_S0_S0_S0_S0_S0_S0_S0_S0_S0_S0_S0_S0_S0_S0_S0_S0_S0_S0_S0_S0_S0_S0_jjjjjj,dynamic,MIX_AIC,1790435068920369.771	,355.078,502.104000,28,56,NO,N/A,N/A,N/A,N/A,N/A,N/A,N/A,354.75,16277477,21.524,0.061,11.421,0.032,21.095,0.059,129.313,0.365,0.001,0.0,3.572,0.01,0.0,354.77,32680838,2.528,0.007,4.946,0.014,13.588,0.038,6.576,0.019,0.111,99.225
0,4294967295,48,61,_ZN4M15L23m15_layer_kernel_gdn_hcEPhS0_S0_S0_S0_S0_S0_S0_S0_S0_S0_S0_S0_S0_S0_S0_S0_S0_S0_S0_S0_S0_S0_S0_S0_S0_S0_S0_S0_S0_S0_S0_S0_S0_S0_S0_S0_S0_S0_S0_S0_S0_jjjjjj,_ZN4M15L23m15_layer_kernel_gdn_hcEPhS0_S0_S0_S0_S0_S0_S0_S0_S0_S0_S0_S0_S0_S0_S0_S0_S0_S0_S0_S0_S0_S0_S0_S0_S0_S0_S0_S0_S0_S0_S0_S0_S0_S0_S0_S0_S0_S0_S0_S0_S0_jjjjjj,dynamic,MIX_AIC,1790435068921223.497	,355.589,498.672000,28,56,NO,N/A,N/A,N/A,N/A,N/A,N/A,N/A,355.26,16296716,21.462,0.06,11.5,0.032,21.078,0.059,128.619,0.362,0.001,0.0,3.466,0.01,0.0,355.28,32728158,2.528,0.007,5.118,0.014,13.419,0.038,6.733,0.019,0.089,99.200
0,4294967295,49,61,_ZN4M15L23m15_layer_kernel_gdn_hcEPhS0_S0_S0_S0_S0_S0_S0_S0_S0_S0_S0_S0_S0_S0_S0_S0_S0_S0_S0_S0_S0_S0_S0_S0_S0_S0_S0_S0_S0_S0_S0_S0_S0_S0_S0_S0_S0_S0_S0_S0_S0_jjjjjj,_ZN4M15L23m15_layer_kernel_gdn_hcEPhS0_S0_S0_S0_S0_S0_S0_S0_S0_S0_S0_S0_S0_S0_S0_S0_S0_S0_S0_S0_S0_S0_S0_S0_S0_S0_S0_S0_S0_S0_S0_S0_S0_S0_S0_S0_S0_S0_S0_S0_S0_jjjjjj,dynamic,MIX_AIC,1790435068922134.893	,358.056,555.911000,28,56,NO,N/A,N/A,N/A,N/A,N/A,N/A,N/A,357.67,16412180,21.438,0.06,11.796,0.033,21.123,0.059,131.891,0.369,0.001,0.0,3.551,0.01,0.0,357.69,32950104,2.523,0.007,5.449,0.015,13.389,0.037,6.572,0.018,0.087,99.214
0,4294967295,50,61,_ZN4M15L24m15_layer_kernel_attn_hcEPhS0_S0_S0_S0_S0_S0_S0_S0_S0_S0_S0_S0_S0_S0_S0_S0_S0_S0_S0_S0_S0_S0_S0_S0_S0_S0_S0_S0_S0_S0_S0_S0_S0_S0_S0_S0_S0_S0_S0_S0_S0_jjjjjj,_ZN4M15L24m15_layer_kernel_attn_hcEPhS0_S0_S0_S0_S0_S0_S0_S0_S0_S0_S0_S0_S0_S0_S0_S0_S0_S0_S0_S0_S0_S0_S0_S0_S0_S0_S0_S0_S0_S0_S0_S0_S0_S0_S0_S0_S0_S0_S0_S0_S0_jjjjjj,dynamic,MIX_AIC,1790435068922996.223	,214.303,503.194000,28,56,NO,N/A,N/A,N/A,N/A,N/A,N/A,N/A,213.91,9748162,5.668,0.026,6.508,0.03,5.785,0.027,31.898,0.149,0.001,0.0,2.163,0.01,0.0,213.94,19677161,0.977,0.005,5.21,0.024,7.006,0.033,5.708,0.027,0.103,98.458
0,4294967295,51,61,_ZN4M15L22m15_final_mixer_kernelEPhS0_S0_jS0_S0_S0_S0_S0_j,_ZN4M15L22m15_final_mixer_kernelEPhS0_S0_jS0_S0_S0_S0_S0_j,dynamic,MIX_AIC,1790435068924050.586	,77.681,839.947000,28,56,NO,N/A,N/A,N/A,N/A,N/A,N/A,N/A,77.23,3532942,1.805,0.023,2.45,0.032,1.749,0.023,10.173,0.132,0.001,0.0,0.906,0.012,0.027,77.26,7080150,0.388,0.005,2.143,0.028,1.673,0.022,2.73,0.035,0.038,98.442
0,4294967295,52,61,_ZN4M15L21m15_hc_segment_kernelEPhS0_S0_jS0_S0_S0_S0_S0_jj,_ZN4M15L21m15_hc_segment_kernelEPhS0_S0_jS0_S0_S0_S0_S0_jj,dynamic,MIX_AIC,1790435068924976.218	,72.102,848.069000,28,56,NO,N/A,N/A,N/A,N/A,N/A,N/A,N/A,71.78,3274697,2.233,0.031,2.297,0.032,2.155,0.03,11.141,0.155,0.001,0.0,0.84,0.012,0.021,71.8,6576329,0.073,0.001,1.43,0.02,0.237,0.003,0.294,0.004,0.118,98.306
0,4294967295,53,61,_Z20m15_gdn_layer_kernelPhS_S_S_S_S_S_S_S_S_S_S_S_S_S_,_Z20m15_gdn_layer_kernelPhS_S_S_S_S_S_S_S_S_S_S_S_S_S_,dynamic,MIX_AIC,1790435068925170.420	,145.433,122.148000,28,56,NO,N/A,N/A,N/A,N/A,N/A,N/A,N/A,145.08,6635926,15.952,0.11,6.23,0.043,15.552,0.107,103.254,0.712,0.001,0.0,1.411,0.01,0.006,145.1,13255883,1.555,0.011,1.533,0.011,4.637,0.032,1.121,0.008,0.056,98.764
0,4294967295,54,61,_ZN4M15L21m15_hc_segment_kernelEPhS0_S0_jS0_S0_S0_S0_S0_jj,_ZN4M15L21m15_hc_segment_kernelEPhS0_S0_jS0_S0_S0_S0_S0_jj,dynamic,MIX_AIC,1790435068925748.951	,78.557,433.067000,28,56,NO,N/A,N/A,N/A,N/A,N/A,N/A,N/A,78.2,3570696,2.231,0.029,3.236,0.041,2.162,0.028,11.517,0.147,0.001,0.0,0.88,0.011,0.0,78.23,7167448,0.389,0.005,2.677,0.034,1.932,0.025,2.843,0.036,0.035,98.384
0,4294967295,55,61,_ZN4M15L22m15_moe_segment_kernelEPhS0_S0_S0_S0_S0_S0_S0_S0_S0_S0_S0_S0_S0_S0_S0_jj,_ZN4M15L22m15_moe_segment_kernelEPhS0_S0_S0_S0_S0_S0_S0_S0_S0_S0_S0_S0_S0_S0_S0_jj,dynamic,MIX_AIC,1790435068925945.328	,65.456,117.693000,28,56,NO,N/A,N/A,N/A,N/A,N/A,N/A,N/A,65.12,2883742,1.23,0.019,3.941,0.061,1.482,0.023,9.188,0.141,0.001,0.0,0.658,0.01,0.006,65.15,5896393,0.209,0.003,3.386,0.052,0.788,0.012,0.194,0.003,0.142,95.360
0,4294967295,56,61,_ZN4M15L21m15_hc_segment_kernelEPhS0_S0_jS0_S0_S0_S0_S0_jj,_ZN4M15L21m15_hc_segment_kernelEPhS0_S0_jS0_S0_S0_S0_S0_jj,dynamic,MIX_AIC,1790435068926778.239	,17.256,767.544000,28,56,NO,N/A,N/A,N/A,N/A,N/A,N/A,N/A,16.93,111675,0.0,0.0,14.599,0.862,0.017,0.001,0.017,0.001,0.008,0.001,0.017,0.001,0.0,16.95,1507182,0.327,0.019,2.744,0.162,10.662,0.629,1.152,0.068,0.006,14.008
0,4294967295,57,61,_ZN4M15L21m15_hc_segment_kernelEPhS0_S0_jS0_S0_S0_S0_S0_jj,_ZN4M15L21m15_hc_segment_kernelEPhS0_S0_jS0_S0_S0_S0_S0_jj,dynamic,MIX_AIC,1790435068927257.431	,81.887,461.994000,28,56,NO,N/A,N/A,N/A,N/A,N/A,N/A,N/A,81.52,3730052,2.234,0.027,2.596,0.032,2.124,0.026,11.695,0.143,0.001,0.0,1.007,0.012,0.0,81.54,7477398,0.388,0.005,2.073,0.025,8.442,0.104,1.297,0.016,0.005,98.596
0,4294967295,58,61,_ZN4M15L21m15_hc_segment_kernelEPhS0_S0_jS0_S0_S0_S0_S0_jj,_ZN4M15L21m15_hc_segment_kernelEPhS0_S0_jS0_S0_S0_S0_S0_jj,dynamic,MIX_AIC,1790435068927996.052	,41.998,656.613000,28,56,NO,N/A,N/A,N/A,N/A,N/A,N/A,N/A,41.63,1888075,2.195,0.053,2.678,0.064,2.352,0.057,6.512,0.156,0.001,0.0,0.726,0.017,0.0,41.65,3790488,0.073,0.002,1.677,0.04,0.23,0.006,0.153,0.004,0.01,97.308
0,4294967295,59,61,_Z20m15_gdn_layer_kernelPhS_S_S_S_S_S_S_S_S_S_S_S_S_S_,_Z20m15_gdn_layer_kernelPhS_S_S_S_S_S_S_S_S_S_S_S_S_S_,dynamic,MIX_AIC,1790435068928163.209	,139.434,125.252000,28,56,NO,N/A,N/A,N/A,N/A,N/A,N/A,N/A,139.12,6370940,15.931,0.115,6.655,0.048,15.56,0.112,98.101,0.705,0.001,0.0,1.286,0.009,0.0,139.14,12725561,1.562,0.011,1.497,0.011,4.535,0.033,1.124,0.008,0.055,98.899
0,4294967295,60,61,_ZN4M15L21m15_hc_segment_kernelEPhS0_S0_jS0_S0_S0_S0_S0_jj,_ZN4M15L21m15_hc_segment_kernelEPhS0_S0_jS0_S0_S0_S0_S0_jj,dynamic,MIX_AIC,1790435068928716.077	,76.269,413.316000,28,56,NO,N/A,N/A,N/A,N/A,N/A,N/A,N/A,75.95,3473461,2.214,0.029,2.827,0.037,2.143,0.028,11.276,0.148,0.001,0.0,0.944,0.012,0.0,75.97,6961038,0.391,0.005,2.449,0.032,1.937,0.025,2.499,0.033,0.0,98.576
0,4294967295,61,61,_ZN4M15L22m15_moe_segment_kernelEPhS0_S0_S0_S0_S0_S0_S0_S0_S0_S0_S0_S0_S0_S0_S0_jj,_ZN4M15L22m15_moe_segment_kernelEPhS0_S0_S0_S0_S0_S0_S0_S0_S0_S0_S0_S0_S0_S0_S0_jj,dynamic,MIX_AIC,1790435068928919.010	,62.911,126.731000,28,56,NO,N/A,N/A,N/A,N/A,N/A,N/A,N/A,62.55,2781165,1.225,0.02,3.184,0.051,1.476,0.024,9.114,0.146,0.001,0.0,0.705,0.011,0.0,62.57,5688804,0.208,0.003,3.039,0.049,0.591,0.009,0.189,0.003,0.105,95.688
0,4294967295,62,61,_ZN4M15L21m15_hc_segment_kernelEPhS0_S0_jS0_S0_S0_S0_S0_jj,_ZN4M15L21m15_hc_segment_kernelEPhS0_S0_jS0_S0_S0_S0_S0_jj,dynamic,MIX_AIC,1790435068929728.048	,83.054,746.089000,28,56,NO,N/A,N/A,N/A,N/A,N/A,N/A,N/A,82.69,3784874,2.206,0.027,3.248,0.039,2.145,0.026,11.551,0.14,0.001,0.0,0.969,0.012,0.0,82.72,7584136,0.388,0.005,2.736,0.033,9.508,0.115,1.077,0.013,0.014,98.639
0,4294967295,63,61,_Z20m15_gdn_layer_kernelPhS_S_S_S_S_S_S_S_S_S_S_S_S_S_,_Z20m15_gdn_layer_kernelPhS_S_S_S_S_S_S_S_S_S_S_S_S_S_,dynamic,MIX_AIC,1790435068929937.553	,142.461,126.446000,28,56,NO,N/A,N/A,N/A,N/A,N/A,N/A,N/A,142.14,6514640,15.919,0.112,6.479,0.046,15.525,0.109,101.899,0.717,0.001,0.0,1.115,0.008,0.0,142.16,13012734,1.552,0.011,1.634,0.011,4.178,0.029,1.076,0.008,0.048,98.981
0,4294967295,64,61,_ZN4M15L21m15_hc_segment_kernelEPhS0_S0_jS0_S0_S0_S0_S0_jj,_ZN4M15L21m15_hc_segment_kernelEPhS0_S0_jS0_S0_S0_S0_S0_jj,dynamic,MIX_AIC,1790435068930488.748	,75.412,408.789000,28,56,NO,N/A,N/A,N/A,N/A,N/A,N/A,N/A,75.09,3433891,2.247,0.03,2.513,0.033,2.145,0.029,11.259,0.15,0.001,0.0,0.912,0.012,0.0,75.11,6881695,0.389,0.005,2.081,0.028,1.891,0.025,2.904,0.039,0.0,98.561
0,4294967295,65,61,_ZN4M15L22m15_moe_segment_kernelEPhS0_S0_S0_S0_S0_S0_S0_S0_S0_S0_S0_S0_S0_S0_S0_jj,_ZN4M15L22m15_moe_segment_kernelEPhS0_S0_S0_S0_S0_S0_S0_S0_S0_S0_S0_S0_S0_S0_S0_jj,dynamic,MIX_AIC,1790435068930687.355	,63.068,123.088000,28,56,NO,N/A,N/A,N/A,N/A,N/A,N/A,N/A,62.69,2787232,1.225,0.02,4.043,0.064,1.476,0.024,9.083,0.145,0.001,0.0,0.648,0.01,0.0,62.71,5701832,0.208,0.003,3.448,0.055,0.559,0.009,0.164,0.003,0.108,95.658
0,4294967295,66,61,_ZN4M15L21m15_hc_segment_kernelEPhS0_S0_jS0_S0_S0_S0_S0_jj,_ZN4M15L21m15_hc_segment_kernelEPhS0_S0_jS0_S0_S0_S0_S0_jj,dynamic,MIX_AIC,1790435068931365.422	,82.447,615.182000,28,56,NO,N/A,N/A,N/A,N/A,N/A,N/A,N/A,82.07,3756086,2.207,0.027,2.84,0.035,2.159,0.026,11.687,0.142,0.001,0.0,0.968,0.012,0.0,82.09,7526129,0.389,0.005,2.193,0.027,8.988,0.109,1.049,0.013,0.016,98.609
0,4294967295,67,61,_Z27m15_attn_placeholder_kernelPhS_j,_Z27m15_attn_placeholder_kernelPhS_j,dynamic,MIX_AIC,1790435068931575.055	,2.955,127.053000,28,56,NO,N/A,N/A,N/A,N/A,N/A,N/A,N/A,2.52,34409,0.0,0.0,1.298,0.515,0.008,0.003,0.008,0.003,0.004,0.002,0.008,0.003,0.0,2.54,137202,0.0,0.0,0.687,0.27,0.122,0.048,0.046,0.018,0.233,25.204
0,4294967295,68,61,_ZN4M15L21m15_hc_segment_kernelEPhS0_S0_jS0_S0_S0_S0_S0_jj,_ZN4M15L21m15_hc_segment_kernelEPhS0_S0_jS0_S0_S0_S0_S0_jj,dynamic,MIX_AIC,1790435068932025.521	,77.076,447.545000,28,56,NO,N/A,N/A,N/A,N/A,N/A,N/A,N/A,76.76,3510796,2.212,0.029,3.016,0.039,2.165,0.028,11.46,0.149,0.001,0.0,0.959,0.012,0.0,76.78,7035307,0.388,0.005,2.423,0.032,1.819,0.024,2.48,0.032,0.0,98.593
0,4294967295,69,61,_ZN4M15L22m15_moe_segment_kernelEPhS0_S0_S0_S0_S0_S0_S0_S0_S0_S0_S0_S0_S0_S0_S0_jj,_ZN4M15L22m15_moe_segment_kernelEPhS0_S0_S0_S0_S0_S0_S0_S0_S0_S0_S0_S0_S0_S0_S0_jj,dynamic,MIX_AIC,1790435068932221.544	,62.076,118.924000,28,56,NO,N/A,N/A,N/A,N/A,N/A,N/A,N/A,61.71,2755529,1.219,0.02,4.149,0.067,1.473,0.024,9.399,0.152,0.001,0.0,0.352,0.006,0.0,61.73,5626367,0.209,0.003,3.345,0.054,0.585,0.009,0.097,0.002,0.036,96.081
0,4294967295,70,61,_ZN4M15L21m15_hc_segment_kernelEPhS0_S0_jS0_S0_S0_S0_S0_jj,_ZN4M15L21m15_hc_segment_kernelEPhS0_S0_jS0_S0_S0_S0_S0_jj,dynamic,MIX_AIC,1790435068933038.653	,82.203,755.174000,28,56,NO,N/A,N/A,N/A,N/A,N/A,N/A,N/A,81.83,3745274,2.206,0.027,2.989,0.037,2.119,0.026,11.251,0.137,0.001,0.0,0.906,0.011,0.0,81.85,7504467,0.389,0.005,2.414,0.029,8.69,0.106,1.026,0.013,0.017,98.617
0,4294967295,71,61,_Z20m15_gdn_layer_kernelPhS_S_S_S_S_S_S_S_S_S_S_S_S_S_,_Z20m15_gdn_layer_kernelPhS_S_S_S_S_S_S_S_S_S_S_S_S_S_,dynamic,MIX_AIC,1790435068933244.445	,139.701,123.547000,28,56,NO,N/A,N/A,N/A,N/A,N/A,N/A,N/A,139.38,6395409,15.899,0.114,6.345,0.046,15.404,0.111,97.405,0.699,0.001,0.0,1.245,0.009,0.0,139.4,12773953,1.554,0.011,1.478,0.011,4.462,0.032,1.067,0.008,0.049,99.089
0,4294967295,72,61,_ZN4M15L21m15_hc_segment_kernelEPhS0_S0_jS0_S0_S0_S0_S0_jj,_ZN4M15L21m15_hc_segment_kernelEPhS0_S0_jS0_S0_S0_S0_S0_jj,dynamic,MIX_AIC,1790435068933837.608	,75.027,453.299000,28,56,NO,N/A,N/A,N/A,N/A,N/A,N/A,N/A,74.7,3415989,2.216,0.03,3.13,0.042,2.132,0.029,11.176,0.15,0.001,0.0,0.842,0.011,0.0,74.73,6846305,0.39,0.005,2.717,0.036,1.907,0.026,2.234,0.03,0.0,98.550
0,4294967295,73,61,_ZN4M15L22m15_moe_segment_kernelEPhS0_S0_S0_S0_S0_S0_S0_S0_S0_S0_S0_S0_S0_S0_S0_jj,_ZN4M15L22m15_moe_segment_kernelEPhS0_S0_S0_S0_S0_S0_S0_S0_S0_S0_S0_S0_S0_S0_S0_jj,dynamic,MIX_AIC,1790435068934037.611	,63.798,124.973000,28,56,NO,N/A,N/A,N/A,N/A,N/A,N/A,N/A,63.42,2816695,1.226,0.019,3.683,0.058,1.48,0.023,9.152,0.144,0.001,0.0,0.674,0.011,0.0,63.44,5760215,0.209,0.003,3.076,0.048,0.528,0.008,0.196,0.003,0.106,95.563
0,4294967295,74,61,_ZN4M15L21m15_hc_segment_kernelEPhS0_S0_jS0_S0_S0_S0_S0_jj,_ZN4M15L21m15_hc_segment_kernelEPhS0_S0_jS0_S0_S0_S0_S0_jj,dynamic,MIX_AIC,1790435068934885.562	,81.996,784.202000,28,56,NO,N/A,N/A,N/A,N/A,N/A,N/A,N/A,81.62,3735122,2.23,0.027,2.866,0.035,2.158,0.026,11.561,0.142,0.001,0.0,0.866,0.011,0.0,81.64,7484621,0.388,0.005,2.362,0.029,9.163,0.112,1.021,0.013,0.015,98.598
0,4294967295,75,61,_Z20m15_gdn_layer_kernelPhS_S_S_S_S_S_S_S_S_S_S_S_S_S_,_Z20m15_gdn_layer_kernelPhS_S_S_S_S_S_S_S_S_S_S_S_S_S_,dynamic,MIX_AIC,1790435068935091.753	,140.643,124.254000,28,56,NO,N/A,N/A,N/A,N/A,N/A,N/A,N/A,140.34,6432806,15.918,0.113,6.366,0.045,15.523,0.111,100.632,0.717,0.001,0.0,1.162,0.008,0.0,140.36,12849095,1.554,0.011,1.466,0.01,4.764,0.034,1.102,0.008,0.047,99.001
0,4294967295,76,61,_ZN4M15L21m15_hc_segment_kernelEPhS0_S0_jS0_S0_S0_S0_S0_jj,_ZN4M15L21m15_hc_segment_kernelEPhS0_S0_jS0_S0_S0_S0_S0_jj,dynamic,MIX_AIC,1790435068935663.770	,75.613,431.357000,28,56,NO,N/A,N/A,N/A,N/A,N/A,N/A,N/A,75.31,3443702,2.189,0.029,2.667,0.035,2.149,0.029,11.281,0.15,0.001,0.0,0.884,0.012,0.0,75.33,6901197,0.389,0.005,2.186,0.029,2.035,0.027,2.606,0.035,0.0,98.580
0,4294967295,77,61,_ZN4M15L22m15_moe_segment_kernelEPhS0_S0_S0_S0_S0_S0_S0_S0_S0_S0_S0_S0_S0_S0_S0_jj,_ZN4M15L22m15_moe_segment_kernelEPhS0_S0_S0_S0_S0_S0_S0_S0_S0_S0_S0_S0_S0_S0_S0_jj,dynamic,MIX_AIC,1790435068935856.871	,63.803,117.387000,28,56,NO,N/A,N/A,N/A,N/A,N/A,N/A,N/A,63.42,2820405,1.224,0.019,4.107,0.065,1.475,0.023,9.117,0.144,0.001,0.0,0.651,0.01,0.0,63.45,5768822,0.208,0.003,3.542,0.056,0.599,0.009,0.196,0.003,0.105,95.682
0,4294967295,78,61,_ZN4M15L21m15_hc_segment_kernelEPhS0_S0_jS0_S0_S0_S0_S0_jj,_ZN4M15L21m15_hc_segment_kernelEPhS0_S0_jS0_S0_S0_S0_S0_jj,dynamic,MIX_AIC,1790435068936702.813	,83.783,782.197000,28,56,NO,N/A,N/A,N/A,N/A,N/A,N/A,N/A,83.4,3817841,2.235,0.027,3.094,0.037,2.149,0.026,12.008,0.144,0.001,0.0,0.994,0.012,0.0,83.43,7650268,0.389,0.005,2.728,0.033,9.463,0.113,1.122,0.013,0.015,98.632
0,4294967295,79,61,_Z20m15_gdn_layer_kernelPhS_S_S_S_S_S_S_S_S_S_S_S_S_S_,_Z20m15_gdn_layer_kernelPhS_S_S_S_S_S_S_S_S_S_S_S_S_S_,dynamic,MIX_AIC,1790435068936905.357	,144.748,118.717000,28,56,NO,N/A,N/A,N/A,N/A,N/A,N/A,N/A,144.44,6627312,15.898,0.11,6.477,0.045,15.571,0.108,102.633,0.711,0.001,0.0,1.226,0.008,0.0,144.46,13237827,1.558,0.011,1.641,0.011,4.512,0.031,1.068,0.007,0.047,99.102
0,4294967295,80,61,_ZN4M15L21m15_hc_segment_kernelEPhS0_S0_jS0_S0_S0_S0_S0_jj,_ZN4M15L21m15_hc_segment_kernelEPhS0_S0_jS0_S0_S0_S0_S0_jj,dynamic,MIX_AIC,1790435068937493.599	,75.830,443.502000,28,56,NO,N/A,N/A,N/A,N/A,N/A,N/A,N/A,75.52,3453589,2.212,0.029,2.747,0.036,2.163,0.029,11.319,0.15,0.001,0.0,0.913,0.012,0.0,75.54,6921460,0.39,0.005,2.266,0.03,2.124,0.028,2.524,0.033,0.0,98.580
0,4294967295,81,61,_ZN4M15L22m15_moe_segment_kernelEPhS0_S0_S0_S0_S0_S0_S0_S0_S0_S0_S0_S0_S0_S0_S0_jj,_ZN4M15L22m15_moe_segment_kernelEPhS0_S0_S0_S0_S0_S0_S0_S0_S0_S0_S0_S0_S0_S0_S0_jj,dynamic,MIX_AIC,1790435068937692.509	,63.300,123.170000,28,56,NO,N/A,N/A,N/A,N/A,N/A,N/A,N/A,62.9,2793097,1.226,0.019,3.962,0.063,1.478,0.024,9.061,0.144,0.001,0.0,0.656,0.01,0.0,62.92,5712073,0.209,0.003,3.216,0.051,0.539,0.009,0.193,0.003,0.103,95.508
0,4294967295,82,61,_ZN4M15L21m15_hc_segment_kernelEPhS0_S0_jS0_S0_S0_S0_S0_jj,_ZN4M15L21m15_hc_segment_kernelEPhS0_S0_jS0_S0_S0_S0_S0_jj,dynamic,MIX_AIC,1790435068938273.320	,82.293,517.450000,28,56,NO,N/A,N/A,N/A,N/A,N/A,N/A,N/A,81.89,3747898,2.206,0.027,3.123,0.038,2.121,0.026,11.233,0.137,0.001,0.0,0.877,0.011,0.0,81.92,7510047,0.388,0.005,2.638,0.032,9.997,0.122,0.848,0.01,0.015,98.579
0,4294967295,83,61,_Z27m15_attn_placeholder_kernelPhS_j,_Z27m15_attn_placeholder_kernelPhS_j,dynamic,MIX_AIC,1790435068938478.507	,2.216,122.957000,28,56,NO,N/A,N/A,N/A,N/A,N/A,N/A,N/A,1.76,35187,0.0,0.0,0.928,0.527,0.006,0.003,0.006,0.003,0.003,0.002,0.006,0.003,0.0,1.78,101754,0.0,0.0,0.718,0.403,0.098,0.055,0.024,0.014,0.233,34.369
0,4294967295,84,61,_ZN4M15L21m15_hc_segment_kernelEPhS0_S0_jS0_S0_S0_S0_S0_jj,_ZN4M15L21m15_hc_segment_kernelEPhS0_S0_jS0_S0_S0_S0_S0_jj,dynamic,MIX_AIC,1790435068938947.899	,76.588,467.284000,28,56,NO,N/A,N/A,N/A,N/A,N/A,N/A,N/A,76.25,3484566,2.223,0.029,2.736,0.036,2.14,0.028,11.677,0.153,0.001,0.0,0.991,0.013,0.0,76.27,6987303,0.39,0.005,2.093,0.027,1.782,0.023,2.945,0.039,0.0,98.480
0,4294967295,85,61,_ZN4M15L22m15_moe_segment_kernelEPhS0_S0_S0_S0_S0_S0_S0_S0_S0_S0_S0_S0_S0_S0_S0_jj,_ZN4M15L22m15_moe_segment_kernelEPhS0_S0_S0_S0_S0_S0_S0_S0_S0_S0_S0_S0_S0_S0_S0_jj,dynamic,MIX_AIC,1790435068939145.585	,59.774,120.912000,28,56,NO,N/A,N/A,N/A,N/A,N/A,N/A,N/A,59.44,2668198,1.213,0.02,3.868,0.065,1.465,0.025,8.877,0.149,0.001,0.0,0.386,0.006,0.0,59.46,5416193,0.21,0.004,3.158,0.053,0.498,0.008,0.09,0.002,0.039,96.619
0,4294967295,86,61,_ZN4M15L21m15_hc_segment_kernelEPhS0_S0_jS0_S0_S0_S0_S0_jj,_ZN4M15L21m15_hc_segment_kernelEPhS0_S0_jS0_S0_S0_S0_S0_jj,dynamic,MIX_AIC,1790435068939949.089	,82.303,743.726000,28,56,NO,N/A,N/A,N/A,N/A,N/A,N/A,N/A,81.97,3748245,2.23,0.027,2.762,0.034,2.141,0.026,11.426,0.139,0.001,0.0,0.977,0.012,0.0,81.99,7513129,0.388,0.005,2.317,0.028,7.877,0.096,1.109,0.014,0.018,98.576
0,4294967295,87,61,_Z20m15_gdn_layer_kernelPhS_S_S_S_S_S_S_S_S_S_S_S_S_S_,_Z20m15_gdn_layer_kernelPhS_S_S_S_S_S_S_S_S_S_S_S_S_S_,dynamic,MIX_AIC,1790435068940154.246	,140.321,122.947000,28,56,NO,N/A,N/A,N/A,N/A,N/A,N/A,N/A,139.98,6417041,15.916,0.114,6.485,0.046,15.44,0.11,98.025,0.7,0.001,0.0,1.199,0.009,0.0,140.0,12817514,1.552,0.011,1.517,0.011,4.333,0.031,1.099,0.008,0.049,98.985
0,4294967295,88,61,_ZN4M15L21m15_hc_segment_kernelEPhS0_S0_jS0_S0_S0_S0_S0_jj,_ZN4M15L21m15_hc_segment_kernelEPhS0_S0_jS0_S0_S0_S0_S0_jj,dynamic,MIX_AIC,1790435068940701.154	,76.380,406.679000,28,56,NO,N/A,N/A,N/A,N/A,N/A,N/A,N/A,76.04,3477506,2.196,0.029,2.951,0.039,2.145,0.028,11.332,0.149,0.001,0.0,1.004,0.013,0.0,76.06,6968997,0.388,0.005,2.356,0.031,2.151,0.028,2.674,0.035,0.0,98.548
0,4294967295,89,61,_ZN4M15L22m15_moe_segment_kernelEPhS0_S0_S0_S0_S0_S0_S0_S0_S0_S0_S0_S0_S0_S0_S0_jj,_ZN4M15L22m15_moe_segment_kernelEPhS0_S0_S0_S0_S0_S0_S0_S0_S0_S0_S0_S0_S0_S0_S0_jj,dynamic,MIX_AIC,1790435068940897.851	,63.512,120.120000,28,56,NO,N/A,N/A,N/A,N/A,N/A,N/A,N/A,63.16,2806373,1.225,0.019,3.852,0.061,1.476,0.023,9.156,0.145,0.001,0.0,0.665,0.011,0.0,63.18,5744540,0.208,0.003,3.254,0.052,0.525,0.008,0.187,0.003,0.106,95.642
0,4294967295,90,61,_ZN4M15L21m15_hc_segment_kernelEPhS0_S0_jS0_S0_S0_S0_S0_jj,_ZN4M15L21m15_hc_segment_kernelEPhS0_S0_jS0_S0_S0_S0_S0_jj,dynamic,MIX_AIC,1790435068941720.023	,80.805,758.738000,28,56,NO,N/A,N/A,N/A,N/A,N/A,N/A,N/A,80.45,3681584,2.236,0.028,2.838,0.035,2.12,0.026,11.107,0.138,0.001,0.0,0.835,0.01,0.0,80.48,7377237,0.389,0.005,2.311,0.029,8.937,0.111,1.196,0.015,0.012,98.618
0,4294967295,91,61,_Z20m15_gdn_layer_kernelPhS_S_S_S_S_S_S_S_S_S_S_S_S_S_,_Z20m15_gdn_layer_kernelPhS_S_S_S_S_S_S_S_S_S_S_S_S_S_,dynamic,MIX_AIC,1790435068941927.215	,139.287,126.445000,28,56,NO,N/A,N/A,N/A,N/A,N/A,N/A,N/A,138.95,6372742,15.909,0.114,6.461,0.047,15.442,0.111,97.943,0.705,0.001,0.0,1.23,0.009,0.0,138.98,12728827,1.56,0.011,1.537,0.011,4.594,0.033,1.141,0.008,0.045,99.032
0,4294967295,92,61,_ZN4M15L21m15_hc_segment_kernelEPhS0_S0_jS0_S0_S0_S0_S0_jj,_ZN4M15L21m15_hc_segment_kernelEPhS0_S0_jS0_S0_S0_S0_S0_jj,dynamic,MIX_AIC,1790435068942479.551	,76.359,412.963000,28,56,NO,N/A,N/A,N/A,N/A,N/A,N/A,N/A,76.03,3477111,2.206,0.029,2.588,0.034,2.153,0.028,11.09,0.146,0.001,0.0,0.815,0.011,0.0,76.05,6968673,0.391,0.005,2.108,0.028,1.819,0.024,2.889,0.038,0.0,98.564
0,4294967295,93,61,_ZN4M15L22m15_moe_segment_kernelEPhS0_S0_S0_S0_S0_S0_S0_S0_S0_S0_S0_S0_S0_S0_S0_jj,_ZN4M15L22m15_moe_segment_kernelEPhS0_S0_S0_S0_S0_S0_S0_S0_S0_S0_S0_S0_S0_S0_S0_jj,dynamic,MIX_AIC,1790435068942678.194	,64.218,122.391000,28,56,NO,N/A,N/A,N/A,N/A,N/A,N/A,N/A,63.87,2845776,1.22,0.019,3.622,0.057,1.475,0.023,9.086,0.142,0.001,0.0,0.728,0.011,0.0,63.89,5817029,0.208,0.003,3.085,0.048,0.546,0.009,0.178,0.003,0.107,95.918
0,4294967295,94,61,_ZN4M15L21m15_hc_segment_kernelEPhS0_S0_jS0_S0_S0_S0_S0_jj,_ZN4M15L21m15_hc_segment_kernelEPhS0_S0_jS0_S0_S0_S0_S0_jj,dynamic,MIX_AIC,1790435068943481.366	,82.820,738.782000,28,56,NO,N/A,N/A,N/A,N/A,N/A,N/A,N/A,82.47,3774795,2.181,0.026,2.937,0.036,2.148,0.026,11.951,0.145,0.001,0.0,0.894,0.011,0.0,82.5,7564114,0.388,0.005,2.558,0.031,8.957,0.109,1.133,0.014,0.015,98.654
0,4294967295,95,61,_Z20m15_gdn_layer_kernelPhS_S_S_S_S_S_S_S_S_S_S_S_S_S_,_Z20m15_gdn_layer_kernelPhS_S_S_S_S_S_S_S_S_S_S_S_S_S_,dynamic,MIX_AIC,1790435068943702.219	,141.915,138.180000,28,56,NO,N/A,N/A,N/A,N/A,N/A,N/A,N/A,141.58,6491730,15.911,0.112,6.292,0.044,15.478,0.109,101.057,0.714,0.001,0.0,1.17,0.008,0.0,141.6,12966844,1.559,0.011,1.55,0.011,4.651,0.033,1.077,0.008,0.047,99.013
0,4294967295,96,61,_ZN4M15L21m15_hc_segment_kernelEPhS0_S0_jS0_S0_S0_S0_S0_jj,_ZN4M15L21m15_hc_segment_kernelEPhS0_S0_jS0_S0_S0_S0_S0_jj,dynamic,MIX_AIC,1790435068944275.283	,76.537,431.085000,28,56,NO,N/A,N/A,N/A,N/A,N/A,N/A,N/A,76.2,3485336,2.227,0.029,2.772,0.036,2.157,0.028,11.493,0.151,0.001,0.0,0.88,0.012,0.0,76.23,6984507,0.389,0.005,2.292,0.03,2.219,0.029,2.477,0.032,0.0,98.567
0,4294967295,97,61,_ZN4M15L22m15_moe_segment_kernelEPhS0_S0_S0_S0_S0_S0_S0_S0_S0_S0_S0_S0_S0_S0_S0_jj,_ZN4M15L22m15_moe_segment_kernelEPhS0_S0_S0_S0_S0_S0_S0_S0_S0_S0_S0_S0_S0_S0_S0_jj,dynamic,MIX_AIC,1790435068944470.769	,66.121,118.963000,28,56,NO,N/A,N/A,N/A,N/A,N/A,N/A,N/A,65.75,2941550,1.217,0.019,3.761,0.057,1.468,0.022,10.155,0.154,0.001,0.0,0.658,0.01,0.0,65.78,5984830,0.208,0.003,3.29,0.05,0.56,0.009,0.191,0.003,0.103,96.293
0,4294967295,98,61,_ZN4M15L21m15_hc_segment_kernelEPhS0_S0_jS0_S0_S0_S0_S0_jj,_ZN4M15L21m15_hc_segment_kernelEPhS0_S0_jS0_S0_S0_S0_S0_jj,dynamic,MIX_AIC,1790435068944994.276	,83.400,457.379000,28,56,NO,N/A,N/A,N/A,N/A,N/A,N/A,N/A,83.03,3800319,2.198,0.026,2.684,0.032,2.145,0.026,11.583,0.14,0.001,0.0,0.926,0.011,0.0,83.06,7614983,0.389,0.005,2.187,0.026,9.549,0.115,1.31,0.016,0.015,98.631
0,4294967295,99,61,_Z27m15_attn_placeholder_kernelPhS_j,_Z27m15_attn_placeholder_kernelPhS_j,dynamic,MIX_AIC,1790435068945195.008	,2.582,117.350000,28,56,NO,N/A,N/A,N/A,N/A,N/A,N/A,N/A,2.13,35924,0.0,0.0,1.141,0.536,0.007,0.003,0.007,0.003,0.003,0.002,0.007,0.003,0.0,2.15,110803,0.0,0.0,0.745,0.347,0.106,0.049,0.027,0.013,0.233,30.115
0,4294967295,100,61,_ZN4M15L21m15_hc_segment_kernelEPhS0_S0_jS0_S0_S0_S0_S0_jj,_ZN4M15L21m15_hc_segment_kernelEPhS0_S0_jS0_S0_S0_S0_S0_jj,dynamic,MIX_AIC,1790435068945640.503	,74.558,442.918000,28,56,NO,N/A,N/A,N/A,N/A,N/A,N/A,N/A,74.23,3393809,2.195,0.03,3.212,0.043,2.138,0.029,11.01,0.148,0.001,0.0,0.847,0.011,0.0,74.25,6801960,0.388,0.005,2.615,0.035,1.734,0.023,2.31,0.031,0.0,98.526
0,4294967295,101,61,_ZN4M15L22m15_moe_segment_kernelEPhS0_S0_S0_S0_S0_S0_S0_S0_S0_S0_S0_S0_S0_S0_S0_jj,_ZN4M15L22m15_moe_segment_kernelEPhS0_S0_S0_S0_S0_S0_S0_S0_S0_S0_S0_S0_S0_S0_S0_jj,dynamic,MIX_AIC,1790435068945834.356	,59.138,119.192000,28,56,NO,N/A,N/A,N/A,N/A,N/A,N/A,N/A,58.78,2633658,1.215,0.021,4.068,0.069,1.468,0.025,8.912,0.152,0.001,0.0,0.363,0.006,0.0,58.81,5355920,0.21,0.004,3.305,0.056,0.495,0.008,0.092,0.002,0.039,96.394
0,4294967295,102,61,_ZN4M15L21m15_hc_segment_kernelEPhS0_S0_jS0_S0_S0_S0_S0_jj,_ZN4M15L21m15_hc_segment_kernelEPhS0_S0_jS0_S0_S0_S0_S0_jj,dynamic,MIX_AIC,1790435068946634.308	,82.628,740.862000,28,56,NO,N/A,N/A,N/A,N/A,N/A,N/A,N/A,82.27,3765942,2.196,0.027,3.105,0.038,2.143,0.026,11.205,0.136,0.001,0.0,0.83,0.01,0.0,82.3,7546139,0.389,0.005,2.647,0.032,8.546,0.104,1.136,0.014,0.018,98.652
0,4294967295,103,61,_Z20m15_gdn_layer_kernelPhS_S_S_S_S_S_S_S_S_S_S_S_S_S_,_Z20m15_gdn_layer_kernelPhS_S_S_S_S_S_S_S_S_S_S_S_S_S_,dynamic,MIX_AIC,1790435068946835.820	,135.517,118.872000,28,56,NO,N/A,N/A,N/A,N/A,N/A,N/A,N/A,135.18,6198868,15.911,0.118,6.513,0.048,15.335,0.113,94.282,0.697,0.001,0.0,1.16,0.009,0.0,135.2,12381103,1.558,0.012,1.627,0.012,4.485,0.033,1.06,0.008,0.049,99.009
0,4294967295,104,61,_ZN4M15L21m15_hc_segment_kernelEPhS0_S0_jS0_S0_S0_S0_S0_jj,_ZN4M15L21m15_hc_segment_kernelEPhS0_S0_jS0_S0_S0_S0_S0_jj,dynamic,MIX_AIC,1790435068947375.988	,75.536,404.733000,28,56,NO,N/A,N/A,N/A,N/A,N/A,N/A,N/A,75.2,3438793,2.235,0.03,2.715,0.036,2.149,0.029,11.328,0.151,0.001,0.0,0.862,0.011,0.0,75.22,6891786,0.39,0.005,2.28,0.03,1.923,0.026,2.585,0.034,0.0,98.539
0,4294967295,105,61,_ZN4M15L22m15_moe_segment_kernelEPhS0_S0_S0_S0_S0_S0_S0_S0_S0_S0_S0_S0_S0_S0_S0_jj,_ZN4M15L22m15_moe_segment_kernelEPhS0_S0_S0_S0_S0_S0_S0_S0_S0_S0_S0_S0_S0_S0_S0_jj,dynamic,MIX_AIC,1790435068947569.572	,64.173,117.964000,28,56,NO,N/A,N/A,N/A,N/A,N/A,N/A,N/A,63.81,2847403,1.22,0.019,4.223,0.066,1.471,0.023,9.107,0.143,0.001,0.0,0.642,0.01,0.0,63.83,5812254,0.208,0.003,3.477,0.054,0.589,0.009,0.186,0.003,0.106,96.041
0,4294967295,106,61,_ZN4M15L21m15_hc_segment_kernelEPhS0_S0_jS0_S0_S0_S0_S0_jj,_ZN4M15L21m15_hc_segment_kernelEPhS0_S0_jS0_S0_S0_S0_S0_jj,dynamic,MIX_AIC,1790435068948374.375	,83.788,740.827000,28,56,NO,N/A,N/A,N/A,N/A,N/A,N/A,N/A,83.42,3818694,2.204,0.026,3.2,0.038,2.134,0.026,12.663,0.152,0.001,0.0,0.961,0.012,0.0,83.45,7652219,0.388,0.005,2.735,0.033,8.72,0.104,1.27,0.015,0.017,98.649
0,4294967295,107,61,_Z20m15_gdn_layer_kernelPhS_S_S_S_S_S_S_S_S_S_S_S_S_S_,_Z20m15_gdn_layer_kernelPhS_S_S_S_S_S_S_S_S_S_S_S_S_S_,dynamic,MIX_AIC,1790435068948585.494	,140.210,127.212000,28,56,NO,N/A,N/A,N/A,N/A,N/A,N/A,N/A,139.88,6413110,15.914,0.114,6.527,0.047,15.494,0.111,99.854,0.714,0.001,0.0,1.216,0.009,0.0,139.91,12809659,1.555,0.011,1.506,0.011,4.078,0.029,1.122,0.008,0.045,99.003
0,4294967295,108,61,_ZN4M15L21m15_hc_segment_kernelEPhS0_S0_jS0_S0_S0_S0_S0_jj,_ZN4M15L21m15_hc_segment_kernelEPhS0_S0_jS0_S0_S0_S0_S0_jj,dynamic,MIX_AIC,1790435068949149.462	,76.302,423.790000,28,56,NO,N/A,N/A,N/A,N/A,N/A,N/A,N/A,75.98,3474553,2.224,0.029,3.067,0.04,2.13,0.028,11.593,0.153,0.001,0.0,0.936,0.012,0.0,76.0,6963127,0.389,0.005,2.526,0.033,2.067,0.027,2.44,0.032,0.0,98.565
0,4294967295,109,61,_ZN4M15L22m15_moe_segment_kernelEPhS0_S0_S0_S0_S0_S0_S0_S0_S0_S0_S0_S0_S0_S0_S0_jj,_ZN4M15L22m15_moe_segment_kernelEPhS0_S0_S0_S0_S0_S0_S0_S0_S0_S0_S0_S0_S0_S0_S0_jj,dynamic,MIX_AIC,1790435068949347.157	,63.957,121.448000,28,56,NO,N/A,N/A,N/A,N/A,N/A,N/A,N/A,63.59,2828842,1.224,0.019,3.845,0.06,1.476,0.023,9.142,0.144,0.001,0.0,0.687,0.011,0.0,63.62,5784735,0.208,0.003,3.151,0.05,0.539,0.008,0.19,0.003,0.11,95.737
0,4294967295,110,61,_ZN4M15L21m15_hc_segment_kernelEPhS0_S0_jS0_S0_S0_S0_S0_jj,_ZN4M15L21m15_hc_segment_kernelEPhS0_S0_jS0_S0_S0_S0_S0_jj,dynamic,MIX_AIC,1790435068950182.336	,81.708,771.043000,28,56,NO,N/A,N/A,N/A,N/A,N/A,N/A,N/A,81.34,3722206,2.205,0.027,2.667,0.033,2.151,0.026,11.525,0.142,0.001,0.0,0.885,0.011,0.0,81.37,7458597,0.389,0.005,2.231,0.027,8.781,0.108,1.068,0.013,0.013,98.604
0,4294967295,111,61,_Z20m15_gdn_layer_kernelPhS_S_S_S_S_S_S_S_S_S_S_S_S_S_,_Z20m15_gdn_layer_kernelPhS_S_S_S_S_S_S_S_S_S_S_S_S_S_,dynamic,MIX_AIC,1790435068950385.432	,136.651,121.542000,28,56,NO,N/A,N/A,N/A,N/A,N/A,N/A,N/A,136.32,6251900,15.909,0.117,6.395,0.047,15.463,0.113,96.634,0.709,0.001,0.0,1.151,0.008,0.0,136.35,12487148,1.561,0.011,1.605,0.012,4.478,0.033,1.052,0.008,0.048,99.028
0,4294967295,112,61,_ZN4M15L21m15_hc_segment_kernelEPhS0_S0_jS0_S0_S0_S0_S0_jj,_ZN4M15L21m15_hc_segment_kernelEPhS0_S0_jS0_S0_S0_S0_S0_jj,dynamic,MIX_AIC,1790435068950932.587	,75.941,410.349000,28,56,NO,N/A,N/A,N/A,N/A,N/A,N/A,N/A,75.61,3457842,2.231,0.03,2.784,0.037,2.132,0.028,11.564,0.153,0.001,0.0,0.869,0.011,0.0,75.64,6930178,0.39,0.005,2.239,0.03,1.881,0.025,2.777,0.037,0.0,98.557
0,4294967295,113,61,_ZN4M15L22m15_moe_segment_kernelEPhS0_S0_S0_S0_S0_S0_S0_S0_S0_S0_S0_S0_S0_S0_S0_jj,_ZN4M15L22m15_moe_segment_kernelEPhS0_S0_S0_S0_S0_S0_S0_S0_S0_S0_S0_S0_S0_S0_S0_jj,dynamic,MIX_AIC,1790435068951132.895	,64.050,124.559000,28,56,NO,N/A,N/A,N/A,N/A,N/A,N/A,N/A,63.66,2832348,1.222,0.019,3.77,0.059,1.475,0.023,9.079,0.143,0.001,0.0,0.713,0.011,0.0,63.69,5790903,0.208,0.003,3.277,0.051,0.525,0.008,0.199,0.003,0.105,95.716
0,4294967295,114,61,_ZN4M15L21m15_hc_segment_kernelEPhS0_S0_jS0_S0_S0_S0_S0_jj,_ZN4M15L21m15_hc_segment_kernelEPhS0_S0_jS0_S0_S0_S0_S0_jj,dynamic,MIX_AIC,1790435068951637.237	,82.499,440.200000,28,56,NO,N/A,N/A,N/A,N/A,N/A,N/A,N/A,82.11,3757566,2.22,0.027,3.183,0.039,2.136,0.026,11.871,0.145,0.001,0.0,0.9,0.011,0.0,82.14,7529267,0.388,0.005,2.561,0.031,9.172,0.112,1.103,0.013,0.017,98.586
0,4294967295,115,61,_Z27m15_attn_placeholder_kernelPhS_j,_Z27m15_attn_placeholder_kernelPhS_j,dynamic,MIX_AIC,1790435068951841.987	,2.389,122.251000,28,56,NO,N/A,N/A,N/A,N/A,N/A,N/A,N/A,1.95,36344,0.0,0.0,1.056,0.542,0.006,0.003,0.006,0.003,0.003,0.002,0.006,0.003,0.0,1.98,104493,0.0,0.0,0.75,0.379,0.103,0.052,0.026,0.013,0.233,32.929
0,4294967295,116,61,_ZN4M15L21m15_hc_segment_kernelEPhS0_S0_jS0_S0_S0_S0_S0_jj,_ZN4M15L21m15_hc_segment_kernelEPhS0_S0_jS0_S0_S0_S0_S0_jj,dynamic,MIX_AIC,1790435068952306.296	,76.424,461.861000,28,56,NO,N/A,N/A,N/A,N/A,N/A,N/A,N/A,76.1,3480687,2.21,0.029,3.002,0.039,2.14,0.028,11.36,0.149,0.001,0.0,0.914,0.012,0.0,76.13,6975518,0.39,0.005,2.666,0.035,1.672,0.022,2.287,0.03,0.0,98.581
0,4294967295,117,61,_ZN4M15L22m15_moe_segment_kernelEPhS0_S0_S0_S0_S0_S0_S0_S0_S0_S0_S0_S0_S0_S0_S0_jj,_ZN4M15L22m15_moe_segment_kernelEPhS0_S0_S0_S0_S0_S0_S0_S0_S0_S0_S0_S0_S0_S0_S0_jj,dynamic,MIX_AIC,1790435068952503.909	,58.964,121.326000,28,56,NO,N/A,N/A,N/A,N/A,N/A,N/A,N/A,58.6,2630269,1.213,0.021,4.286,0.073,1.463,0.025,8.862,0.151,0.001,0.0,0.351,0.006,0.0,58.62,5339244,0.209,0.004,3.562,0.061,0.56,0.01,0.09,0.002,0.04,96.554
0,4294967295,118,61,_ZN4M15L21m15_hc_segment_kernelEPhS0_S0_jS0_S0_S0_S0_S0_jj,_ZN4M15L21m15_hc_segment_kernelEPhS0_S0_jS0_S0_S0_S0_S0_jj,dynamic,MIX_AIC,1790435068953341.946	,81.625,779.036000,28,56,NO,N/A,N/A,N/A,N/A,N/A,N/A,N/A,81.26,3718803,2.22,0.027,2.702,0.033,2.138,0.026,11.25,0.138,0.001,0.0,0.888,0.011,0.0,81.29,7451801,0.388,0.005,2.342,0.029,8.436,0.104,1.264,0.016,0.018,98.614
0,4294967295,119,61,_Z20m15_gdn_layer_kernelPhS_S_S_S_S_S_S_S_S_S_S_S_S_S_,_Z20m15_gdn_layer_kernelPhS_S_S_S_S_S_S_S_S_S_S_S_S_S_,dynamic,MIX_AIC,1790435068953543.196	,143.777,119.625000,28,56,NO,N/A,N/A,N/A,N/A,N/A,N/A,N/A,143.45,6581035,15.904,0.111,6.502,0.045,15.505,0.108,101.004,0.704,0.001,0.0,1.2,0.008,0.0,143.48,13145400,1.551,0.011,1.477,0.01,4.494,0.031,1.045,0.007,0.048,99.075
0,4294967295,120,61,_ZN4M15L21m15_hc_segment_kernelEPhS0_S0_jS0_S0_S0_S0_S0_jj,_ZN4M15L21m15_hc_segment_kernelEPhS0_S0_jS0_S0_S0_S0_S0_jj,dynamic,MIX_AIC,1790435068954097.987	,75.119,410.973000,28,56,NO,N/A,N/A,N/A,N/A,N/A,N/A,N/A,74.8,3419679,2.209,0.03,2.481,0.033,2.142,0.029,11.118,0.149,0.001,0.0,0.818,0.011,0.0,74.82,6853642,0.389,0.005,2.02,0.027,2.174,0.029,2.755,0.037,0.0,98.536
0,4294967295,121,61,_ZN4M15L22m15_moe_segment_kernelEPhS0_S0_S0_S0_S0_S0_S0_S0_S0_S0_S0_S0_S0_S0_S0_jj,_ZN4M15L22m15_moe_segment_kernelEPhS0_S0_S0_S0_S0_S0_S0_S0_S0_S0_S0_S0_S0_S0_S0_jj,dynamic,MIX_AIC,1790435068954290.862	,63.116,117.631000,28,56,NO,N/A,N/A,N/A,N/A,N/A,N/A,N/A,62.73,2789230,1.221,0.019,3.631,0.058,1.474,0.023,9.032,0.144,0.001,0.0,0.753,0.012,0.0,62.76,5705370,0.208,0.003,3.313,0.053,0.587,0.009,0.191,0.003,0.106,95.654
0,4294967295,122,61,_ZN4M15L21m15_hc_segment_kernelEPhS0_S0_jS0_S0_S0_S0_S0_jj,_ZN4M15L21m15_hc_segment_kernelEPhS0_S0_jS0_S0_S0_S0_S0_jj,dynamic,MIX_AIC,1790435068955119.353	,82.544,765.384000,28,56,NO,N/A,N/A,N/A,N/A,N/A,N/A,N/A,82.16,3759990,2.214,0.027,2.995,0.036,2.143,0.026,11.549,0.141,0.001,0.0,0.784,0.01,0.0,82.19,7534508,0.389,0.005,2.572,0.031,8.973,0.109,1.165,0.014,0.014,98.596
0,4294967295,123,61,_Z20m15_gdn_layer_kernelPhS_S_S_S_S_S_S_S_S_S_S_S_S_S_,_Z20m15_gdn_layer_kernelPhS_S_S_S_S_S_S_S_S_S_S_S_S_S_,dynamic,MIX_AIC,1790435068955319.227	,138.479,117.456000,28,56,NO,N/A,N/A,N/A,N/A,N/A,N/A,N/A,138.15,6331122,15.921,0.115,6.429,0.047,15.515,0.112,97.95,0.709,0.001,0.0,1.149,0.008,0.0,138.18,12645663,1.56,0.011,1.557,0.011,4.849,0.035,1.021,0.007,0.046,98.959
0,4294967295,124,61,_ZN4M15L21m15_hc_segment_kernelEPhS0_S0_jS0_S0_S0_S0_S0_jj,_ZN4M15L21m15_hc_segment_kernelEPhS0_S0_jS0_S0_S0_S0_S0_jj,dynamic,MIX_AIC,1790435068955866.063	,75.488,408.271000,28,56,NO,N/A,N/A,N/A,N/A,N/A,N/A,N/A,75.16,3437036,2.177,0.029,2.84,0.038,2.14,0.028,11.245,0.15,0.001,0.0,0.941,0.013,0.0,75.19,6887970,0.391,0.005,2.298,0.031,1.888,0.025,2.649,0.035,0.0,98.552
0,4294967295,125,61,_ZN4M15L22m15_moe_segment_kernelEPhS0_S0_S0_S0_S0_S0_S0_S0_S0_S0_S0_S0_S0_S0_S0_jj,_ZN4M15L22m15_moe_segment_kernelEPhS0_S0_S0_S0_S0_S0_S0_S0_S0_S0_S0_S0_S0_S0_S0_jj,dynamic,MIX_AIC,1790435068956064.574	,65.415,123.012000,28,56,NO,N/A,N/A,N/A,N/A,N/A,N/A,N/A,65.06,2896881,1.223,0.019,4.197,0.065,1.473,0.023,9.154,0.141,0.001,0.0,0.67,0.01,0.0,65.09,5920238,0.209,0.003,3.888,0.06,0.781,0.012,0.197,0.003,0.107,95.854
0,4294967295,126,61,_ZN4M15L21m15_hc_segment_kernelEPhS0_S0_jS0_S0_S0_S0_S0_jj,_ZN4M15L21m15_hc_segment_kernelEPhS0_S0_jS0_S0_S0_S0_S0_jj,dynamic,MIX_AIC,1790435068956881.122	,82.575,751.085000,28,56,NO,N/A,N/A,N/A,N/A,N/A,N/A,N/A,82.22,3762626,2.226,0.027,2.917,0.035,2.142,0.026,11.484,0.14,0.001,0.0,0.892,0.011,0.0,82.24,7539798,0.388,0.005,2.314,0.028,8.634,0.105,1.183,0.014,0.015,98.628
0,4294967295,127,61,_Z20m15_gdn_layer_kernelPhS_S_S_S_S_S_S_S_S_S_S_S_S_S_,_Z20m15_gdn_layer_kernelPhS_S_S_S_S_S_S_S_S_S_S_S_S_S_,dynamic,MIX_AIC,1790435068957081.776	,137.335,118.175000,28,56,NO,N/A,N/A,N/A,N/A,N/A,N/A,N/A,137.0,6271793,15.938,0.116,6.334,0.046,15.437,0.113,96.315,0.703,0.001,0.0,1.177,0.009,0.0,137.03,12527334,1.558,0.011,1.482,0.011,4.173,0.03,1.08,0.008,0.047,98.848
0,4294967295,128,61,_ZN4M15L21m15_hc_segment_kernelEPhS0_S0_jS0_S0_S0_S0_S0_jj,_ZN4M15L21m15_hc_segment_kernelEPhS0_S0_jS0_S0_S0_S0_S0_jj,dynamic,MIX_AIC,1790435068957623.472	,76.326,404.415000,28,56,NO,N/A,N/A,N/A,N/A,N/A,N/A,N/A,76.0,3475038,2.22,0.029,2.494,0.033,2.147,0.028,11.223,0.148,0.001,0.0,0.848,0.011,0.0,76.02,6963851,0.389,0.005,2.055,0.027,1.913,0.025,2.903,0.038,0.0,98.547
0,4294967295,129,61,_ZN4M15L22m15_moe_segment_kernelEPhS0_S0_S0_S0_S0_S0_S0_S0_S0_S0_S0_S0_S0_S0_S0_jj,_ZN4M15L22m15_moe_segment_kernelEPhS0_S0_S0_S0_S0_S0_S0_S0_S0_S0_S0_S0_S0_S0_S0_jj,dynamic,MIX_AIC,1790435068957823.725	,63.567,123.924000,28,56,NO,N/A,N/A,N/A,N/A,N/A,N/A,N/A,63.19,2810746,1.224,0.019,3.863,0.061,1.476,0.023,9.111,0.144,0.001,0.0,0.666,0.011,0.0,63.22,5747855,0.209,0.003,3.129,0.049,0.578,0.009,0.19,0.003,0.104,95.708
0,4294967295,130,61,_ZN4M15L21m15_hc_segment_kernelEPhS0_S0_jS0_S0_S0_S0_S0_jj,_ZN4M15L21m15_hc_segment_kernelEPhS0_S0_jS0_S0_S0_S0_S0_jj,dynamic,MIX_AIC,1790435068958363.250	,82.376,475.933000,28,56,NO,N/A,N/A,N/A,N/A,N/A,N/A,N/A,82.0,3753135,2.245,0.027,3.05,0.037,2.156,0.026,11.71,0.143,0.001,0.0,0.936,0.011,0.0,82.03,7520490,0.389,0.005,2.585,0.032,8.954,0.109,0.856,0.01,0.016,98.617
0,4294967295,131,61,_Z27m15_attn_placeholder_kernelPhS_j,_Z27m15_attn_placeholder_kernelPhS_j,dynamic,MIX_AIC,1790435068958568.439	,3.159,122.874000,28,56,NO,N/A,N/A,N/A,N/A,N/A,N/A,N/A,2.73,34139,0.0,0.0,1.398,0.512,0.009,0.003,0.009,0.003,0.004,0.002,0.009,0.003,0.0,2.76,135061,0.0,0.0,0.743,0.269,0.11,0.04,0.028,0.01,0.233,23.392
0,4294967295,132,61,_ZN4M15L21m15_hc_segment_kernelEPhS0_S0_jS0_S0_S0_S0_S0_jj,_ZN4M15L21m15_hc_segment_kernelEPhS0_S0_jS0_S0_S0_S0_S0_jj,dynamic,MIX_AIC,1790435068959011.771	,76.070,440.091000,28,56,NO,N/A,N/A,N/A,N/A,N/A,N/A,N/A,75.76,3464869,2.196,0.029,3.184,0.042,2.161,0.029,11.418,0.151,0.001,0.0,0.846,0.011,0.0,75.79,6943482,0.388,0.005,2.617,0.035,1.684,0.022,2.401,0.032,0.0,98.590
0,4294967295,133,61,_ZN4M15L22m15_moe_segment_kernelEPhS0_S0_S0_S0_S0_S0_S0_S0_S0_S0_S0_S0_S0_S0_S0_jj,_ZN4M15L22m15_moe_segment_kernelEPhS0_S0_S0_S0_S0_S0_S0_S0_S0_S0_S0_S0_S0_S0_S0_jj,dynamic,MIX_AIC,1790435068959209.192	,60.730,121.430000,28,56,NO,N/A,N/A,N/A,N/A,N/A,N/A,N/A,60.35,2707034,1.214,0.02,4.616,0.076,1.465,0.024,9.001,0.149,0.001,0.0,0.465,0.008,0.0,60.38,5495419,0.208,0.003,3.942,0.065,0.518,0.009,0.098,0.002,0.04,96.482
0,4294967295,134,61,_ZN4M15L21m15_hc_segment_kernelEPhS0_S0_jS0_S0_S0_S0_S0_jj,_ZN4M15L21m15_hc_segment_kernelEPhS0_S0_jS0_S0_S0_S0_S0_jj,dynamic,MIX_AIC,1790435068960020.142	,82.461,750.270000,28,56,NO,N/A,N/A,N/A,N/A,N/A,N/A,N/A,82.08,3756585,2.224,0.027,2.593,0.032,2.165,0.026,11.457,0.14,0.001,0.0,0.877,0.011,0.0,82.11,7527288,0.389,0.005,2.111,0.026,8.379,0.102,1.207,0.015,0.018,98.606
0,4294967295,135,61,_Z20m15_gdn_layer_kernelPhS_S_S_S_S_S_S_S_S_S_S_S_S_S_,_Z20m15_gdn_layer_kernelPhS_S_S_S_S_S_S_S_S_S_S_S_S_S_,dynamic,MIX_AIC,1790435068960227.698	,137.806,125.039000,28,56,NO,N/A,N/A,N/A,N/A,N/A,N/A,N/A,137.5,6306903,15.907,0.116,6.413,0.047,15.487,0.113,97.645,0.71,0.001,0.0,1.203,0.009,0.0,137.52,12597039,1.555,0.011,1.442,0.01,4.569,0.033,1.095,0.008,0.05,99.062
0,4294967295,136,61,_ZN4M15L21m15_hc_segment_kernelEPhS0_S0_jS0_S0_S0_S0_S0_jj,_ZN4M15L21m15_hc_segment_kernelEPhS0_S0_jS0_S0_S0_S0_S0_jj,dynamic,MIX_AIC,1790435068960768.415	,76.369,402.944000,28,56,NO,N/A,N/A,N/A,N/A,N/A,N/A,N/A,75.98,3474825,2.218,0.029,2.802,0.037,2.161,0.028,11.308,0.149,0.001,0.0,0.928,0.012,0.0,76.0,6963816,0.39,0.005,2.297,0.03,1.995,0.026,2.611,0.034,0.0,98.486
0,4294967295,137,61,_ZN4M15L22m15_moe_segment_kernelEPhS0_S0_S0_S0_S0_S0_S0_S0_S0_S0_S0_S0_S0_S0_S0_jj,_ZN4M15L22m15_moe_segment_kernelEPhS0_S0_S0_S0_S0_S0_S0_S0_S0_S0_S0_S0_S0_S0_S0_jj,dynamic,MIX_AIC,1790435068960964.299	,64.590,119.381000,28,56,NO,N/A,N/A,N/A,N/A,N/A,N/A,N/A,64.19,2855618,1.224,0.019,4.086,0.064,1.471,0.023,9.181,0.143,0.001,0.0,0.638,0.01,0.0,64.21,5845810,0.208,0.003,3.436,0.054,0.538,0.008,0.185,0.003,0.105,95.696
0,4294967295,138,61,_ZN4M15L21m15_hc_segment_kernelEPhS0_S0_jS0_S0_S0_S0_S0_jj,_ZN4M15L21m15_hc_segment_kernelEPhS0_S0_jS0_S0_S0_S0_S0_jj,dynamic,MIX_AIC,1790435068961766.634	,81.578,737.910000,28,56,NO,N/A,N/A,N/A,N/A,N/A,N/A,N/A,81.18,3714344,2.234,0.028,2.652,0.033,2.165,0.027,11.462,0.141,0.001,0.0,0.893,0.011,0.0,81.2,7442962,0.388,0.005,2.182,0.027,8.112,0.1,1.213,0.015,0.016,98.552
0,4294967295,139,61,_Z20m15_gdn_layer_kernelPhS_S_S_S_S_S_S_S_S_S_S_S_S_S_,_Z20m15_gdn_layer_kernelPhS_S_S_S_S_S_S_S_S_S_S_S_S_S_,dynamic,MIX_AIC,1790435068961970.908	,144.468,122.672000,28,56,NO,N/A,N/A,N/A,N/A,N/A,N/A,N/A,144.15,6605390,15.923,0.11,6.418,0.045,15.553,0.108,101.249,0.702,0.001,0.0,1.211,0.008,0.0,144.17,13194413,1.556,0.011,1.512,0.01,4.96,0.034,1.088,0.008,0.046,98.966
0,4294967295,140,61,_ZN4M15L21m15_hc_segment_kernelEPhS0_S0_jS0_S0_S0_S0_S0_jj,_ZN4M15L21m15_hc_segment_kernelEPhS0_S0_jS0_S0_S0_S0_S0_jj,dynamic,MIX_AIC,1790435068962542.380	,75.707,427.032000,28,56,NO,N/A,N/A,N/A,N/A,N/A,N/A,N/A,75.39,3447424,2.212,0.029,3.27,0.043,2.152,0.029,11.176,0.148,0.001,0.0,0.841,0.011,0.0,75.41,6908802,0.389,0.005,2.78,0.037,1.856,0.025,2.308,0.031,0.0,98.564
0,4294967295,141,61,_ZN4M15L22m15_moe_segment_kernelEPhS0_S0_S0_S0_S0_S0_S0_S0_S0_S0_S0_S0_S0_S0_S0_jj,_ZN4M15L22m15_moe_segment_kernelEPhS0_S0_S0_S0_S0_S0_S0_S0_S0_S0_S0_S0_S0_S0_S0_jj,dynamic,MIX_AIC,1790435068962733.532	,64.241,115.293000,28,56,NO,N/A,N/A,N/A,N/A,N/A,N/A,N/A,63.87,2847425,1.221,0.019,4.261,0.067,1.472,0.023,9.033,0.141,0.001,0.0,0.665,0.01,0.0,63.9,5816260,0.207,0.003,3.691,0.058,0.627,0.01,0.196,0.003,0.108,95.940
0,4294967295,142,61,_ZN4M15L21m15_hc_segment_kernelEPhS0_S0_jS0_S0_S0_S0_S0_jj,_ZN4M15L21m15_hc_segment_kernelEPhS0_S0_jS0_S0_S0_S0_S0_jj,dynamic,MIX_AIC,1790435068963567.211	,82.205,769.509000,28,56,NO,N/A,N/A,N/A,N/A,N/A,N/A,N/A,81.84,3745681,2.218,0.027,2.587,0.032,2.144,0.026,11.436,0.14,0.001,0.0,0.858,0.01,0.0,81.86,7505553,0.389,0.005,2.178,0.027,9.467,0.116,1.042,0.013,0.014,98.626
0,4294967295,143,61,_Z20m15_gdn_layer_kernelPhS_S_S_S_S_S_S_S_S_S_S_S_S_S_,_Z20m15_gdn_layer_kernelPhS_S_S_S_S_S_S_S_S_S_S_S_S_S_,dynamic,MIX_AIC,1790435068963766.310	,142.561,116.795000,28,56,NO,N/A,N/A,N/A,N/A,N/A,N/A,N/A,142.23,6519567,15.917,0.112,6.604,0.046,15.563,0.109,100.369,0.706,0.001,0.0,1.142,0.008,0.0,142.26,13022619,1.556,0.011,1.746,0.012,4.389,0.031,1.055,0.007,0.047,98.987
0,4294967295,144,61,_ZN4M15L21m15_hc_segment_kernelEPhS0_S0_jS0_S0_S0_S0_S0_jj,_ZN4M15L21m15_hc_segment_kernelEPhS0_S0_jS0_S0_S0_S0_S0_jj,dynamic,MIX_AIC,1790435068964321.271	,76.325,412.439000,28,56,NO,N/A,N/A,N/A,N/A,N/A,N/A,N/A,76.0,3475909,2.198,0.029,2.472,0.033,2.149,0.028,11.259,0.148,0.001,0.0,0.91,0.012,0.0,76.03,6965620,0.39,0.005,2.105,0.028,1.95,0.026,2.781,0.037,0.0,98.573
0,4294967295,145,61,_ZN4M15L22m15_moe_segment_kernelEPhS0_S0_S0_S0_S0_S0_S0_S0_S0_S0_S0_S0_S0_S0_S0_jj,_ZN4M15L22m15_moe_segment_kernelEPhS0_S0_S0_S0_S0_S0_S0_S0_S0_S0_S0_S0_S0_S0_S0_jj,dynamic,MIX_AIC,1790435068964517.282	,63.796,119.675000,28,56,NO,N/A,N/A,N/A,N/A,N/A,N/A,N/A,63.41,2823341,1.223,0.019,3.961,0.062,1.476,0.023,9.15,0.144,0.001,0.0,0.647,0.01,0.0,63.44,5774321,0.208,0.003,3.418,0.054,0.5,0.008,0.194,0.003,0.102,95.792
0,4294967295,146,61,_ZN4M15L21m15_hc_segment_kernelEPhS0_S0_jS0_S0_S0_S0_S0_jj,_ZN4M15L21m15_hc_segment_kernelEPhS0_S0_jS0_S0_S0_S0_S0_jj,dynamic,MIX_AIC,1790435068965018.553	,84.287,437.454000,28,56,NO,N/A,N/A,N/A,N/A,N/A,N/A,N/A,83.91,3840491,2.239,0.027,2.929,0.035,2.143,0.026,11.826,0.141,0.001,0.0,0.876,0.01,0.0,83.93,7695687,0.388,0.005,2.438,0.029,9.741,0.116,1.061,0.013,0.014,98.624
0,4294967295,147,61,_Z27m15_attn_placeholder_kernelPhS_j,_Z27m15_attn_placeholder_kernelPhS_j,dynamic,MIX_AIC,1790435068965219.033	,2.589,116.213000,28,56,NO,N/A,N/A,N/A,N/A,N/A,N/A,N/A,2.14,34284,0.0,0.0,1.098,0.513,0.007,0.003,0.007,0.003,0.003,0.002,0.007,0.003,0.0,2.16,106695,0.0,0.0,0.523,0.242,0.115,0.053,0.028,0.013,0.233,28.663
0,4294967295,148,61,_ZN4M15L21m15_hc_segment_kernelEPhS0_S0_jS0_S0_S0_S0_S0_jj,_ZN4M15L21m15_hc_segment_kernelEPhS0_S0_jS0_S0_S0_S0_S0_jj,dynamic,MIX_AIC,1790435068965678.339	,76.114,456.661000,28,56,NO,N/A,N/A,N/A,N/A,N/A,N/A,N/A,75.78,3465948,2.198,0.029,3.043,0.04,2.144,0.028,11.816,0.156,0.001,0.0,1.064,0.014,0.0,75.8,6945653,0.39,0.005,2.542,0.034,1.738,0.023,2.388,0.032,0.0,98.563
0,4294967295,149,61,_ZN4M15L22m15_moe_segment_kernelEPhS0_S0_S0_S0_S0_S0_S0_S0_S0_S0_S0_S0_S0_S0_S0_jj,_ZN4M15L22m15_moe_segment_kernelEPhS0_S0_S0_S0_S0_S0_S0_S0_S0_S0_S0_S0_S0_S0_S0_jj,dynamic,MIX_AIC,1790435068965875.837	,59.772,121.386000,28,56,NO,N/A,N/A,N/A,N/A,N/A,N/A,N/A,59.42,2667174,1.213,0.02,4.262,0.072,1.465,0.025,8.85,0.149,0.001,0.0,0.444,0.007,0.0,59.45,5415514,0.209,0.004,3.457,0.058,0.55,0.009,0.09,0.002,0.039,96.585
0,4294967295,150,61,_ZN4M15L21m15_hc_segment_kernelEPhS0_S0_jS0_S0_S0_S0_S0_jj,_ZN4M15L21m15_hc_segment_kernelEPhS0_S0_jS0_S0_S0_S0_S0_jj,dynamic,MIX_AIC,1790435068966697.974	,82.347,762.478000,28,56,NO,N/A,N/A,N/A,N/A,N/A,N/A,N/A,82.0,3752983,2.199,0.027,3.008,0.037,2.144,0.026,11.267,0.137,0.001,0.0,0.861,0.011,0.0,82.02,7519868,0.388,0.005,2.639,0.032,8.777,0.107,1.082,0.013,0.018,98.648
0,4294967295,151,61,_Z20m15_gdn_layer_kernelPhS_S_S_S_S_S_S_S_S_S_S_S_S_S_,_Z20m15_gdn_layer_kernelPhS_S_S_S_S_S_S_S_S_S_S_S_S_S_,dynamic,MIX_AIC,1790435068966907.398	,134.156,127.153000,28,56,NO,N/A,N/A,N/A,N/A,N/A,N/A,N/A,133.82,6124111,15.941,0.119,6.557,0.049,15.42,0.115,96.96,0.725,0.001,0.0,1.287,0.01,0.0,133.84,12232080,1.554,0.012,1.707,0.013,4.393,0.033,1.112,0.008,0.049,98.808
0,4294967295,152,61,_ZN4M15L21m15_hc_segment_kernelEPhS0_S0_jS0_S0_S0_S0_S0_jj,_ZN4M15L21m15_hc_segment_kernelEPhS0_S0_jS0_S0_S0_S0_S0_jj,dynamic,MIX_AIC,1790435068967449.378	,76.048,407.844000,28,56,NO,N/A,N/A,N/A,N/A,N/A,N/A,N/A,75.71,3462562,2.216,0.029,3.06,0.04,2.148,0.028,11.335,0.15,0.001,0.0,0.875,0.012,0.0,75.74,6939473,0.388,0.005,2.507,0.033,1.869,0.025,2.51,0.033,0.0,98.553
0,4294967295,153,61,_ZN4M15L22m15_moe_segment_kernelEPhS0_S0_S0_S0_S0_S0_S0_S0_S0_S0_S0_S0_S0_S0_S0_jj,_ZN4M15L22m15_moe_segment_kernelEPhS0_S0_S0_S0_S0_S0_S0_S0_S0_S0_S0_S0_S0_S0_S0_jj,dynamic,MIX_AIC,1790435068967648.120	,63.655,122.452000,28,56,NO,N/A,N/A,N/A,N/A,N/A,N/A,N/A,63.29,2809277,1.227,0.019,3.731,0.059,1.478,0.023,9.124,0.144,0.001,0.0,0.673,0.011,0.0,63.31,5746323,0.209,0.003,3.221,0.051,0.517,0.008,0.196,0.003,0.105,95.526
0,4294967295,154,61,_ZN4M15L21m15_hc_segment_kernelEPhS0_S0_jS0_S0_S0_S0_S0_jj,_ZN4M15L21m15_hc_segment_kernelEPhS0_S0_jS0_S0_S0_S0_S0_jj,dynamic,MIX_AIC,1790435068968435.803	,82.580,724.095000,28,56,NO,N/A,N/A,N/A,N/A,N/A,N/A,N/A,82.21,3762714,2.195,0.027,3.105,0.038,2.153,0.026,11.339,0.138,0.001,0.0,0.838,0.01,0.0,82.24,7539763,0.389,0.005,2.52,0.031,9.08,0.11,1.094,0.013,0.016,98.624
0,4294967295,155,61,_Z20m15_gdn_layer_kernelPhS_S_S_S_S_S_S_S_S_S_S_S_S_S_,_Z20m15_gdn_layer_kernelPhS_S_S_S_S_S_S_S_S_S_S_S_S_S_,dynamic,MIX_AIC,1790435068968646.508	,139.855,128.170000,28,56,NO,N/A,N/A,N/A,N/A,N/A,N/A,N/A,139.51,6387407,15.936,0.114,6.424,0.046,15.529,0.111,98.347,0.705,0.001,0.0,1.213,0.009,0.0,139.54,12758574,1.557,0.011,1.461,0.01,4.457,0.032,1.087,0.008,0.046,98.856
0,4294967295,156,61,_ZN4M15L21m15_hc_segment_kernelEPhS0_S0_jS0_S0_S0_S0_S0_jj,_ZN4M15L21m15_hc_segment_kernelEPhS0_S0_jS0_S0_S0_S0_S0_jj,dynamic,MIX_AIC,1790435068969190.975	,76.210,404.645000,28,56,NO,N/A,N/A,N/A,N/A,N/A,N/A,N/A,75.87,3469286,2.235,0.029,3.302,0.044,2.161,0.028,11.364,0.15,0.001,0.0,0.926,0.012,0.0,75.89,6952632,0.39,0.005,2.753,0.036,1.829,0.024,2.282,0.03,0.0,98.534
0,4294967295,157,61,_ZN4M15L22m15_moe_segment_kernelEPhS0_S0_S0_S0_S0_S0_S0_S0_S0_S0_S0_S0_S0_S0_S0_jj,_ZN4M15L22m15_moe_segment_kernelEPhS0_S0_S0_S0_S0_S0_S0_S0_S0_S0_S0_S0_S0_S0_S0_jj,dynamic,MIX_AIC,1790435068969389.303	,63.975,122.040000,28,56,NO,N/A,N/A,N/A,N/A,N/A,N/A,N/A,63.64,2819487,1.229,0.019,4.013,0.063,1.48,0.023,8.986,0.141,0.001,0.0,0.648,0.01,0.0,63.66,5766306,0.209,0.003,3.459,0.054,1.103,0.017,0.199,0.003,0.109,95.393
0,4294967295,158,61,_ZN4M15L21m15_hc_segment_kernelEPhS0_S0_jS0_S0_S0_S0_S0_jj,_ZN4M15L21m15_hc_segment_kernelEPhS0_S0_jS0_S0_S0_S0_S0_jj,dynamic,MIX_AIC,1790435068970209.291	,82.080,756.025000,28,56,NO,N/A,N/A,N/A,N/A,N/A,N/A,N/A,81.74,3740653,2.217,0.027,2.989,0.037,2.142,0.026,11.31,0.138,0.001,0.0,0.887,0.011,0.0,81.77,7495739,0.388,0.005,2.485,0.03,8.793,0.108,1.037,0.013,0.014,98.643
0,4294967295,159,61,_Z20m15_gdn_layer_kernelPhS_S_S_S_S_S_S_S_S_S_S_S_S_S_,_Z20m15_gdn_layer_kernelPhS_S_S_S_S_S_S_S_S_S_S_S_S_S_,dynamic,MIX_AIC,1790435068970417.963	,144.845,126.670000,28,56,NO,N/A,N/A,N/A,N/A,N/A,N/A,N/A,144.5,6606465,15.959,0.11,6.432,0.045,15.601,0.108,102.649,0.71,0.001,0.0,1.1,0.008,0.0,144.53,13197076,1.56,0.011,1.485,0.01,4.766,0.033,1.078,0.007,0.046,98.724
0,4294967295,160,61,_ZN4M15L21m15_hc_segment_kernelEPhS0_S0_jS0_S0_S0_S0_S0_jj,_ZN4M15L21m15_hc_segment_kernelEPhS0_S0_jS0_S0_S0_S0_S0_jj,dynamic,MIX_AIC,1790435068971110.388	,76.052,547.655000,28,56,NO,N/A,N/A,N/A,N/A,N/A,N/A,N/A,75.71,3462287,2.243,0.03,3.32,0.044,2.155,0.028,11.171,0.148,0.001,0.0,0.822,0.011,0.0,75.73,6938345,0.388,0.005,2.666,0.035,1.841,0.024,2.186,0.029,0.0,98.540
0,4294967295,161,61,_ZN4M15L22m15_moe_segment_kernelEPhS0_S0_S0_S0_S0_S0_S0_S0_S0_S0_S0_S0_S0_S0_S0_jj,_ZN4M15L22m15_moe_segment_kernelEPhS0_S0_S0_S0_S0_S0_S0_S0_S0_S0_S0_S0_S0_S0_S0_jj,dynamic,MIX_AIC,1790435068971303.111	,63.692,116.448000,28,56,NO,N/A,N/A,N/A,N/A,N/A,N/A,N/A,63.34,2822496,1.222,0.019,4.105,0.065,1.471,0.023,9.035,0.143,0.001,0.0,0.659,0.01,0.0,63.36,5760697,0.208,0.003,3.788,0.06,0.538,0.008,0.187,0.003,0.104,95.919
0,4294967295,162,61,_ZN4M15L21m15_hc_segment_kernelEPhS0_S0_jS0_S0_S0_S0_S0_jj,_ZN4M15L21m15_hc_segment_kernelEPhS0_S0_jS0_S0_S0_S0_S0_jj,dynamic,MIX_AIC,1790435068971825.312	,81.475,458.558000,28,56,NO,N/A,N/A,N/A,N/A,N/A,N/A,N/A,81.12,3712124,2.21,0.027,2.791,0.034,2.153,0.027,11.635,0.143,0.001,0.0,0.889,0.011,0.0,81.14,7439241,0.389,0.005,2.49,0.031,9.397,0.116,1.046,0.013,0.015,98.618
0,4294967295,163,61,_Z27m15_attn_placeholder_kernelPhS_j,_Z27m15_attn_placeholder_kernelPhS_j,dynamic,MIX_AIC,1790435068972024.050	,3.219,117.275000,28,56,NO,N/A,N/A,N/A,N/A,N/A,N/A,N/A,2.77,36097,0.0,0.0,1.491,0.538,0.009,0.003,0.009,0.003,0.004,0.002,0.009,0.003,0.0,2.8,140500,0.0,0.0,0.824,0.294,0.108,0.039,0.028,0.01,0.233,24.272
0,4294967295,164,61,_ZN4M15L21m15_hc_segment_kernelEPhS0_S0_jS0_S0_S0_S0_S0_jj,_ZN4M15L21m15_hc_segment_kernelEPhS0_S0_jS0_S0_S0_S0_S0_jj,dynamic,MIX_AIC,1790435068972475.125	,76.090,447.781000,28,56,NO,N/A,N/A,N/A,N/A,N/A,N/A,N/A,75.76,3464376,2.235,0.03,2.812,0.037,2.155,0.028,11.662,0.154,0.001,0.0,0.929,0.012,0.0,75.79,6942807,0.388,0.005,2.162,0.029,1.652,0.022,2.727,0.036,0.0,98.550
0,4294967295,165,61,_ZN4M15L22m15_moe_segment_kernelEPhS0_S0_S0_S0_S0_S0_S0_S0_S0_S0_S0_S0_S0_S0_S0_jj,_ZN4M15L22m15_moe_segment_kernelEPhS0_S0_S0_S0_S0_S0_S0_S0_S0_S0_S0_S0_S0_S0_S0_jj,dynamic,MIX_AIC,1790435068972665.463	,62.320,114.410000,28,56,NO,N/A,N/A,N/A,N/A,N/A,N/A,N/A,61.96,2784353,1.21,0.02,4.053,0.065,1.463,0.024,9.341,0.151,0.001,0.0,0.487,0.008,0.0,61.98,5649125,0.21,0.003,3.249,0.052,0.505,0.008,0.09,0.001,0.04,96.706
0,4294967295,166,61,_ZN4M15L21m15_hc_segment_kernelEPhS0_S0_jS0_S0_S0_S0_S0_jj,_ZN4M15L21m15_hc_segment_kernelEPhS0_S0_jS0_S0_S0_S0_S0_jj,dynamic,MIX_AIC,1790435068973479.362	,81.512,751.430000,28,56,NO,N/A,N/A,N/A,N/A,N/A,N/A,N/A,81.15,3713566,2.212,0.027,2.49,0.031,2.152,0.027,11.13,0.137,0.001,0.0,0.918,0.011,0.0,81.17,7441679,0.389,0.005,2.138,0.026,8.138,0.1,1.223,0.015,0.018,98.612
0,4294967295,167,61,_Z20m15_gdn_layer_kernelPhS_S_S_S_S_S_S_S_S_S_S_S_S_S_,_Z20m15_gdn_layer_kernelPhS_S_S_S_S_S_S_S_S_S_S_S_S_S_,dynamic,MIX_AIC,1790435068973680.275	,142.996,119.488000,28,56,NO,N/A,N/A,N/A,N/A,N/A,N/A,N/A,142.67,6540464,15.914,0.112,6.45,0.045,15.572,0.109,101.419,0.711,0.001,0.0,1.246,0.009,0.0,142.69,13064347,1.56,0.011,1.543,0.011,4.527,0.032,1.066,0.007,0.05,99.002
0,4294967295,168,61,_ZN4M15L21m15_hc_segment_kernelEPhS0_S0_jS0_S0_S0_S0_S0_jj,_ZN4M15L21m15_hc_segment_kernelEPhS0_S0_jS0_S0_S0_S0_S0_jj,dynamic,MIX_AIC,1790435068974277.492	,75.884,454.254000,28,56,NO,N/A,N/A,N/A,N/A,N/A,N/A,N/A,75.55,3455296,2.22,0.029,2.85,0.038,2.164,0.029,11.17,0.148,0.001,0.0,0.87,0.012,0.0,75.58,6924659,0.39,0.005,2.408,0.032,1.83,0.024,2.417,0.032,0.0,98.558
0,4294967295,169,61,_ZN4M15L22m15_moe_segment_kernelEPhS0_S0_S0_S0_S0_S0_S0_S0_S0_S0_S0_S0_S0_S0_S0_jj,_ZN4M15L22m15_moe_segment_kernelEPhS0_S0_S0_S0_S0_S0_S0_S0_S0_S0_S0_S0_S0_S0_S0_jj,dynamic,MIX_AIC,1790435068974479.634	,64.059,126.366000,28,56,NO,N/A,N/A,N/A,N/A,N/A,N/A,N/A,63.67,2833457,1.224,0.019,3.482,0.055,1.474,0.023,9.082,0.143,0.001,0.0,0.67,0.011,0.0,63.7,5792435,0.208,0.003,3.258,0.051,0.986,0.015,0.194,0.003,0.105,95.740
0,4294967295,170,61,_ZN4M15L21m15_hc_segment_kernelEPhS0_S0_jS0_S0_S0_S0_S0_jj,_ZN4M15L21m15_hc_segment_kernelEPhS0_S0_jS0_S0_S0_S0_S0_jj,dynamic,MIX_AIC,1790435068975308.603	,83.588,764.691000,28,56,NO,N/A,N/A,N/A,N/A,N/A,N/A,N/A,83.2,3808381,2.223,0.027,2.613,0.031,2.136,0.026,11.782,0.142,0.001,0.0,0.932,0.011,0.0,83.22,7631463,0.388,0.005,2.098,0.025,9.884,0.119,1.306,0.016,0.014,98.618
0,4294967295,171,61,_Z20m15_gdn_layer_kernelPhS_S_S_S_S_S_S_S_S_S_S_S_S_S_,_Z20m15_gdn_layer_kernelPhS_S_S_S_S_S_S_S_S_S_S_S_S_S_,dynamic,MIX_AIC,1790435068975518.154	,136.965,126.162000,28,56,NO,N/A,N/A,N/A,N/A,N/A,N/A,N/A,136.63,6258627,15.926,0.117,6.439,0.047,15.475,0.113,96.582,0.707,0.001,0.0,1.187,0.009,0.0,136.65,12500896,1.558,0.011,1.649,0.012,4.429,0.032,1.102,0.008,0.045,98.907
0,4294967295,172,61,_ZN4M15L21m15_hc_segment_kernelEPhS0_S0_jS0_S0_S0_S0_S0_jj,_ZN4M15L21m15_hc_segment_kernelEPhS0_S0_jS0_S0_S0_S0_S0_jj,dynamic,MIX_AIC,1790435068976063.189	,76.086,408.035000,28,56,NO,N/A,N/A,N/A,N/A,N/A,N/A,N/A,75.75,3464373,2.196,0.029,3.058,0.04,2.15,0.028,11.94,0.158,0.001,0.0,0.899,0.012,0.0,75.78,6942808,0.388,0.005,2.655,0.035,1.737,0.023,2.476,0.033,0.0,98.555
0,4294967295,173,61,_ZN4M15L22m15_moe_segment_kernelEPhS0_S0_S0_S0_S0_S0_S0_S0_S0_S0_S0_S0_S0_S0_S0_jj,_ZN4M15L22m15_moe_segment_kernelEPhS0_S0_S0_S0_S0_S0_S0_S0_S0_S0_S0_S0_S0_S0_S0_jj,dynamic,MIX_AIC,1790435068976257.968	,63.813,118.664000,28,56,NO,N/A,N/A,N/A,N/A,N/A,N/A,N/A,63.46,2826137,1.223,0.019,4.071,0.064,1.474,0.023,9.102,0.143,0.001,0.0,0.687,0.011,0.0,63.49,5772858,0.209,0.003,3.409,0.054,0.589,0.009,0.196,0.003,0.107,95.861
0,4294967295,174,61,_ZN4M15L21m15_hc_segment_kernelEPhS0_S0_jS0_S0_S0_S0_S0_jj,_ZN4M15L21m15_hc_segment_kernelEPhS0_S0_jS0_S0_S0_S0_S0_jj,dynamic,MIX_AIC,1790435068977065.995	,82.473,744.187000,28,56,NO,N/A,N/A,N/A,N/A,N/A,N/A,N/A,82.12,3758617,2.175,0.026,2.577,0.031,2.116,0.026,11.401,0.139,0.001,0.0,0.974,0.012,0.0,82.14,7531902,0.389,0.005,2.231,0.027,8.914,0.109,1.363,0.017,0.014,98.645
0,4294967295,175,61,_Z20m15_gdn_layer_kernelPhS_S_S_S_S_S_S_S_S_S_S_S_S_S_,_Z20m15_gdn_layer_kernelPhS_S_S_S_S_S_S_S_S_S_S_S_S_S_,dynamic,MIX_AIC,1790435068977270.582	,141.005,122.027000,28,56,NO,N/A,N/A,N/A,N/A,N/A,N/A,N/A,140.67,6447455,15.917,0.113,6.55,0.047,15.492,0.11,99.727,0.709,0.001,0.0,1.161,0.008,0.0,140.69,12878427,1.558,0.011,1.471,0.01,4.418,0.031,1.097,0.008,0.046,98.972
0,4294967295,176,61,_ZN4M15L21m15_hc_segment_kernelEPhS0_S0_jS0_S0_S0_S0_S0_jj,_ZN4M15L21m15_hc_segment_kernelEPhS0_S0_jS0_S0_S0_S0_S0_jj,dynamic,MIX_AIC,1790435068977816.010	,76.039,404.495000,28,56,NO,N/A,N/A,N/A,N/A,N/A,N/A,N/A,75.7,3461587,2.23,0.029,2.958,0.039,2.151,0.028,11.174,0.148,0.001,0.0,0.861,0.011,0.0,75.73,6937390,0.391,0.005,2.277,0.03,1.888,0.025,2.643,0.035,0.0,98.536
0,4294967295,177,61,_ZN4M15L22m15_moe_segment_kernelEPhS0_S0_S0_S0_S0_S0_S0_S0_S0_S0_S0_S0_S0_S0_S0_jj,_ZN4M15L22m15_moe_segment_kernelEPhS0_S0_S0_S0_S0_S0_S0_S0_S0_S0_S0_S0_S0_S0_S0_jj,dynamic,MIX_AIC,1790435068978013.608	,63.898,121.461000,28,56,NO,N/A,N/A,N/A,N/A,N/A,N/A,N/A,63.53,2831683,1.222,0.019,3.605,0.057,1.474,0.023,9.284,0.146,0.001,0.0,0.645,0.01,0.0,63.55,5779270,0.208,0.003,3.012,0.047,0.716,0.011,0.187,0.003,0.102,95.921
0,4294967295,178,61,_ZN4M15L21m15_hc_segment_kernelEPhS0_S0_jS0_S0_S0_S0_S0_jj,_ZN4M15L21m15_hc_segment_kernelEPhS0_S0_jS0_S0_S0_S0_S0_jj,dynamic,MIX_AIC,1790435068978527.085	,85.448,449.602000,28,56,NO,N/A,N/A,N/A,N/A,N/A,N/A,N/A,85.08,3893039,2.215,0.026,3.125,0.037,2.123,0.025,12.249,0.144,0.001,0.0,0.995,0.012,0.0,85.11,7807721,0.388,0.005,2.712,0.032,8.841,0.104,1.048,0.012,0.017,98.615
0,4294967295,179,61,_Z27m15_attn_placeholder_kernelPhS_j,_Z27m15_attn_placeholder_kernelPhS_j,dynamic,MIX_AIC,1790435068978739.682	,2.355,127.302000,28,56,NO,N/A,N/A,N/A,N/A,N/A,N/A,N/A,1.92,34687,0.0,0.0,0.997,0.519,0.006,0.003,0.006,0.003,0.003,0.002,0.006,0.003,0.0,1.94,105996,0.0,0.0,0.714,0.368,0.099,0.051,0.025,0.013,0.233,31.881
0,4294967295,180,61,_ZN4M15L21m15_hc_segment_kernelEPhS0_S0_jS0_S0_S0_S0_S0_jj,_ZN4M15L21m15_hc_segment_kernelEPhS0_S0_jS0_S0_S0_S0_S0_jj,dynamic,MIX_AIC,1790435068979182.493	,74.960,440.395000,28,56,NO,N/A,N/A,N/A,N/A,N/A,N/A,N/A,74.64,3412836,2.222,0.03,2.824,0.038,2.131,0.029,11.123,0.149,0.001,0.0,0.86,0.012,0.0,74.67,6839896,0.39,0.005,2.196,0.029,1.549,0.021,2.865,0.038,0.0,98.547
0,4294967295,181,61,_ZN4M15L22m15_moe_segment_kernelEPhS0_S0_S0_S0_S0_S0_S0_S0_S0_S0_S0_S0_S0_S0_S0_jj,_ZN4M15L22m15_moe_segment_kernelEPhS0_S0_S0_S0_S0_S0_S0_S0_S0_S0_S0_S0_S0_S0_S0_jj,dynamic,MIX_AIC,1790435068979374.643	,59.422,117.290000,28,56,NO,N/A,N/A,N/A,N/A,N/A,N/A,N/A,59.06,2639693,1.218,0.021,4.152,0.07,1.471,0.025,8.923,0.151,0.001,0.0,0.346,0.006,0.0,59.08,5359561,0.213,0.004,3.457,0.059,0.531,0.009,0.095,0.002,0.04,96.153
0,4294967295,182,61,_ZN4M15L21m15_hc_segment_kernelEPhS0_S0_jS0_S0_S0_S0_S0_jj,_ZN4M15L21m15_hc_segment_kernelEPhS0_S0_jS0_S0_S0_S0_S0_jj,dynamic,MIX_AIC,1790435068980178.356	,80.917,744.078000,28,56,NO,N/A,N/A,N/A,N/A,N/A,N/A,N/A,80.56,3686369,2.207,0.027,2.754,0.034,2.146,0.027,10.995,0.136,0.001,0.0,0.805,0.01,0.0,80.58,7386903,0.388,0.005,2.306,0.029,8.101,0.101,1.123,0.014,0.018,98.609
0,4294967295,183,61,_Z20m15_gdn_layer_kernelPhS_S_S_S_S_S_S_S_S_S_S_S_S_S_,_Z20m15_gdn_layer_kernelPhS_S_S_S_S_S_S_S_S_S_S_S_S_S_,dynamic,MIX_AIC,1790435068980388.256	,137.450,129.083000,28,56,NO,N/A,N/A,N/A,N/A,N/A,N/A,N/A,137.13,6288929,15.909,0.116,6.362,0.046,15.41,0.112,96.473,0.704,0.001,0.0,1.188,0.009,0.0,137.15,12561207,1.551,0.011,1.429,0.01,4.576,0.033,1.132,0.008,0.049,99.035
0,4294967295,184,61,_ZN4M15L21m15_hc_segment_kernelEPhS0_S0_jS0_S0_S0_S0_S0_jj,_ZN4M15L21m15_hc_segment_kernelEPhS0_S0_jS0_S0_S0_S0_S0_jj,dynamic,MIX_AIC,1790435068981042.515	,77.425,516.800000,28,56,NO,N/A,N/A,N/A,N/A,N/A,N/A,N/A,77.1,3527050,2.2,0.029,2.568,0.033,2.144,0.028,11.773,0.153,0.001,0.0,0.987,0.013,0.0,77.13,7067627,0.389,0.005,2.159,0.028,2.257,0.029,2.855,0.037,0.0,98.603
0,4294967295,185,61,_ZN4M15L22m15_moe_segment_kernelEPhS0_S0_S0_S0_S0_S0_S0_S0_S0_S0_S0_S0_S0_S0_S0_jj,_ZN4M15L22m15_moe_segment_kernelEPhS0_S0_S0_S0_S0_S0_S0_S0_S0_S0_S0_S0_S0_S0_S0_jj,dynamic,MIX_AIC,1790435068981233.715	,63.225,113.825000,28,56,NO,N/A,N/A,N/A,N/A,N/A,N/A,N/A,62.84,2804105,1.22,0.019,3.449,0.055,1.472,0.023,9.13,0.145,0.001,0.0,0.666,0.011,0.0,62.87,5722271,0.208,0.003,3.137,0.05,0.544,0.009,0.189,0.003,0.106,95.998
0,4294967295,186,61,_ZN4M15L21m15_hc_segment_kernelEPhS0_S0_jS0_S0_S0_S0_S0_jj,_ZN4M15L21m15_hc_segment_kernelEPhS0_S0_jS0_S0_S0_S0_S0_jj,dynamic,MIX_AIC,1790435068982059.712	,82.466,762.775000,28,56,NO,N/A,N/A,N/A,N/A,N/A,N/A,N/A,82.09,3757139,2.226,0.027,2.849,0.035,2.149,0.026,11.846,0.144,0.001,0.0,1.092,0.013,0.0,82.11,7529340,0.389,0.005,2.332,0.028,8.422,0.103,1.126,0.014,0.013,98.614
0,4294967295,187,61,_Z20m15_gdn_layer_kernelPhS_S_S_S_S_S_S_S_S_S_S_S_S_S_,_Z20m15_gdn_layer_kernelPhS_S_S_S_S_S_S_S_S_S_S_S_S_S_,dynamic,MIX_AIC,1790435068982258.163	,133.722,116.034000,28,56,NO,N/A,N/A,N/A,N/A,N/A,N/A,N/A,133.4,6111135,15.927,0.119,6.379,0.048,15.372,0.115,93.702,0.702,0.001,0.0,1.14,0.009,0.0,133.42,12205755,1.56,0.012,1.517,0.011,4.91,0.037,1.013,0.008,0.046,98.918
0,4294967295,188,61,_ZN4M15L21m15_hc_segment_kernelEPhS0_S0_jS0_S0_S0_S0_S0_jj,_ZN4M15L21m15_hc_segment_kernelEPhS0_S0_jS0_S0_S0_S0_S0_jj,dynamic,MIX_AIC,1790435068982826.091	,76.748,434.028000,28,56,NO,N/A,N/A,N/A,N/A,N/A,N/A,N/A,76.42,3495290,2.235,0.029,2.598,0.034,2.163,0.028,11.745,0.154,0.001,0.0,0.981,0.013,0.0,76.45,7004674,0.39,0.005,2.032,0.027,2.255,0.029,2.587,0.034,0.0,98.577
0,4294967295,189,61,_ZN4M15L22m15_moe_segment_kernelEPhS0_S0_S0_S0_S0_S0_S0_S0_S0_S0_S0_S0_S0_S0_S0_jj,_ZN4M15L22m15_moe_segment_kernelEPhS0_S0_S0_S0_S0_S0_S0_S0_S0_S0_S0_S0_S0_S0_S0_jj,dynamic,MIX_AIC,1790435068983018.433	,64.764,115.752000,28,56,NO,N/A,N/A,N/A,N/A,N/A,N/A,N/A,64.41,2869201,1.222,0.019,3.897,0.061,1.474,0.023,9.25,0.144,0.001,0.0,0.661,0.01,0.0,64.43,5860940,0.21,0.003,3.161,0.049,0.647,0.01,0.192,0.003,0.107,95.893
0,4294967295,190,61,_ZN4M15L21m15_hc_segment_kernelEPhS0_S0_jS0_S0_S0_S0_S0_jj,_ZN4M15L21m15_hc_segment_kernelEPhS0_S0_jS0_S0_S0_S0_S0_jj,dynamic,MIX_AIC,1790435068983869.186	,82.227,785.986000,28,56,NO,N/A,N/A,N/A,N/A,N/A,N/A,N/A,81.87,3747217,2.23,0.027,2.749,0.034,2.15,0.026,11.447,0.14,0.001,0.0,0.904,0.011,0.0,81.9,7508867,0.388,0.005,2.341,0.029,8.675,0.106,1.276,0.016,0.015,98.640
0,4294967295,191,61,_Z20m15_gdn_layer_kernelPhS_S_S_S_S_S_S_S_S_S_S_S_S_S_,_Z20m15_gdn_layer_kernelPhS_S_S_S_S_S_S_S_S_S_S_S_S_S_,dynamic,MIX_AIC,1790435068984066.523	,137.072,115.023000,28,56,NO,N/A,N/A,N/A,N/A,N/A,N/A,N/A,136.74,6271357,15.909,0.116,6.403,0.047,15.389,0.113,96.246,0.704,0.001,0.0,1.189,0.009,0.0,136.77,12525965,1.554,0.011,1.516,0.011,4.623,0.034,1.057,0.008,0.047,99.031
0,4294967295,192,61,_ZN4M15L21m15_hc_segment_kernelEPhS0_S0_jS0_S0_S0_S0_S0_jj,_ZN4M15L21m15_hc_segment_kernelEPhS0_S0_jS0_S0_S0_S0_S0_jj,dynamic,MIX_AIC,1790435068984614.470	,76.689,410.928000,28,56,NO,N/A,N/A,N/A,N/A,N/A,N/A,N/A,76.36,3492568,2.21,0.029,2.719,0.036,2.149,0.028,11.365,0.149,0.001,0.0,0.96,0.013,0.0,76.38,6999340,0.388,0.005,2.114,0.028,1.992,0.026,2.811,0.037,0.0,98.576
0,4294967295,193,61,_ZN4M15L22m15_moe_segment_kernelEPhS0_S0_S0_S0_S0_S0_S0_S0_S0_S0_S0_S0_S0_S0_S0_jj,_ZN4M15L22m15_moe_segment_kernelEPhS0_S0_S0_S0_S0_S0_S0_S0_S0_S0_S0_S0_S0_S0_S0_jj,dynamic,MIX_AIC,1790435068984811.848	,62.607,120.561000,28,56,NO,N/A,N/A,N/A,N/A,N/A,N/A,N/A,62.23,2766491,1.225,0.02,3.721,0.06,1.48,0.024,9.04,0.145,0.001,0.0,0.631,0.01,0.0,62.26,5658672,0.209,0.003,3.158,0.051,0.534,0.009,0.197,0.003,0.105,95.645
0,4294967295,194,61,_ZN4M15L21m15_hc_segment_kernelEPhS0_S0_jS0_S0_S0_S0_S0_jj,_ZN4M15L21m15_hc_segment_kernelEPhS0_S0_jS0_S0_S0_S0_S0_jj,dynamic,MIX_AIC,1790435068985309.438	,82.855,435.143000,28,56,NO,N/A,N/A,N/A,N/A,N/A,N/A,N/A,82.48,3775342,2.226,0.027,2.922,0.035,2.147,0.026,11.598,0.141,0.001,0.0,0.891,0.011,0.0,82.51,7565251,0.389,0.005,2.447,0.03,8.793,0.107,1.042,0.013,0.015,98.627
0,4294967295,195,61,_Z27m15_attn_placeholder_kernelPhS_j,_Z27m15_attn_placeholder_kernelPhS_j,dynamic,MIX_AIC,1790435068985523.070	,3.107,130.645000,28,56,NO,N/A,N/A,N/A,N/A,N/A,N/A,N/A,2.68,35308,0.0,0.0,1.415,0.528,0.009,0.003,0.009,0.003,0.004,0.002,0.009,0.003,0.0,2.7,132774,0.0,0.0,0.663,0.245,0.11,0.041,0.028,0.01,0.233,24.597
0,4294967295,196,61,_ZN4M15L21m15_hc_segment_kernelEPhS0_S0_jS0_S0_S0_S0_S0_jj,_ZN4M15L21m15_hc_segment_kernelEPhS0_S0_jS0_S0_S0_S0_S0_jj,dynamic,MIX_AIC,1790435068985982.435	,75.628,456.393000,28,56,NO,N/A,N/A,N/A,N/A,N/A,N/A,N/A,75.32,3444315,2.189,0.029,2.98,0.04,2.134,0.028,11.188,0.149,0.001,0.0,0.788,0.01,0.0,75.35,6902681,0.388,0.005,2.47,0.033,1.695,0.022,2.458,0.033,0.0,98.578
0,4294967295,197,61,_ZN4M15L22m15_moe_segment_kernelEPhS0_S0_S0_S0_S0_S0_S0_S0_S0_S0_S0_S0_S0_S0_S0_jj,_ZN4M15L22m15_moe_segment_kernelEPhS0_S0_S0_S0_S0_S0_S0_S0_S0_S0_S0_S0_S0_S0_S0_jj,dynamic,MIX_AIC,1790435068986181.546	,59.181,123.372000,28,56,NO,N/A,N/A,N/A,N/A,N/A,N/A,N/A,58.8,2639185,1.213,0.021,4.178,0.071,1.465,0.025,8.832,0.15,0.001,0.0,0.365,0.006,0.0,58.83,5357897,0.21,0.004,3.396,0.058,0.588,0.01,0.09,0.002,0.038,96.526
0,4294967295,198,61,_ZN4M15L21m15_hc_segment_kernelEPhS0_S0_jS0_S0_S0_S0_S0_jj,_ZN4M15L21m15_hc_segment_kernelEPhS0_S0_jS0_S0_S0_S0_S0_jj,dynamic,MIX_AIC,1790435068986980.261	,82.093,739.569000,28,56,NO,N/A,N/A,N/A,N/A,N/A,N/A,N/A,81.72,3739787,2.205,0.027,2.576,0.032,2.142,0.026,11.066,0.135,0.001,0.0,0.801,0.01,0.0,81.74,7494063,0.389,0.005,2.18,0.027,8.141,0.1,1.198,0.015,0.018,98.605
0,4294967295,199,61,_Z20m15_gdn_layer_kernelPhS_S_S_S_S_S_S_S_S_S_S_S_S_S_,_Z20m15_gdn_layer_kernelPhS_S_S_S_S_S_S_S_S_S_S_S_S_S_,dynamic,MIX_AIC,1790435068987183.370	,139.071,120.907000,28,56,NO,N/A,N/A,N/A,N/A,N/A,N/A,N/A,138.76,6365095,15.906,0.115,6.373,0.046,15.488,0.112,98.5,0.71,0.001,0.0,1.185,0.009,0.0,138.79,12713405,1.555,0.011,1.479,0.011,4.77,0.034,1.078,0.008,0.049,99.066
0,4294967295,200,61,_ZN4M15L21m15_hc_segment_kernelEPhS0_S0_jS0_S0_S0_S0_S0_jj,_ZN4M15L21m15_hc_segment_kernelEPhS0_S0_jS0_S0_S0_S0_S0_jj,dynamic,MIX_AIC,1790435068987728.587	,75.925,406.179000,28,56,NO,N/A,N/A,N/A,N/A,N/A,N/A,N/A,75.61,3458027,2.218,0.029,2.779,0.037,2.151,0.028,11.688,0.155,0.001,0.0,1.029,0.014,0.0,75.64,6930216,0.39,0.005,2.261,0.03,1.862,0.025,2.675,0.035,0.0,98.583
0,4294967295,201,61,_ZN4M15L22m15_moe_segment_kernelEPhS0_S0_S0_S0_S0_S0_S0_S0_S0_S0_S0_S0_S0_S0_S0_jj,_ZN4M15L22m15_moe_segment_kernelEPhS0_S0_S0_S0_S0_S0_S0_S0_S0_S0_S0_S0_S0_S0_S0_jj,dynamic,MIX_AIC,1790435068987930.124	,62.253,125.575000,28,56,NO,N/A,N/A,N/A,N/A,N/A,N/A,N/A,61.85,2753944,1.223,0.02,3.605,0.058,1.475,0.024,8.992,0.145,0.001,0.0,0.64,0.01,0.0,61.88,5624624,0.208,0.003,3.033,0.049,0.534,0.009,0.178,0.003,0.106,95.753
0,4294967295,202,61,_ZN4M15L21m15_hc_segment_kernelEPhS0_S0_jS0_S0_S0_S0_S0_jj,_ZN4M15L21m15_hc_segment_kernelEPhS0_S0_jS0_S0_S0_S0_S0_jj,dynamic,MIX_AIC,1790435068988735.992	,81.826,743.747000,28,56,NO,N/A,N/A,N/A,N/A,N/A,N/A,N/A,81.43,3726488,2.234,0.027,3.037,0.037,2.15,0.026,11.617,0.143,0.001,0.0,1.006,0.012,0.0,81.45,7467028,0.388,0.005,2.679,0.033,8.979,0.11,1.034,0.013,0.015,98.575
0,4294967295,203,61,_Z20m15_gdn_layer_kernelPhS_S_S_S_S_S_S_S_S_S_S_S_S_S_,_Z20m15_gdn_layer_kernelPhS_S_S_S_S_S_S_S_S_S_S_S_S_S_,dynamic,MIX_AIC,1790435068988944.096	,143.861,126.174000,28,56,NO,N/A,N/A,N/A,N/A,N/A,N/A,N/A,143.54,6585012,15.902,0.111,6.434,0.045,15.576,0.109,102.167,0.712,0.001,0.0,1.251,0.009,0.0,143.57,13153357,1.555,0.011,1.531,0.011,4.291,0.03,1.077,0.008,0.045,99.077
0,4294967295,204,61,_ZN4M15L21m15_hc_segment_kernelEPhS0_S0_jS0_S0_S0_S0_S0_jj,_ZN4M15L21m15_hc_segment_kernelEPhS0_S0_jS0_S0_S0_S0_S0_jj,dynamic,MIX_AIC,1790435068989488.483	,75.812,400.639000,28,56,NO,N/A,N/A,N/A,N/A,N/A,N/A,N/A,75.49,3452497,2.218,0.029,2.801,0.037,2.147,0.028,11.178,0.148,0.001,0.0,0.884,0.012,0.0,75.52,6919174,0.388,0.005,2.23,0.03,1.894,0.025,2.805,0.037,0.0,98.572
0,4294967295,205,61,_ZN4M15L22m15_moe_segment_kernelEPhS0_S0_S0_S0_S0_S0_S0_S0_S0_S0_S0_S0_S0_S0_S0_jj,_ZN4M15L22m15_moe_segment_kernelEPhS0_S0_S0_S0_S0_S0_S0_S0_S0_S0_S0_S0_S0_S0_S0_jj,dynamic,MIX_AIC,1790435068989682.370	,63.744,117.938000,28,56,NO,N/A,N/A,N/A,N/A,N/A,N/A,N/A,63.38,2819633,1.224,0.019,4.083,0.064,1.476,0.023,9.099,0.144,0.001,0.0,0.669,0.011,0.0,63.4,5765391,0.208,0.003,3.578,0.056,0.644,0.01,0.19,0.003,0.108,95.744
0,4294967295,206,61,_ZN4M15L21m15_hc_segment_kernelEPhS0_S0_jS0_S0_S0_S0_S0_jj,_ZN4M15L21m15_hc_segment_kernelEPhS0_S0_jS0_S0_S0_S0_S0_jj,dynamic,MIX_AIC,1790435068990481.207	,83.853,735.256000,28,56,NO,N/A,N/A,N/A,N/A,N/A,N/A,N/A,83.33,3814630,2.225,0.027,2.837,0.034,2.149,0.026,11.712,0.141,0.001,0.0,0.869,0.01,0.0,83.36,7643697,0.389,0.005,2.291,0.027,8.925,0.107,1.206,0.014,0.013,98.467
0,4294967295,207,61,_Z20m15_gdn_layer_kernelPhS_S_S_S_S_S_S_S_S_S_S_S_S_S_,_Z20m15_gdn_layer_kernelPhS_S_S_S_S_S_S_S_S_S_S_S_S_S_,dynamic,MIX_AIC,1790435068990684.502	,139.841,119.397000,28,56,NO,N/A,N/A,N/A,N/A,N/A,N/A,N/A,139.52,6395138,15.916,0.114,6.376,0.046,15.465,0.111,98.384,0.705,0.001,0.0,1.176,0.008,0.0,139.54,12773775,1.559,0.011,1.472,0.011,4.686,0.034,1.092,0.008,0.046,98.986
0,4294967295,208,61,_ZN4M15L21m15_hc_segment_kernelEPhS0_S0_jS0_S0_S0_S0_S0_jj,_ZN4M15L21m15_hc_segment_kernelEPhS0_S0_jS0_S0_S0_S0_S0_jj,dynamic,MIX_AIC,1790435068991372.757	,76.145,548.409000,28,56,NO,N/A,N/A,N/A,N/A,N/A,N/A,N/A,75.82,3467788,2.251,0.03,2.858,0.038,2.152,0.028,11.168,0.147,0.001,0.0,0.819,0.011,0.0,75.85,6949569,0.39,0.005,2.434,0.032,1.906,0.025,2.459,0.032,0.0,98.576
0,4294967295,209,61,_ZN4M15L22m15_moe_segment_kernelEPhS0_S0_S0_S0_S0_S0_S0_S0_S0_S0_S0_S0_S0_S0_S0_jj,_ZN4M15L22m15_moe_segment_kernelEPhS0_S0_S0_S0_S0_S0_S0_S0_S0_S0_S0_S0_S0_S0_S0_jj,dynamic,MIX_AIC,1790435068991565.871	,62.027,116.855000,28,56,NO,N/A,N/A,N/A,N/A,N/A,N/A,N/A,61.65,2738735,1.226,0.02,3.638,0.059,1.478,0.024,8.923,0.145,0.001,0.0,0.596,0.01,0.0,61.67,5604749,0.208,0.003,3.141,0.051,0.589,0.01,0.188,0.003,0.104,95.571
0,4294967295,210,61,_ZN4M15L21m15_hc_segment_kernelEPhS0_S0_jS0_S0_S0_S0_S0_jj,_ZN4M15L21m15_hc_segment_kernelEPhS0_S0_jS0_S0_S0_S0_S0_jj,dynamic,MIX_AIC,1790435068992083.466	,81.644,455.723000,28,56,NO,N/A,N/A,N/A,N/A,N/A,N/A,N/A,81.27,3719438,2.187,0.027,2.814,0.035,2.14,0.026,11.836,0.146,0.001,0.0,0.96,0.012,0.0,81.29,7453494,0.388,0.005,2.436,0.03,7.944,0.098,1.163,0.014,0.013,98.608
0,4294967295,211,61,_Z27m15_attn_placeholder_kernelPhS_j,_Z27m15_attn_placeholder_kernelPhS_j,dynamic,MIX_AIC,1790435068992278.742	,3.267,113.606000,28,56,NO,N/A,N/A,N/A,N/A,N/A,N/A,N/A,2.82,35244,0.0,0.0,1.488,0.528,0.009,0.003,0.009,0.003,0.004,0.002,0.009,0.003,0.0,2.84,142300,0.0,0.0,0.725,0.255,0.109,0.038,0.027,0.01,0.233,23.350
0,4294967295,212,61,_ZN4M15L21m15_hc_segment_kernelEPhS0_S0_jS0_S0_S0_S0_S0_jj,_ZN4M15L21m15_hc_segment_kernelEPhS0_S0_jS0_S0_S0_S0_S0_jj,dynamic,MIX_AIC,1790435068992729.739	,76.118,447.733000,28,56,NO,N/A,N/A,N/A,N/A,N/A,N/A,N/A,75.79,3465979,2.222,0.029,2.794,0.037,2.135,0.028,11.505,0.152,0.001,0.0,0.931,0.012,0.0,75.81,6946343,0.39,0.005,2.153,0.028,1.762,0.023,3.095,0.041,0.0,98.559
0,4294967295,213,61,_ZN4M15L22m15_moe_segment_kernelEPhS0_S0_S0_S0_S0_S0_S0_S0_S0_S0_S0_S0_S0_S0_S0_jj,_ZN4M15L22m15_moe_segment_kernelEPhS0_S0_S0_S0_S0_S0_S0_S0_S0_S0_S0_S0_S0_S0_S0_jj,dynamic,MIX_AIC,1790435068992930.346	,59.367,124.382000,28,56,NO,N/A,N/A,N/A,N/A,N/A,N/A,N/A,59.02,2648732,1.213,0.021,4.011,0.068,1.465,0.025,8.866,0.15,0.001,0.0,0.391,0.007,0.0,59.05,5377730,0.211,0.004,3.568,0.06,0.563,0.01,0.106,0.002,0.038,96.572
0,4294967295,214,61,_ZN4M15L21m15_hc_segment_kernelEPhS0_S0_jS0_S0_S0_S0_S0_jj,_ZN4M15L21m15_hc_segment_kernelEPhS0_S0_jS0_S0_S0_S0_S0_jj,dynamic,MIX_AIC,1790435068993734.171	,80.844,744.633000,28,56,NO,N/A,N/A,N/A,N/A,N/A,N/A,N/A,80.5,3683581,2.22,0.028,2.429,0.03,2.15,0.027,11.312,0.141,0.001,0.0,0.917,0.011,0.0,80.52,7381498,0.388,0.005,2.104,0.026,7.895,0.098,1.191,0.015,0.018,98.624
0,4294967295,215,61,_Z20m15_gdn_layer_kernelPhS_S_S_S_S_S_S_S_S_S_S_S_S_S_,_Z20m15_gdn_layer_kernelPhS_S_S_S_S_S_S_S_S_S_S_S_S_S_,dynamic,MIX_AIC,1790435068993931.704	,135.019,116.656000,28,56,NO,N/A,N/A,N/A,N/A,N/A,N/A,N/A,134.68,6170667,15.925,0.118,6.474,0.048,15.338,0.114,93.078,0.691,0.001,0.0,1.163,0.009,0.0,134.71,12324977,1.554,0.012,1.443,0.011,4.737,0.035,1.059,0.008,0.05,98.923
0,4294967295,216,61,_ZN4M15L21m15_hc_segment_kernelEPhS0_S0_jS0_S0_S0_S0_S0_jj,_ZN4M15L21m15_hc_segment_kernelEPhS0_S0_jS0_S0_S0_S0_S0_jj,dynamic,MIX_AIC,1790435068994557.702	,76.089,490.981000,28,56,NO,N/A,N/A,N/A,N/A,N/A,N/A,N/A,75.75,3464546,2.208,0.029,2.598,0.034,2.134,0.028,11.304,0.149,0.001,0.0,0.851,0.011,0.0,75.78,6943272,0.389,0.005,2.082,0.027,1.996,0.026,2.952,0.039,0.0,98.556
0,4294967295,217,61,_ZN4M15L22m15_moe_segment_kernelEPhS0_S0_S0_S0_S0_S0_S0_S0_S0_S0_S0_S0_S0_S0_S0_jj,_ZN4M15L22m15_moe_segment_kernelEPhS0_S0_S0_S0_S0_S0_S0_S0_S0_S0_S0_S0_S0_S0_S0_jj,dynamic,MIX_AIC,1790435068994757.280	,63.157,123.411000,28,56,NO,N/A,N/A,N/A,N/A,N/A,N/A,N/A,62.79,2788622,1.226,0.02,3.427,0.055,1.477,0.024,9.039,0.144,0.001,0.0,0.66,0.011,0.0,62.82,5710674,0.208,0.003,3.227,0.051,0.547,0.009,0.201,0.003,0.105,95.571
0,4294967295,218,61,_ZN4M15L21m15_hc_segment_kernelEPhS0_S0_jS0_S0_S0_S0_S0_jj,_ZN4M15L21m15_hc_segment_kernelEPhS0_S0_jS0_S0_S0_S0_S0_jj,dynamic,MIX_AIC,1790435068995564.293	,83.238,743.843000,28,56,NO,N/A,N/A,N/A,N/A,N/A,N/A,N/A,82.87,3793188,2.204,0.027,3.166,0.038,2.136,0.026,11.358,0.137,0.001,0.0,0.812,0.01,0.0,82.9,7600903,0.389,0.005,2.681,0.032,8.669,0.105,1.077,0.013,0.014,98.637
0,4294967295,219,61,_Z20m15_gdn_layer_kernelPhS_S_S_S_S_S_S_S_S_S_S_S_S_S_,_Z20m15_gdn_layer_kernelPhS_S_S_S_S_S_S_S_S_S_S_S_S_S_,dynamic,MIX_AIC,1790435068995777.614	,138.035,130.012000,28,56,NO,N/A,N/A,N/A,N/A,N/A,N/A,N/A,137.69,6309203,15.923,0.116,6.411,0.047,15.464,0.112,96.973,0.704,0.001,0.0,1.177,0.009,0.0,137.72,12601932,1.558,0.011,1.492,0.011,4.343,0.032,1.084,0.008,0.045,98.933
0,4294967295,220,61,_ZN4M15L21m15_hc_segment_kernelEPhS0_S0_jS0_S0_S0_S0_S0_jj,_ZN4M15L21m15_hc_segment_kernelEPhS0_S0_jS0_S0_S0_S0_S0_jj,dynamic,MIX_AIC,1790435068996338.537	,75.226,422.965000,28,56,NO,N/A,N/A,N/A,N/A,N/A,N/A,N/A,74.89,3423896,2.201,0.029,2.458,0.033,2.149,0.029,11.254,0.15,0.001,0.0,0.919,0.012,0.0,74.91,6861695,0.39,0.005,2.04,0.027,1.872,0.025,2.738,0.037,0.0,98.517
0,4294967295,221,61,_ZN4M15L22m15_moe_segment_kernelEPhS0_S0_S0_S0_S0_S0_S0_S0_S0_S0_S0_S0_S0_S0_S0_jj,_ZN4M15L22m15_moe_segment_kernelEPhS0_S0_S0_S0_S0_S0_S0_S0_S0_S0_S0_S0_S0_S0_S0_jj,dynamic,MIX_AIC,1790435068996540.950	,64.038,127.274000,28,56,NO,N/A,N/A,N/A,N/A,N/A,N/A,N/A,63.7,2842681,1.216,0.019,3.709,0.058,1.469,0.023,9.12,0.143,0.001,0.0,0.694,0.011,0.0,63.73,5800468,0.208,0.003,3.013,0.047,0.579,0.009,0.196,0.003,0.108,96.083
0,4294967295,222,61,_ZN4M15L21m15_hc_segment_kernelEPhS0_S0_jS0_S0_S0_S0_S0_jj,_ZN4M15L21m15_hc_segment_kernelEPhS0_S0_jS0_S0_S0_S0_S0_jj,dynamic,MIX_AIC,1790435068997331.920	,82.708,726.962000,28,56,NO,N/A,N/A,N/A,N/A,N/A,N/A,N/A,82.37,3770120,2.241,0.027,2.626,0.032,2.142,0.026,11.457,0.139,0.001,0.0,0.915,0.011,0.0,82.39,7554725,0.388,0.005,2.055,0.025,9.223,0.112,1.24,0.015,0.017,98.666
0,4294967295,223,61,_Z20m15_gdn_layer_kernelPhS_S_S_S_S_S_S_S_S_S_S_S_S_S_,_Z20m15_gdn_layer_kernelPhS_S_S_S_S_S_S_S_S_S_S_S_S_S_,dynamic,MIX_AIC,1790435068997555.765	,142.913,141.042000,28,56,NO,N/A,N/A,N/A,N/A,N/A,N/A,N/A,142.57,6541977,15.901,0.112,6.301,0.044,15.524,0.109,100.895,0.708,0.001,0.0,1.194,0.008,0.0,142.59,13067302,1.55,0.011,1.489,0.01,4.547,0.032,1.041,0.007,0.046,99.082
0,4294967295,224,61,_ZN4M15L21m15_hc_segment_kernelEPhS0_S0_jS0_S0_S0_S0_S0_jj,_ZN4M15L21m15_hc_segment_kernelEPhS0_S0_jS0_S0_S0_S0_S0_jj,dynamic,MIX_AIC,1790435068998115.256	,75.933,416.587000,28,56,NO,N/A,N/A,N/A,N/A,N/A,N/A,N/A,75.59,3456920,2.22,0.029,3.139,0.042,2.146,0.028,11.48,0.152,0.001,0.0,0.887,0.012,0.0,75.61,6927574,0.389,0.005,2.615,0.035,1.922,0.025,2.299,0.03,0.0,98.541
0,4294967295,225,61,_ZN4M15L22m15_moe_segment_kernelEPhS0_S0_S0_S0_S0_S0_S0_S0_S0_S0_S0_S0_S0_S0_S0_jj,_ZN4M15L22m15_moe_segment_kernelEPhS0_S0_S0_S0_S0_S0_S0_S0_S0_S0_S0_S0_S0_S0_S0_jj,dynamic,MIX_AIC,1790435068998311.682	,64.332,120.567000,28,56,NO,N/A,N/A,N/A,N/A,N/A,N/A,N/A,63.98,2849386,1.223,0.019,3.931,0.061,1.472,0.023,9.072,0.142,0.001,0.0,0.652,0.01,0.0,64.0,5826017,0.208,0.003,3.361,0.053,0.58,0.009,0.191,0.003,0.104,95.870
0,4294967295,226,61,_ZN4M15L21m15_hc_segment_kernelEPhS0_S0_jS0_S0_S0_S0_S0_jj,_ZN4M15L21m15_hc_segment_kernelEPhS0_S0_jS0_S0_S0_S0_S0_jj,dynamic,MIX_AIC,1790435068998811.168	,82.416,435.168000,28,56,NO,N/A,N/A,N/A,N/A,N/A,N/A,N/A,82.06,3755679,2.237,0.027,2.543,0.031,2.144,0.026,11.159,0.136,0.001,0.0,0.85,0.01,0.0,82.08,7525750,0.389,0.005,2.173,0.026,9.268,0.113,1.18,0.014,0.018,98.636
0,4294967295,227,61,_Z27m15_attn_placeholder_kernelPhS_j,_Z27m15_attn_placeholder_kernelPhS_j,dynamic,MIX_AIC,1790435068999021.897	,3.032,128.334000,28,56,NO,N/A,N/A,N/A,N/A,N/A,N/A,N/A,2.59,36701,0.0,0.0,1.414,0.546,0.008,0.003,0.008,0.003,0.004,0.002,0.008,0.003,0.0,2.61,134828,0.0,0.0,0.711,0.272,0.105,0.04,0.027,0.01,0.233,26.200
0,4294967295,228,61,_ZN4M15L21m15_hc_segment_kernelEPhS0_S0_jS0_S0_S0_S0_S0_jj,_ZN4M15L21m15_hc_segment_kernelEPhS0_S0_jS0_S0_S0_S0_S0_jj,dynamic,MIX_AIC,1790435068999483.932	,76.207,458.968000,28,56,NO,N/A,N/A,N/A,N/A,N/A,N/A,N/A,75.88,3470290,2.183,0.029,2.55,0.034,2.13,0.028,11.399,0.15,0.001,0.0,0.899,0.012,0.0,75.91,6954757,0.388,0.005,2.065,0.027,1.713,0.023,2.601,0.034,0.0,98.566
0,4294967295,229,61,_ZN4M15L22m15_moe_segment_kernelEPhS0_S0_S0_S0_S0_S0_S0_S0_S0_S0_S0_S0_S0_S0_S0_jj,_ZN4M15L22m15_moe_segment_kernelEPhS0_S0_S0_S0_S0_S0_S0_S0_S0_S0_S0_S0_S0_S0_S0_jj,dynamic,MIX_AIC,1790435068999675.259	,59.466,115.043000,28,56,NO,N/A,N/A,N/A,N/A,N/A,N/A,N/A,59.1,2644233,1.217,0.021,3.964,0.067,1.469,0.025,8.95,0.151,0.001,0.0,0.429,0.007,0.0,59.12,5384964,0.21,0.004,3.318,0.056,0.517,0.009,0.093,0.002,0.041,96.247
0,4294967295,230,61,_ZN4M15L21m15_hc_segment_kernelEPhS0_S0_jS0_S0_S0_S0_S0_jj,_ZN4M15L21m15_hc_segment_kernelEPhS0_S0_jS0_S0_S0_S0_S0_jj,dynamic,MIX_AIC,1790435069000508.795	,81.466,774.034000,28,56,NO,N/A,N/A,N/A,N/A,N/A,N/A,N/A,81.1,3711545,2.201,0.027,2.704,0.033,2.158,0.027,11.44,0.141,0.001,0.0,0.848,0.01,0.0,81.12,7437776,0.389,0.005,2.161,0.027,8.065,0.099,1.123,0.014,0.018,98.613
0,4294967295,231,61,_Z20m15_gdn_layer_kernelPhS_S_S_S_S_S_S_S_S_S_S_S_S_S_,_Z20m15_gdn_layer_kernelPhS_S_S_S_S_S_S_S_S_S_S_S_S_S_,dynamic,MIX_AIC,1790435069000711.976	,138.138,121.784000,28,56,NO,N/A,N/A,N/A,N/A,N/A,N/A,N/A,137.81,6315756,15.918,0.116,6.351,0.046,15.433,0.112,96.916,0.703,0.001,0.0,1.204,0.009,0.0,137.83,12614928,1.556,0.011,1.457,0.011,4.798,0.035,1.139,0.008,0.049,98.962
0,4294967295,232,61,_ZN4M15L21m15_hc_segment_kernelEPhS0_S0_jS0_S0_S0_S0_S0_jj,_ZN4M15L21m15_hc_segment_kernelEPhS0_S0_jS0_S0_S0_S0_S0_jj,dynamic,MIX_AIC,1790435069001399.888	,75.240,549.862000,28,56,NO,N/A,N/A,N/A,N/A,N/A,N/A,N/A,74.91,3425351,2.214,0.03,2.618,0.035,2.146,0.029,11.309,0.151,0.001,0.0,0.939,0.013,0.0,74.94,6864833,0.39,0.005,2.114,0.028,2.047,0.027,2.754,0.037,0.0,98.540
0,4294967295,233,61,_ZN4M15L22m15_moe_segment_kernelEPhS0_S0_S0_S0_S0_S0_S0_S0_S0_S0_S0_S0_S0_S0_S0_jj,_ZN4M15L22m15_moe_segment_kernelEPhS0_S0_S0_S0_S0_S0_S0_S0_S0_S0_S0_S0_S0_S0_S0_jj,dynamic,MIX_AIC,1790435069001589.535	,63.592,114.260000,28,56,NO,N/A,N/A,N/A,N/A,N/A,N/A,N/A,63.2,2811003,1.224,0.019,3.859,0.061,1.473,0.023,9.196,0.146,0.001,0.0,0.661,0.01,0.0,63.23,5755771,0.208,0.003,3.296,0.052,0.563,0.009,0.191,0.003,0.106,95.679
0,4294967295,234,61,_ZN4M15L21m15_hc_segment_kernelEPhS0_S0_jS0_S0_S0_S0_S0_jj,_ZN4M15L21m15_hc_segment_kernelEPhS0_S0_jS0_S0_S0_S0_S0_jj,dynamic,MIX_AIC,1790435069002458.669	,81.537,805.658000,28,56,NO,N/A,N/A,N/A,N/A,N/A,N/A,N/A,81.15,3713277,2.218,0.027,2.851,0.035,2.143,0.026,11.305,0.139,0.001,0.0,0.901,0.011,0.0,81.17,7441281,0.388,0.005,2.403,0.03,8.801,0.108,0.895,0.011,0.015,98.574
0,4294967295,235,61,_Z20m15_gdn_layer_kernelPhS_S_S_S_S_S_S_S_S_S_S_S_S_S_,_Z20m15_gdn_layer_kernelPhS_S_S_S_S_S_S_S_S_S_S_S_S_S_,dynamic,MIX_AIC,1790435069002654.293	,139.084,113.963000,28,56,NO,N/A,N/A,N/A,N/A,N/A,N/A,N/A,138.75,6366819,15.9,0.115,6.344,0.046,15.382,0.111,96.996,0.699,0.001,0.0,1.135,0.008,0.0,138.78,12716800,1.554,0.011,1.465,0.011,4.654,0.034,1.024,0.007,0.045,99.084
0,4294967295,236,61,_ZN4M15L21m15_hc_segment_kernelEPhS0_S0_jS0_S0_S0_S0_S0_jj,_ZN4M15L21m15_hc_segment_kernelEPhS0_S0_jS0_S0_S0_S0_S0_jj,dynamic,MIX_AIC,1790435069003204.353	,76.411,410.916000,28,56,NO,N/A,N/A,N/A,N/A,N/A,N/A,N/A,76.08,3479773,2.188,0.029,2.857,0.038,2.152,0.028,11.407,0.15,0.001,0.0,0.902,0.012,0.0,76.1,6973498,0.388,0.005,2.392,0.031,1.969,0.026,2.612,0.034,0.0,98.572
0,4294967295,237,61,_ZN4M15L22m15_moe_segment_kernelEPhS0_S0_S0_S0_S0_S0_S0_S0_S0_S0_S0_S0_S0_S0_S0_jj,_ZN4M15L22m15_moe_segment_kernelEPhS0_S0_S0_S0_S0_S0_S0_S0_S0_S0_S0_S0_S0_S0_S0_jj,dynamic,MIX_AIC,1790435069003397.463	,64.040,116.839000,28,56,NO,N/A,N/A,N/A,N/A,N/A,N/A,N/A,63.69,2838870,1.22,0.019,4.367,0.069,1.473,0.023,9.12,0.143,0.001,0.0,0.723,0.011,0.0,63.71,5793435,0.208,0.003,3.586,0.056,0.606,0.01,0.186,0.003,0.108,95.952
0,4294967295,238,61,_ZN4M15L21m15_hc_segment_kernelEPhS0_S0_jS0_S0_S0_S0_S0_jj,_ZN4M15L21m15_hc_segment_kernelEPhS0_S0_jS0_S0_S0_S0_S0_jj,dynamic,MIX_AIC,1790435069004204.394	,81.998,742.960000,28,56,NO,N/A,N/A,N/A,N/A,N/A,N/A,N/A,81.64,3736748,2.191,0.027,2.493,0.031,2.146,0.026,11.283,0.138,0.001,0.0,0.876,0.011,0.0,81.67,7487469,0.389,0.005,2.077,0.025,8.453,0.104,1.34,0.016,0.014,98.639
0,4294967295,239,61,_Z20m15_gdn_layer_kernelPhS_S_S_S_S_S_S_S_S_S_S_S_S_S_,_Z20m15_gdn_layer_kernelPhS_S_S_S_S_S_S_S_S_S_S_S_S_S_,dynamic,MIX_AIC,1790435069004404.086	,139.997,117.502000,28,56,NO,N/A,N/A,N/A,N/A,N/A,N/A,N/A,139.66,6399696,15.923,0.114,6.389,0.046,15.511,0.111,100.042,0.716,0.001,0.0,1.144,0.008,0.0,139.69,12782838,1.56,0.011,1.565,0.011,4.351,0.031,1.109,0.008,0.048,98.946
0,4294967295,240,61,_ZN4M15L21m15_hc_segment_kernelEPhS0_S0_jS0_S0_S0_S0_S0_jj,_ZN4M15L21m15_hc_segment_kernelEPhS0_S0_jS0_S0_S0_S0_S0_jj,dynamic,MIX_AIC,1790435069004976.793	,76.458,432.753000,28,56,NO,N/A,N/A,N/A,N/A,N/A,N/A,N/A,76.12,3481518,2.227,0.029,3.282,0.043,2.144,0.028,11.691,0.154,0.001,0.0,1.079,0.014,0.0,76.15,6977291,0.39,0.005,2.925,0.038,1.77,0.023,2.273,0.03,0.0,98.561
0,4294967295,241,61,_ZN4M15L22m15_moe_segment_kernelEPhS0_S0_S0_S0_S0_S0_S0_S0_S0_S0_S0_S0_S0_S0_S0_jj,_ZN4M15L22m15_moe_segment_kernelEPhS0_S0_S0_S0_S0_S0_S0_S0_S0_S0_S0_S0_S0_S0_S0_jj,dynamic,MIX_AIC,1790435069005175.089	,63.763,121.792000,28,56,NO,N/A,N/A,N/A,N/A,N/A,N/A,N/A,63.4,2819874,1.224,0.019,3.915,0.062,1.473,0.023,9.034,0.142,0.001,0.0,0.657,0.01,0.0,63.42,5766911,0.208,0.003,3.421,0.054,0.585,0.009,0.192,0.003,0.104,95.724
0,4294967295,242,61,_ZN4M15L21m15_hc_segment_kernelEPhS0_S0_jS0_S0_S0_S0_S0_jj,_ZN4M15L21m15_hc_segment_kernelEPhS0_S0_jS0_S0_S0_S0_S0_jj,dynamic,MIX_AIC,1790435069005686.083	,84.246,447.237000,28,56,NO,N/A,N/A,N/A,N/A,N/A,N/A,N/A,83.88,3836117,2.208,0.026,2.991,0.036,2.144,0.026,12.024,0.143,0.001,0.0,1.06,0.013,0.0,83.91,7689727,0.388,0.005,2.428,0.029,9.095,0.108,1.222,0.015,0.015,98.560
0,4294967295,243,61,_Z27m15_attn_placeholder_kernelPhS_j,_Z27m15_attn_placeholder_kernelPhS_j,dynamic,MIX_AIC,1790435069005898.611	,2.479,128.254000,28,56,NO,N/A,N/A,N/A,N/A,N/A,N/A,N/A,2.04,36747,0.0,0.0,1.117,0.547,0.006,0.003,0.006,0.003,0.003,0.002,0.006,0.003,0.0,2.06,112159,0.0,0.0,0.733,0.356,0.099,0.048,0.025,0.012,0.233,32.085
0,4294967295,244,61,_ZN4M15L21m15_hc_segment_kernelEPhS0_S0_jS0_S0_S0_S0_S0_jj,_ZN4M15L21m15_hc_segment_kernelEPhS0_S0_jS0_S0_S0_S0_S0_jj,dynamic,MIX_AIC,1790435069006383.713	,76.244,482.771000,28,56,NO,N/A,N/A,N/A,N/A,N/A,N/A,N/A,75.92,3471768,2.22,0.029,3.336,0.044,2.135,0.028,12.447,0.164,0.001,0.0,0.973,0.013,0.0,75.95,6961535,0.39,0.005,2.678,0.035,1.8,0.024,2.3,0.03,0.0,98.561
0,4294967295,245,61,_ZN4M15L22m15_moe_segment_kernelEPhS0_S0_S0_S0_S0_S0_S0_S0_S0_S0_S0_S0_S0_S0_S0_jj,_ZN4M15L22m15_moe_segment_kernelEPhS0_S0_S0_S0_S0_S0_S0_S0_S0_S0_S0_S0_S0_S0_S0_jj,dynamic,MIX_AIC,1790435069006581.800	,59.605,121.756000,28,56,NO,N/A,N/A,N/A,N/A,N/A,N/A,N/A,59.24,2646231,1.219,0.021,4.513,0.076,1.47,0.025,8.817,0.149,0.001,0.0,0.349,0.006,0.0,59.27,5374209,0.208,0.004,3.931,0.066,0.552,0.009,0.095,0.002,0.039,96.096
0,4294967295,246,61,_ZN4M15L23m15_layer_kernel_gdn_hcEPhS0_S0_S0_S0_S0_S0_S0_S0_S0_S0_S0_S0_S0_S0_S0_S0_S0_S0_S0_S0_S0_S0_S0_S0_S0_S0_S0_S0_S0_S0_S0_S0_S0_S0_S0_S0_S0_S0_S0_S0_S0_jjjjjj,_ZN4M15L23m15_layer_kernel_gdn_hcEPhS0_S0_S0_S0_S0_S0_S0_S0_S0_S0_S0_S0_S0_S0_S0_S0_S0_S0_S0_S0_S0_S0_S0_S0_S0_S0_S0_S0_S0_S0_S0_S0_S0_S0_S0_S0_S0_S0_S0_S0_S0_jjjjjj,dynamic,MIX_AIC,1790435069021735.909	,348.148,15094.645000,28,56,NO,N/A,N/A,N/A,N/A,N/A,N/A,N/A,347.79,15965828,21.481,0.062,11.617,0.033,21.103,0.061,127.459,0.366,0.001,0.0,3.725,0.011,0.0,347.81,32047063,2.223,0.006,5.136,0.015,12.764,0.037,3.916,0.011,0.135,99.263
0,4294967295,247,61,_ZN4M15L23m15_layer_kernel_gdn_hcEPhS0_S0_S0_S0_S0_S0_S0_S0_S0_S0_S0_S0_S0_S0_S0_S0_S0_S0_S0_S0_S0_S0_S0_S0_S0_S0_S0_S0_S0_S0_S0_S0_S0_S0_S0_S0_S0_S0_S0_S0_S0_jjjjjj,_ZN4M15L23m15_layer_kernel_gdn_hcEPhS0_S0_S0_S0_S0_S0_S0_S0_S0_S0_S0_S0_S0_S0_S0_S0_S0_S0_S0_S0_S0_S0_S0_S0_S0_S0_S0_S0_S0_S0_S0_S0_S0_S0_S0_S0_S0_S0_S0_S0_S0_jjjjjj,dynamic,MIX_AIC,1790435069022447.366	,351.722,363.102000,28,56,NO,N/A,N/A,N/A,N/A,N/A,N/A,N/A,351.4,16128132,21.484,0.061,11.138,0.032,21.161,0.06,128.711,0.366,0.001,0.0,3.682,0.01,0.0,351.42,32372491,2.523,0.007,5.141,0.015,13.341,0.038,5.878,0.017,0.092,99.253
0,4294967295,248,61,_ZN4M15L23m15_layer_kernel_gdn_hcEPhS0_S0_S0_S0_S0_S0_S0_S0_S0_S0_S0_S0_S0_S0_S0_S0_S0_S0_S0_S0_S0_S0_S0_S0_S0_S0_S0_S0_S0_S0_S0_S0_S0_S0_S0_S0_S0_S0_S0_S0_S0_jjjjjj,_ZN4M15L23m15_layer_kernel_gdn_hcEPhS0_S0_S0_S0_S0_S0_S0_S0_S0_S0_S0_S0_S0_S0_S0_S0_S0_S0_S0_S0_S0_S0_S0_S0_S0_S0_S0_S0_S0_S0_S0_S0_S0_S0_S0_S0_S0_S0_S0_S0_S0_jjjjjj,dynamic,MIX_AIC,1790435069023081.184	,355.410,282.278000,28,56,NO,N/A,N/A,N/A,N/A,N/A,N/A,N/A,355.09,16287974,21.489,0.061,11.316,0.032,21.27,0.06,133.295,0.375,0.001,0.0,3.63,0.01,0.0,355.11,32712694,2.535,0.007,4.893,0.014,13.533,0.038,6.107,0.017,0.091,99.196
0,4294967295,249,61,_ZN4M15L24m15_layer_kernel_attn_hcEPhS0_S0_S0_S0_S0_S0_S0_S0_S0_S0_S0_S0_S0_S0_S0_S0_S0_S0_S0_S0_S0_S0_S0_S0_S0_S0_S0_S0_S0_S0_S0_S0_S0_S0_S0_S0_S0_S0_S0_S0_S0_jjjjjj,_ZN4M15L24m15_layer_kernel_attn_hcEPhS0_S0_S0_S0_S0_S0_S0_S0_S0_S0_S0_S0_S0_S0_S0_S0_S0_S0_S0_S0_S0_S0_S0_S0_S0_S0_S0_S0_S0_S0_S0_S0_S0_S0_S0_S0_S0_S0_S0_S0_S0_jjjjjj,dynamic,MIX_AIC,1790435069023718.487	,214.267,281.840000,28,56,NO,N/A,N/A,N/A,N/A,N/A,N/A,N/A,213.88,9734279,5.642,0.026,6.758,0.032,5.781,0.027,32.12,0.15,0.001,0.0,2.163,0.01,0.001,213.91,19673802,0.977,0.005,5.244,0.025,7.916,0.037,5.227,0.024,0.099,98.335
0,4294967295,250,61,_ZN4M15L23m15_layer_kernel_gdn_hcEPhS0_S0_S0_S0_S0_S0_S0_S0_S0_S0_S0_S0_S0_S0_S0_S0_S0_S0_S0_S0_S0_S0_S0_S0_S0_S0_S0_S0_S0_S0_S0_S0_S0_S0_S0_S0_S0_S0_S0_S0_S0_jjjjjj,_ZN4M15L23m15_layer_kernel_gdn_hcEPhS0_S0_S0_S0_S0_S0_S0_S0_S0_S0_S0_S0_S0_S0_S0_S0_S0_S0_S0_S0_S0_S0_S0_S0_S0_S0_S0_S0_S0_S0_S0_S0_S0_S0_S0_S0_S0_S0_S0_S0_S0_jjjjjj,dynamic,MIX_AIC,1790435069024219.411	,355.037,286.733000,28,56,NO,N/A,N/A,N/A,N/A,N/A,N/A,N/A,354.66,16278356,21.477,0.061,11.509,0.032,21.18,0.06,130.392,0.368,0.001,0.0,3.693,0.01,0.0,354.68,32672373,2.526,0.007,5.145,0.015,13.817,0.039,6.514,0.018,0.109,99.242
0,4294967295,251,61,_ZN4M15L23m15_layer_kernel_gdn_hcEPhS0_S0_S0_S0_S0_S0_S0_S0_S0_S0_S0_S0_S0_S0_S0_S0_S0_S0_S0_S0_S0_S0_S0_S0_S0_S0_S0_S0_S0_S0_S0_S0_S0_S0_S0_S0_S0_S0_S0_S0_S0_jjjjjj,_ZN4M15L23m15_layer_kernel_gdn_hcEPhS0_S0_S0_S0_S0_S0_S0_S0_S0_S0_S0_S0_S0_S0_S0_S0_S0_S0_S0_S0_S0_S0_S0_S0_S0_S0_S0_S0_S0_S0_S0_S0_S0_S0_S0_S0_S0_S0_S0_S0_S0_jjjjjj,dynamic,MIX_AIC,1790435069024857.470	,355.777,282.963000,28,56,NO,N/A,N/A,N/A,N/A,N/A,N/A,N/A,355.45,16293087,21.543,0.061,11.286,0.032,21.239,0.06,132.357,0.372,0.001,0.0,3.591,0.01,0.0,355.48,32739545,2.531,0.007,5.109,0.014,13.589,0.038,6.064,0.017,0.088,99.125
0,4294967295,252,61,_ZN4M15L23m15_layer_kernel_gdn_hcEPhS0_S0_S0_S0_S0_S0_S0_S0_S0_S0_S0_S0_S0_S0_S0_S0_S0_S0_S0_S0_S0_S0_S0_S0_S0_S0_S0_S0_S0_S0_S0_S0_S0_S0_S0_S0_S0_S0_S0_S0_S0_jjjjjj,_ZN4M15L23m15_layer_kernel_gdn_hcEPhS0_S0_S0_S0_S0_S0_S0_S0_S0_S0_S0_S0_S0_S0_S0_S0_S0_S0_S0_S0_S0_S0_S0_S0_S0_S0_S0_S0_S0_S0_S0_S0_S0_S0_S0_S0_S0_S0_S0_S0_S0_jjjjjj,dynamic,MIX_AIC,1790435069025528.483	,364.633,315.223000,28,56,NO,N/A,N/A,N/A,N/A,N/A,N/A,N/A,364.31,16704845,21.504,0.059,11.349,0.031,21.221,0.058,135.109,0.371,0.001,0.0,3.715,0.01,0.0,364.33,33546348,2.522,0.007,5.033,0.014,14.91,0.041,6.44,0.018,0.087,99.162
0,4294967295,253,61,_ZN4M15L24m15_layer_kernel_attn_hcEPhS0_S0_S0_S0_S0_S0_S0_S0_S0_S0_S0_S0_S0_S0_S0_S0_S0_S0_S0_S0_S0_S0_S0_S0_S0_S0_S0_S0_S0_S0_S0_S0_S0_S0_S0_S0_S0_S0_S0_S0_S0_jjjjjj,_ZN4M15L24m15_layer_kernel_attn_hcEPhS0_S0_S0_S0_S0_S0_S0_S0_S0_S0_S0_S0_S0_S0_S0_S0_S0_S0_S0_S0_S0_S0_S0_S0_S0_S0_S0_S0_S0_S0_S0_S0_S0_S0_S0_S0_S0_S0_S0_S0_S0_jjjjjj,dynamic,MIX_AIC,1790435069026173.806	,216.545,280.617000,28,56,NO,N/A,N/A,N/A,N/A,N/A,N/A,N/A,216.19,9849295,5.613,0.026,6.737,0.031,5.748,0.027,32.876,0.152,0.001,0.0,2.176,0.01,0.0,216.21,19890460,0.976,0.005,5.36,0.025,7.084,0.033,4.995,0.023,0.1,98.450
0,4294967295,254,61,_ZN4M15L23m15_layer_kernel_gdn_hcEPhS0_S0_S0_S0_S0_S0_S0_S0_S0_S0_S0_S0_S0_S0_S0_S0_S0_S0_S0_S0_S0_S0_S0_S0_S0_S0_S0_S0_S0_S0_S0_S0_S0_S0_S0_S0_S0_S0_S0_S0_S0_jjjjjj,_ZN4M15L23m15_layer_kernel_gdn_hcEPhS0_S0_S0_S0_S0_S0_S0_S0_S0_S0_S0_S0_S0_S0_S0_S0_S0_S0_S0_S0_S0_S0_S0_S0_S0_S0_S0_S0_S0_S0_S0_S0_S0_S0_S0_S0_S0_S0_S0_S0_S0_jjjjjj,dynamic,MIX_AIC,1790435069026722.437	,355.930,332.205000,28,56,NO,N/A,N/A,N/A,N/A,N/A,N/A,N/A,355.58,16308883,21.456,0.06,11.358,0.032,21.148,0.059,129.748,0.365,0.001,0.0,3.738,0.011,0.0,355.6,32758238,2.539,0.007,5.176,0.015,13.151,0.037,6.492,0.018,0.111,99.179
0,4294967295,255,61,_ZN4M15L23m15_layer_kernel_gdn_hcEPhS0_S0_S0_S0_S0_S0_S0_S0_S0_S0_S0_S0_S0_S0_S0_S0_S0_S0_S0_S0_S0_S0_S0_S0_S0_S0_S0_S0_S0_S0_S0_S0_S0_S0_S0_S0_S0_S0_S0_S0_S0_jjjjjj,_ZN4M15L23m15_layer_kernel_gdn_hcEPhS0_S0_S0_S0_S0_S0_S0_S0_S0_S0_S0_S0_S0_S0_S0_S0_S0_S0_S0_S0_S0_S0_S0_S0_S0_S0_S0_S0_S0_S0_S0_S0_S0_S0_S0_S0_S0_S0_S0_S0_S0_jjjjjj,dynamic,MIX_AIC,1790435069027351.344	,350.858,272.820000,28,56,NO,N/A,N/A,N/A,N/A,N/A,N/A,N/A,350.53,16077829,21.496,0.061,11.409,0.033,21.185,0.06,128.322,0.366,0.001,0.0,3.362,0.01,0.0,350.55,32292494,2.525,0.007,5.095,0.015,13.37,0.038,6.246,0.018,0.088,99.187
0,4294967295,256,61,_ZN4M15L23m15_layer_kernel_gdn_hcEPhS0_S0_S0_S0_S0_S0_S0_S0_S0_S0_S0_S0_S0_S0_S0_S0_S0_S0_S0_S0_S0_S0_S0_S0_S0_S0_S0_S0_S0_S0_S0_S0_S0_S0_S0_S0_S0_S0_S0_S0_S0_jjjjjj,_ZN4M15L23m15_layer_kernel_gdn_hcEPhS0_S0_S0_S0_S0_S0_S0_S0_S0_S0_S0_S0_S0_S0_S0_S0_S0_S0_S0_S0_S0_S0_S0_S0_S0_S0_S0_S0_S0_S0_S0_S0_S0_S0_S0_S0_S0_S0_S0_S0_S0_jjjjjj,dynamic,MIX_AIC,1790435069027976.515	,356.263,274.392000,28,56,NO,N/A,N/A,N/A,N/A,N/A,N/A,N/A,355.93,16322892,21.513,0.06,11.412,0.032,21.242,0.06,133.413,0.375,0.001,0.0,3.501,0.01,0.0,355.96,32791460,2.534,0.007,5.298,0.015,13.294,0.037,5.921,0.017,0.088,99.171
0,4294967295,257,61,_ZN4M15L24m15_layer_kernel_attn_hcEPhS0_S0_S0_S0_S0_S0_S0_S0_S0_S0_S0_S0_S0_S0_S0_S0_S0_S0_S0_S0_S0_S0_S0_S0_S0_S0_S0_S0_S0_S0_S0_S0_S0_S0_S0_S0_S0_S0_S0_S0_S0_jjjjjj,_ZN4M15L24m15_layer_kernel_attn_hcEPhS0_S0_S0_S0_S0_S0_S0_S0_S0_S0_S0_S0_S0_S0_S0_S0_S0_S0_S0_S0_S0_S0_S0_S0_S0_S0_S0_S0_S0_S0_S0_S0_S0_S0_S0_S0_S0_S0_S0_S0_S0_jjjjjj,dynamic,MIX_AIC,1790435069028609.134	,214.861,276.487000,28,56,NO,N/A,N/A,N/A,N/A,N/A,N/A,N/A,214.49,9751933,5.657,0.026,6.685,0.031,5.761,0.027,31.816,0.148,0.001,0.0,2.126,0.01,0.0,214.51,19688476,0.98,0.005,5.329,0.025,8.122,0.038,5.315,0.025,0.103,98.241
0,4294967295,258,61,_ZN4M15L23m15_layer_kernel_gdn_hcEPhS0_S0_S0_S0_S0_S0_S0_S0_S0_S0_S0_S0_S0_S0_S0_S0_S0_S0_S0_S0_S0_S0_S0_S0_S0_S0_S0_S0_S0_S0_S0_S0_S0_S0_S0_S0_S0_S0_S0_S0_S0_jjjjjj,_ZN4M15L23m15_layer_kernel_gdn_hcEPhS0_S0_S0_S0_S0_S0_S0_S0_S0_S0_S0_S0_S0_S0_S0_S0_S0_S0_S0_S0_S0_S0_S0_S0_S0_S0_S0_S0_S0_S0_S0_S0_S0_S0_S0_S0_S0_S0_S0_S0_S0_jjjjjj,dynamic,MIX_AIC,1790435069029101.214	,350.425,277.139000,28,56,NO,N/A,N/A,N/A,N/A,N/A,N/A,N/A,350.05,16063023,21.453,0.061,11.381,0.033,21.004,0.06,125.426,0.358,0.001,0.0,3.581,0.01,0.0,350.07,32252554,2.529,0.007,5.05,0.014,13.462,0.038,6.661,0.019,0.111,99.218
0,4294967295,259,61,_ZN4M15L23m15_layer_kernel_gdn_hcEPhS0_S0_S0_S0_S0_S0_S0_S0_S0_S0_S0_S0_S0_S0_S0_S0_S0_S0_S0_S0_S0_S0_S0_S0_S0_S0_S0_S0_S0_S0_S0_S0_S0_S0_S0_S0_S0_S0_S0_S0_S0_jjjjjj,_ZN4M15L23m15_layer_kernel_gdn_hcEPhS0_S0_S0_S0_S0_S0_S0_S0_S0_S0_S0_S0_S0_S0_S0_S0_S0_S0_S0_S0_S0_S0_S0_S0_S0_S0_S0_S0_S0_S0_S0_S0_S0_S0_S0_S0_S0_S0_S0_S0_S0_jjjjjj,dynamic,MIX_AIC,1790435069029778.516	,356.208,326.825000,28,56,NO,N/A,N/A,N/A,N/A,N/A,N/A,N/A,355.48,16306382,21.517,0.061,11.697,0.033,21.121,0.059,130.987,0.368,0.001,0.0,3.539,0.01,0.0,355.51,32748276,2.528,0.007,5.232,0.015,13.872,0.039,5.664,0.016,0.089,99.086
0,4294967295,260,61,_ZN4M15L23m15_layer_kernel_gdn_hcEPhS0_S0_S0_S0_S0_S0_S0_S0_S0_S0_S0_S0_S0_S0_S0_S0_S0_S0_S0_S0_S0_S0_S0_S0_S0_S0_S0_S0_S0_S0_S0_S0_S0_S0_S0_S0_S0_S0_S0_S0_S0_jjjjjj,_ZN4M15L23m15_layer_kernel_gdn_hcEPhS0_S0_S0_S0_S0_S0_S0_S0_S0_S0_S0_S0_S0_S0_S0_S0_S0_S0_S0_S0_S0_S0_S0_S0_S0_S0_S0_S0_S0_S0_S0_S0_S0_S0_S0_S0_S0_S0_S0_S0_S0_jjjjjj,dynamic,MIX_AIC,1790435069030415.932	,350.320,281.292000,28,56,NO,N/A,N/A,N/A,N/A,N/A,N/A,N/A,350.01,16059755,21.484,0.061,11.917,0.034,21.117,0.06,127.886,0.365,0.001,0.0,3.611,0.01,0.0,350.04,32243647,2.524,0.007,5.548,0.016,13.589,0.039,6.064,0.017,0.087,99.227
0,4294967295,261,61,_ZN4M15L24m15_layer_kernel_attn_hcEPhS0_S0_S0_S0_S0_S0_S0_S0_S0_S0_S0_S0_S0_S0_S0_S0_S0_S0_S0_S0_S0_S0_S0_S0_S0_S0_S0_S0_S0_S0_S0_S0_S0_S0_S0_S0_S0_S0_S0_S0_S0_jjjjjj,_ZN4M15L24m15_layer_kernel_attn_hcEPhS0_S0_S0_S0_S0_S0_S0_S0_S0_S0_S0_S0_S0_S0_S0_S0_S0_S0_S0_S0_S0_S0_S0_S0_S0_S0_S0_S0_S0_S0_S0_S0_S0_S0_S0_S0_S0_S0_S0_S0_S0_jjjjjj,dynamic,MIX_AIC,1790435069031040.130	,213.189,273.930000,28,56,NO,N/A,N/A,N/A,N/A,N/A,N/A,N/A,212.81,9695829,5.639,0.026,6.609,0.031,5.742,0.027,31.955,0.15,0.001,0.0,2.111,0.01,0.0,212.83,19575538,0.978,0.005,5.164,0.024,7.101,0.033,5.033,0.024,0.103,98.441
0,4294967295,262,61,_ZN4M15L23m15_layer_kernel_gdn_hcEPhS0_S0_S0_S0_S0_S0_S0_S0_S0_S0_S0_S0_S0_S0_S0_S0_S0_S0_S0_S0_S0_S0_S0_S0_S0_S0_S0_S0_S0_S0_S0_S0_S0_S0_S0_S0_S0_S0_S0_S0_S0_jjjjjj,_ZN4M15L23m15_layer_kernel_gdn_hcEPhS0_S0_S0_S0_S0_S0_S0_S0_S0_S0_S0_S0_S0_S0_S0_S0_S0_S0_S0_S0_S0_S0_S0_S0_S0_S0_S0_S0_S0_S0_S0_S0_S0_S0_S0_S0_S0_S0_S0_S0_S0_jjjjjj,dynamic,MIX_AIC,1790435069031533.849	,356.568,280.311000,28,56,NO,N/A,N/A,N/A,N/A,N/A,N/A,N/A,356.19,16344170,21.464,0.06,11.526,0.032,21.216,0.06,132.576,0.372,0.001,0.0,3.546,0.01,0.0,356.21,32814698,2.531,0.007,5.127,0.014,13.258,0.037,6.218,0.017,0.112,99.215
0,4294967295,263,61,_ZN4M15L23m15_layer_kernel_gdn_hcEPhS0_S0_S0_S0_S0_S0_S0_S0_S0_S0_S0_S0_S0_S0_S0_S0_S0_S0_S0_S0_S0_S0_S0_S0_S0_S0_S0_S0_S0_S0_S0_S0_S0_S0_S0_S0_S0_S0_S0_S0_S0_jjjjjj,_ZN4M15L23m15_layer_kernel_gdn_hcEPhS0_S0_S0_S0_S0_S0_S0_S0_S0_S0_S0_S0_S0_S0_S0_S0_S0_S0_S0_S0_S0_S0_S0_S0_S0_S0_S0_S0_S0_S0_S0_S0_S0_S0_S0_S0_S0_S0_S0_S0_S0_jjjjjj,dynamic,MIX_AIC,1790435069032165.581	,355.769,275.182000,28,56,NO,N/A,N/A,N/A,N/A,N/A,N/A,N/A,355.46,16313413,21.483,0.06,11.17,0.031,21.215,0.06,129.321,0.364,0.001,0.0,3.606,0.01,0.0,355.48,32746346,2.523,0.007,5.084,0.014,13.921,0.039,6.368,0.018,0.089,99.251
0,4294967295,264,61,_ZN4M15L23m15_layer_kernel_gdn_hcEPhS0_S0_S0_S0_S0_S0_S0_S0_S0_S0_S0_S0_S0_S0_S0_S0_S0_S0_S0_S0_S0_S0_S0_S0_S0_S0_S0_S0_S0_S0_S0_S0_S0_S0_S0_S0_S0_S0_S0_S0_S0_jjjjjj,_ZN4M15L23m15_layer_kernel_gdn_hcEPhS0_S0_S0_S0_S0_S0_S0_S0_S0_S0_S0_S0_S0_S0_S0_S0_S0_S0_S0_S0_S0_S0_S0_S0_S0_S0_S0_S0_S0_S0_S0_S0_S0_S0_S0_S0_S0_S0_S0_S0_S0_jjjjjj,dynamic,MIX_AIC,1790435069032852.299	,351.775,330.981000,28,56,NO,N/A,N/A,N/A,N/A,N/A,N/A,N/A,351.46,16127083,21.504,0.061,11.882,0.034,21.001,0.06,126.719,0.361,0.001,0.0,3.54,0.01,0.0,351.49,32378274,2.53,0.007,5.407,0.015,13.253,0.038,5.94,0.017,0.087,99.231
0,4294967295,265,61,_ZN4M15L24m15_layer_kernel_attn_hcEPhS0_S0_S0_S0_S0_S0_S0_S0_S0_S0_S0_S0_S0_S0_S0_S0_S0_S0_S0_S0_S0_S0_S0_S0_S0_S0_S0_S0_S0_S0_S0_S0_S0_S0_S0_S0_S0_S0_S0_S0_S0_jjjjjj,_ZN4M15L24m15_layer_kernel_attn_hcEPhS0_S0_S0_S0_S0_S0_S0_S0_S0_S0_S0_S0_S0_S0_S0_S0_S0_S0_S0_S0_S0_S0_S0_S0_S0_S0_S0_S0_S0_S0_S0_S0_S0_S0_S0_S0_S0_S0_S0_S0_S0_jjjjjj,dynamic,MIX_AIC,1790435069033484.863	,214.744,280.725000,28,56,NO,N/A,N/A,N/A,N/A,N/A,N/A,N/A,214.34,9770571,5.658,0.026,6.601,0.031,5.721,0.027,32.527,0.152,0.001,0.0,2.365,0.011,0.0,214.37,19719790,0.978,0.005,5.199,0.024,7.143,0.033,5.349,0.025,0.103,98.482
0,4294967295,266,61,_ZN4M15L23m15_layer_kernel_gdn_hcEPhS0_S0_S0_S0_S0_S0_S0_S0_S0_S0_S0_S0_S0_S0_S0_S0_S0_S0_S0_S0_S0_S0_S0_S0_S0_S0_S0_S0_S0_S0_S0_S0_S0_S0_S0_S0_S0_S0_S0_S0_S0_jjjjjj,_ZN4M15L23m15_layer_kernel_gdn_hcEPhS0_S0_S0_S0_S0_S0_S0_S0_S0_S0_S0_S0_S0_S0_S0_S0_S0_S0_S0_S0_S0_S0_S0_S0_S0_S0_S0_S0_S0_S0_S0_S0_S0_S0_S0_S0_S0_S0_S0_S0_S0_jjjjjj,dynamic,MIX_AIC,1790435069033974.280	,353.312,274.756000,28,56,NO,N/A,N/A,N/A,N/A,N/A,N/A,N/A,352.91,16185149,21.527,0.061,11.456,0.032,21.077,0.06,128.334,0.364,0.001,0.0,3.693,0.01,0.0,352.93,32506798,2.525,0.007,5.087,0.014,14.452,0.041,6.128,0.017,0.111,99.155
0,4294967295,267,61,_ZN4M15L23m15_layer_kernel_gdn_hcEPhS0_S0_S0_S0_S0_S0_S0_S0_S0_S0_S0_S0_S0_S0_S0_S0_S0_S0_S0_S0_S0_S0_S0_S0_S0_S0_S0_S0_S0_S0_S0_S0_S0_S0_S0_S0_S0_S0_S0_S0_S0_jjjjjj,_ZN4M15L23m15_layer_kernel_gdn_hcEPhS0_S0_S0_S0_S0_S0_S0_S0_S0_S0_S0_S0_S0_S0_S0_S0_S0_S0_S0_S0_S0_S0_S0_S0_S0_S0_S0_S0_S0_S0_S0_S0_S0_S0_S0_S0_S0_S0_S0_S0_S0_jjjjjj,dynamic,MIX_AIC,1790435069034606.722	,358.084,279.188000,28,56,NO,N/A,N/A,N/A,N/A,N/A,N/A,N/A,357.76,16408420,21.486,0.06,11.419,0.032,21.252,0.059,131.404,0.367,0.001,0.0,3.498,0.01,0.0,357.79,32960036,2.538,0.007,5.293,0.015,14.229,0.04,6.533,0.018,0.089,99.184
0,4294967295,268,61,_ZN4M15L23m15_layer_kernel_gdn_hcEPhS0_S0_S0_S0_S0_S0_S0_S0_S0_S0_S0_S0_S0_S0_S0_S0_S0_S0_S0_S0_S0_S0_S0_S0_S0_S0_S0_S0_S0_S0_S0_S0_S0_S0_S0_S0_S0_S0_S0_S0_S0_jjjjjj,_ZN4M15L23m15_layer_kernel_gdn_hcEPhS0_S0_S0_S0_S0_S0_S0_S0_S0_S0_S0_S0_S0_S0_S0_S0_S0_S0_S0_S0_S0_S0_S0_S0_S0_S0_S0_S0_S0_S0_S0_S0_S0_S0_S0_S0_S0_S0_S0_S0_S0_jjjjjj,dynamic,MIX_AIC,1790435069035238.780	,359.215,273.916000,28,56,NO,N/A,N/A,N/A,N/A,N/A,N/A,N/A,358.89,16472527,21.468,0.06,11.171,0.031,21.302,0.059,132.229,0.368,0.001,0.0,3.425,0.01,0.0,358.92,33064903,2.518,0.007,4.875,0.014,14.115,0.039,6.349,0.018,0.088,99.258
0,4294967295,269,61,_ZN4M15L24m15_layer_kernel_attn_hcEPhS0_S0_S0_S0_S0_S0_S0_S0_S0_S0_S0_S0_S0_S0_S0_S0_S0_S0_S0_S0_S0_S0_S0_S0_S0_S0_S0_S0_S0_S0_S0_S0_S0_S0_S0_S0_S0_S0_S0_S0_S0_jjjjjj,_ZN4M15L24m15_layer_kernel_attn_hcEPhS0_S0_S0_S0_S0_S0_S0_S0_S0_S0_S0_S0_S0_S0_S0_S0_S0_S0_S0_S0_S0_S0_S0_S0_S0_S0_S0_S0_S0_S0_S0_S0_S0_S0_S0_S0_S0_S0_S0_S0_S0_jjjjjj,dynamic,MIX_AIC,1790435069035922.025	,213.511,324.035000,28,56,NO,N/A,N/A,N/A,N/A,N/A,N/A,N/A,213.14,9712673,5.646,0.026,6.845,0.032,5.764,0.027,31.762,0.149,0.001,0.0,2.047,0.01,0.0,213.17,19608426,0.978,0.005,5.543,0.026,7.019,0.033,5.436,0.025,0.103,98.464
0,4294967295,270,61,_ZN4M15L23m15_layer_kernel_gdn_hcEPhS0_S0_S0_S0_S0_S0_S0_S0_S0_S0_S0_S0_S0_S0_S0_S0_S0_S0_S0_S0_S0_S0_S0_S0_S0_S0_S0_S0_S0_S0_S0_S0_S0_S0_S0_S0_S0_S0_S0_S0_S0_jjjjjj,_ZN4M15L23m15_layer_kernel_gdn_hcEPhS0_S0_S0_S0_S0_S0_S0_S0_S0_S0_S0_S0_S0_S0_S0_S0_S0_S0_S0_S0_S0_S0_S0_S0_S0_S0_S0_S0_S0_S0_S0_S0_S0_S0_S0_S0_S0_S0_S0_S0_S0_jjjjjj,dynamic,MIX_AIC,1790435069036412.294	,349.482,276.739000,28,56,NO,N/A,N/A,N/A,N/A,N/A,N/A,N/A,349.11,16023451,21.487,0.062,11.724,0.034,21.104,0.06,127.918,0.366,0.001,0.0,3.82,0.011,0.0,349.14,32170002,2.528,0.007,5.016,0.014,13.142,0.038,6.247,0.018,0.111,99.241
0,4294967295,271,61,_ZN4M15L23m15_layer_kernel_gdn_hcEPhS0_S0_S0_S0_S0_S0_S0_S0_S0_S0_S0_S0_S0_S0_S0_S0_S0_S0_S0_S0_S0_S0_S0_S0_S0_S0_S0_S0_S0_S0_S0_S0_S0_S0_S0_S0_S0_S0_S0_S0_S0_jjjjjj,_ZN4M15L23m15_layer_kernel_gdn_hcEPhS0_S0_S0_S0_S0_S0_S0_S0_S0_S0_S0_S0_S0_S0_S0_S0_S0_S0_S0_S0_S0_S0_S0_S0_S0_S0_S0_S0_S0_S0_S0_S0_S0_S0_S0_S0_S0_S0_S0_S0_S0_jjjjjj,dynamic,MIX_AIC,1790435069037030.502	,355.241,268.768000,28,56,NO,N/A,N/A,N/A,N/A,N/A,N/A,N/A,354.92,16280957,21.515,0.061,11.517,0.032,21.117,0.059,129.547,0.365,0.001,0.0,3.601,0.01,0.0,354.94,32696547,2.523,0.007,5.05,0.014,13.14,0.037,6.141,0.017,0.09,99.201
0,4294967295,272,61,_ZN4M15L23m15_layer_kernel_gdn_hcEPhS0_S0_S0_S0_S0_S0_S0_S0_S0_S0_S0_S0_S0_S0_S0_S0_S0_S0_S0_S0_S0_S0_S0_S0_S0_S0_S0_S0_S0_S0_S0_S0_S0_S0_S0_S0_S0_S0_S0_S0_S0_jjjjjj,_ZN4M15L23m15_layer_kernel_gdn_hcEPhS0_S0_S0_S0_S0_S0_S0_S0_S0_S0_S0_S0_S0_S0_S0_S0_S0_S0_S0_S0_S0_S0_S0_S0_S0_S0_S0_S0_S0_S0_S0_S0_S0_S0_S0_S0_S0_S0_S0_S0_S0_jjjjjj,dynamic,MIX_AIC,1790435069037676.911	,359.797,291.259000,28,56,NO,N/A,N/A,N/A,N/A,N/A,N/A,N/A,359.47,16491215,21.497,0.06,11.247,0.031,21.28,0.059,134.038,0.373,0.001,0.0,3.584,0.01,0.0,359.5,33117546,2.532,0.007,5.162,0.014,13.63,0.038,6.757,0.019,0.087,99.209
0,4294967295,273,61,_ZN4M15L24m15_layer_kernel_attn_hcEPhS0_S0_S0_S0_S0_S0_S0_S0_S0_S0_S0_S0_S0_S0_S0_S0_S0_S0_S0_S0_S0_S0_S0_S0_S0_S0_S0_S0_S0_S0_S0_S0_S0_S0_S0_S0_S0_S0_S0_S0_S0_jjjjjj,_ZN4M15L24m15_layer_kernel_attn_hcEPhS0_S0_S0_S0_S0_S0_S0_S0_S0_S0_S0_S0_S0_S0_S0_S0_S0_S0_S0_S0_S0_S0_S0_S0_S0_S0_S0_S0_S0_S0_S0_S0_S0_S0_S0_S0_S0_S0_S0_S0_S0_jjjjjj,dynamic,MIX_AIC,1790435069038313.866	,212.155,276.953000,28,56,NO,N/A,N/A,N/A,N/A,N/A,N/A,N/A,211.77,9639249,5.674,0.027,6.616,0.031,5.763,0.027,32.157,0.152,0.001,0.0,2.154,0.01,0.0,211.8,19479999,0.978,0.005,5.205,0.025,7.375,0.035,5.037,0.024,0.103,98.344
0,4294967295,274,61,_ZN4M15L23m15_layer_kernel_gdn_hcEPhS0_S0_S0_S0_S0_S0_S0_S0_S0_S0_S0_S0_S0_S0_S0_S0_S0_S0_S0_S0_S0_S0_S0_S0_S0_S0_S0_S0_S0_S0_S0_S0_S0_S0_S0_S0_S0_S0_S0_S0_S0_jjjjjj,_ZN4M15L23m15_layer_kernel_gdn_hcEPhS0_S0_S0_S0_S0_S0_S0_S0_S0_S0_S0_S0_S0_S0_S0_S0_S0_S0_S0_S0_S0_S0_S0_S0_S0_S0_S0_S0_S0_S0_S0_S0_S0_S0_S0_S0_S0_S0_S0_S0_S0_jjjjjj,dynamic,MIX_AIC,1790435069038853.306	,357.912,327.345000,28,56,NO,N/A,N/A,N/A,N/A,N/A,N/A,N/A,357.53,16405965,21.482,0.06,11.662,0.033,21.129,0.059,131.484,0.368,0.001,0.0,3.833,0.011,0.0,357.56,32938129,2.522,0.007,5.295,0.015,13.534,0.038,6.57,0.018,0.111,99.216
0,4294967295,275,61,_ZN4M15L23m15_layer_kernel_gdn_hcEPhS0_S0_S0_S0_S0_S0_S0_S0_S0_S0_S0_S0_S0_S0_S0_S0_S0_S0_S0_S0_S0_S0_S0_S0_S0_S0_S0_S0_S0_S0_S0_S0_S0_S0_S0_S0_S0_S0_S0_S0_S0_jjjjjj,_ZN4M15L23m15_layer_kernel_gdn_hcEPhS0_S0_S0_S0_S0_S0_S0_S0_S0_S0_S0_S0_S0_S0_S0_S0_S0_S0_S0_S0_S0_S0_S0_S0_S0_S0_S0_S0_S0_S0_S0_S0_S0_S0_S0_S0_S0_S0_S0_S0_S0_jjjjjj,dynamic,MIX_AIC,1790435069039488.344	,355.033,277.088000,28,56,NO,N/A,N/A,N/A,N/A,N/A,N/A,N/A,354.55,16272150,21.481,0.061,11.333,0.032,21.133,0.06,128.61,0.363,0.001,0.0,3.836,0.011,0.0,354.57,32663351,2.527,0.007,5.023,0.014,14.545,0.041,6.202,0.017,0.088,99.205
0,4294967295,276,61,_ZN4M15L23m15_layer_kernel_gdn_hcEPhS0_S0_S0_S0_S0_S0_S0_S0_S0_S0_S0_S0_S0_S0_S0_S0_S0_S0_S0_S0_S0_S0_S0_S0_S0_S0_S0_S0_S0_S0_S0_S0_S0_S0_S0_S0_S0_S0_S0_S0_S0_jjjjjj,_ZN4M15L23m15_layer_kernel_gdn_hcEPhS0_S0_S0_S0_S0_S0_S0_S0_S0_S0_S0_S0_S0_S0_S0_S0_S0_S0_S0_S0_S0_S0_S0_S0_S0_S0_S0_S0_S0_S0_S0_S0_S0_S0_S0_S0_S0_S0_S0_S0_S0_jjjjjj,dynamic,MIX_AIC,1790435069040121.976	,357.284,278.717000,28,56,NO,N/A,N/A,N/A,N/A,N/A,N/A,N/A,356.95,16379007,21.518,0.06,11.671,0.033,21.173,0.059,131.068,0.367,0.001,0.0,3.561,0.01,0.0,356.97,32883875,2.521,0.007,5.187,0.015,14.199,0.04,6.766,0.019,0.088,99.227
0,4294967295,277,61,_ZN4M15L24m15_layer_kernel_attn_hcEPhS0_S0_S0_S0_S0_S0_S0_S0_S0_S0_S0_S0_S0_S0_S0_S0_S0_S0_S0_S0_S0_S0_S0_S0_S0_S0_S0_S0_S0_S0_S0_S0_S0_S0_S0_S0_S0_S0_S0_S0_S0_jjjjjj,_ZN4M15L24m15_layer_kernel_attn_hcEPhS0_S0_S0_S0_S0_S0_S0_S0_S0_S0_S0_S0_S0_S0_S0_S0_S0_S0_S0_S0_S0_S0_S0_S0_S0_S0_S0_S0_S0_S0_S0_S0_S0_S0_S0_S0_S0_S0_S0_S0_S0_jjjjjj,dynamic,MIX_AIC,1790435069040758.816	,211.088,279.466000,28,56,NO,N/A,N/A,N/A,N/A,N/A,N/A,N/A,210.74,9597582,5.611,0.027,6.614,0.031,5.705,0.027,31.65,0.15,0.001,0.0,2.239,0.011,0.0,210.76,19386623,0.976,0.005,5.422,0.026,7.586,0.036,4.478,0.021,0.103,98.414
0,4294967295,278,61,_ZN4M15L23m15_layer_kernel_gdn_hcEPhS0_S0_S0_S0_S0_S0_S0_S0_S0_S0_S0_S0_S0_S0_S0_S0_S0_S0_S0_S0_S0_S0_S0_S0_S0_S0_S0_S0_S0_S0_S0_S0_S0_S0_S0_S0_S0_S0_S0_S0_S0_jjjjjj,_ZN4M15L23m15_layer_kernel_gdn_hcEPhS0_S0_S0_S0_S0_S0_S0_S0_S0_S0_S0_S0_S0_S0_S0_S0_S0_S0_S0_S0_S0_S0_S0_S0_S0_S0_S0_S0_S0_S0_S0_S0_S0_S0_S0_S0_S0_S0_S0_S0_S0_jjjjjj,dynamic,MIX_AIC,1790435069041240.723	,352.207,270.912000,28,56,NO,N/A,N/A,N/A,N/A,N/A,N/A,N/A,351.86,16145729,21.508,0.061,11.483,0.033,21.198,0.06,129.143,0.367,0.001,0.0,3.638,0.01,0.0,351.88,32420606,2.529,0.007,5.037,0.014,13.407,0.038,6.14,0.017,0.111,99.224
0,4294967295,279,61,_ZN4M15L23m15_layer_kernel_gdn_hcEPhS0_S0_S0_S0_S0_S0_S0_S0_S0_S0_S0_S0_S0_S0_S0_S0_S0_S0_S0_S0_S0_S0_S0_S0_S0_S0_S0_S0_S0_S0_S0_S0_S0_S0_S0_S0_S0_S0_S0_S0_S0_jjjjjj,_ZN4M15L23m15_layer_kernel_gdn_hcEPhS0_S0_S0_S0_S0_S0_S0_S0_S0_S0_S0_S0_S0_S0_S0_S0_S0_S0_S0_S0_S0_S0_S0_S0_S0_S0_S0_S0_S0_S0_S0_S0_S0_S0_S0_S0_S0_S0_S0_S0_S0_jjjjjj,dynamic,MIX_AIC,1790435069041921.890	,349.669,329.043000,28,56,NO,N/A,N/A,N/A,N/A,N/A,N/A,N/A,349.33,16021881,21.501,0.062,11.474,0.033,21.166,0.061,126.267,0.361,0.001,0.0,3.751,0.011,0.0,349.35,32179801,2.522,0.007,5.247,0.015,13.428,0.038,6.259,0.018,0.089,99.178
0,4294967295,280,61,_ZN4M15L23m15_layer_kernel_gdn_hcEPhS0_S0_S0_S0_S0_S0_S0_S0_S0_S0_S0_S0_S0_S0_S0_S0_S0_S0_S0_S0_S0_S0_S0_S0_S0_S0_S0_S0_S0_S0_S0_S0_S0_S0_S0_S0_S0_S0_S0_S0_S0_jjjjjj,_ZN4M15L23m15_layer_kernel_gdn_hcEPhS0_S0_S0_S0_S0_S0_S0_S0_S0_S0_S0_S0_S0_S0_S0_S0_S0_S0_S0_S0_S0_S0_S0_S0_S0_S0_S0_S0_S0_S0_S0_S0_S0_S0_S0_S0_S0_S0_S0_S0_S0_jjjjjj,dynamic,MIX_AIC,1790435069042549.017	,357.227,277.331000,28,56,NO,N/A,N/A,N/A,N/A,N/A,N/A,N/A,356.89,16376939,21.482,0.06,11.895,0.033,21.199,0.059,130.295,0.365,0.001,0.0,3.732,0.01,0.0,356.92,32879300,2.533,0.007,5.372,0.015,13.088,0.037,6.428,0.018,0.087,99.231
0,4294967295,281,61,_ZN4M15L24m15_layer_kernel_attn_hcEPhS0_S0_S0_S0_S0_S0_S0_S0_S0_S0_S0_S0_S0_S0_S0_S0_S0_S0_S0_S0_S0_S0_S0_S0_S0_S0_S0_S0_S0_S0_S0_S0_S0_S0_S0_S0_S0_S0_S0_S0_S0_jjjjjj,_ZN4M15L24m15_layer_kernel_attn_hcEPhS0_S0_S0_S0_S0_S0_S0_S0_S0_S0_S0_S0_S0_S0_S0_S0_S0_S0_S0_S0_S0_S0_S0_S0_S0_S0_S0_S0_S0_S0_S0_S0_S0_S0_S0_S0_S0_S0_S0_S0_S0_jjjjjj,dynamic,MIX_AIC,1790435069043184.702	,216.594,278.523000,28,56,NO,N/A,N/A,N/A,N/A,N/A,N/A,N/A,216.22,9855689,5.649,0.026,6.882,0.032,5.752,0.027,31.828,0.147,0.001,0.0,2.078,0.01,0.0,216.25,19889862,0.977,0.005,5.659,0.026,7.744,0.036,5.284,0.024,0.103,98.491
0,4294967295,282,61,_ZN4M15L23m15_layer_kernel_gdn_hcEPhS0_S0_S0_S0_S0_S0_S0_S0_S0_S0_S0_S0_S0_S0_S0_S0_S0_S0_S0_S0_S0_S0_S0_S0_S0_S0_S0_S0_S0_S0_S0_S0_S0_S0_S0_S0_S0_S0_S0_S0_S0_jjjjjj,_ZN4M15L23m15_layer_kernel_gdn_hcEPhS0_S0_S0_S0_S0_S0_S0_S0_S0_S0_S0_S0_S0_S0_S0_S0_S0_S0_S0_S0_S0_S0_S0_S0_S0_S0_S0_S0_S0_S0_S0_S0_S0_S0_S0_S0_S0_S0_S0_S0_S0_jjjjjj,dynamic,MIX_AIC,1790435069043674.554	,354.220,273.156000,28,56,NO,N/A,N/A,N/A,N/A,N/A,N/A,N/A,353.85,16218136,21.474,0.061,11.255,0.032,21.175,0.06,129.912,0.367,0.001,0.0,3.669,0.01,0.0,353.88,32597542,2.523,0.007,5.164,0.015,13.47,0.038,6.646,0.019,0.111,99.103
0,4294967295,283,61,_ZN4M15L23m15_layer_kernel_gdn_hcEPhS0_S0_S0_S0_S0_S0_S0_S0_S0_S0_S0_S0_S0_S0_S0_S0_S0_S0_S0_S0_S0_S0_S0_S0_S0_S0_S0_S0_S0_S0_S0_S0_S0_S0_S0_S0_S0_S0_S0_S0_S0_jjjjjj,_ZN4M15L23m15_layer_kernel_gdn_hcEPhS0_S0_S0_S0_S0_S0_S0_S0_S0_S0_S0_S0_S0_S0_S0_S0_S0_S0_S0_S0_S0_S0_S0_S0_S0_S0_S0_S0_S0_S0_S0_S0_S0_S0_S0_S0_S0_S0_S0_S0_S0_jjjjjj,dynamic,MIX_AIC,1790435069044300.609	,358.991,271.780000,28,56,NO,N/A,N/A,N/A,N/A,N/A,N/A,N/A,358.65,16446544,21.512,0.06,11.426,0.032,21.183,0.059,133.371,0.372,0.001,0.0,3.476,0.01,0.0,358.67,33041533,2.542,0.007,5.107,0.014,13.301,0.037,6.246,0.017,0.088,99.163
0,4294967295,284,61,_ZN4M15L23m15_layer_kernel_gdn_hcEPhS0_S0_S0_S0_S0_S0_S0_S0_S0_S0_S0_S0_S0_S0_S0_S0_S0_S0_S0_S0_S0_S0_S0_S0_S0_S0_S0_S0_S0_S0_S0_S0_S0_S0_S0_S0_S0_S0_S0_S0_S0_jjjjjj,_ZN4M15L23m15_layer_kernel_gdn_hcEPhS0_S0_S0_S0_S0_S0_S0_S0_S0_S0_S0_S0_S0_S0_S0_S0_S0_S0_S0_S0_S0_S0_S0_S0_S0_S0_S0_S0_S0_S0_S0_S0_S0_S0_S0_S0_S0_S0_S0_S0_S0_jjjjjj,dynamic,MIX_AIC,1790435069044993.361	,355.159,333.759000,28,56,NO,N/A,N/A,N/A,N/A,N/A,N/A,N/A,354.82,16277585,21.532,0.061,11.399,0.032,21.193,0.06,129.78,0.366,0.001,0.0,3.458,0.01,0.0,354.84,32693750,2.527,0.007,5.282,0.015,13.49,0.038,5.823,0.016,0.087,99.203
0,4294967295,285,61,_ZN4M15L24m15_layer_kernel_attn_hcEPhS0_S0_S0_S0_S0_S0_S0_S0_S0_S0_S0_S0_S0_S0_S0_S0_S0_S0_S0_S0_S0_S0_S0_S0_S0_S0_S0_S0_S0_S0_S0_S0_S0_S0_S0_S0_S0_S0_S0_S0_S0_jjjjjj,_ZN4M15L24m15_layer_kernel_attn_hcEPhS0_S0_S0_S0_S0_S0_S0_S0_S0_S0_S0_S0_S0_S0_S0_S0_S0_S0_S0_S0_S0_S0_S0_S0_S0_S0_S0_S0_S0_S0_S0_S0_S0_S0_S0_S0_S0_S0_S0_S0_S0_jjjjjj,dynamic,MIX_AIC,1790435069045632.296	,213.312,283.841000,28,56,NO,N/A,N/A,N/A,N/A,N/A,N/A,N/A,212.97,9705187,5.652,0.027,6.629,0.031,5.725,0.027,31.747,0.149,0.001,0.0,2.207,0.01,0.0,213.0,19590065,0.977,0.005,5.364,0.025,7.35,0.035,5.103,0.024,0.103,98.480
0,4294967295,286,61,_ZN4M15L23m15_layer_kernel_gdn_hcEPhS0_S0_S0_S0_S0_S0_S0_S0_S0_S0_S0_S0_S0_S0_S0_S0_S0_S0_S0_S0_S0_S0_S0_S0_S0_S0_S0_S0_S0_S0_S0_S0_S0_S0_S0_S0_S0_S0_S0_S0_S0_jjjjjj,_ZN4M15L23m15_layer_kernel_gdn_hcEPhS0_S0_S0_S0_S0_S0_S0_S0_S0_S0_S0_S0_S0_S0_S0_S0_S0_S0_S0_S0_S0_S0_S0_S0_S0_S0_S0_S0_S0_S0_S0_S0_S0_S0_S0_S0_S0_S0_S0_S0_S0_jjjjjj,dynamic,MIX_AIC,1790435069046123.419	,352.611,277.938000,28,56,NO,N/A,N/A,N/A,N/A,N/A,N/A,N/A,352.27,16155474,21.495,0.061,11.678,0.033,21.081,0.06,125.327,0.356,0.001,0.0,3.705,0.011,0.0,352.3,32452378,2.538,0.007,5.272,0.015,14.281,0.041,6.045,0.017,0.112,99.170
0,4294967295,287,61,_ZN4M15L23m15_layer_kernel_gdn_hcEPhS0_S0_S0_S0_S0_S0_S0_S0_S0_S0_S0_S0_S0_S0_S0_S0_S0_S0_S0_S0_S0_S0_S0_S0_S0_S0_S0_S0_S0_S0_S0_S0_S0_S0_S0_S0_S0_S0_S0_S0_S0_jjjjjj,_ZN4M15L23m15_layer_kernel_gdn_hcEPhS0_S0_S0_S0_S0_S0_S0_S0_S0_S0_S0_S0_S0_S0_S0_S0_S0_S0_S0_S0_S0_S0_S0_S0_S0_S0_S0_S0_S0_S0_S0_S0_S0_S0_S0_S0_S0_S0_S0_S0_S0_jjjjjj,dynamic,MIX_AIC,1790435069046749.204	,355.223,273.139000,28,56,NO,N/A,N/A,N/A,N/A,N/A,N/A,N/A,354.88,16284985,21.503,0.061,11.649,0.033,21.224,0.06,129.576,0.365,0.001,0.0,3.688,0.01,0.0,354.9,32693155,2.526,0.007,5.251,0.015,13.671,0.039,6.106,0.017,0.088,99.230
0,4294967295,288,61,_ZN4M15L23m15_layer_kernel_gdn_hcEPhS0_S0_S0_S0_S0_S0_S0_S0_S0_S0_S0_S0_S0_S0_S0_S0_S0_S0_S0_S0_S0_S0_S0_S0_S0_S0_S0_S0_S0_S0_S0_S0_S0_S0_S0_S0_S0_S0_S0_S0_S0_jjjjjj,_ZN4M15L23m15_layer_kernel_gdn_hcEPhS0_S0_S0_S0_S0_S0_S0_S0_S0_S0_S0_S0_S0_S0_S0_S0_S0_S0_S0_S0_S0_S0_S0_S0_S0_S0_S0_S0_S0_S0_S0_S0_S0_S0_S0_S0_S0_S0_S0_S0_S0_jjjjjj,dynamic,MIX_AIC,1790435069047375.925	,355.290,271.527000,28,56,NO,N/A,N/A,N/A,N/A,N/A,N/A,N/A,354.94,16280997,21.506,0.061,11.468,0.032,21.245,0.06,130.811,0.369,0.001,0.0,3.491,0.01,0.0,354.96,32699199,2.528,0.007,5.105,0.014,13.706,0.039,6.71,0.019,0.086,99.187
0,4294967295,289,61,_ZN4M15L24m15_layer_kernel_attn_hcEPhS0_S0_S0_S0_S0_S0_S0_S0_S0_S0_S0_S0_S0_S0_S0_S0_S0_S0_S0_S0_S0_S0_S0_S0_S0_S0_S0_S0_S0_S0_S0_S0_S0_S0_S0_S0_S0_S0_S0_S0_S0_jjjjjj,_ZN4M15L24m15_layer_kernel_attn_hcEPhS0_S0_S0_S0_S0_S0_S0_S0_S0_S0_S0_S0_S0_S0_S0_S0_S0_S0_S0_S0_S0_S0_S0_S0_S0_S0_S0_S0_S0_S0_S0_S0_S0_S0_S0_S0_S0_S0_S0_S0_S0_jjjjjj,dynamic,MIX_AIC,1790435069048060.146	,211.934,328.960000,28,56,NO,N/A,N/A,N/A,N/A,N/A,N/A,N/A,211.58,9636801,5.598,0.026,6.68,0.032,5.734,0.027,31.289,0.148,0.001,0.0,2.11,0.01,0.0,211.6,19460982,0.977,0.005,5.4,0.026,7.267,0.034,4.485,0.021,0.103,98.422
0,4294967295,290,61,_ZN4M15L23m15_layer_kernel_gdn_hcEPhS0_S0_S0_S0_S0_S0_S0_S0_S0_S0_S0_S0_S0_S0_S0_S0_S0_S0_S0_S0_S0_S0_S0_S0_S0_S0_S0_S0_S0_S0_S0_S0_S0_S0_S0_S0_S0_S0_S0_S0_S0_jjjjjj,_ZN4M15L23m15_layer_kernel_gdn_hcEPhS0_S0_S0_S0_S0_S0_S0_S0_S0_S0_S0_S0_S0_S0_S0_S0_S0_S0_S0_S0_S0_S0_S0_S0_S0_S0_S0_S0_S0_S0_S0_S0_S0_S0_S0_S0_S0_S0_S0_S0_S0_jjjjjj,dynamic,MIX_AIC,1790435069048551.348	,354.721,279.066000,28,56,NO,N/A,N/A,N/A,N/A,N/A,N/A,N/A,354.36,16252540,21.511,0.061,11.441,0.032,21.099,0.06,128.618,0.363,0.001,0.0,3.595,0.01,0.0,354.39,32645110,2.529,0.007,5.094,0.014,13.966,0.039,6.46,0.018,0.111,99.173
0,4294967295,291,61,_ZN4M15L23m15_layer_kernel_gdn_hcEPhS0_S0_S0_S0_S0_S0_S0_S0_S0_S0_S0_S0_S0_S0_S0_S0_S0_S0_S0_S0_S0_S0_S0_S0_S0_S0_S0_S0_S0_S0_S0_S0_S0_S0_S0_S0_S0_S0_S0_S0_S0_jjjjjj,_ZN4M15L23m15_layer_kernel_gdn_hcEPhS0_S0_S0_S0_S0_S0_S0_S0_S0_S0_S0_S0_S0_S0_S0_S0_S0_S0_S0_S0_S0_S0_S0_S0_S0_S0_S0_S0_S0_S0_S0_S0_S0_S0_S0_S0_S0_S0_S0_S0_S0_jjjjjj,dynamic,MIX_AIC,1790435069049184.574	,351.415,278.529000,28,56,NO,N/A,N/A,N/A,N/A,N/A,N/A,N/A,350.94,16096276,21.496,0.061,11.587,0.033,20.978,0.06,128.095,0.365,0.001,0.0,3.557,0.01,0.0,350.96,32329142,2.539,0.007,5.337,0.015,13.461,0.038,6.373,0.018,0.089,99.143
0,4294967295,292,61,_ZN4M15L23m15_layer_kernel_gdn_hcEPhS0_S0_S0_S0_S0_S0_S0_S0_S0_S0_S0_S0_S0_S0_S0_S0_S0_S0_S0_S0_S0_S0_S0_S0_S0_S0_S0_S0_S0_S0_S0_S0_S0_S0_S0_S0_S0_S0_S0_S0_S0_jjjjjj,_ZN4M15L23m15_layer_kernel_gdn_hcEPhS0_S0_S0_S0_S0_S0_S0_S0_S0_S0_S0_S0_S0_S0_S0_S0_S0_S0_S0_S0_S0_S0_S0_S0_S0_S0_S0_S0_S0_S0_S0_S0_S0_S0_S0_S0_S0_S0_S0_S0_S0_jjjjjj,dynamic,MIX_AIC,1790435069049805.580	,355.279,269.585000,28,56,NO,N/A,N/A,N/A,N/A,N/A,N/A,N/A,354.95,16286568,21.501,0.061,11.347,0.032,21.205,0.06,131.378,0.37,0.001,0.0,3.486,0.01,0.0,354.98,32699740,2.525,0.007,5.146,0.014,13.491,0.038,6.275,0.018,0.086,99.224
0,4294967295,293,61,_ZN4M15L24m15_layer_kernel_attn_hcEPhS0_S0_S0_S0_S0_S0_S0_S0_S0_S0_S0_S0_S0_S0_S0_S0_S0_S0_S0_S0_S0_S0_S0_S0_S0_S0_S0_S0_S0_S0_S0_S0_S0_S0_S0_S0_S0_S0_S0_S0_S0_jjjjjj,_ZN4M15L24m15_layer_kernel_attn_hcEPhS0_S0_S0_S0_S0_S0_S0_S0_S0_S0_S0_S0_S0_S0_S0_S0_S0_S0_S0_S0_S0_S0_S0_S0_S0_S0_S0_S0_S0_S0_S0_S0_S0_S0_S0_S0_S0_S0_S0_S0_S0_jjjjjj,dynamic,MIX_AIC,1790435069050440.413	,211.736,279.721000,28,56,NO,N/A,N/A,N/A,N/A,N/A,N/A,N/A,211.37,9630026,5.62,0.027,6.705,0.032,5.731,0.027,31.653,0.15,0.001,0.0,2.235,0.011,0.0,211.39,19443465,0.977,0.005,5.441,0.026,7.402,0.035,4.604,0.022,0.103,98.444
0,4294967295,294,61,_ZN4M15L22m15_final_mixer_kernelEPhS0_S0_jS0_S0_S0_S0_S0_j,_ZN4M15L22m15_final_mixer_kernelEPhS0_S0_jS0_S0_S0_S0_S0_j,dynamic,MIX_AIC,1790435069051248.445	,77.414,596.264000,28,56,NO,N/A,N/A,N/A,N/A,N/A,N/A,N/A,77.05,3521093,1.807,0.023,1.553,0.02,1.755,0.023,10.347,0.134,0.001,0.0,0.974,0.013,0.012,77.07,7059230,0.388,0.005,1.621,0.021,1.79,0.023,2.895,0.038,0.039,98.450
0,4294967295,295,61,_ZN4M15L23m15_layer_kernel_gdn_hcEPhS0_S0_S0_S0_S0_S0_S0_S0_S0_S0_S0_S0_S0_S0_S0_S0_S0_S0_S0_S0_S0_S0_S0_S0_S0_S0_S0_S0_S0_S0_S0_S0_S0_S0_S0_S0_S0_S0_S0_S0_S0_jjjjjj,_ZN4M15L23m15_layer_kernel_gdn_hcEPhS0_S0_S0_S0_S0_S0_S0_S0_S0_S0_S0_S0_S0_S0_S0_S0_S0_S0_S0_S0_S0_S0_S0_S0_S0_S0_S0_S0_S0_S0_S0_S0_S0_S0_S0_S0_S0_S0_S0_S0_S0_jjjjjj,dynamic,MIX_AIC,1790435069066633.148	,349.883,15307.336000,28,56,NO,N/A,N/A,N/A,N/A,N/A,N/A,N/A,349.55,16034036,21.508,0.062,11.261,0.032,21.177,0.061,128.587,0.368,0.001,0.0,3.675,0.011,0.0,349.58,32202438,2.223,0.006,4.375,0.013,12.552,0.036,3.897,0.011,0.137,99.192
0,4294967295,296,61,_ZN4M15L23m15_layer_kernel_gdn_hcEPhS0_S0_S0_S0_S0_S0_S0_S0_S0_S0_S0_S0_S0_S0_S0_S0_S0_S0_S0_S0_S0_S0_S0_S0_S0_S0_S0_S0_S0_S0_S0_S0_S0_S0_S0_S0_S0_S0_S0_S0_S0_jjjjjj,_ZN4M15L23m15_layer_kernel_gdn_hcEPhS0_S0_S0_S0_S0_S0_S0_S0_S0_S0_S0_S0_S0_S0_S0_S0_S0_S0_S0_S0_S0_S0_S0_S0_S0_S0_S0_S0_S0_S0_S0_S0_S0_S0_S0_S0_S0_S0_S0_S0_S0_jjjjjj,dynamic,MIX_AIC,1790435069067318.757	,353.840,335.617000,28,56,NO,N/A,N/A,N/A,N/A,N/A,N/A,N/A,353.51,16224219,21.479,0.061,11.916,0.034,21.213,0.06,129.379,0.366,0.001,0.0,3.622,0.01,0.0,353.53,32575945,2.518,0.007,5.301,0.015,13.057,0.037,6.211,0.018,0.089,99.246
0,4294967295,297,61,_ZN4M15L23m15_layer_kernel_gdn_hcEPhS0_S0_S0_S0_S0_S0_S0_S0_S0_S0_S0_S0_S0_S0_S0_S0_S0_S0_S0_S0_S0_S0_S0_S0_S0_S0_S0_S0_S0_S0_S0_S0_S0_S0_S0_S0_S0_S0_S0_S0_S0_jjjjjj,_ZN4M15L23m15_layer_kernel_gdn_hcEPhS0_S0_S0_S0_S0_S0_S0_S0_S0_S0_S0_S0_S0_S0_S0_S0_S0_S0_S0_S0_S0_S0_S0_S0_S0_S0_S0_S0_S0_S0_S0_S0_S0_S0_S0_S0_S0_S0_S0_S0_S0_jjjjjj,dynamic,MIX_AIC,1790435069067952.509	,357.580,279.910000,28,56,NO,N/A,N/A,N/A,N/A,N/A,N/A,N/A,357.19,16376550,21.497,0.06,11.241,0.031,21.251,0.059,133.895,0.375,0.001,0.0,3.742,0.01,0.0,357.22,32907700,2.523,0.007,4.677,0.013,13.221,0.037,6.198,0.017,0.089,99.130
0,4294967295,298,61,_ZN4M15L24m15_layer_kernel_attn_hcEPhS0_S0_S0_S0_S0_S0_S0_S0_S0_S0_S0_S0_S0_S0_S0_S0_S0_S0_S0_S0_S0_S0_S0_S0_S0_S0_S0_S0_S0_S0_S0_S0_S0_S0_S0_S0_S0_S0_S0_S0_S0_jjjjjj,_ZN4M15L24m15_layer_kernel_attn_hcEPhS0_S0_S0_S0_S0_S0_S0_S0_S0_S0_S0_S0_S0_S0_S0_S0_S0_S0_S0_S0_S0_S0_S0_S0_S0_S0_S0_S0_S0_S0_S0_S0_S0_S0_S0_S0_S0_S0_S0_S0_S0_jjjjjj,dynamic,MIX_AIC,1790435069068616.885	,215.067,306.920000,28,56,NO,N/A,N/A,N/A,N/A,N/A,N/A,N/A,214.68,9779021,5.625,0.026,6.643,0.031,5.752,0.027,31.818,0.148,0.001,0.0,2.265,0.011,0.0,214.7,19748286,0.976,0.005,5.257,0.024,7.918,0.037,5.18,0.024,0.103,98.419
0,4294967295,299,61,_ZN4M15L23m15_layer_kernel_gdn_hcEPhS0_S0_S0_S0_S0_S0_S0_S0_S0_S0_S0_S0_S0_S0_S0_S0_S0_S0_S0_S0_S0_S0_S0_S0_S0_S0_S0_S0_S0_S0_S0_S0_S0_S0_S0_S0_S0_S0_S0_S0_S0_jjjjjj,_ZN4M15L23m15_layer_kernel_gdn_hcEPhS0_S0_S0_S0_S0_S0_S0_S0_S0_S0_S0_S0_S0_S0_S0_S0_S0_S0_S0_S0_S0_S0_S0_S0_S0_S0_S0_S0_S0_S0_S0_S0_S0_S0_S0_S0_S0_S0_S0_S0_S0_jjjjjj,dynamic,MIX_AIC,1790435069069097.010	,358.059,264.933000,28,56,NO,N/A,N/A,N/A,N/A,N/A,N/A,N/A,357.73,16414897,21.504,0.06,11.489,0.032,21.161,0.059,130.584,0.365,0.001,0.0,3.686,0.01,0.0,357.75,32956036,2.529,0.007,5.166,0.014,13.611,0.038,6.719,0.019,0.111,99.230
0,4294967295,300,61,_ZN4M15L23m15_layer_kernel_gdn_hcEPhS0_S0_S0_S0_S0_S0_S0_S0_S0_S0_S0_S0_S0_S0_S0_S0_S0_S0_S0_S0_S0_S0_S0_S0_S0_S0_S0_S0_S0_S0_S0_S0_S0_S0_S0_S0_S0_S0_S0_S0_S0_jjjjjj,_ZN4M15L23m15_layer_kernel_gdn_hcEPhS0_S0_S0_S0_S0_S0_S0_S0_S0_S0_S0_S0_S0_S0_S0_S0_S0_S0_S0_S0_S0_S0_S0_S0_S0_S0_S0_S0_S0_S0_S0_S0_S0_S0_S0_S0_S0_S0_S0_S0_S0_jjjjjj,dynamic,MIX_AIC,1790435069069724.286	,355.984,269.191000,28,56,NO,N/A,N/A,N/A,N/A,N/A,N/A,N/A,355.65,16313898,21.492,0.06,11.289,0.032,21.178,0.06,133.032,0.374,0.001,0.0,3.451,0.01,0.0,355.67,32763947,2.53,0.007,4.931,0.014,13.261,0.037,5.771,0.016,0.088,99.194
0,4294967295,301,61,_ZN4M15L23m15_layer_kernel_gdn_hcEPhS0_S0_S0_S0_S0_S0_S0_S0_S0_S0_S0_S0_S0_S0_S0_S0_S0_S0_S0_S0_S0_S0_S0_S0_S0_S0_S0_S0_S0_S0_S0_S0_S0_S0_S0_S0_S0_S0_S0_S0_S0_jjjjjj,_ZN4M15L23m15_layer_kernel_gdn_hcEPhS0_S0_S0_S0_S0_S0_S0_S0_S0_S0_S0_S0_S0_S0_S0_S0_S0_S0_S0_S0_S0_S0_S0_S0_S0_S0_S0_S0_S0_S0_S0_S0_S0_S0_S0_S0_S0_S0_S0_S0_S0_jjjjjj,dynamic,MIX_AIC,1790435069070401.890	,363.036,321.766000,28,56,NO,N/A,N/A,N/A,N/A,N/A,N/A,N/A,362.68,16639273,21.512,0.059,11.584,0.032,21.297,0.059,134.822,0.372,0.001,0.0,3.678,0.01,0.0,362.7,33414482,2.522,0.007,5.266,0.015,14.236,0.039,6.44,0.018,0.088,99.207
0,4294967295,302,61,_ZN4M15L24m15_layer_kernel_attn_hcEPhS0_S0_S0_S0_S0_S0_S0_S0_S0_S0_S0_S0_S0_S0_S0_S0_S0_S0_S0_S0_S0_S0_S0_S0_S0_S0_S0_S0_S0_S0_S0_S0_S0_S0_S0_S0_S0_S0_S0_S0_S0_jjjjjj,_ZN4M15L24m15_layer_kernel_attn_hcEPhS0_S0_S0_S0_S0_S0_S0_S0_S0_S0_S0_S0_S0_S0_S0_S0_S0_S0_S0_S0_S0_S0_S0_S0_S0_S0_S0_S0_S0_S0_S0_S0_S0_S0_S0_S0_S0_S0_S0_S0_S0_jjjjjj,dynamic,MIX_AIC,1790435069071038.679	,212.870,273.714000,28,56,NO,N/A,N/A,N/A,N/A,N/A,N/A,N/A,212.52,9681694,5.58,0.026,7.078,0.033,5.726,0.027,31.546,0.148,0.001,0.0,2.045,0.01,0.0,212.54,19549224,0.978,0.005,5.644,0.027,6.995,0.033,4.542,0.021,0.103,98.445
0,4294967295,303,61,_ZN4M15L23m15_layer_kernel_gdn_hcEPhS0_S0_S0_S0_S0_S0_S0_S0_S0_S0_S0_S0_S0_S0_S0_S0_S0_S0_S0_S0_S0_S0_S0_S0_S0_S0_S0_S0_S0_S0_S0_S0_S0_S0_S0_S0_S0_S0_S0_S0_S0_jjjjjj,_ZN4M15L23m15_layer_kernel_gdn_hcEPhS0_S0_S0_S0_S0_S0_S0_S0_S0_S0_S0_S0_S0_S0_S0_S0_S0_S0_S0_S0_S0_S0_S0_S0_S0_S0_S0_S0_S0_S0_S0_S0_S0_S0_S0_S0_S0_S0_S0_S0_S0_jjjjjj,dynamic,MIX_AIC,1790435069071525.050	,355.374,273.380000,28,56,NO,N/A,N/A,N/A,N/A,N/A,N/A,N/A,355.04,16285552,21.475,0.06,11.41,0.032,21.137,0.06,129.428,0.365,0.001,0.0,3.473,0.01,0.0,355.06,32707575,2.524,0.007,5.21,0.015,13.101,0.037,6.326,0.018,0.111,99.192
0,4294967295,304,61,_ZN4M15L23m15_layer_kernel_gdn_hcEPhS0_S0_S0_S0_S0_S0_S0_S0_S0_S0_S0_S0_S0_S0_S0_S0_S0_S0_S0_S0_S0_S0_S0_S0_S0_S0_S0_S0_S0_S0_S0_S0_S0_S0_S0_S0_S0_S0_S0_S0_S0_jjjjjj,_ZN4M15L23m15_layer_kernel_gdn_hcEPhS0_S0_S0_S0_S0_S0_S0_S0_S0_S0_S0_S0_S0_S0_S0_S0_S0_S0_S0_S0_S0_S0_S0_S0_S0_S0_S0_S0_S0_S0_S0_S0_S0_S0_S0_S0_S0_S0_S0_S0_S0_jjjjjj,dynamic,MIX_AIC,1790435069072151.963	,353.871,271.626000,28,56,NO,N/A,N/A,N/A,N/A,N/A,N/A,N/A,353.53,16216812,21.538,0.061,11.359,0.032,21.127,0.06,131.545,0.372,0.001,0.0,3.535,0.01,0.0,353.56,32570025,2.53,0.007,4.962,0.014,13.493,0.038,6.449,0.018,0.087,99.192
0,4294967295,305,61,_ZN4M15L23m15_layer_kernel_gdn_hcEPhS0_S0_S0_S0_S0_S0_S0_S0_S0_S0_S0_S0_S0_S0_S0_S0_S0_S0_S0_S0_S0_S0_S0_S0_S0_S0_S0_S0_S0_S0_S0_S0_S0_S0_S0_S0_S0_S0_S0_S0_S0_jjjjjj,_ZN4M15L23m15_layer_kernel_gdn_hcEPhS0_S0_S0_S0_S0_S0_S0_S0_S0_S0_S0_S0_S0_S0_S0_S0_S0_S0_S0_S0_S0_S0_S0_S0_S0_S0_S0_S0_S0_S0_S0_S0_S0_S0_S0_S0_S0_S0_S0_S0_S0_jjjjjj,dynamic,MIX_AIC,1790435069072773.316	,358.225,267.379000,28,56,NO,N/A,N/A,N/A,N/A,N/A,N/A,N/A,357.86,16422636,21.531,0.06,11.516,0.032,21.096,0.059,132.568,0.37,0.001,0.0,3.558,0.01,0.0,357.88,32958265,2.53,0.007,5.113,0.014,13.82,0.039,6.228,0.017,0.087,99.230
0,4294967295,306,61,_ZN4M15L24m15_layer_kernel_attn_hcEPhS0_S0_S0_S0_S0_S0_S0_S0_S0_S0_S0_S0_S0_S0_S0_S0_S0_S0_S0_S0_S0_S0_S0_S0_S0_S0_S0_S0_S0_S0_S0_S0_S0_S0_S0_S0_S0_S0_S0_S0_S0_jjjjjj,_ZN4M15L24m15_layer_kernel_attn_hcEPhS0_S0_S0_S0_S0_S0_S0_S0_S0_S0_S0_S0_S0_S0_S0_S0_S0_S0_S0_S0_S0_S0_S0_S0_S0_S0_S0_S0_S0_S0_S0_S0_S0_S0_S0_S0_S0_S0_S0_S0_S0_jjjjjj,dynamic,MIX_AIC,1790435069073471.878	,213.333,340.525000,28,56,NO,N/A,N/A,N/A,N/A,N/A,N/A,N/A,212.96,9719903,5.599,0.026,6.78,0.032,5.736,0.027,31.699,0.149,0.001,0.0,2.196,0.01,0.0,212.99,19589067,0.977,0.005,5.419,0.025,8.358,0.039,4.342,0.02,0.103,98.619
0,4294967295,307,61,_ZN4M15L23m15_layer_kernel_gdn_hcEPhS0_S0_S0_S0_S0_S0_S0_S0_S0_S0_S0_S0_S0_S0_S0_S0_S0_S0_S0_S0_S0_S0_S0_S0_S0_S0_S0_S0_S0_S0_S0_S0_S0_S0_S0_S0_S0_S0_S0_S0_S0_jjjjjj,_ZN4M15L23m15_layer_kernel_gdn_hcEPhS0_S0_S0_S0_S0_S0_S0_S0_S0_S0_S0_S0_S0_S0_S0_S0_S0_S0_S0_S0_S0_S0_S0_S0_S0_S0_S0_S0_S0_S0_S0_S0_S0_S0_S0_S0_S0_S0_S0_S0_S0_jjjjjj,dynamic,MIX_AIC,1790435069073962.631	,352.860,277.417000,28,56,NO,N/A,N/A,N/A,N/A,N/A,N/A,N/A,352.12,16154411,21.493,0.061,11.225,0.032,21.059,0.06,125.678,0.357,0.001,0.0,3.589,0.01,0.0,352.15,32443886,2.519,0.007,5.009,0.014,13.279,0.038,6.946,0.02,0.111,99.094
0,4294967295,308,61,_ZN4M15L23m15_layer_kernel_gdn_hcEPhS0_S0_S0_S0_S0_S0_S0_S0_S0_S0_S0_S0_S0_S0_S0_S0_S0_S0_S0_S0_S0_S0_S0_S0_S0_S0_S0_S0_S0_S0_S0_S0_S0_S0_S0_S0_S0_S0_S0_S0_S0_jjjjjj,_ZN4M15L23m15_layer_kernel_gdn_hcEPhS0_S0_S0_S0_S0_S0_S0_S0_S0_S0_S0_S0_S0_S0_S0_S0_S0_S0_S0_S0_S0_S0_S0_S0_S0_S0_S0_S0_S0_S0_S0_S0_S0_S0_S0_S0_S0_S0_S0_S0_S0_jjjjjj,dynamic,MIX_AIC,1790435069074602.672	,356.705,287.140000,28,56,NO,N/A,N/A,N/A,N/A,N/A,N/A,N/A,356.39,16348242,21.528,0.06,12.131,0.034,21.146,0.059,132.067,0.371,0.001,0.0,3.547,0.01,0.0,356.41,32831893,2.524,0.007,5.572,0.016,13.399,0.038,5.859,0.016,0.087,99.202
0,4294967295,309,61,_ZN4M15L23m15_layer_kernel_gdn_hcEPhS0_S0_S0_S0_S0_S0_S0_S0_S0_S0_S0_S0_S0_S0_S0_S0_S0_S0_S0_S0_S0_S0_S0_S0_S0_S0_S0_S0_S0_S0_S0_S0_S0_S0_S0_S0_S0_S0_S0_S0_S0_jjjjjj,_ZN4M15L23m15_layer_kernel_gdn_hcEPhS0_S0_S0_S0_S0_S0_S0_S0_S0_S0_S0_S0_S0_S0_S0_S0_S0_S0_S0_S0_S0_S0_S0_S0_S0_S0_S0_S0_S0_S0_S0_S0_S0_S0_S0_S0_S0_S0_S0_S0_S0_jjjjjj,dynamic,MIX_AIC,1790435069075230.329	,349.113,270.795000,28,56,NO,N/A,N/A,N/A,N/A,N/A,N/A,N/A,348.75,16000581,21.484,0.062,11.457,0.033,21.132,0.061,127.778,0.366,0.001,0.0,3.652,0.01,0.0,348.78,32127644,2.524,0.007,5.067,0.015,13.275,0.038,5.671,0.016,0.086,99.204
0,4294967295,310,61,_ZN4M15L24m15_layer_kernel_attn_hcEPhS0_S0_S0_S0_S0_S0_S0_S0_S0_S0_S0_S0_S0_S0_S0_S0_S0_S0_S0_S0_S0_S0_S0_S0_S0_S0_S0_S0_S0_S0_S0_S0_S0_S0_S0_S0_S0_S0_S0_S0_S0_jjjjjj,_ZN4M15L24m15_layer_kernel_attn_hcEPhS0_S0_S0_S0_S0_S0_S0_S0_S0_S0_S0_S0_S0_S0_S0_S0_S0_S0_S0_S0_S0_S0_S0_S0_S0_S0_S0_S0_S0_S0_S0_S0_S0_S0_S0_S0_S0_S0_S0_S0_S0_jjjjjj,dynamic,MIX_AIC,1790435069075856.553	,212.049,277.137000,28,56,NO,N/A,N/A,N/A,N/A,N/A,N/A,N/A,211.69,9647367,5.663,0.027,6.979,0.033,5.725,0.027,32.256,0.152,0.001,0.0,2.13,0.01,0.0,211.71,19470681,0.979,0.005,5.626,0.027,6.978,0.033,4.617,0.022,0.103,98.476
0,4294967295,311,61,_ZN4M15L23m15_layer_kernel_gdn_hcEPhS0_S0_S0_S0_S0_S0_S0_S0_S0_S0_S0_S0_S0_S0_S0_S0_S0_S0_S0_S0_S0_S0_S0_S0_S0_S0_S0_S0_S0_S0_S0_S0_S0_S0_S0_S0_S0_S0_S0_S0_S0_jjjjjj,_ZN4M15L23m15_layer_kernel_gdn_hcEPhS0_S0_S0_S0_S0_S0_S0_S0_S0_S0_S0_S0_S0_S0_S0_S0_S0_S0_S0_S0_S0_S0_S0_S0_S0_S0_S0_S0_S0_S0_S0_S0_S0_S0_S0_S0_S0_S0_S0_S0_S0_jjjjjj,dynamic,MIX_AIC,1790435069076400.322	,362.257,331.701000,28,56,NO,N/A,N/A,N/A,N/A,N/A,N/A,N/A,361.94,16598529,21.497,0.059,11.207,0.031,21.265,0.059,133.294,0.368,0.001,0.0,3.839,0.011,0.0,361.96,33350869,2.526,0.007,5.006,0.014,13.594,0.038,6.401,0.018,0.111,99.177
0,4294967295,312,61,_ZN4M15L23m15_layer_kernel_gdn_hcEPhS0_S0_S0_S0_S0_S0_S0_S0_S0_S0_S0_S0_S0_S0_S0_S0_S0_S0_S0_S0_S0_S0_S0_S0_S0_S0_S0_S0_S0_S0_S0_S0_S0_S0_S0_S0_S0_S0_S0_S0_S0_jjjjjj,_ZN4M15L23m15_layer_kernel_gdn_hcEPhS0_S0_S0_S0_S0_S0_S0_S0_S0_S0_S0_S0_S0_S0_S0_S0_S0_S0_S0_S0_S0_S0_S0_S0_S0_S0_S0_S0_S0_S0_S0_S0_S0_S0_S0_S0_S0_S0_S0_S0_S0_jjjjjj,dynamic,MIX_AIC,1790435069077044.689	,356.159,282.243000,28,56,NO,N/A,N/A,N/A,N/A,N/A,N/A,N/A,355.84,16311401,21.52,0.06,11.365,0.032,21.094,0.059,129.182,0.363,0.001,0.0,3.605,0.01,0.0,355.86,32782672,2.521,0.007,5.059,0.014,13.605,0.038,6.577,0.018,0.089,99.130
0,4294967295,313,61,_ZN4M15L23m15_layer_kernel_gdn_hcEPhS0_S0_S0_S0_S0_S0_S0_S0_S0_S0_S0_S0_S0_S0_S0_S0_S0_S0_S0_S0_S0_S0_S0_S0_S0_S0_S0_S0_S0_S0_S0_S0_S0_S0_S0_S0_S0_S0_S0_S0_S0_jjjjjj,_ZN4M15L23m15_layer_kernel_gdn_hcEPhS0_S0_S0_S0_S0_S0_S0_S0_S0_S0_S0_S0_S0_S0_S0_S0_S0_S0_S0_S0_S0_S0_S0_S0_S0_S0_S0_S0_S0_S0_S0_S0_S0_S0_S0_S0_S0_S0_S0_S0_S0_jjjjjj,dynamic,MIX_AIC,1790435069077691.211	,356.572,290.341000,28,56,NO,N/A,N/A,N/A,N/A,N/A,N/A,N/A,356.19,16338417,21.491,0.06,11.619,0.033,21.091,0.059,128.067,0.36,0.001,0.0,3.521,0.01,0.0,356.21,32813248,2.525,0.007,5.179,0.015,13.121,0.037,6.164,0.017,0.087,99.179
0,4294967295,314,61,_ZN4M15L24m15_layer_kernel_attn_hcEPhS0_S0_S0_S0_S0_S0_S0_S0_S0_S0_S0_S0_S0_S0_S0_S0_S0_S0_S0_S0_S0_S0_S0_S0_S0_S0_S0_S0_S0_S0_S0_S0_S0_S0_S0_S0_S0_S0_S0_S0_S0_jjjjjj,_ZN4M15L24m15_layer_kernel_attn_hcEPhS0_S0_S0_S0_S0_S0_S0_S0_S0_S0_S0_S0_S0_S0_S0_S0_S0_S0_S0_S0_S0_S0_S0_S0_S0_S0_S0_S0_S0_S0_S0_S0_S0_S0_S0_S0_S0_S0_S0_S0_S0_jjjjjj,dynamic,MIX_AIC,1790435069078327.457	,213.815,279.678000,28,56,NO,N/A,N/A,N/A,N/A,N/A,N/A,N/A,213.43,9723473,5.654,0.026,7.327,0.034,5.749,0.027,32.203,0.151,0.001,0.0,2.294,0.011,0.0,213.46,19633046,0.976,0.005,5.838,0.027,7.108,0.033,4.348,0.02,0.103,98.433
0,4294967295,315,61,_ZN4M15L23m15_layer_kernel_gdn_hcEPhS0_S0_S0_S0_S0_S0_S0_S0_S0_S0_S0_S0_S0_S0_S0_S0_S0_S0_S0_S0_S0_S0_S0_S0_S0_S0_S0_S0_S0_S0_S0_S0_S0_S0_S0_S0_S0_S0_S0_S0_S0_jjjjjj,_ZN4M15L23m15_layer_kernel_gdn_hcEPhS0_S0_S0_S0_S0_S0_S0_S0_S0_S0_S0_S0_S0_S0_S0_S0_S0_S0_S0_S0_S0_S0_S0_S0_S0_S0_S0_S0_S0_S0_S0_S0_S0_S0_S0_S0_S0_S0_S0_S0_S0_jjjjjj,dynamic,MIX_AIC,1790435069078813.645	,355.532,272.435000,28,56,NO,N/A,N/A,N/A,N/A,N/A,N/A,N/A,355.21,16292417,21.523,0.061,11.503,0.032,21.164,0.06,128.457,0.362,0.001,0.0,3.583,0.01,0.0,355.23,32728330,2.521,0.007,4.955,0.014,14.538,0.041,6.489,0.018,0.112,99.189
0,4294967295,316,61,_ZN4M15L23m15_layer_kernel_gdn_hcEPhS0_S0_S0_S0_S0_S0_S0_S0_S0_S0_S0_S0_S0_S0_S0_S0_S0_S0_S0_S0_S0_S0_S0_S0_S0_S0_S0_S0_S0_S0_S0_S0_S0_S0_S0_S0_S0_S0_S0_S0_S0_jjjjjj,_ZN4M15L23m15_layer_kernel_gdn_hcEPhS0_S0_S0_S0_S0_S0_S0_S0_S0_S0_S0_S0_S0_S0_S0_S0_S0_S0_S0_S0_S0_S0_S0_S0_S0_S0_S0_S0_S0_S0_S0_S0_S0_S0_S0_S0_S0_S0_S0_S0_S0_jjjjjj,dynamic,MIX_AIC,1790435069079506.615	,357.893,337.218000,28,56,NO,N/A,N/A,N/A,N/A,N/A,N/A,N/A,357.57,16404740,21.471,0.06,12.022,0.034,21.24,0.059,131.335,0.367,0.001,0.0,3.606,0.01,0.0,357.59,32941414,2.531,0.007,5.94,0.017,14.087,0.039,5.618,0.016,0.089,99.214
0,4294967295,317,61,_ZN4M15L23m15_layer_kernel_gdn_hcEPhS0_S0_S0_S0_S0_S0_S0_S0_S0_S0_S0_S0_S0_S0_S0_S0_S0_S0_S0_S0_S0_S0_S0_S0_S0_S0_S0_S0_S0_S0_S0_S0_S0_S0_S0_S0_S0_S0_S0_S0_S0_jjjjjj,_ZN4M15L23m15_layer_kernel_gdn_hcEPhS0_S0_S0_S0_S0_S0_S0_S0_S0_S0_S0_S0_S0_S0_S0_S0_S0_S0_S0_S0_S0_S0_S0_S0_S0_S0_S0_S0_S0_S0_S0_S0_S0_S0_S0_S0_S0_S0_S0_S0_S0_jjjjjj,dynamic,MIX_AIC,1790435069080146.486	,358.108,282.107000,28,56,NO,N/A,N/A,N/A,N/A,N/A,N/A,N/A,357.75,16421089,21.468,0.06,11.611,0.032,21.254,0.059,131.287,0.367,0.001,0.0,3.479,0.01,0.0,357.78,32967789,2.52,0.007,5.181,0.014,14.003,0.039,6.033,0.017,0.087,99.254
0,4294967295,318,61,_ZN4M15L24m15_layer_kernel_attn_hcEPhS0_S0_S0_S0_S0_S0_S0_S0_S0_S0_S0_S0_S0_S0_S0_S0_S0_S0_S0_S0_S0_S0_S0_S0_S0_S0_S0_S0_S0_S0_S0_S0_S0_S0_S0_S0_S0_S0_S0_S0_S0_jjjjjj,_ZN4M15L24m15_layer_kernel_attn_hcEPhS0_S0_S0_S0_S0_S0_S0_S0_S0_S0_S0_S0_S0_S0_S0_S0_S0_S0_S0_S0_S0_S0_S0_S0_S0_S0_S0_S0_S0_S0_S0_S0_S0_S0_S0_S0_S0_S0_S0_S0_S0_jjjjjj,dynamic,MIX_AIC,1790435069080782.341	,215.196,277.642000,28,56,NO,N/A,N/A,N/A,N/A,N/A,N/A,N/A,214.84,9795253,5.686,0.026,6.644,0.031,5.748,0.027,32.469,0.151,0.001,0.0,2.095,0.01,0.0,214.87,19764081,0.977,0.005,5.413,0.025,7.25,0.034,5.464,0.025,0.103,98.523
0,4294967295,319,61,_ZN4M15L23m15_layer_kernel_gdn_hcEPhS0_S0_S0_S0_S0_S0_S0_S0_S0_S0_S0_S0_S0_S0_S0_S0_S0_S0_S0_S0_S0_S0_S0_S0_S0_S0_S0_S0_S0_S0_S0_S0_S0_S0_S0_S0_S0_S0_S0_S0_S0_jjjjjj,_ZN4M15L23m15_layer_kernel_gdn_hcEPhS0_S0_S0_S0_S0_S0_S0_S0_S0_S0_S0_S0_S0_S0_S0_S0_S0_S0_S0_S0_S0_S0_S0_S0_S0_S0_S0_S0_S0_S0_S0_S0_S0_S0_S0_S0_S0_S0_S0_S0_S0_jjjjjj,dynamic,MIX_AIC,1790435069081268.495	,352.992,271.054000,28,56,NO,N/A,N/A,N/A,N/A,N/A,N/A,N/A,352.66,16176137,21.489,0.061,11.339,0.032,21.099,0.06,129.081,0.366,0.001,0.0,3.817,0.011,0.0,352.69,32488443,2.525,0.007,5.128,0.015,13.296,0.038,6.835,0.019,0.111,99.190
0,4294967295,320,61,_ZN4M15L23m15_layer_kernel_gdn_hcEPhS0_S0_S0_S0_S0_S0_S0_S0_S0_S0_S0_S0_S0_S0_S0_S0_S0_S0_S0_S0_S0_S0_S0_S0_S0_S0_S0_S0_S0_S0_S0_S0_S0_S0_S0_S0_S0_S0_S0_S0_S0_jjjjjj,_ZN4M15L23m15_layer_kernel_gdn_hcEPhS0_S0_S0_S0_S0_S0_S0_S0_S0_S0_S0_S0_S0_S0_S0_S0_S0_S0_S0_S0_S0_S0_S0_S0_S0_S0_S0_S0_S0_S0_S0_S0_S0_S0_S0_S0_S0_S0_S0_S0_S0_jjjjjj,dynamic,MIX_AIC,1790435069081900.079	,355.513,278.508000,28,56,NO,N/A,N/A,N/A,N/A,N/A,N/A,N/A,355.18,16292351,21.517,0.061,11.578,0.033,21.185,0.06,129.109,0.364,0.001,0.0,3.691,0.01,0.0,355.21,32721401,2.519,0.007,5.076,0.014,13.328,0.038,6.293,0.018,0.09,99.194
0,4294967295,321,61,_ZN4M15L23m15_layer_kernel_gdn_hcEPhS0_S0_S0_S0_S0_S0_S0_S0_S0_S0_S0_S0_S0_S0_S0_S0_S0_S0_S0_S0_S0_S0_S0_S0_S0_S0_S0_S0_S0_S0_S0_S0_S0_S0_S0_S0_S0_S0_S0_S0_S0_jjjjjj,_ZN4M15L23m15_layer_kernel_gdn_hcEPhS0_S0_S0_S0_S0_S0_S0_S0_S0_S0_S0_S0_S0_S0_S0_S0_S0_S0_S0_S0_S0_S0_S0_S0_S0_S0_S0_S0_S0_S0_S0_S0_S0_S0_S0_S0_S0_S0_S0_S0_S0_jjjjjj,dynamic,MIX_AIC,1790435069082588.520	,359.799,332.987000,28,56,NO,N/A,N/A,N/A,N/A,N/A,N/A,N/A,359.43,16488438,21.491,0.06,11.474,0.032,21.273,0.059,133.709,0.372,0.001,0.0,3.409,0.009,0.0,359.45,33113114,2.523,0.007,5.349,0.015,13.309,0.037,6.446,0.018,0.086,99.192
0,4294967295,322,61,_ZN4M15L24m15_layer_kernel_attn_hcEPhS0_S0_S0_S0_S0_S0_S0_S0_S0_S0_S0_S0_S0_S0_S0_S0_S0_S0_S0_S0_S0_S0_S0_S0_S0_S0_S0_S0_S0_S0_S0_S0_S0_S0_S0_S0_S0_S0_S0_S0_S0_jjjjjj,_ZN4M15L24m15_layer_kernel_attn_hcEPhS0_S0_S0_S0_S0_S0_S0_S0_S0_S0_S0_S0_S0_S0_S0_S0_S0_S0_S0_S0_S0_S0_S0_S0_S0_S0_S0_S0_S0_S0_S0_S0_S0_S0_S0_S0_S0_S0_S0_S0_S0_jjjjjj,dynamic,MIX_AIC,1790435069083230.921	,211.872,282.701000,28,56,NO,N/A,N/A,N/A,N/A,N/A,N/A,N/A,211.5,9623677,5.643,0.027,6.836,0.032,5.755,0.027,32.073,0.152,0.001,0.0,2.23,0.011,0.0,211.52,19457384,0.977,0.005,5.335,0.025,7.091,0.034,4.708,0.022,0.103,98.316
0,4294967295,323,61,_ZN4M15L23m15_layer_kernel_gdn_hcEPhS0_S0_S0_S0_S0_S0_S0_S0_S0_S0_S0_S0_S0_S0_S0_S0_S0_S0_S0_S0_S0_S0_S0_S0_S0_S0_S0_S0_S0_S0_S0_S0_S0_S0_S0_S0_S0_S0_S0_S0_S0_jjjjjj,_ZN4M15L23m15_layer_kernel_gdn_hcEPhS0_S0_S0_S0_S0_S0_S0_S0_S0_S0_S0_S0_S0_S0_S0_S0_S0_S0_S0_S0_S0_S0_S0_S0_S0_S0_S0_S0_S0_S0_S0_S0_S0_S0_S0_S0_S0_S0_S0_S0_S0_jjjjjj,dynamic,MIX_AIC,1790435069083713.909	,359.933,271.128000,28,56,NO,N/A,N/A,N/A,N/A,N/A,N/A,N/A,359.21,16481944,21.504,0.06,11.539,0.032,21.177,0.059,132.844,0.37,0.001,0.0,3.848,0.011,0.0,359.24,33100196,2.529,0.007,5.294,0.015,13.626,0.038,6.793,0.019,0.111,99.116
0,4294967295,324,61,_ZN4M15L23m15_layer_kernel_gdn_hcEPhS0_S0_S0_S0_S0_S0_S0_S0_S0_S0_S0_S0_S0_S0_S0_S0_S0_S0_S0_S0_S0_S0_S0_S0_S0_S0_S0_S0_S0_S0_S0_S0_S0_S0_S0_S0_S0_S0_S0_S0_S0_jjjjjj,_ZN4M15L23m15_layer_kernel_gdn_hcEPhS0_S0_S0_S0_S0_S0_S0_S0_S0_S0_S0_S0_S0_S0_S0_S0_S0_S0_S0_S0_S0_S0_S0_S0_S0_S0_S0_S0_S0_S0_S0_S0_S0_S0_S0_S0_S0_S0_S0_S0_S0_jjjjjj,dynamic,MIX_AIC,1790435069084342.793	,353.294,268.817000,28,56,NO,N/A,N/A,N/A,N/A,N/A,N/A,N/A,352.99,16196734,21.49,0.061,11.613,0.033,21.18,0.06,128.89,0.365,0.001,0.0,3.783,0.011,0.0,353.01,32518486,2.522,0.007,5.288,0.015,13.917,0.039,5.937,0.017,0.089,99.231
0,4294967295,325,61,_ZN4M15L23m15_layer_kernel_gdn_hcEPhS0_S0_S0_S0_S0_S0_S0_S0_S0_S0_S0_S0_S0_S0_S0_S0_S0_S0_S0_S0_S0_S0_S0_S0_S0_S0_S0_S0_S0_S0_S0_S0_S0_S0_S0_S0_S0_S0_S0_S0_S0_jjjjjj,_ZN4M15L23m15_layer_kernel_gdn_hcEPhS0_S0_S0_S0_S0_S0_S0_S0_S0_S0_S0_S0_S0_S0_S0_S0_S0_S0_S0_S0_S0_S0_S0_S0_S0_S0_S0_S0_S0_S0_S0_S0_S0_S0_S0_S0_S0_S0_S0_S0_S0_jjjjjj,dynamic,MIX_AIC,1790435069084970.068	,358.665,273.956000,28,56,NO,N/A,N/A,N/A,N/A,N/A,N/A,N/A,358.29,16436631,21.513,0.06,11.574,0.032,21.189,0.059,131.401,0.367,0.001,0.0,3.559,0.01,0.0,358.31,33007819,2.519,0.007,5.053,0.014,13.232,0.037,6.139,0.017,0.088,99.193
0,4294967295,326,61,_ZN4M15L24m15_layer_kernel_attn_hcEPhS0_S0_S0_S0_S0_S0_S0_S0_S0_S0_S0_S0_S0_S0_S0_S0_S0_S0_S0_S0_S0_S0_S0_S0_S0_S0_S0_S0_S0_S0_S0_S0_S0_S0_S0_S0_S0_S0_S0_S0_S0_jjjjjj,_ZN4M15L24m15_layer_kernel_attn_hcEPhS0_S0_S0_S0_S0_S0_S0_S0_S0_S0_S0_S0_S0_S0_S0_S0_S0_S0_S0_S0_S0_S0_S0_S0_S0_S0_S0_S0_S0_S0_S0_S0_S0_S0_S0_S0_S0_S0_S0_S0_S0_jjjjjj,dynamic,MIX_AIC,1790435069085677.926	,211.735,349.335000,28,56,NO,N/A,N/A,N/A,N/A,N/A,N/A,N/A,211.36,9627806,5.592,0.026,6.714,0.032,5.711,0.027,32.049,0.152,0.001,0.0,2.197,0.01,0.0,211.38,19443032,0.977,0.005,5.488,0.026,7.225,0.034,5.026,0.024,0.103,98.422
0,4294967295,327,61,_ZN4M15L23m15_layer_kernel_gdn_hcEPhS0_S0_S0_S0_S0_S0_S0_S0_S0_S0_S0_S0_S0_S0_S0_S0_S0_S0_S0_S0_S0_S0_S0_S0_S0_S0_S0_S0_S0_S0_S0_S0_S0_S0_S0_S0_S0_S0_S0_S0_S0_jjjjjj,_ZN4M15L23m15_layer_kernel_gdn_hcEPhS0_S0_S0_S0_S0_S0_S0_S0_S0_S0_S0_S0_S0_S0_S0_S0_S0_S0_S0_S0_S0_S0_S0_S0_S0_S0_S0_S0_S0_S0_S0_S0_S0_S0_S0_S0_S0_S0_S0_S0_S0_jjjjjj,dynamic,MIX_AIC,1790435069086168.755	,348.645,279.015000,28,56,NO,N/A,N/A,N/A,N/A,N/A,N/A,N/A,348.33,15973075,21.505,0.062,11.436,0.033,21.083,0.061,127.886,0.367,0.001,0.0,3.615,0.01,0.0,348.36,32087641,2.526,0.007,5.153,0.015,13.157,0.038,5.913,0.017,0.111,99.166
0,4294967295,328,61,_ZN4M15L23m15_layer_kernel_gdn_hcEPhS0_S0_S0_S0_S0_S0_S0_S0_S0_S0_S0_S0_S0_S0_S0_S0_S0_S0_S0_S0_S0_S0_S0_S0_S0_S0_S0_S0_S0_S0_S0_S0_S0_S0_S0_S0_S0_S0_S0_S0_S0_jjjjjj,_ZN4M15L23m15_layer_kernel_gdn_hcEPhS0_S0_S0_S0_S0_S0_S0_S0_S0_S0_S0_S0_S0_S0_S0_S0_S0_S0_S0_S0_S0_S0_S0_S0_S0_S0_S0_S0_S0_S0_S0_S0_S0_S0_S0_S0_S0_S0_S0_S0_S0_jjjjjj,dynamic,MIX_AIC,1790435069086793.144	,349.044,275.855000,28,56,NO,N/A,N/A,N/A,N/A,N/A,N/A,N/A,348.73,15994970,21.498,0.062,11.286,0.032,21.097,0.06,126.117,0.362,0.001,0.0,3.571,0.01,0.0,348.76,32125743,2.519,0.007,5.195,0.015,13.045,0.037,6.225,0.018,0.088,99.188
0,4294967295,329,61,_ZN4M15L23m15_layer_kernel_gdn_hcEPhS0_S0_S0_S0_S0_S0_S0_S0_S0_S0_S0_S0_S0_S0_S0_S0_S0_S0_S0_S0_S0_S0_S0_S0_S0_S0_S0_S0_S0_S0_S0_S0_S0_S0_S0_S0_S0_S0_S0_S0_S0_jjjjjj,_ZN4M15L23m15_layer_kernel_gdn_hcEPhS0_S0_S0_S0_S0_S0_S0_S0_S0_S0_S0_S0_S0_S0_S0_S0_S0_S0_S0_S0_S0_S0_S0_S0_S0_S0_S0_S0_S0_S0_S0_S0_S0_S0_S0_S0_S0_S0_S0_S0_S0_jjjjjj,dynamic,MIX_AIC,1790435069087423.228	,352.148,280.956000,28,56,NO,N/A,N/A,N/A,N/A,N/A,N/A,N/A,351.75,16133401,21.519,0.061,11.333,0.032,21.202,0.06,128.476,0.365,0.001,0.0,3.492,0.01,0.0,351.77,32403207,2.526,0.007,4.914,0.014,13.283,0.038,6.729,0.019,0.087,99.165
0,4294967295,330,61,_ZN4M15L24m15_layer_kernel_attn_hcEPhS0_S0_S0_S0_S0_S0_S0_S0_S0_S0_S0_S0_S0_S0_S0_S0_S0_S0_S0_S0_S0_S0_S0_S0_S0_S0_S0_S0_S0_S0_S0_S0_S0_S0_S0_S0_S0_S0_S0_S0_S0_jjjjjj,_ZN4M15L24m15_layer_kernel_attn_hcEPhS0_S0_S0_S0_S0_S0_S0_S0_S0_S0_S0_S0_S0_S0_S0_S0_S0_S0_S0_S0_S0_S0_S0_S0_S0_S0_S0_S0_S0_S0_S0_S0_S0_S0_S0_S0_S0_S0_S0_S0_S0_jjjjjj,dynamic,MIX_AIC,1790435069088056.024	,215.513,280.602000,28,56,NO,N/A,N/A,N/A,N/A,N/A,N/A,N/A,215.11,9798465,5.635,0.026,6.707,0.031,5.756,0.027,31.716,0.147,0.001,0.0,2.096,0.01,0.0,215.14,19786687,0.977,0.005,5.322,0.025,8.068,0.038,5.378,0.025,0.103,98.411
0,4294967295,331,61,_ZN4M15L23m15_layer_kernel_gdn_hcEPhS0_S0_S0_S0_S0_S0_S0_S0_S0_S0_S0_S0_S0_S0_S0_S0_S0_S0_S0_S0_S0_S0_S0_S0_S0_S0_S0_S0_S0_S0_S0_S0_S0_S0_S0_S0_S0_S0_S0_S0_S0_jjjjjj,_ZN4M15L23m15_layer_kernel_gdn_hcEPhS0_S0_S0_S0_S0_S0_S0_S0_S0_S0_S0_S0_S0_S0_S0_S0_S0_S0_S0_S0_S0_S0_S0_S0_S0_S0_S0_S0_S0_S0_S0_S0_S0_S0_S0_S0_S0_S0_S0_S0_S0_jjjjjj,dynamic,MIX_AIC,1790435069088606.080	,356.312,334.487000,28,56,NO,N/A,N/A,N/A,N/A,N/A,N/A,N/A,355.99,16335474,21.447,0.06,11.513,0.032,21.144,0.059,131.474,0.369,0.001,0.0,3.489,0.01,0.0,356.02,32794780,2.521,0.007,5.593,0.016,12.748,0.036,6.129,0.017,0.111,99.234
0,4294967295,332,61,_ZN4M15L23m15_layer_kernel_gdn_hcEPhS0_S0_S0_S0_S0_S0_S0_S0_S0_S0_S0_S0_S0_S0_S0_S0_S0_S0_S0_S0_S0_S0_S0_S0_S0_S0_S0_S0_S0_S0_S0_S0_S0_S0_S0_S0_S0_S0_S0_S0_S0_jjjjjj,_ZN4M15L23m15_layer_kernel_gdn_hcEPhS0_S0_S0_S0_S0_S0_S0_S0_S0_S0_S0_S0_S0_S0_S0_S0_S0_S0_S0_S0_S0_S0_S0_S0_S0_S0_S0_S0_S0_S0_S0_S0_S0_S0_S0_S0_S0_S0_S0_S0_S0_jjjjjj,dynamic,MIX_AIC,1790435069089244.203	,361.923,281.938000,28,56,NO,N/A,N/A,N/A,N/A,N/A,N/A,N/A,361.6,16585784,21.501,0.059,11.565,0.032,21.248,0.059,133.916,0.37,0.001,0.0,3.57,0.01,0.0,361.63,33314199,2.528,0.007,5.274,0.015,13.71,0.038,6.335,0.018,0.088,99.192
0,4294967295,333,61,_ZN4M15L23m15_layer_kernel_gdn_hcEPhS0_S0_S0_S0_S0_S0_S0_S0_S0_S0_S0_S0_S0_S0_S0_S0_S0_S0_S0_S0_S0_S0_S0_S0_S0_S0_S0_S0_S0_S0_S0_S0_S0_S0_S0_S0_S0_S0_S0_S0_S0_jjjjjj,_ZN4M15L23m15_layer_kernel_gdn_hcEPhS0_S0_S0_S0_S0_S0_S0_S0_S0_S0_S0_S0_S0_S0_S0_S0_S0_S0_S0_S0_S0_S0_S0_S0_S0_S0_S0_S0_S0_S0_S0_S0_S0_S0_S0_S0_S0_S0_S0_S0_S0_jjjjjj,dynamic,MIX_AIC,1790435069089885.369	,354.083,279.077000,28,56,NO,N/A,N/A,N/A,N/A,N/A,N/A,N/A,353.72,16228230,21.512,0.061,11.593,0.033,21.191,0.06,129.751,0.367,0.001,0.0,3.379,0.01,0.0,353.74,32593196,2.529,0.007,5.077,0.014,13.134,0.037,5.861,0.017,0.086,99.203
0,4294967295,334,61,_ZN4M15L24m15_layer_kernel_attn_hcEPhS0_S0_S0_S0_S0_S0_S0_S0_S0_S0_S0_S0_S0_S0_S0_S0_S0_S0_S0_S0_S0_S0_S0_S0_S0_S0_S0_S0_S0_S0_S0_S0_S0_S0_S0_S0_S0_S0_S0_S0_S0_jjjjjj,_ZN4M15L24m15_layer_kernel_attn_hcEPhS0_S0_S0_S0_S0_S0_S0_S0_S0_S0_S0_S0_S0_S0_S0_S0_S0_S0_S0_S0_S0_S0_S0_S0_S0_S0_S0_S0_S0_S0_S0_S0_S0_S0_S0_S0_S0_S0_S0_S0_S0_jjjjjj,dynamic,MIX_AIC,1790435069090523.830	,214.528,284.417000,28,56,NO,N/A,N/A,N/A,N/A,N/A,N/A,N/A,214.16,9761435,5.618,0.026,6.96,0.033,5.725,0.027,32.149,0.15,0.001,0.0,2.294,0.011,0.0,214.19,19700557,0.977,0.005,5.667,0.026,6.912,0.032,4.314,0.02,0.103,98.489
0,4294967295,335,61,_ZN4M15L23m15_layer_kernel_gdn_hcEPhS0_S0_S0_S0_S0_S0_S0_S0_S0_S0_S0_S0_S0_S0_S0_S0_S0_S0_S0_S0_S0_S0_S0_S0_S0_S0_S0_S0_S0_S0_S0_S0_S0_S0_S0_S0_S0_S0_S0_S0_S0_jjjjjj,_ZN4M15L23m15_layer_kernel_gdn_hcEPhS0_S0_S0_S0_S0_S0_S0_S0_S0_S0_S0_S0_S0_S0_S0_S0_S0_S0_S0_S0_S0_S0_S0_S0_S0_S0_S0_S0_S0_S0_S0_S0_S0_S0_S0_S0_S0_S0_S0_S0_S0_jjjjjj,dynamic,MIX_AIC,1790435069091014.158	,351.341,275.972000,28,56,NO,N/A,N/A,N/A,N/A,N/A,N/A,N/A,351.02,16099737,21.533,0.061,11.306,0.032,21.098,0.06,125.748,0.358,0.001,0.0,3.47,0.01,0.0,351.04,32336142,2.524,0.007,5.151,0.015,14.325,0.041,6.284,0.018,0.111,99.185
0,4294967295,336,61,_ZN4M15L23m15_layer_kernel_gdn_hcEPhS0_S0_S0_S0_S0_S0_S0_S0_S0_S0_S0_S0_S0_S0_S0_S0_S0_S0_S0_S0_S0_S0_S0_S0_S0_S0_S0_S0_S0_S0_S0_S0_S0_S0_S0_S0_S0_S0_S0_S0_S0_jjjjjj,_ZN4M15L23m15_layer_kernel_gdn_hcEPhS0_S0_S0_S0_S0_S0_S0_S0_S0_S0_S0_S0_S0_S0_S0_S0_S0_S0_S0_S0_S0_S0_S0_S0_S0_S0_S0_S0_S0_S0_S0_S0_S0_S0_S0_S0_S0_S0_S0_S0_S0_jjjjjj,dynamic,MIX_AIC,1790435069091723.461	,354.823,357.909000,28,56,NO,N/A,N/A,N/A,N/A,N/A,N/A,N/A,354.44,16258460,21.456,0.061,11.461,0.032,21.096,0.06,129.377,0.365,0.001,0.0,3.593,0.01,0.0,354.47,32653922,2.521,0.007,4.976,0.014,13.77,0.039,6.234,0.018,0.089,99.180
0,4294967295,337,61,_ZN4M15L23m15_layer_kernel_gdn_hcEPhS0_S0_S0_S0_S0_S0_S0_S0_S0_S0_S0_S0_S0_S0_S0_S0_S0_S0_S0_S0_S0_S0_S0_S0_S0_S0_S0_S0_S0_S0_S0_S0_S0_S0_S0_S0_S0_S0_S0_S0_S0_jjjjjj,_ZN4M15L23m15_layer_kernel_gdn_hcEPhS0_S0_S0_S0_S0_S0_S0_S0_S0_S0_S0_S0_S0_S0_S0_S0_S0_S0_S0_S0_S0_S0_S0_S0_S0_S0_S0_S0_S0_S0_S0_S0_S0_S0_S0_S0_S0_S0_S0_S0_S0_jjjjjj,dynamic,MIX_AIC,1790435069092359.005	,357.716,280.677000,28,56,NO,N/A,N/A,N/A,N/A,N/A,N/A,N/A,357.34,16396382,21.48,0.06,11.333,0.032,21.251,0.059,132.229,0.37,0.001,0.0,3.596,0.01,0.0,357.36,32920643,2.524,0.007,5.227,0.015,13.559,0.038,6.513,0.018,0.087,99.213
0,4294967295,338,61,_ZN4M15L24m15_layer_kernel_attn_hcEPhS0_S0_S0_S0_S0_S0_S0_S0_S0_S0_S0_S0_S0_S0_S0_S0_S0_S0_S0_S0_S0_S0_S0_S0_S0_S0_S0_S0_S0_S0_S0_S0_S0_S0_S0_S0_S0_S0_S0_S0_S0_jjjjjj,_ZN4M15L24m15_layer_kernel_attn_hcEPhS0_S0_S0_S0_S0_S0_S0_S0_S0_S0_S0_S0_S0_S0_S0_S0_S0_S0_S0_S0_S0_S0_S0_S0_S0_S0_S0_S0_S0_S0_S0_S0_S0_S0_S0_S0_S0_S0_S0_S0_S0_jjjjjj,dynamic,MIX_AIC,1790435069092998.930	,213.565,282.284000,28,56,NO,N/A,N/A,N/A,N/A,N/A,N/A,N/A,213.06,9693418,5.63,0.026,6.929,0.033,5.752,0.027,31.565,0.148,0.001,0.0,2.21,0.01,0.0,213.08,19596679,0.977,0.005,5.519,0.026,7.237,0.034,4.713,0.022,0.103,98.244
0,4294967295,339,61,_ZN4M15L23m15_layer_kernel_gdn_hcEPhS0_S0_S0_S0_S0_S0_S0_S0_S0_S0_S0_S0_S0_S0_S0_S0_S0_S0_S0_S0_S0_S0_S0_S0_S0_S0_S0_S0_S0_S0_S0_S0_S0_S0_S0_S0_S0_S0_S0_S0_S0_jjjjjj,_ZN4M15L23m15_layer_kernel_gdn_hcEPhS0_S0_S0_S0_S0_S0_S0_S0_S0_S0_S0_S0_S0_S0_S0_S0_S0_S0_S0_S0_S0_S0_S0_S0_S0_S0_S0_S0_S0_S0_S0_S0_S0_S0_S0_S0_S0_S0_S0_S0_S0_jjjjjj,dynamic,MIX_AIC,1790435069093490.834	,351.961,278.185000,28,56,NO,N/A,N/A,N/A,N/A,N/A,N/A,N/A,351.21,16114298,21.479,0.061,11.271,0.032,21.106,0.06,126.928,0.361,0.001,0.0,3.557,0.01,0.0,351.24,32353737,2.521,0.007,4.966,0.014,13.811,0.039,6.753,0.019,0.111,99.100
0,4294967295,340,61,_ZN4M15L23m15_layer_kernel_gdn_hcEPhS0_S0_S0_S0_S0_S0_S0_S0_S0_S0_S0_S0_S0_S0_S0_S0_S0_S0_S0_S0_S0_S0_S0_S0_S0_S0_S0_S0_S0_S0_S0_S0_S0_S0_S0_S0_S0_S0_S0_S0_S0_jjjjjj,_ZN4M15L23m15_layer_kernel_gdn_hcEPhS0_S0_S0_S0_S0_S0_S0_S0_S0_S0_S0_S0_S0_S0_S0_S0_S0_S0_S0_S0_S0_S0_S0_S0_S0_S0_S0_S0_S0_S0_S0_S0_S0_S0_S0_S0_S0_S0_S0_S0_S0_jjjjjj,dynamic,MIX_AIC,1790435069094125.361	,352.472,282.539000,28,56,NO,N/A,N/A,N/A,N/A,N/A,N/A,N/A,352.14,16162318,21.482,0.061,11.778,0.033,21.076,0.06,129.158,0.367,0.001,0.0,3.507,0.01,0.0,352.16,32440299,2.525,0.007,5.369,0.015,13.2,0.037,5.585,0.016,0.088,99.251
0,4294967295,341,61,_ZN4M15L23m15_layer_kernel_gdn_hcEPhS0_S0_S0_S0_S0_S0_S0_S0_S0_S0_S0_S0_S0_S0_S0_S0_S0_S0_S0_S0_S0_S0_S0_S0_S0_S0_S0_S0_S0_S0_S0_S0_S0_S0_S0_S0_S0_S0_S0_S0_S0_jjjjjj,_ZN4M15L23m15_layer_kernel_gdn_hcEPhS0_S0_S0_S0_S0_S0_S0_S0_S0_S0_S0_S0_S0_S0_S0_S0_S0_S0_S0_S0_S0_S0_S0_S0_S0_S0_S0_S0_S0_S0_S0_S0_S0_S0_S0_S0_S0_S0_S0_S0_S0_jjjjjj,dynamic,MIX_AIC,1790435069094813.039	,356.230,335.278000,28,56,NO,N/A,N/A,N/A,N/A,N/A,N/A,N/A,355.88,16332948,21.465,0.06,11.571,0.033,21.215,0.06,131.773,0.37,0.001,0.0,3.626,0.01,0.0,355.91,32793052,2.52,0.007,5.198,0.015,13.682,0.038,6.463,0.018,0.088,99.241
0,4294967295,342,61,_ZN4M15L24m15_layer_kernel_attn_hcEPhS0_S0_S0_S0_S0_S0_S0_S0_S0_S0_S0_S0_S0_S0_S0_S0_S0_S0_S0_S0_S0_S0_S0_S0_S0_S0_S0_S0_S0_S0_S0_S0_S0_S0_S0_S0_S0_S0_S0_S0_S0_jjjjjj,_ZN4M15L24m15_layer_kernel_attn_hcEPhS0_S0_S0_S0_S0_S0_S0_S0_S0_S0_S0_S0_S0_S0_S0_S0_S0_S0_S0_S0_S0_S0_S0_S0_S0_S0_S0_S0_S0_S0_S0_S0_S0_S0_S0_S0_S0_S0_S0_S0_S0_jjjjjj,dynamic,MIX_AIC,1790435069095449.918	,210.380,280.770000,28,56,NO,N/A,N/A,N/A,N/A,N/A,N/A,N/A,210.03,9574556,5.679,0.027,6.616,0.032,5.745,0.027,31.556,0.15,0.001,0.0,2.158,0.01,0.0,210.06,19319844,0.978,0.005,5.266,0.025,7.189,0.034,4.752,0.023,0.103,98.508
0,4294967295,343,61,_ZN4M15L22m15_final_mixer_kernelEPhS0_S0_jS0_S0_S0_S0_S0_j,_ZN4M15L22m15_final_mixer_kernelEPhS0_S0_jS0_S0_S0_S0_S0_j,dynamic,MIX_AIC,1790435069097624.159	,76.191,1963.870000,28,56,NO,N/A,N/A,N/A,N/A,N/A,N/A,N/A,75.86,3469065,1.805,0.024,1.862,0.025,1.735,0.023,10.026,0.132,0.001,0.0,0.847,0.011,0.0,75.88,6952781,0.389,0.005,1.835,0.024,1.659,0.022,2.802,0.037,0.039,98.552
