[M16] 源 [32 行][32 列]，编码 bf16 位型 = 0x4000 + (r*32 + c)（可逆，k = 位型 - 0x4000）
[M16] A = 16x16 bf16 单位阵（m0 已验证装载）；mmad m=16 n=64 k=16 ⇒ C[m][n] = L0B_mmad[k=m][n]
[M16] 输出 'r,c' = 该元素来自源 (r,c)；'.' = 0；'##' = 非本编码
[M16] 每次 launch 只跑 1 conf；zeroFill=1 时先显式清零 L0B 的 8 个分形槽

[conf 00] 2d-00 zerofill + NOP load (mStep=0) → expect ALL ZERO
    m= 0 |  .  .  .  .  .  .  .  .  .  .  .  .  .  .  .  .  .  .  .  .  .  .  .  .  .  .  .  .  .  .  .  .  .  .  .  .  .  .  .  .  .  .  .  .  .  .  .  .  .  .  .  .  .  .  .  .  .  .  .  .  .  .  .  .
    m= 1 |  .  .  .  .  .  .  .  .  .  .  .  .  .  .  .  .  .  .  .  .  .  .  .  .  .  .  .  .  .  .  .  .  .  .  .  .  .  .  .  .  .  .  .  .  .  .  .  .  .  .  .  .  .  .  .  .  .  .  .  .  .  .  .  .
    m= 2 |  .  .  .  .  .  .  .  .  .  .  .  .  .  .  .  .  .  .  .  .  .  .  .  .  .  .  .  .  .  .  .  .  .  .  .  .  .  .  .  .  .  .  .  .  .  .  .  .  .  .  .  .  .  .  .  .  .  .  .  .  .  .  .  .
    m= 3 |  .  .  .  .  .  .  .  .  .  .  .  .  .  .  .  .  .  .  .  .  .  .  .  .  .  .  .  .  .  .  .  .  .  .  .  .  .  .  .  .  .  .  .  .  .  .  .  .  .  .  .  .  .  .  .  .  .  .  .  .  .  .  .  .
    m= 4 |  .  .  .  .  .  .  .  .  .  .  .  .  .  .  .  .  .  .  .  .  .  .  .  .  .  .  .  .  .  .  .  .  .  .  .  .  .  .  .  .  .  .  .  .  .  .  .  .  .  .  .  .  .  .  .  .  .  .  .  .  .  .  .  .
    m= 5 |  .  .  .  .  .  .  .  .  .  .  .  .  .  .  .  .  .  .  .  .  .  .  .  .  .  .  .  .  .  .  .  .  .  .  .  .  .  .  .  .  .  .  .  .  .  .  .  .  .  .  .  .  .  .  .  .  .  .  .  .  .  .  .  .
    m= 6 |  .  .  .  .  .  .  .  .  .  .  .  .  .  .  .  .  .  .  .  .  .  .  .  .  .  .  .  .  .  .  .  .  .  .  .  .  .  .  .  .  .  .  .  .  .  .  .  .  .  .  .  .  .  .  .  .  .  .  .  .  .  .  .  .
    m= 7 |  .  .  .  .  .  .  .  .  .  .  .  .  .  .  .  .  .  .  .  .  .  .  .  .  .  .  .  .  .  .  .  .  .  .  .  .  .  .  .  .  .  .  .  .  .  .  .  .  .  .  .  .  .  .  .  .  .  .  .  .  .  .  .  .
    m= 8 |  .  .  .  .  .  .  .  .  .  .  .  .  .  .  .  .  .  .  .  .  .  .  .  .  .  .  .  .  .  .  .  .  .  .  .  .  .  .  .  .  .  .  .  .  .  .  .  .  .  .  .  .  .  .  .  .  .  .  .  .  .  .  .  .
    m= 9 |  .  .  .  .  .  .  .  .  .  .  .  .  .  .  .  .  .  .  .  .  .  .  .  .  .  .  .  .  .  .  .  .  .  .  .  .  .  .  .  .  .  .  .  .  .  .  .  .  .  .  .  .  .  .  .  .  .  .  .  .  .  .  .  .
    m=10 |  .  .  .  .  .  .  .  .  .  .  .  .  .  .  .  .  .  .  .  .  .  .  .  .  .  .  .  .  .  .  .  .  .  .  .  .  .  .  .  .  .  .  .  .  .  .  .  .  .  .  .  .  .  .  .  .  .  .  .  .  .  .  .  .
    m=11 |  .  .  .  .  .  .  .  .  .  .  .  .  .  .  .  .  .  .  .  .  .  .  .  .  .  .  .  .  .  .  .  .  .  .  .  .  .  .  .  .  .  .  .  .  .  .  .  .  .  .  .  .  .  .  .  .  .  .  .  .  .  .  .  .
    m=12 |  .  .  .  .  .  .  .  .  .  .  .  .  .  .  .  .  .  .  .  .  .  .  .  .  .  .  .  .  .  .  .  .  .  .  .  .  .  .  .  .  .  .  .  .  .  .  .  .  .  .  .  .  .  .  .  .  .  .  .  .  .  .  .  .
    m=13 |  .  .  .  .  .  .  .  .  .  .  .  .  .  .  .  .  .  .  .  .  .  .  .  .  .  .  .  .  .  .  .  .  .  .  .  .  .  .  .  .  .  .  .  .  .  .  .  .  .  .  .  .  .  .  .  .  .  .  .  .  .  .  .  .
    m=14 |  .  .  .  .  .  .  .  .  .  .  .  .  .  .  .  .  .  .  .  .  .  .  .  .  .  .  .  .  .  .  .  .  .  .  .  .  .  .  .  .  .  .  .  .  .  .  .  .  .  .  .  .  .  .  .  .  .  .  .  .  .  .  .  .
    m=15 |  .  .  .  .  .  .  .  .  .  .  .  .  .  .  .  .  .  .  .  .  .  .  .  .  .  .  .  .  .  .  .  .  .  .  .  .  .  .  .  .  .  .  .  .  .  .  .  .  .  .  .  .  .  .  .  .  .  .  .  .  .  .  .  .
    [2d-00 zerofill + NOP load (mStep=0) → expect ALL ZERO] decoded=0 zero=1024 other=0 fnv=0x1f116dc5
[conf 01] 2d-01 zerofill + T1 frac0 (m0 pattern)
    m= 0 | 0,0 0,1 0,2 0,3 0,4 0,5 0,6 0,7 0,8 0,9 0,10 0,11 0,12 0,13 0,14 0,15  .  .  .  .  .  .  .  .  .  .  .  .  .  .  .  .  .  .  .  .  .  .  .  .  .  .  .  .  .  .  .  .  .  .  .  .  .  .  .  .  .  .  .  .  .  .  .  .
    m= 1 | 1,0 1,1 1,2 1,3 1,4 1,5 1,6 1,7 1,8 1,9 1,10 1,11 1,12 1,13 1,14 1,15  .  .  .  .  .  .  .  .  .  .  .  .  .  .  .  .  .  .  .  .  .  .  .  .  .  .  .  .  .  .  .  .  .  .  .  .  .  .  .  .  .  .  .  .  .  .  .  .
    m= 2 | 2,0 2,1 2,2 2,3 2,4 2,5 2,6 2,7 2,8 2,9 2,10 2,11 2,12 2,13 2,14 2,15  .  .  .  .  .  .  .  .  .  .  .  .  .  .  .  .  .  .  .  .  .  .  .  .  .  .  .  .  .  .  .  .  .  .  .  .  .  .  .  .  .  .  .  .  .  .  .  .
    m= 3 | 3,0 3,1 3,2 3,3 3,4 3,5 3,6 3,7 3,8 3,9 3,10 3,11 3,12 3,13 3,14 3,15  .  .  .  .  .  .  .  .  .  .  .  .  .  .  .  .  .  .  .  .  .  .  .  .  .  .  .  .  .  .  .  .  .  .  .  .  .  .  .  .  .  .  .  .  .  .  .  .
    m= 4 | 4,0 4,1 4,2 4,3 4,4 4,5 4,6 4,7 4,8 4,9 4,10 4,11 4,12 4,13 4,14 4,15  .  .  .  .  .  .  .  .  .  .  .  .  .  .  .  .  .  .  .  .  .  .  .  .  .  .  .  .  .  .  .  .  .  .  .  .  .  .  .  .  .  .  .  .  .  .  .  .
    m= 5 | 5,0 5,1 5,2 5,3 5,4 5,5 5,6 5,7 5,8 5,9 5,10 5,11 5,12 5,13 5,14 5,15  .  .  .  .  .  .  .  .  .  .  .  .  .  .  .  .  .  .  .  .  .  .  .  .  .  .  .  .  .  .  .  .  .  .  .  .  .  .  .  .  .  .  .  .  .  .  .  .
    m= 6 | 6,0 6,1 6,2 6,3 6,4 6,5 6,6 6,7 6,8 6,9 6,10 6,11 6,12 6,13 6,14 6,15  .  .  .  .  .  .  .  .  .  .  .  .  .  .  .  .  .  .  .  .  .  .  .  .  .  .  .  .  .  .  .  .  .  .  .  .  .  .  .  .  .  .  .  .  .  .  .  .
    m= 7 | 7,0 7,1 7,2 7,3 7,4 7,5 7,6 7,7 7,8 7,9 7,10 7,11 7,12 7,13 7,14 7,15  .  .  .  .  .  .  .  .  .  .  .  .  .  .  .  .  .  .  .  .  .  .  .  .  .  .  .  .  .  .  .  .  .  .  .  .  .  .  .  .  .  .  .  .  .  .  .  .
    m= 8 | 8,0 8,1 8,2 8,3 8,4 8,5 8,6 8,7 8,8 8,9 8,10 8,11 8,12 8,13 8,14 8,15  .  .  .  .  .  .  .  .  .  .  .  .  .  .  .  .  .  .  .  .  .  .  .  .  .  .  .  .  .  .  .  .  .  .  .  .  .  .  .  .  .  .  .  .  .  .  .  .
    m= 9 | 9,0 9,1 9,2 9,3 9,4 9,5 9,6 9,7 9,8 9,9 9,10 9,11 9,12 9,13 9,14 9,15  .  .  .  .  .  .  .  .  .  .  .  .  .  .  .  .  .  .  .  .  .  .  .  .  .  .  .  .  .  .  .  .  .  .  .  .  .  .  .  .  .  .  .  .  .  .  .  .
    m=10 | 10,0 10,1 10,2 10,3 10,4 10,5 10,6 10,7 10,8 10,9 10,10 10,11 10,12 10,13 10,14 10,15  .  .  .  .  .  .  .  .  .  .  .  .  .  .  .  .  .  .  .  .  .  .  .  .  .  .  .  .  .  .  .  .  .  .  .  .  .  .  .  .  .  .  .  .  .  .  .  .
    m=11 | 11,0 11,1 11,2 11,3 11,4 11,5 11,6 11,7 11,8 11,9 11,10 11,11 11,12 11,13 11,14 11,15  .  .  .  .  .  .  .  .  .  .  .  .  .  .  .  .  .  .  .  .  .  .  .  .  .  .  .  .  .  .  .  .  .  .  .  .  .  .  .  .  .  .  .  .  .  .  .  .
    m=12 | 12,0 12,1 12,2 12,3 12,4 12,5 12,6 12,7 12,8 12,9 12,10 12,11 12,12 12,13 12,14 12,15  .  .  .  .  .  .  .  .  .  .  .  .  .  .  .  .  .  .  .  .  .  .  .  .  .  .  .  .  .  .  .  .  .  .  .  .  .  .  .  .  .  .  .  .  .  .  .  .
    m=13 | 13,0 13,1 13,2 13,3 13,4 13,5 13,6 13,7 13,8 13,9 13,10 13,11 13,12 13,13 13,14 13,15  .  .  .  .  .  .  .  .  .  .  .  .  .  .  .  .  .  .  .  .  .  .  .  .  .  .  .  .  .  .  .  .  .  .  .  .  .  .  .  .  .  .  .  .  .  .  .  .
    m=14 | 14,0 14,1 14,2 14,3 14,4 14,5 14,6 14,7 14,8 14,9 14,10 14,11 14,12 14,13 14,14 14,15  .  .  .  .  .  .  .  .  .  .  .  .  .  .  .  .  .  .  .  .  .  .  .  .  .  .  .  .  .  .  .  .  .  .  .  .  .  .  .  .  .  .  .  .  .  .  .  .
    m=15 | 15,0 15,1 15,2 15,3 15,4 15,5 15,6 15,7 15,8 15,9 15,10 15,11 15,12 15,13 15,14 15,15  .  .  .  .  .  .  .  .  .  .  .  .  .  .  .  .  .  .  .  .  .  .  .  .  .  .  .  .  .  .  .  .  .  .  .  .  .  .  .  .  .  .  .  .  .  .  .  .
    [2d-01 zerofill + T1 frac0 (m0 pattern)] decoded=256 zero=768 other=0 fnv=0x9aa96dc5
[conf 02] 2d-02 zerofill + T0 frac0
    m= 0 | 0,0 1,0 2,0 3,0 4,0 5,0 6,0 7,0 8,0 9,0 10,0 11,0 12,0 13,0 14,0 15,0  .  .  .  .  .  .  .  .  .  .  .  .  .  .  .  .  .  .  .  .  .  .  .  .  .  .  .  .  .  .  .  .  .  .  .  .  .  .  .  .  .  .  .  .  .  .  .  .
    m= 1 | 0,1 1,1 2,1 3,1 4,1 5,1 6,1 7,1 8,1 9,1 10,1 11,1 12,1 13,1 14,1 15,1  .  .  .  .  .  .  .  .  .  .  .  .  .  .  .  .  .  .  .  .  .  .  .  .  .  .  .  .  .  .  .  .  .  .  .  .  .  .  .  .  .  .  .  .  .  .  .  .
    m= 2 | 0,2 1,2 2,2 3,2 4,2 5,2 6,2 7,2 8,2 9,2 10,2 11,2 12,2 13,2 14,2 15,2  .  .  .  .  .  .  .  .  .  .  .  .  .  .  .  .  .  .  .  .  .  .  .  .  .  .  .  .  .  .  .  .  .  .  .  .  .  .  .  .  .  .  .  .  .  .  .  .
    m= 3 | 0,3 1,3 2,3 3,3 4,3 5,3 6,3 7,3 8,3 9,3 10,3 11,3 12,3 13,3 14,3 15,3  .  .  .  .  .  .  .  .  .  .  .  .  .  .  .  .  .  .  .  .  .  .  .  .  .  .  .  .  .  .  .  .  .  .  .  .  .  .  .  .  .  .  .  .  .  .  .  .
    m= 4 | 0,4 1,4 2,4 3,4 4,4 5,4 6,4 7,4 8,4 9,4 10,4 11,4 12,4 13,4 14,4 15,4  .  .  .  .  .  .  .  .  .  .  .  .  .  .  .  .  .  .  .  .  .  .  .  .  .  .  .  .  .  .  .  .  .  .  .  .  .  .  .  .  .  .  .  .  .  .  .  .
    m= 5 | 0,5 1,5 2,5 3,5 4,5 5,5 6,5 7,5 8,5 9,5 10,5 11,5 12,5 13,5 14,5 15,5  .  .  .  .  .  .  .  .  .  .  .  .  .  .  .  .  .  .  .  .  .  .  .  .  .  .  .  .  .  .  .  .  .  .  .  .  .  .  .  .  .  .  .  .  .  .  .  .
    m= 6 | 0,6 1,6 2,6 3,6 4,6 5,6 6,6 7,6 8,6 9,6 10,6 11,6 12,6 13,6 14,6 15,6  .  .  .  .  .  .  .  .  .  .  .  .  .  .  .  .  .  .  .  .  .  .  .  .  .  .  .  .  .  .  .  .  .  .  .  .  .  .  .  .  .  .  .  .  .  .  .  .
    m= 7 | 0,7 1,7 2,7 3,7 4,7 5,7 6,7 7,7 8,7 9,7 10,7 11,7 12,7 13,7 14,7 15,7  .  .  .  .  .  .  .  .  .  .  .  .  .  .  .  .  .  .  .  .  .  .  .  .  .  .  .  .  .  .  .  .  .  .  .  .  .  .  .  .  .  .  .  .  .  .  .  .
    m= 8 | 0,8 1,8 2,8 3,8 4,8 5,8 6,8 7,8 8,8 9,8 10,8 11,8 12,8 13,8 14,8 15,8  .  .  .  .  .  .  .  .  .  .  .  .  .  .  .  .  .  .  .  .  .  .  .  .  .  .  .  .  .  .  .  .  .  .  .  .  .  .  .  .  .  .  .  .  .  .  .  .
    m= 9 | 0,9 1,9 2,9 3,9 4,9 5,9 6,9 7,9 8,9 9,9 10,9 11,9 12,9 13,9 14,9 15,9  .  .  .  .  .  .  .  .  .  .  .  .  .  .  .  .  .  .  .  .  .  .  .  .  .  .  .  .  .  .  .  .  .  .  .  .  .  .  .  .  .  .  .  .  .  .  .  .
    m=10 | 0,10 1,10 2,10 3,10 4,10 5,10 6,10 7,10 8,10 9,10 10,10 11,10 12,10 13,10 14,10 15,10  .  .  .  .  .  .  .  .  .  .  .  .  .  .  .  .  .  .  .  .  .  .  .  .  .  .  .  .  .  .  .  .  .  .  .  .  .  .  .  .  .  .  .  .  .  .  .  .
    m=11 | 0,11 1,11 2,11 3,11 4,11 5,11 6,11 7,11 8,11 9,11 10,11 11,11 12,11 13,11 14,11 15,11  .  .  .  .  .  .  .  .  .  .  .  .  .  .  .  .  .  .  .  .  .  .  .  .  .  .  .  .  .  .  .  .  .  .  .  .  .  .  .  .  .  .  .  .  .  .  .  .
    m=12 | 0,12 1,12 2,12 3,12 4,12 5,12 6,12 7,12 8,12 9,12 10,12 11,12 12,12 13,12 14,12 15,12  .  .  .  .  .  .  .  .  .  .  .  .  .  .  .  .  .  .  .  .  .  .  .  .  .  .  .  .  .  .  .  .  .  .  .  .  .  .  .  .  .  .  .  .  .  .  .  .
    m=13 | 0,13 1,13 2,13 3,13 4,13 5,13 6,13 7,13 8,13 9,13 10,13 11,13 12,13 13,13 14,13 15,13  .  .  .  .  .  .  .  .  .  .  .  .  .  .  .  .  .  .  .  .  .  .  .  .  .  .  .  .  .  .  .  .  .  .  .  .  .  .  .  .  .  .  .  .  .  .  .  .
    m=14 | 0,14 1,14 2,14 3,14 4,14 5,14 6,14 7,14 8,14 9,14 10,14 11,14 12,14 13,14 14,14 15,14  .  .  .  .  .  .  .  .  .  .  .  .  .  .  .  .  .  .  .  .  .  .  .  .  .  .  .  .  .  .  .  .  .  .  .  .  .  .  .  .  .  .  .  .  .  .  .  .
    m=15 | 0,15 1,15 2,15 3,15 4,15 5,15 6,15 7,15 8,15 9,15 10,15 11,15 12,15 13,15 14,15 15,15  .  .  .  .  .  .  .  .  .  .  .  .  .  .  .  .  .  .  .  .  .  .  .  .  .  .  .  .  .  .  .  .  .  .  .  .  .  .  .  .  .  .  .  .  .  .  .  .
    [2d-02 zerofill + T0 frac0] decoded=256 zero=768 other=0 fnv=0x14ab6dc5
[conf 03] 2d-03 T1 srcOff=256 (src unit 1)
    m= 0 | 16,0 16,1 16,2 16,3 16,4 16,5 16,6 16,7 16,8 16,9 16,10 16,11 16,12 16,13 16,14 16,15  .  .  .  .  .  .  .  .  .  .  .  .  .  .  .  .  .  .  .  .  .  .  .  .  .  .  .  .  .  .  .  .  .  .  .  .  .  .  .  .  .  .  .  .  .  .  .  .
    m= 1 | 17,0 17,1 17,2 17,3 17,4 17,5 17,6 17,7 17,8 17,9 17,10 17,11 17,12 17,13 17,14 17,15  .  .  .  .  .  .  .  .  .  .  .  .  .  .  .  .  .  .  .  .  .  .  .  .  .  .  .  .  .  .  .  .  .  .  .  .  .  .  .  .  .  .  .  .  .  .  .  .
    m= 2 | 18,0 18,1 18,2 18,3 18,4 18,5 18,6 18,7 18,8 18,9 18,10 18,11 18,12 18,13 18,14 18,15  .  .  .  .  .  .  .  .  .  .  .  .  .  .  .  .  .  .  .  .  .  .  .  .  .  .  .  .  .  .  .  .  .  .  .  .  .  .  .  .  .  .  .  .  .  .  .  .
    m= 3 | 19,0 19,1 19,2 19,3 19,4 19,5 19,6 19,7 19,8 19,9 19,10 19,11 19,12 19,13 19,14 19,15  .  .  .  .  .  .  .  .  .  .  .  .  .  .  .  .  .  .  .  .  .  .  .  .  .  .  .  .  .  .  .  .  .  .  .  .  .  .  .  .  .  .  .  .  .  .  .  .
    m= 4 | 20,0 20,1 20,2 20,3 20,4 20,5 20,6 20,7 20,8 20,9 20,10 20,11 20,12 20,13 20,14 20,15  .  .  .  .  .  .  .  .  .  .  .  .  .  .  .  .  .  .  .  .  .  .  .  .  .  .  .  .  .  .  .  .  .  .  .  .  .  .  .  .  .  .  .  .  .  .  .  .
    m= 5 | 21,0 21,1 21,2 21,3 21,4 21,5 21,6 21,7 21,8 21,9 21,10 21,11 21,12 21,13 21,14 21,15  .  .  .  .  .  .  .  .  .  .  .  .  .  .  .  .  .  .  .  .  .  .  .  .  .  .  .  .  .  .  .  .  .  .  .  .  .  .  .  .  .  .  .  .  .  .  .  .
    m= 6 | 22,0 22,1 22,2 22,3 22,4 22,5 22,6 22,7 22,8 22,9 22,10 22,11 22,12 22,13 22,14 22,15  .  .  .  .  .  .  .  .  .  .  .  .  .  .  .  .  .  .  .  .  .  .  .  .  .  .  .  .  .  .  .  .  .  .  .  .  .  .  .  .  .  .  .  .  .  .  .  .
    m= 7 | 23,0 23,1 23,2 23,3 23,4 23,5 23,6 23,7 23,8 23,9 23,10 23,11 23,12 23,13 23,14 23,15  .  .  .  .  .  .  .  .  .  .  .  .  .  .  .  .  .  .  .  .  .  .  .  .  .  .  .  .  .  .  .  .  .  .  .  .  .  .  .  .  .  .  .  .  .  .  .  .
    m= 8 | 24,0 24,1 24,2 24,3 24,4 24,5 24,6 24,7 24,8 24,9 24,10 24,11 24,12 24,13 24,14 24,15  .  .  .  .  .  .  .  .  .  .  .  .  .  .  .  .  .  .  .  .  .  .  .  .  .  .  .  .  .  .  .  .  .  .  .  .  .  .  .  .  .  .  .  .  .  .  .  .
    m= 9 | 25,0 25,1 25,2 25,3 25,4 25,5 25,6 25,7 25,8 25,9 25,10 25,11 25,12 25,13 25,14 25,15  .  .  .  .  .  .  .  .  .  .  .  .  .  .  .  .  .  .  .  .  .  .  .  .  .  .  .  .  .  .  .  .  .  .  .  .  .  .  .  .  .  .  .  .  .  .  .  .
    m=10 | 26,0 26,1 26,2 26,3 26,4 26,5 26,6 26,7 26,8 26,9 26,10 26,11 26,12 26,13 26,14 26,15  .  .  .  .  .  .  .  .  .  .  .  .  .  .  .  .  .  .  .  .  .  .  .  .  .  .  .  .  .  .  .  .  .  .  .  .  .  .  .  .  .  .  .  .  .  .  .  .
    m=11 | 27,0 27,1 27,2 27,3 27,4 27,5 27,6 27,7 27,8 27,9 27,10 27,11 27,12 27,13 27,14 27,15  .  .  .  .  .  .  .  .  .  .  .  .  .  .  .  .  .  .  .  .  .  .  .  .  .  .  .  .  .  .  .  .  .  .  .  .  .  .  .  .  .  .  .  .  .  .  .  .
    m=12 | 28,0 28,1 28,2 28,3 28,4 28,5 28,6 28,7 28,8 28,9 28,10 28,11 28,12 28,13 28,14 28,15  .  .  .  .  .  .  .  .  .  .  .  .  .  .  .  .  .  .  .  .  .  .  .  .  .  .  .  .  .  .  .  .  .  .  .  .  .  .  .  .  .  .  .  .  .  .  .  .
    m=13 | 29,0 29,1 29,2 29,3 29,4 29,5 29,6 29,7 29,8 29,9 29,10 29,11 29,12 29,13 29,14 29,15  .  .  .  .  .  .  .  .  .  .  .  .  .  .  .  .  .  .  .  .  .  .  .  .  .  .  .  .  .  .  .  .  .  .  .  .  .  .  .  .  .  .  .  .  .  .  .  .
    m=14 | 30,0 30,1 30,2 30,3 30,4 30,5 30,6 30,7 30,8 30,9 30,10 30,11 30,12 30,13 30,14 30,15  .  .  .  .  .  .  .  .  .  .  .  .  .  .  .  .  .  .  .  .  .  .  .  .  .  .  .  .  .  .  .  .  .  .  .  .  .  .  .  .  .  .  .  .  .  .  .  .
    m=15 | 31,0 31,1 31,2 31,3 31,4 31,5 31,6 31,7 31,8 31,9 31,10 31,11 31,12 31,13 31,14 31,15  .  .  .  .  .  .  .  .  .  .  .  .  .  .  .  .  .  .  .  .  .  .  .  .  .  .  .  .  .  .  .  .  .  .  .  .  .  .  .  .  .  .  .  .  .  .  .  .
    [2d-03 T1 srcOff=256 (src unit 1)] decoded=256 zero=768 other=0 fnv=0x46a96dc5
[conf 04] 2d-04 T1 srcOff=512 (src unit 2)
    m= 0 | 0,16 0,17 0,18 0,19 0,20 0,21 0,22 0,23 0,24 0,25 0,26 0,27 0,28 0,29 0,30 0,31  .  .  .  .  .  .  .  .  .  .  .  .  .  .  .  .  .  .  .  .  .  .  .  .  .  .  .  .  .  .  .  .  .  .  .  .  .  .  .  .  .  .  .  .  .  .  .  .
    m= 1 | 1,16 1,17 1,18 1,19 1,20 1,21 1,22 1,23 1,24 1,25 1,26 1,27 1,28 1,29 1,30 1,31  .  .  .  .  .  .  .  .  .  .  .  .  .  .  .  .  .  .  .  .  .  .  .  .  .  .  .  .  .  .  .  .  .  .  .  .  .  .  .  .  .  .  .  .  .  .  .  .
    m= 2 | 2,16 2,17 2,18 2,19 2,20 2,21 2,22 2,23 2,24 2,25 2,26 2,27 2,28 2,29 2,30 2,31  .  .  .  .  .  .  .  .  .  .  .  .  .  .  .  .  .  .  .  .  .  .  .  .  .  .  .  .  .  .  .  .  .  .  .  .  .  .  .  .  .  .  .  .  .  .  .  .
    m= 3 | 3,16 3,17 3,18 3,19 3,20 3,21 3,22 3,23 3,24 3,25 3,26 3,27 3,28 3,29 3,30 3,31  .  .  .  .  .  .  .  .  .  .  .  .  .  .  .  .  .  .  .  .  .  .  .  .  .  .  .  .  .  .  .  .  .  .  .  .  .  .  .  .  .  .  .  .  .  .  .  .
    m= 4 | 4,16 4,17 4,18 4,19 4,20 4,21 4,22 4,23 4,24 4,25 4,26 4,27 4,28 4,29 4,30 4,31  .  .  .  .  .  .  .  .  .  .  .  .  .  .  .  .  .  .  .  .  .  .  .  .  .  .  .  .  .  .  .  .  .  .  .  .  .  .  .  .  .  .  .  .  .  .  .  .
    m= 5 | 5,16 5,17 5,18 5,19 5,20 5,21 5,22 5,23 5,24 5,25 5,26 5,27 5,28 5,29 5,30 5,31  .  .  .  .  .  .  .  .  .  .  .  .  .  .  .  .  .  .  .  .  .  .  .  .  .  .  .  .  .  .  .  .  .  .  .  .  .  .  .  .  .  .  .  .  .  .  .  .
    m= 6 | 6,16 6,17 6,18 6,19 6,20 6,21 6,22 6,23 6,24 6,25 6,26 6,27 6,28 6,29 6,30 6,31  .  .  .  .  .  .  .  .  .  .  .  .  .  .  .  .  .  .  .  .  .  .  .  .  .  .  .  .  .  .  .  .  .  .  .  .  .  .  .  .  .  .  .  .  .  .  .  .
    m= 7 | 7,16 7,17 7,18 7,19 7,20 7,21 7,22 7,23 7,24 7,25 7,26 7,27 7,28 7,29 7,30 7,31  .  .  .  .  .  .  .  .  .  .  .  .  .  .  .  .  .  .  .  .  .  .  .  .  .  .  .  .  .  .  .  .  .  .  .  .  .  .  .  .  .  .  .  .  .  .  .  .
    m= 8 | 8,16 8,17 8,18 8,19 8,20 8,21 8,22 8,23 8,24 8,25 8,26 8,27 8,28 8,29 8,30 8,31  .  .  .  .  .  .  .  .  .  .  .  .  .  .  .  .  .  .  .  .  .  .  .  .  .  .  .  .  .  .  .  .  .  .  .  .  .  .  .  .  .  .  .  .  .  .  .  .
    m= 9 | 9,16 9,17 9,18 9,19 9,20 9,21 9,22 9,23 9,24 9,25 9,26 9,27 9,28 9,29 9,30 9,31  .  .  .  .  .  .  .  .  .  .  .  .  .  .  .  .  .  .  .  .  .  .  .  .  .  .  .  .  .  .  .  .  .  .  .  .  .  .  .  .  .  .  .  .  .  .  .  .
    m=10 | 10,16 10,17 10,18 10,19 10,20 10,21 10,22 10,23 10,24 10,25 10,26 10,27 10,28 10,29 10,30 10,31  .  .  .  .  .  .  .  .  .  .  .  .  .  .  .  .  .  .  .  .  .  .  .  .  .  .  .  .  .  .  .  .  .  .  .  .  .  .  .  .  .  .  .  .  .  .  .  .
    m=11 | 11,16 11,17 11,18 11,19 11,20 11,21 11,22 11,23 11,24 11,25 11,26 11,27 11,28 11,29 11,30 11,31  .  .  .  .  .  .  .  .  .  .  .  .  .  .  .  .  .  .  .  .  .  .  .  .  .  .  .  .  .  .  .  .  .  .  .  .  .  .  .  .  .  .  .  .  .  .  .  .
    m=12 | 12,16 12,17 12,18 12,19 12,20 12,21 12,22 12,23 12,24 12,25 12,26 12,27 12,28 12,29 12,30 12,31  .  .  .  .  .  .  .  .  .  .  .  .  .  .  .  .  .  .  .  .  .  .  .  .  .  .  .  .  .  .  .  .  .  .  .  .  .  .  .  .  .  .  .  .  .  .  .  .
    m=13 | 13,16 13,17 13,18 13,19 13,20 13,21 13,22 13,23 13,24 13,25 13,26 13,27 13,28 13,29 13,30 13,31  .  .  .  .  .  .  .  .  .  .  .  .  .  .  .  .  .  .  .  .  .  .  .  .  .  .  .  .  .  .  .  .  .  .  .  .  .  .  .  .  .  .  .  .  .  .  .  .
    m=14 | 14,16 14,17 14,18 14,19 14,20 14,21 14,22 14,23 14,24 14,25 14,26 14,27 14,28 14,29 14,30 14,31  .  .  .  .  .  .  .  .  .  .  .  .  .  .  .  .  .  .  .  .  .  .  .  .  .  .  .  .  .  .  .  .  .  .  .  .  .  .  .  .  .  .  .  .  .  .  .  .
    m=15 | 15,16 15,17 15,18 15,19 15,20 15,21 15,22 15,23 15,24 15,25 15,26 15,27 15,28 15,29 15,30 15,31  .  .  .  .  .  .  .  .  .  .  .  .  .  .  .  .  .  .  .  .  .  .  .  .  .  .  .  .  .  .  .  .  .  .  .  .  .  .  .  .  .  .  .  .  .  .  .  .
    [2d-04 T1 srcOff=512 (src unit 2)] decoded=256 zero=768 other=0 fnv=0x76696dc5
[conf 05] 2d-05 T1 srcOff=768 (src unit 3)
    m= 0 | 16,16 16,17 16,18 16,19 16,20 16,21 16,22 16,23 16,24 16,25 16,26 16,27 16,28 16,29 16,30 16,31  .  .  .  .  .  .  .  .  .  .  .  .  .  .  .  .  .  .  .  .  .  .  .  .  .  .  .  .  .  .  .  .  .  .  .  .  .  .  .  .  .  .  .  .  .  .  .  .
    m= 1 | 17,16 17,17 17,18 17,19 17,20 17,21 17,22 17,23 17,24 17,25 17,26 17,27 17,28 17,29 17,30 17,31  .  .  .  .  .  .  .  .  .  .  .  .  .  .  .  .  .  .  .  .  .  .  .  .  .  .  .  .  .  .  .  .  .  .  .  .  .  .  .  .  .  .  .  .  .  .  .  .
    m= 2 | 18,16 18,17 18,18 18,19 18,20 18,21 18,22 18,23 18,24 18,25 18,26 18,27 18,28 18,29 18,30 18,31  .  .  .  .  .  .  .  .  .  .  .  .  .  .  .  .  .  .  .  .  .  .  .  .  .  .  .  .  .  .  .  .  .  .  .  .  .  .  .  .  .  .  .  .  .  .  .  .
    m= 3 | 19,16 19,17 19,18 19,19 19,20 19,21 19,22 19,23 19,24 19,25 19,26 19,27 19,28 19,29 19,30 19,31  .  .  .  .  .  .  .  .  .  .  .  .  .  .  .  .  .  .  .  .  .  .  .  .  .  .  .  .  .  .  .  .  .  .  .  .  .  .  .  .  .  .  .  .  .  .  .  .
    m= 4 | 20,16 20,17 20,18 20,19 20,20 20,21 20,22 20,23 20,24 20,25 20,26 20,27 20,28 20,29 20,30 20,31  .  .  .  .  .  .  .  .  .  .  .  .  .  .  .  .  .  .  .  .  .  .  .  .  .  .  .  .  .  .  .  .  .  .  .  .  .  .  .  .  .  .  .  .  .  .  .  .
    m= 5 | 21,16 21,17 21,18 21,19 21,20 21,21 21,22 21,23 21,24 21,25 21,26 21,27 21,28 21,29 21,30 21,31  .  .  .  .  .  .  .  .  .  .  .  .  .  .  .  .  .  .  .  .  .  .  .  .  .  .  .  .  .  .  .  .  .  .  .  .  .  .  .  .  .  .  .  .  .  .  .  .
    m= 6 | 22,16 22,17 22,18 22,19 22,20 22,21 22,22 22,23 22,24 22,25 22,26 22,27 22,28 22,29 22,30 22,31  .  .  .  .  .  .  .  .  .  .  .  .  .  .  .  .  .  .  .  .  .  .  .  .  .  .  .  .  .  .  .  .  .  .  .  .  .  .  .  .  .  .  .  .  .  .  .  .
    m= 7 | 23,16 23,17 23,18 23,19 23,20 23,21 23,22 23,23 23,24 23,25 23,26 23,27 23,28 23,29 23,30 23,31  .  .  .  .  .  .  .  .  .  .  .  .  .  .  .  .  .  .  .  .  .  .  .  .  .  .  .  .  .  .  .  .  .  .  .  .  .  .  .  .  .  .  .  .  .  .  .  .
    m= 8 | 24,16 24,17 24,18 24,19 24,20 24,21 24,22 24,23 24,24 24,25 24,26 24,27 24,28 24,29 24,30 24,31  .  .  .  .  .  .  .  .  .  .  .  .  .  .  .  .  .  .  .  .  .  .  .  .  .  .  .  .  .  .  .  .  .  .  .  .  .  .  .  .  .  .  .  .  .  .  .  .
    m= 9 | 25,16 25,17 25,18 25,19 25,20 25,21 25,22 25,23 25,24 25,25 25,26 25,27 25,28 25,29 25,30 25,31  .  .  .  .  .  .  .  .  .  .  .  .  .  .  .  .  .  .  .  .  .  .  .  .  .  .  .  .  .  .  .  .  .  .  .  .  .  .  .  .  .  .  .  .  .  .  .  .
    m=10 | 26,16 26,17 26,18 26,19 26,20 26,21 26,22 26,23 26,24 26,25 26,26 26,27 26,28 26,29 26,30 26,31  .  .  .  .  .  .  .  .  .  .  .  .  .  .  .  .  .  .  .  .  .  .  .  .  .  .  .  .  .  .  .  .  .  .  .  .  .  .  .  .  .  .  .  .  .  .  .  .
    m=11 | 27,16 27,17 27,18 27,19 27,20 27,21 27,22 27,23 27,24 27,25 27,26 27,27 27,28 27,29 27,30 27,31  .  .  .  .  .  .  .  .  .  .  .  .  .  .  .  .  .  .  .  .  .  .  .  .  .  .  .  .  .  .  .  .  .  .  .  .  .  .  .  .  .  .  .  .  .  .  .  .
    m=12 | 28,16 28,17 28,18 28,19 28,20 28,21 28,22 28,23 28,24 28,25 28,26 28,27 28,28 28,29 28,30 28,31  .  .  .  .  .  .  .  .  .  .  .  .  .  .  .  .  .  .  .  .  .  .  .  .  .  .  .  .  .  .  .  .  .  .  .  .  .  .  .  .  .  .  .  .  .  .  .  .
    m=13 | 29,16 29,17 29,18 29,19 29,20 29,21 29,22 29,23 29,24 29,25 29,26 29,27 29,28 29,29 29,30 29,31  .  .  .  .  .  .  .  .  .  .  .  .  .  .  .  .  .  .  .  .  .  .  .  .  .  .  .  .  .  .  .  .  .  .  .  .  .  .  .  .  .  .  .  .  .  .  .  .
    m=14 | 30,16 30,17 30,18 30,19 30,20 30,21 30,22 30,23 30,24 30,25 30,26 30,27 30,28 30,29 30,30 30,31  .  .  .  .  .  .  .  .  .  .  .  .  .  .  .  .  .  .  .  .  .  .  .  .  .  .  .  .  .  .  .  .  .  .  .  .  .  .  .  .  .  .  .  .  .  .  .  .
    m=15 | 31,16 31,17 31,18 31,19 31,20 31,21 31,22 31,23 31,24 31,25 31,26 31,27 31,28 31,29 31,30 31,31  .  .  .  .  .  .  .  .  .  .  .  .  .  .  .  .  .  .  .  .  .  .  .  .  .  .  .  .  .  .  .  .  .  .  .  .  .  .  .  .  .  .  .  .  .  .  .  .
    [2d-05 T1 srcOff=768 (src unit 3)] decoded=256 zero=768 other=0 fnv=0xee696dc5
[conf 06] 2d-06 T0 srcOff=256 (src unit 1)
    m= 0 | 16,0 17,0 18,0 19,0 20,0 21,0 22,0 23,0 24,0 25,0 26,0 27,0 28,0 29,0 30,0 31,0  .  .  .  .  .  .  .  .  .  .  .  .  .  .  .  .  .  .  .  .  .  .  .  .  .  .  .  .  .  .  .  .  .  .  .  .  .  .  .  .  .  .  .  .  .  .  .  .
    m= 1 | 16,1 17,1 18,1 19,1 20,1 21,1 22,1 23,1 24,1 25,1 26,1 27,1 28,1 29,1 30,1 31,1  .  .  .  .  .  .  .  .  .  .  .  .  .  .  .  .  .  .  .  .  .  .  .  .  .  .  .  .  .  .  .  .  .  .  .  .  .  .  .  .  .  .  .  .  .  .  .  .
    m= 2 | 16,2 17,2 18,2 19,2 20,2 21,2 22,2 23,2 24,2 25,2 26,2 27,2 28,2 29,2 30,2 31,2  .  .  .  .  .  .  .  .  .  .  .  .  .  .  .  .  .  .  .  .  .  .  .  .  .  .  .  .  .  .  .  .  .  .  .  .  .  .  .  .  .  .  .  .  .  .  .  .
    m= 3 | 16,3 17,3 18,3 19,3 20,3 21,3 22,3 23,3 24,3 25,3 26,3 27,3 28,3 29,3 30,3 31,3  .  .  .  .  .  .  .  .  .  .  .  .  .  .  .  .  .  .  .  .  .  .  .  .  .  .  .  .  .  .  .  .  .  .  .  .  .  .  .  .  .  .  .  .  .  .  .  .
    m= 4 | 16,4 17,4 18,4 19,4 20,4 21,4 22,4 23,4 24,4 25,4 26,4 27,4 28,4 29,4 30,4 31,4  .  .  .  .  .  .  .  .  .  .  .  .  .  .  .  .  .  .  .  .  .  .  .  .  .  .  .  .  .  .  .  .  .  .  .  .  .  .  .  .  .  .  .  .  .  .  .  .
    m= 5 | 16,5 17,5 18,5 19,5 20,5 21,5 22,5 23,5 24,5 25,5 26,5 27,5 28,5 29,5 30,5 31,5  .  .  .  .  .  .  .  .  .  .  .  .  .  .  .  .  .  .  .  .  .  .  .  .  .  .  .  .  .  .  .  .  .  .  .  .  .  .  .  .  .  .  .  .  .  .  .  .
    m= 6 | 16,6 17,6 18,6 19,6 20,6 21,6 22,6 23,6 24,6 25,6 26,6 27,6 28,6 29,6 30,6 31,6  .  .  .  .  .  .  .  .  .  .  .  .  .  .  .  .  .  .  .  .  .  .  .  .  .  .  .  .  .  .  .  .  .  .  .  .  .  .  .  .  .  .  .  .  .  .  .  .
    m= 7 | 16,7 17,7 18,7 19,7 20,7 21,7 22,7 23,7 24,7 25,7 26,7 27,7 28,7 29,7 30,7 31,7  .  .  .  .  .  .  .  .  .  .  .  .  .  .  .  .  .  .  .  .  .  .  .  .  .  .  .  .  .  .  .  .  .  .  .  .  .  .  .  .  .  .  .  .  .  .  .  .
    m= 8 | 16,8 17,8 18,8 19,8 20,8 21,8 22,8 23,8 24,8 25,8 26,8 27,8 28,8 29,8 30,8 31,8  .  .  .  .  .  .  .  .  .  .  .  .  .  .  .  .  .  .  .  .  .  .  .  .  .  .  .  .  .  .  .  .  .  .  .  .  .  .  .  .  .  .  .  .  .  .  .  .
    m= 9 | 16,9 17,9 18,9 19,9 20,9 21,9 22,9 23,9 24,9 25,9 26,9 27,9 28,9 29,9 30,9 31,9  .  .  .  .  .  .  .  .  .  .  .  .  .  .  .  .  .  .  .  .  .  .  .  .  .  .  .  .  .  .  .  .  .  .  .  .  .  .  .  .  .  .  .  .  .  .  .  .
    m=10 | 16,10 17,10 18,10 19,10 20,10 21,10 22,10 23,10 24,10 25,10 26,10 27,10 28,10 29,10 30,10 31,10  .  .  .  .  .  .  .  .  .  .  .  .  .  .  .  .  .  .  .  .  .  .  .  .  .  .  .  .  .  .  .  .  .  .  .  .  .  .  .  .  .  .  .  .  .  .  .  .
    m=11 | 16,11 17,11 18,11 19,11 20,11 21,11 22,11 23,11 24,11 25,11 26,11 27,11 28,11 29,11 30,11 31,11  .  .  .  .  .  .  .  .  .  .  .  .  .  .  .  .  .  .  .  .  .  .  .  .  .  .  .  .  .  .  .  .  .  .  .  .  .  .  .  .  .  .  .  .  .  .  .  .
    m=12 | 16,12 17,12 18,12 19,12 20,12 21,12 22,12 23,12 24,12 25,12 26,12 27,12 28,12 29,12 30,12 31,12  .  .  .  .  .  .  .  .  .  .  .  .  .  .  .  .  .  .  .  .  .  .  .  .  .  .  .  .  .  .  .  .  .  .  .  .  .  .  .  .  .  .  .  .  .  .  .  .
    m=13 | 16,13 17,13 18,13 19,13 20,13 21,13 22,13 23,13 24,13 25,13 26,13 27,13 28,13 29,13 30,13 31,13  .  .  .  .  .  .  .  .  .  .  .  .  .  .  .  .  .  .  .  .  .  .  .  .  .  .  .  .  .  .  .  .  .  .  .  .  .  .  .  .  .  .  .  .  .  .  .  .
    m=14 | 16,14 17,14 18,14 19,14 20,14 21,14 22,14 23,14 24,14 25,14 26,14 27,14 28,14 29,14 30,14 31,14  .  .  .  .  .  .  .  .  .  .  .  .  .  .  .  .  .  .  .  .  .  .  .  .  .  .  .  .  .  .  .  .  .  .  .  .  .  .  .  .  .  .  .  .  .  .  .  .
    m=15 | 16,15 17,15 18,15 19,15 20,15 21,15 22,15 23,15 24,15 25,15 26,15 27,15 28,15 29,15 30,15 31,15  .  .  .  .  .  .  .  .  .  .  .  .  .  .  .  .  .  .  .  .  .  .  .  .  .  .  .  .  .  .  .  .  .  .  .  .  .  .  .  .  .  .  .  .  .  .  .  .
    [2d-06 T0 srcOff=256 (src unit 1)] decoded=256 zero=768 other=0 fnv=0x74ab6dc5
[conf 07] 2d-07 T0 srcOff=512 (src unit 2)
    m= 0 | 0,16 1,16 2,16 3,16 4,16 5,16 6,16 7,16 8,16 9,16 10,16 11,16 12,16 13,16 14,16 15,16  .  .  .  .  .  .  .  .  .  .  .  .  .  .  .  .  .  .  .  .  .  .  .  .  .  .  .  .  .  .  .  .  .  .  .  .  .  .  .  .  .  .  .  .  .  .  .  .
    m= 1 | 0,17 1,17 2,17 3,17 4,17 5,17 6,17 7,17 8,17 9,17 10,17 11,17 12,17 13,17 14,17 15,17  .  .  .  .  .  .  .  .  .  .  .  .  .  .  .  .  .  .  .  .  .  .  .  .  .  .  .  .  .  .  .  .  .  .  .  .  .  .  .  .  .  .  .  .  .  .  .  .
    m= 2 | 0,18 1,18 2,18 3,18 4,18 5,18 6,18 7,18 8,18 9,18 10,18 11,18 12,18 13,18 14,18 15,18  .  .  .  .  .  .  .  .  .  .  .  .  .  .  .  .  .  .  .  .  .  .  .  .  .  .  .  .  .  .  .  .  .  .  .  .  .  .  .  .  .  .  .  .  .  .  .  .
    m= 3 | 0,19 1,19 2,19 3,19 4,19 5,19 6,19 7,19 8,19 9,19 10,19 11,19 12,19 13,19 14,19 15,19  .  .  .  .  .  .  .  .  .  .  .  .  .  .  .  .  .  .  .  .  .  .  .  .  .  .  .  .  .  .  .  .  .  .  .  .  .  .  .  .  .  .  .  .  .  .  .  .
    m= 4 | 0,20 1,20 2,20 3,20 4,20 5,20 6,20 7,20 8,20 9,20 10,20 11,20 12,20 13,20 14,20 15,20  .  .  .  .  .  .  .  .  .  .  .  .  .  .  .  .  .  .  .  .  .  .  .  .  .  .  .  .  .  .  .  .  .  .  .  .  .  .  .  .  .  .  .  .  .  .  .  .
    m= 5 | 0,21 1,21 2,21 3,21 4,21 5,21 6,21 7,21 8,21 9,21 10,21 11,21 12,21 13,21 14,21 15,21  .  .  .  .  .  .  .  .  .  .  .  .  .  .  .  .  .  .  .  .  .  .  .  .  .  .  .  .  .  .  .  .  .  .  .  .  .  .  .  .  .  .  .  .  .  .  .  .
    m= 6 | 0,22 1,22 2,22 3,22 4,22 5,22 6,22 7,22 8,22 9,22 10,22 11,22 12,22 13,22 14,22 15,22  .  .  .  .  .  .  .  .  .  .  .  .  .  .  .  .  .  .  .  .  .  .  .  .  .  .  .  .  .  .  .  .  .  .  .  .  .  .  .  .  .  .  .  .  .  .  .  .
    m= 7 | 0,23 1,23 2,23 3,23 4,23 5,23 6,23 7,23 8,23 9,23 10,23 11,23 12,23 13,23 14,23 15,23  .  .  .  .  .  .  .  .  .  .  .  .  .  .  .  .  .  .  .  .  .  .  .  .  .  .  .  .  .  .  .  .  .  .  .  .  .  .  .  .  .  .  .  .  .  .  .  .
    m= 8 | 0,24 1,24 2,24 3,24 4,24 5,24 6,24 7,24 8,24 9,24 10,24 11,24 12,24 13,24 14,24 15,24  .  .  .  .  .  .  .  .  .  .  .  .  .  .  .  .  .  .  .  .  .  .  .  .  .  .  .  .  .  .  .  .  .  .  .  .  .  .  .  .  .  .  .  .  .  .  .  .
    m= 9 | 0,25 1,25 2,25 3,25 4,25 5,25 6,25 7,25 8,25 9,25 10,25 11,25 12,25 13,25 14,25 15,25  .  .  .  .  .  .  .  .  .  .  .  .  .  .  .  .  .  .  .  .  .  .  .  .  .  .  .  .  .  .  .  .  .  .  .  .  .  .  .  .  .  .  .  .  .  .  .  .
    m=10 | 0,26 1,26 2,26 3,26 4,26 5,26 6,26 7,26 8,26 9,26 10,26 11,26 12,26 13,26 14,26 15,26  .  .  .  .  .  .  .  .  .  .  .  .  .  .  .  .  .  .  .  .  .  .  .  .  .  .  .  .  .  .  .  .  .  .  .  .  .  .  .  .  .  .  .  .  .  .  .  .
    m=11 | 0,27 1,27 2,27 3,27 4,27 5,27 6,27 7,27 8,27 9,27 10,27 11,27 12,27 13,27 14,27 15,27  .  .  .  .  .  .  .  .  .  .  .  .  .  .  .  .  .  .  .  .  .  .  .  .  .  .  .  .  .  .  .  .  .  .  .  .  .  .  .  .  .  .  .  .  .  .  .  .
    m=12 | 0,28 1,28 2,28 3,28 4,28 5,28 6,28 7,28 8,28 9,28 10,28 11,28 12,28 13,28 14,28 15,28  .  .  .  .  .  .  .  .  .  .  .  .  .  .  .  .  .  .  .  .  .  .  .  .  .  .  .  .  .  .  .  .  .  .  .  .  .  .  .  .  .  .  .  .  .  .  .  .
    m=13 | 0,29 1,29 2,29 3,29 4,29 5,29 6,29 7,29 8,29 9,29 10,29 11,29 12,29 13,29 14,29 15,29  .  .  .  .  .  .  .  .  .  .  .  .  .  .  .  .  .  .  .  .  .  .  .  .  .  .  .  .  .  .  .  .  .  .  .  .  .  .  .  .  .  .  .  .  .  .  .  .
    m=14 | 0,30 1,30 2,30 3,30 4,30 5,30 6,30 7,30 8,30 9,30 10,30 11,30 12,30 13,30 14,30 15,30  .  .  .  .  .  .  .  .  .  .  .  .  .  .  .  .  .  .  .  .  .  .  .  .  .  .  .  .  .  .  .  .  .  .  .  .  .  .  .  .  .  .  .  .  .  .  .  .
    m=15 | 0,31 1,31 2,31 3,31 4,31 5,31 6,31 7,31 8,31 9,31 10,31 11,31 12,31 13,31 14,31 15,31  .  .  .  .  .  .  .  .  .  .  .  .  .  .  .  .  .  .  .  .  .  .  .  .  .  .  .  .  .  .  .  .  .  .  .  .  .  .  .  .  .  .  .  .  .  .  .  .
    [2d-07 T0 srcOff=512 (src unit 2)] decoded=256 zero=768 other=0 fnv=0xd1ab6dc5
[conf 08] 2d-08 T0 srcOff=768 (src unit 3)
    m= 0 | 16,16 17,16 18,16 19,16 20,16 21,16 22,16 23,16 24,16 25,16 26,16 27,16 28,16 29,16 30,16 31,16  .  .  .  .  .  .  .  .  .  .  .  .  .  .  .  .  .  .  .  .  .  .  .  .  .  .  .  .  .  .  .  .  .  .  .  .  .  .  .  .  .  .  .  .  .  .  .  .
    m= 1 | 16,17 17,17 18,17 19,17 20,17 21,17 22,17 23,17 24,17 25,17 26,17 27,17 28,17 29,17 30,17 31,17  .  .  .  .  .  .  .  .  .  .  .  .  .  .  .  .  .  .  .  .  .  .  .  .  .  .  .  .  .  .  .  .  .  .  .  .  .  .  .  .  .  .  .  .  .  .  .  .
    m= 2 | 16,18 17,18 18,18 19,18 20,18 21,18 22,18 23,18 24,18 25,18 26,18 27,18 28,18 29,18 30,18 31,18  .  .  .  .  .  .  .  .  .  .  .  .  .  .  .  .  .  .  .  .  .  .  .  .  .  .  .  .  .  .  .  .  .  .  .  .  .  .  .  .  .  .  .  .  .  .  .  .
    m= 3 | 16,19 17,19 18,19 19,19 20,19 21,19 22,19 23,19 24,19 25,19 26,19 27,19 28,19 29,19 30,19 31,19  .  .  .  .  .  .  .  .  .  .  .  .  .  .  .  .  .  .  .  .  .  .  .  .  .  .  .  .  .  .  .  .  .  .  .  .  .  .  .  .  .  .  .  .  .  .  .  .
    m= 4 | 16,20 17,20 18,20 19,20 20,20 21,20 22,20 23,20 24,20 25,20 26,20 27,20 28,20 29,20 30,20 31,20  .  .  .  .  .  .  .  .  .  .  .  .  .  .  .  .  .  .  .  .  .  .  .  .  .  .  .  .  .  .  .  .  .  .  .  .  .  .  .  .  .  .  .  .  .  .  .  .
    m= 5 | 16,21 17,21 18,21 19,21 20,21 21,21 22,21 23,21 24,21 25,21 26,21 27,21 28,21 29,21 30,21 31,21  .  .  .  .  .  .  .  .  .  .  .  .  .  .  .  .  .  .  .  .  .  .  .  .  .  .  .  .  .  .  .  .  .  .  .  .  .  .  .  .  .  .  .  .  .  .  .  .
    m= 6 | 16,22 17,22 18,22 19,22 20,22 21,22 22,22 23,22 24,22 25,22 26,22 27,22 28,22 29,22 30,22 31,22  .  .  .  .  .  .  .  .  .  .  .  .  .  .  .  .  .  .  .  .  .  .  .  .  .  .  .  .  .  .  .  .  .  .  .  .  .  .  .  .  .  .  .  .  .  .  .  .
    m= 7 | 16,23 17,23 18,23 19,23 20,23 21,23 22,23 23,23 24,23 25,23 26,23 27,23 28,23 29,23 30,23 31,23  .  .  .  .  .  .  .  .  .  .  .  .  .  .  .  .  .  .  .  .  .  .  .  .  .  .  .  .  .  .  .  .  .  .  .  .  .  .  .  .  .  .  .  .  .  .  .  .
    m= 8 | 16,24 17,24 18,24 19,24 20,24 21,24 22,24 23,24 24,24 25,24 26,24 27,24 28,24 29,24 30,24 31,24  .  .  .  .  .  .  .  .  .  .  .  .  .  .  .  .  .  .  .  .  .  .  .  .  .  .  .  .  .  .  .  .  .  .  .  .  .  .  .  .  .  .  .  .  .  .  .  .
    m= 9 | 16,25 17,25 18,25 19,25 20,25 21,25 22,25 23,25 24,25 25,25 26,25 27,25 28,25 29,25 30,25 31,25  .  .  .  .  .  .  .  .  .  .  .  .  .  .  .  .  .  .  .  .  .  .  .  .  .  .  .  .  .  .  .  .  .  .  .  .  .  .  .  .  .  .  .  .  .  .  .  .
    m=10 | 16,26 17,26 18,26 19,26 20,26 21,26 22,26 23,26 24,26 25,26 26,26 27,26 28,26 29,26 30,26 31,26  .  .  .  .  .  .  .  .  .  .  .  .  .  .  .  .  .  .  .  .  .  .  .  .  .  .  .  .  .  .  .  .  .  .  .  .  .  .  .  .  .  .  .  .  .  .  .  .
    m=11 | 16,27 17,27 18,27 19,27 20,27 21,27 22,27 23,27 24,27 25,27 26,27 27,27 28,27 29,27 30,27 31,27  .  .  .  .  .  .  .  .  .  .  .  .  .  .  .  .  .  .  .  .  .  .  .  .  .  .  .  .  .  .  .  .  .  .  .  .  .  .  .  .  .  .  .  .  .  .  .  .
    m=12 | 16,28 17,28 18,28 19,28 20,28 21,28 22,28 23,28 24,28 25,28 26,28 27,28 28,28 29,28 30,28 31,28  .  .  .  .  .  .  .  .  .  .  .  .  .  .  .  .  .  .  .  .  .  .  .  .  .  .  .  .  .  .  .  .  .  .  .  .  .  .  .  .  .  .  .  .  .  .  .  .
    m=13 | 16,29 17,29 18,29 19,29 20,29 21,29 22,29 23,29 24,29 25,29 26,29 27,29 28,29 29,29 30,29 31,29  .  .  .  .  .  .  .  .  .  .  .  .  .  .  .  .  .  .  .  .  .  .  .  .  .  .  .  .  .  .  .  .  .  .  .  .  .  .  .  .  .  .  .  .  .  .  .  .
    m=14 | 16,30 17,30 18,30 19,30 20,30 21,30 22,30 23,30 24,30 25,30 26,30 27,30 28,30 29,30 30,30 31,30  .  .  .  .  .  .  .  .  .  .  .  .  .  .  .  .  .  .  .  .  .  .  .  .  .  .  .  .  .  .  .  .  .  .  .  .  .  .  .  .  .  .  .  .  .  .  .  .
    m=15 | 16,31 17,31 18,31 19,31 20,31 21,31 22,31 23,31 24,31 25,31 26,31 27,31 28,31 29,31 30,31 31,31  .  .  .  .  .  .  .  .  .  .  .  .  .  .  .  .  .  .  .  .  .  .  .  .  .  .  .  .  .  .  .  .  .  .  .  .  .  .  .  .  .  .  .  .  .  .  .  .
    [2d-08 T0 srcOff=768 (src unit 3)] decoded=256 zero=768 other=0 fnv=0xbdab6dc5
[conf 09] 2d-09 T1 dstOff=0   (dst unit 0)
    m= 0 | 0,0 0,1 0,2 0,3 0,4 0,5 0,6 0,7 0,8 0,9 0,10 0,11 0,12 0,13 0,14 0,15  .  .  .  .  .  .  .  .  .  .  .  .  .  .  .  .  .  .  .  .  .  .  .  .  .  .  .  .  .  .  .  .  .  .  .  .  .  .  .  .  .  .  .  .  .  .  .  .
    m= 1 | 1,0 1,1 1,2 1,3 1,4 1,5 1,6 1,7 1,8 1,9 1,10 1,11 1,12 1,13 1,14 1,15  .  .  .  .  .  .  .  .  .  .  .  .  .  .  .  .  .  .  .  .  .  .  .  .  .  .  .  .  .  .  .  .  .  .  .  .  .  .  .  .  .  .  .  .  .  .  .  .
    m= 2 | 2,0 2,1 2,2 2,3 2,4 2,5 2,6 2,7 2,8 2,9 2,10 2,11 2,12 2,13 2,14 2,15  .  .  .  .  .  .  .  .  .  .  .  .  .  .  .  .  .  .  .  .  .  .  .  .  .  .  .  .  .  .  .  .  .  .  .  .  .  .  .  .  .  .  .  .  .  .  .  .
    m= 3 | 3,0 3,1 3,2 3,3 3,4 3,5 3,6 3,7 3,8 3,9 3,10 3,11 3,12 3,13 3,14 3,15  .  .  .  .  .  .  .  .  .  .  .  .  .  .  .  .  .  .  .  .  .  .  .  .  .  .  .  .  .  .  .  .  .  .  .  .  .  .  .  .  .  .  .  .  .  .  .  .
    m= 4 | 4,0 4,1 4,2 4,3 4,4 4,5 4,6 4,7 4,8 4,9 4,10 4,11 4,12 4,13 4,14 4,15  .  .  .  .  .  .  .  .  .  .  .  .  .  .  .  .  .  .  .  .  .  .  .  .  .  .  .  .  .  .  .  .  .  .  .  .  .  .  .  .  .  .  .  .  .  .  .  .
    m= 5 | 5,0 5,1 5,2 5,3 5,4 5,5 5,6 5,7 5,8 5,9 5,10 5,11 5,12 5,13 5,14 5,15  .  .  .  .  .  .  .  .  .  .  .  .  .  .  .  .  .  .  .  .  .  .  .  .  .  .  .  .  .  .  .  .  .  .  .  .  .  .  .  .  .  .  .  .  .  .  .  .
    m= 6 | 6,0 6,1 6,2 6,3 6,4 6,5 6,6 6,7 6,8 6,9 6,10 6,11 6,12 6,13 6,14 6,15  .  .  .  .  .  .  .  .  .  .  .  .  .  .  .  .  .  .  .  .  .  .  .  .  .  .  .  .  .  .  .  .  .  .  .  .  .  .  .  .  .  .  .  .  .  .  .  .
    m= 7 | 7,0 7,1 7,2 7,3 7,4 7,5 7,6 7,7 7,8 7,9 7,10 7,11 7,12 7,13 7,14 7,15  .  .  .  .  .  .  .  .  .  .  .  .  .  .  .  .  .  .  .  .  .  .  .  .  .  .  .  .  .  .  .  .  .  .  .  .  .  .  .  .  .  .  .  .  .  .  .  .
    m= 8 | 8,0 8,1 8,2 8,3 8,4 8,5 8,6 8,7 8,8 8,9 8,10 8,11 8,12 8,13 8,14 8,15  .  .  .  .  .  .  .  .  .  .  .  .  .  .  .  .  .  .  .  .  .  .  .  .  .  .  .  .  .  .  .  .  .  .  .  .  .  .  .  .  .  .  .  .  .  .  .  .
    m= 9 | 9,0 9,1 9,2 9,3 9,4 9,5 9,6 9,7 9,8 9,9 9,10 9,11 9,12 9,13 9,14 9,15  .  .  .  .  .  .  .  .  .  .  .  .  .  .  .  .  .  .  .  .  .  .  .  .  .  .  .  .  .  .  .  .  .  .  .  .  .  .  .  .  .  .  .  .  .  .  .  .
    m=10 | 10,0 10,1 10,2 10,3 10,4 10,5 10,6 10,7 10,8 10,9 10,10 10,11 10,12 10,13 10,14 10,15  .  .  .  .  .  .  .  .  .  .  .  .  .  .  .  .  .  .  .  .  .  .  .  .  .  .  .  .  .  .  .  .  .  .  .  .  .  .  .  .  .  .  .  .  .  .  .  .
    m=11 | 11,0 11,1 11,2 11,3 11,4 11,5 11,6 11,7 11,8 11,9 11,10 11,11 11,12 11,13 11,14 11,15  .  .  .  .  .  .  .  .  .  .  .  .  .  .  .  .  .  .  .  .  .  .  .  .  .  .  .  .  .  .  .  .  .  .  .  .  .  .  .  .  .  .  .  .  .  .  .  .
    m=12 | 12,0 12,1 12,2 12,3 12,4 12,5 12,6 12,7 12,8 12,9 12,10 12,11 12,12 12,13 12,14 12,15  .  .  .  .  .  .  .  .  .  .  .  .  .  .  .  .  .  .  .  .  .  .  .  .  .  .  .  .  .  .  .  .  .  .  .  .  .  .  .  .  .  .  .  .  .  .  .  .
    m=13 | 13,0 13,1 13,2 13,3 13,4 13,5 13,6 13,7 13,8 13,9 13,10 13,11 13,12 13,13 13,14 13,15  .  .  .  .  .  .  .  .  .  .  .  .  .  .  .  .  .  .  .  .  .  .  .  .  .  .  .  .  .  .  .  .  .  .  .  .  .  .  .  .  .  .  .  .  .  .  .  .
    m=14 | 14,0 14,1 14,2 14,3 14,4 14,5 14,6 14,7 14,8 14,9 14,10 14,11 14,12 14,13 14,14 14,15  .  .  .  .  .  .  .  .  .  .  .  .  .  .  .  .  .  .  .  .  .  .  .  .  .  .  .  .  .  .  .  .  .  .  .  .  .  .  .  .  .  .  .  .  .  .  .  .
    m=15 | 15,0 15,1 15,2 15,3 15,4 15,5 15,6 15,7 15,8 15,9 15,10 15,11 15,12 15,13 15,14 15,15  .  .  .  .  .  .  .  .  .  .  .  .  .  .  .  .  .  .  .  .  .  .  .  .  .  .  .  .  .  .  .  .  .  .  .  .  .  .  .  .  .  .  .  .  .  .  .  .
    [2d-09 T1 dstOff=0   (dst unit 0)] decoded=256 zero=768 other=0 fnv=0x9aa96dc5
[conf 10] 2d-10 T1 dstOff=256 (dst unit 1)
    m= 0 |  .  .  .  .  .  .  .  .  .  .  .  .  .  .  .  . 0,0 0,1 0,2 0,3 0,4 0,5 0,6 0,7 0,8 0,9 0,10 0,11 0,12 0,13 0,14 0,15  .  .  .  .  .  .  .  .  .  .  .  .  .  .  .  .  .  .  .  .  .  .  .  .  .  .  .  .  .  .  .  .
    m= 1 |  .  .  .  .  .  .  .  .  .  .  .  .  .  .  .  . 1,0 1,1 1,2 1,3 1,4 1,5 1,6 1,7 1,8 1,9 1,10 1,11 1,12 1,13 1,14 1,15  .  .  .  .  .  .  .  .  .  .  .  .  .  .  .  .  .  .  .  .  .  .  .  .  .  .  .  .  .  .  .  .
    m= 2 |  .  .  .  .  .  .  .  .  .  .  .  .  .  .  .  . 2,0 2,1 2,2 2,3 2,4 2,5 2,6 2,7 2,8 2,9 2,10 2,11 2,12 2,13 2,14 2,15  .  .  .  .  .  .  .  .  .  .  .  .  .  .  .  .  .  .  .  .  .  .  .  .  .  .  .  .  .  .  .  .
    m= 3 |  .  .  .  .  .  .  .  .  .  .  .  .  .  .  .  . 3,0 3,1 3,2 3,3 3,4 3,5 3,6 3,7 3,8 3,9 3,10 3,11 3,12 3,13 3,14 3,15  .  .  .  .  .  .  .  .  .  .  .  .  .  .  .  .  .  .  .  .  .  .  .  .  .  .  .  .  .  .  .  .
    m= 4 |  .  .  .  .  .  .  .  .  .  .  .  .  .  .  .  . 4,0 4,1 4,2 4,3 4,4 4,5 4,6 4,7 4,8 4,9 4,10 4,11 4,12 4,13 4,14 4,15  .  .  .  .  .  .  .  .  .  .  .  .  .  .  .  .  .  .  .  .  .  .  .  .  .  .  .  .  .  .  .  .
    m= 5 |  .  .  .  .  .  .  .  .  .  .  .  .  .  .  .  . 5,0 5,1 5,2 5,3 5,4 5,5 5,6 5,7 5,8 5,9 5,10 5,11 5,12 5,13 5,14 5,15  .  .  .  .  .  .  .  .  .  .  .  .  .  .  .  .  .  .  .  .  .  .  .  .  .  .  .  .  .  .  .  .
    m= 6 |  .  .  .  .  .  .  .  .  .  .  .  .  .  .  .  . 6,0 6,1 6,2 6,3 6,4 6,5 6,6 6,7 6,8 6,9 6,10 6,11 6,12 6,13 6,14 6,15  .  .  .  .  .  .  .  .  .  .  .  .  .  .  .  .  .  .  .  .  .  .  .  .  .  .  .  .  .  .  .  .
    m= 7 |  .  .  .  .  .  .  .  .  .  .  .  .  .  .  .  . 7,0 7,1 7,2 7,3 7,4 7,5 7,6 7,7 7,8 7,9 7,10 7,11 7,12 7,13 7,14 7,15  .  .  .  .  .  .  .  .  .  .  .  .  .  .  .  .  .  .  .  .  .  .  .  .  .  .  .  .  .  .  .  .
    m= 8 |  .  .  .  .  .  .  .  .  .  .  .  .  .  .  .  . 8,0 8,1 8,2 8,3 8,4 8,5 8,6 8,7 8,8 8,9 8,10 8,11 8,12 8,13 8,14 8,15  .  .  .  .  .  .  .  .  .  .  .  .  .  .  .  .  .  .  .  .  .  .  .  .  .  .  .  .  .  .  .  .
    m= 9 |  .  .  .  .  .  .  .  .  .  .  .  .  .  .  .  . 9,0 9,1 9,2 9,3 9,4 9,5 9,6 9,7 9,8 9,9 9,10 9,11 9,12 9,13 9,14 9,15  .  .  .  .  .  .  .  .  .  .  .  .  .  .  .  .  .  .  .  .  .  .  .  .  .  .  .  .  .  .  .  .
    m=10 |  .  .  .  .  .  .  .  .  .  .  .  .  .  .  .  . 10,0 10,1 10,2 10,3 10,4 10,5 10,6 10,7 10,8 10,9 10,10 10,11 10,12 10,13 10,14 10,15  .  .  .  .  .  .  .  .  .  .  .  .  .  .  .  .  .  .  .  .  .  .  .  .  .  .  .  .  .  .  .  .
    m=11 |  .  .  .  .  .  .  .  .  .  .  .  .  .  .  .  . 11,0 11,1 11,2 11,3 11,4 11,5 11,6 11,7 11,8 11,9 11,10 11,11 11,12 11,13 11,14 11,15  .  .  .  .  .  .  .  .  .  .  .  .  .  .  .  .  .  .  .  .  .  .  .  .  .  .  .  .  .  .  .  .
    m=12 |  .  .  .  .  .  .  .  .  .  .  .  .  .  .  .  . 12,0 12,1 12,2 12,3 12,4 12,5 12,6 12,7 12,8 12,9 12,10 12,11 12,12 12,13 12,14 12,15  .  .  .  .  .  .  .  .  .  .  .  .  .  .  .  .  .  .  .  .  .  .  .  .  .  .  .  .  .  .  .  .
    m=13 |  .  .  .  .  .  .  .  .  .  .  .  .  .  .  .  . 13,0 13,1 13,2 13,3 13,4 13,5 13,6 13,7 13,8 13,9 13,10 13,11 13,12 13,13 13,14 13,15  .  .  .  .  .  .  .  .  .  .  .  .  .  .  .  .  .  .  .  .  .  .  .  .  .  .  .  .  .  .  .  .
    m=14 |  .  .  .  .  .  .  .  .  .  .  .  .  .  .  .  . 14,0 14,1 14,2 14,3 14,4 14,5 14,6 14,7 14,8 14,9 14,10 14,11 14,12 14,13 14,14 14,15  .  .  .  .  .  .  .  .  .  .  .  .  .  .  .  .  .  .  .  .  .  .  .  .  .  .  .  .  .  .  .  .
    m=15 |  .  .  .  .  .  .  .  .  .  .  .  .  .  .  .  . 15,0 15,1 15,2 15,3 15,4 15,5 15,6 15,7 15,8 15,9 15,10 15,11 15,12 15,13 15,14 15,15  .  .  .  .  .  .  .  .  .  .  .  .  .  .  .  .  .  .  .  .  .  .  .  .  .  .  .  .  .  .  .  .
    [2d-10 T1 dstOff=256 (dst unit 1)] decoded=256 zero=768 other=0 fnv=0x34b76dc5
[conf 11] 2d-11 T1 dstOff=512 (dst unit 2)
    m= 0 |  .  .  .  .  .  .  .  .  .  .  .  .  .  .  .  .  .  .  .  .  .  .  .  .  .  .  .  .  .  .  .  . 0,0 0,1 0,2 0,3 0,4 0,5 0,6 0,7 0,8 0,9 0,10 0,11 0,12 0,13 0,14 0,15  .  .  .  .  .  .  .  .  .  .  .  .  .  .  .  .
    m= 1 |  .  .  .  .  .  .  .  .  .  .  .  .  .  .  .  .  .  .  .  .  .  .  .  .  .  .  .  .  .  .  .  . 1,0 1,1 1,2 1,3 1,4 1,5 1,6 1,7 1,8 1,9 1,10 1,11 1,12 1,13 1,14 1,15  .  .  .  .  .  .  .  .  .  .  .  .  .  .  .  .
    m= 2 |  .  .  .  .  .  .  .  .  .  .  .  .  .  .  .  .  .  .  .  .  .  .  .  .  .  .  .  .  .  .  .  . 2,0 2,1 2,2 2,3 2,4 2,5 2,6 2,7 2,8 2,9 2,10 2,11 2,12 2,13 2,14 2,15  .  .  .  .  .  .  .  .  .  .  .  .  .  .  .  .
    m= 3 |  .  .  .  .  .  .  .  .  .  .  .  .  .  .  .  .  .  .  .  .  .  .  .  .  .  .  .  .  .  .  .  . 3,0 3,1 3,2 3,3 3,4 3,5 3,6 3,7 3,8 3,9 3,10 3,11 3,12 3,13 3,14 3,15  .  .  .  .  .  .  .  .  .  .  .  .  .  .  .  .
    m= 4 |  .  .  .  .  .  .  .  .  .  .  .  .  .  .  .  .  .  .  .  .  .  .  .  .  .  .  .  .  .  .  .  . 4,0 4,1 4,2 4,3 4,4 4,5 4,6 4,7 4,8 4,9 4,10 4,11 4,12 4,13 4,14 4,15  .  .  .  .  .  .  .  .  .  .  .  .  .  .  .  .
    m= 5 |  .  .  .  .  .  .  .  .  .  .  .  .  .  .  .  .  .  .  .  .  .  .  .  .  .  .  .  .  .  .  .  . 5,0 5,1 5,2 5,3 5,4 5,5 5,6 5,7 5,8 5,9 5,10 5,11 5,12 5,13 5,14 5,15  .  .  .  .  .  .  .  .  .  .  .  .  .  .  .  .
    m= 6 |  .  .  .  .  .  .  .  .  .  .  .  .  .  .  .  .  .  .  .  .  .  .  .  .  .  .  .  .  .  .  .  . 6,0 6,1 6,2 6,3 6,4 6,5 6,6 6,7 6,8 6,9 6,10 6,11 6,12 6,13 6,14 6,15  .  .  .  .  .  .  .  .  .  .  .  .  .  .  .  .
    m= 7 |  .  .  .  .  .  .  .  .  .  .  .  .  .  .  .  .  .  .  .  .  .  .  .  .  .  .  .  .  .  .  .  . 7,0 7,1 7,2 7,3 7,4 7,5 7,6 7,7 7,8 7,9 7,10 7,11 7,12 7,13 7,14 7,15  .  .  .  .  .  .  .  .  .  .  .  .  .  .  .  .
    m= 8 |  .  .  .  .  .  .  .  .  .  .  .  .  .  .  .  .  .  .  .  .  .  .  .  .  .  .  .  .  .  .  .  . 8,0 8,1 8,2 8,3 8,4 8,5 8,6 8,7 8,8 8,9 8,10 8,11 8,12 8,13 8,14 8,15  .  .  .  .  .  .  .  .  .  .  .  .  .  .  .  .
    m= 9 |  .  .  .  .  .  .  .  .  .  .  .  .  .  .  .  .  .  .  .  .  .  .  .  .  .  .  .  .  .  .  .  . 9,0 9,1 9,2 9,3 9,4 9,5 9,6 9,7 9,8 9,9 9,10 9,11 9,12 9,13 9,14 9,15  .  .  .  .  .  .  .  .  .  .  .  .  .  .  .  .
    m=10 |  .  .  .  .  .  .  .  .  .  .  .  .  .  .  .  .  .  .  .  .  .  .  .  .  .  .  .  .  .  .  .  . 10,0 10,1 10,2 10,3 10,4 10,5 10,6 10,7 10,8 10,9 10,10 10,11 10,12 10,13 10,14 10,15  .  .  .  .  .  .  .  .  .  .  .  .  .  .  .  .
    m=11 |  .  .  .  .  .  .  .  .  .  .  .  .  .  .  .  .  .  .  .  .  .  .  .  .  .  .  .  .  .  .  .  . 11,0 11,1 11,2 11,3 11,4 11,5 11,6 11,7 11,8 11,9 11,10 11,11 11,12 11,13 11,14 11,15  .  .  .  .  .  .  .  .  .  .  .  .  .  .  .  .
    m=12 |  .  .  .  .  .  .  .  .  .  .  .  .  .  .  .  .  .  .  .  .  .  .  .  .  .  .  .  .  .  .  .  . 12,0 12,1 12,2 12,3 12,4 12,5 12,6 12,7 12,8 12,9 12,10 12,11 12,12 12,13 12,14 12,15  .  .  .  .  .  .  .  .  .  .  .  .  .  .  .  .
    m=13 |  .  .  .  .  .  .  .  .  .  .  .  .  .  .  .  .  .  .  .  .  .  .  .  .  .  .  .  .  .  .  .  . 13,0 13,1 13,2 13,3 13,4 13,5 13,6 13,7 13,8 13,9 13,10 13,11 13,12 13,13 13,14 13,15  .  .  .  .  .  .  .  .  .  .  .  .  .  .  .  .
    m=14 |  .  .  .  .  .  .  .  .  .  .  .  .  .  .  .  .  .  .  .  .  .  .  .  .  .  .  .  .  .  .  .  . 14,0 14,1 14,2 14,3 14,4 14,5 14,6 14,7 14,8 14,9 14,10 14,11 14,12 14,13 14,14 14,15  .  .  .  .  .  .  .  .  .  .  .  .  .  .  .  .
    m=15 |  .  .  .  .  .  .  .  .  .  .  .  .  .  .  .  .  .  .  .  .  .  .  .  .  .  .  .  .  .  .  .  . 15,0 15,1 15,2 15,3 15,4 15,5 15,6 15,7 15,8 15,9 15,10 15,11 15,12 15,13 15,14 15,15  .  .  .  .  .  .  .  .  .  .  .  .  .  .  .  .
    [2d-11 T1 dstOff=512 (dst unit 2)] decoded=256 zero=768 other=0 fnv=0xb5796dc5
[conf 12] 2d-12 T1 dstOff=768 (dst unit 3)
    m= 0 |  .  .  .  .  .  .  .  .  .  .  .  .  .  .  .  .  .  .  .  .  .  .  .  .  .  .  .  .  .  .  .  .  .  .  .  .  .  .  .  .  .  .  .  .  .  .  .  . 0,0 0,1 0,2 0,3 0,4 0,5 0,6 0,7 0,8 0,9 0,10 0,11 0,12 0,13 0,14 0,15
    m= 1 |  .  .  .  .  .  .  .  .  .  .  .  .  .  .  .  .  .  .  .  .  .  .  .  .  .  .  .  .  .  .  .  .  .  .  .  .  .  .  .  .  .  .  .  .  .  .  .  . 1,0 1,1 1,2 1,3 1,4 1,5 1,6 1,7 1,8 1,9 1,10 1,11 1,12 1,13 1,14 1,15
    m= 2 |  .  .  .  .  .  .  .  .  .  .  .  .  .  .  .  .  .  .  .  .  .  .  .  .  .  .  .  .  .  .  .  .  .  .  .  .  .  .  .  .  .  .  .  .  .  .  .  . 2,0 2,1 2,2 2,3 2,4 2,5 2,6 2,7 2,8 2,9 2,10 2,11 2,12 2,13 2,14 2,15
    m= 3 |  .  .  .  .  .  .  .  .  .  .  .  .  .  .  .  .  .  .  .  .  .  .  .  .  .  .  .  .  .  .  .  .  .  .  .  .  .  .  .  .  .  .  .  .  .  .  .  . 3,0 3,1 3,2 3,3 3,4 3,5 3,6 3,7 3,8 3,9 3,10 3,11 3,12 3,13 3,14 3,15
    m= 4 |  .  .  .  .  .  .  .  .  .  .  .  .  .  .  .  .  .  .  .  .  .  .  .  .  .  .  .  .  .  .  .  .  .  .  .  .  .  .  .  .  .  .  .  .  .  .  .  . 4,0 4,1 4,2 4,3 4,4 4,5 4,6 4,7 4,8 4,9 4,10 4,11 4,12 4,13 4,14 4,15
    m= 5 |  .  .  .  .  .  .  .  .  .  .  .  .  .  .  .  .  .  .  .  .  .  .  .  .  .  .  .  .  .  .  .  .  .  .  .  .  .  .  .  .  .  .  .  .  .  .  .  . 5,0 5,1 5,2 5,3 5,4 5,5 5,6 5,7 5,8 5,9 5,10 5,11 5,12 5,13 5,14 5,15
    m= 6 |  .  .  .  .  .  .  .  .  .  .  .  .  .  .  .  .  .  .  .  .  .  .  .  .  .  .  .  .  .  .  .  .  .  .  .  .  .  .  .  .  .  .  .  .  .  .  .  . 6,0 6,1 6,2 6,3 6,4 6,5 6,6 6,7 6,8 6,9 6,10 6,11 6,12 6,13 6,14 6,15
    m= 7 |  .  .  .  .  .  .  .  .  .  .  .  .  .  .  .  .  .  .  .  .  .  .  .  .  .  .  .  .  .  .  .  .  .  .  .  .  .  .  .  .  .  .  .  .  .  .  .  . 7,0 7,1 7,2 7,3 7,4 7,5 7,6 7,7 7,8 7,9 7,10 7,11 7,12 7,13 7,14 7,15
    m= 8 |  .  .  .  .  .  .  .  .  .  .  .  .  .  .  .  .  .  .  .  .  .  .  .  .  .  .  .  .  .  .  .  .  .  .  .  .  .  .  .  .  .  .  .  .  .  .  .  . 8,0 8,1 8,2 8,3 8,4 8,5 8,6 8,7 8,8 8,9 8,10 8,11 8,12 8,13 8,14 8,15
    m= 9 |  .  .  .  .  .  .  .  .  .  .  .  .  .  .  .  .  .  .  .  .  .  .  .  .  .  .  .  .  .  .  .  .  .  .  .  .  .  .  .  .  .  .  .  .  .  .  .  . 9,0 9,1 9,2 9,3 9,4 9,5 9,6 9,7 9,8 9,9 9,10 9,11 9,12 9,13 9,14 9,15
    m=10 |  .  .  .  .  .  .  .  .  .  .  .  .  .  .  .  .  .  .  .  .  .  .  .  .  .  .  .  .  .  .  .  .  .  .  .  .  .  .  .  .  .  .  .  .  .  .  .  . 10,0 10,1 10,2 10,3 10,4 10,5 10,6 10,7 10,8 10,9 10,10 10,11 10,12 10,13 10,14 10,15
    m=11 |  .  .  .  .  .  .  .  .  .  .  .  .  .  .  .  .  .  .  .  .  .  .  .  .  .  .  .  .  .  .  .  .  .  .  .  .  .  .  .  .  .  .  .  .  .  .  .  . 11,0 11,1 11,2 11,3 11,4 11,5 11,6 11,7 11,8 11,9 11,10 11,11 11,12 11,13 11,14 11,15
    m=12 |  .  .  .  .  .  .  .  .  .  .  .  .  .  .  .  .  .  .  .  .  .  .  .  .  .  .  .  .  .  .  .  .  .  .  .  .  .  .  .  .  .  .  .  .  .  .  .  . 12,0 12,1 12,2 12,3 12,4 12,5 12,6 12,7 12,8 12,9 12,10 12,11 12,12 12,13 12,14 12,15
    m=13 |  .  .  .  .  .  .  .  .  .  .  .  .  .  .  .  .  .  .  .  .  .  .  .  .  .  .  .  .  .  .  .  .  .  .  .  .  .  .  .  .  .  .  .  .  .  .  .  . 13,0 13,1 13,2 13,3 13,4 13,5 13,6 13,7 13,8 13,9 13,10 13,11 13,12 13,13 13,14 13,15
    m=14 |  .  .  .  .  .  .  .  .  .  .  .  .  .  .  .  .  .  .  .  .  .  .  .  .  .  .  .  .  .  .  .  .  .  .  .  .  .  .  .  .  .  .  .  .  .  .  .  . 14,0 14,1 14,2 14,3 14,4 14,5 14,6 14,7 14,8 14,9 14,10 14,11 14,12 14,13 14,14 14,15
    m=15 |  .  .  .  .  .  .  .  .  .  .  .  .  .  .  .  .  .  .  .  .  .  .  .  .  .  .  .  .  .  .  .  .  .  .  .  .  .  .  .  .  .  .  .  .  .  .  .  . 15,0 15,1 15,2 15,3 15,4 15,5 15,6 15,7 15,8 15,9 15,10 15,11 15,12 15,13 15,14 15,15
    [2d-12 T1 dstOff=768 (dst unit 3)] decoded=256 zero=768 other=0 fnv=0x98cf6dc5
[conf 13] 2d-13 T1 dstOff=1024(dst unit 4)
    m= 0 |  .  .  .  .  .  .  .  .  .  .  .  .  .  .  .  .  .  .  .  .  .  .  .  .  .  .  .  .  .  .  .  .  .  .  .  .  .  .  .  .  .  .  .  .  .  .  .  .  .  .  .  .  .  .  .  .  .  .  .  .  .  .  .  .
    m= 1 |  .  .  .  .  .  .  .  .  .  .  .  .  .  .  .  .  .  .  .  .  .  .  .  .  .  .  .  .  .  .  .  .  .  .  .  .  .  .  .  .  .  .  .  .  .  .  .  .  .  .  .  .  .  .  .  .  .  .  .  .  .  .  .  .
    m= 2 |  .  .  .  .  .  .  .  .  .  .  .  .  .  .  .  .  .  .  .  .  .  .  .  .  .  .  .  .  .  .  .  .  .  .  .  .  .  .  .  .  .  .  .  .  .  .  .  .  .  .  .  .  .  .  .  .  .  .  .  .  .  .  .  .
    m= 3 |  .  .  .  .  .  .  .  .  .  .  .  .  .  .  .  .  .  .  .  .  .  .  .  .  .  .  .  .  .  .  .  .  .  .  .  .  .  .  .  .  .  .  .  .  .  .  .  .  .  .  .  .  .  .  .  .  .  .  .  .  .  .  .  .
    m= 4 |  .  .  .  .  .  .  .  .  .  .  .  .  .  .  .  .  .  .  .  .  .  .  .  .  .  .  .  .  .  .  .  .  .  .  .  .  .  .  .  .  .  .  .  .  .  .  .  .  .  .  .  .  .  .  .  .  .  .  .  .  .  .  .  .
    m= 5 |  .  .  .  .  .  .  .  .  .  .  .  .  .  .  .  .  .  .  .  .  .  .  .  .  .  .  .  .  .  .  .  .  .  .  .  .  .  .  .  .  .  .  .  .  .  .  .  .  .  .  .  .  .  .  .  .  .  .  .  .  .  .  .  .
    m= 6 |  .  .  .  .  .  .  .  .  .  .  .  .  .  .  .  .  .  .  .  .  .  .  .  .  .  .  .  .  .  .  .  .  .  .  .  .  .  .  .  .  .  .  .  .  .  .  .  .  .  .  .  .  .  .  .  .  .  .  .  .  .  .  .  .
    m= 7 |  .  .  .  .  .  .  .  .  .  .  .  .  .  .  .  .  .  .  .  .  .  .  .  .  .  .  .  .  .  .  .  .  .  .  .  .  .  .  .  .  .  .  .  .  .  .  .  .  .  .  .  .  .  .  .  .  .  .  .  .  .  .  .  .
    m= 8 |  .  .  .  .  .  .  .  .  .  .  .  .  .  .  .  .  .  .  .  .  .  .  .  .  .  .  .  .  .  .  .  .  .  .  .  .  .  .  .  .  .  .  .  .  .  .  .  .  .  .  .  .  .  .  .  .  .  .  .  .  .  .  .  .
    m= 9 |  .  .  .  .  .  .  .  .  .  .  .  .  .  .  .  .  .  .  .  .  .  .  .  .  .  .  .  .  .  .  .  .  .  .  .  .  .  .  .  .  .  .  .  .  .  .  .  .  .  .  .  .  .  .  .  .  .  .  .  .  .  .  .  .
    m=10 |  .  .  .  .  .  .  .  .  .  .  .  .  .  .  .  .  .  .  .  .  .  .  .  .  .  .  .  .  .  .  .  .  .  .  .  .  .  .  .  .  .  .  .  .  .  .  .  .  .  .  .  .  .  .  .  .  .  .  .  .  .  .  .  .
    m=11 |  .  .  .  .  .  .  .  .  .  .  .  .  .  .  .  .  .  .  .  .  .  .  .  .  .  .  .  .  .  .  .  .  .  .  .  .  .  .  .  .  .  .  .  .  .  .  .  .  .  .  .  .  .  .  .  .  .  .  .  .  .  .  .  .
    m=12 |  .  .  .  .  .  .  .  .  .  .  .  .  .  .  .  .  .  .  .  .  .  .  .  .  .  .  .  .  .  .  .  .  .  .  .  .  .  .  .  .  .  .  .  .  .  .  .  .  .  .  .  .  .  .  .  .  .  .  .  .  .  .  .  .
    m=13 |  .  .  .  .  .  .  .  .  .  .  .  .  .  .  .  .  .  .  .  .  .  .  .  .  .  .  .  .  .  .  .  .  .  .  .  .  .  .  .  .  .  .  .  .  .  .  .  .  .  .  .  .  .  .  .  .  .  .  .  .  .  .  .  .
    m=14 |  .  .  .  .  .  .  .  .  .  .  .  .  .  .  .  .  .  .  .  .  .  .  .  .  .  .  .  .  .  .  .  .  .  .  .  .  .  .  .  .  .  .  .  .  .  .  .  .  .  .  .  .  .  .  .  .  .  .  .  .  .  .  .  .
    m=15 |  .  .  .  .  .  .  .  .  .  .  .  .  .  .  .  .  .  .  .  .  .  .  .  .  .  .  .  .  .  .  .  .  .  .  .  .  .  .  .  .  .  .  .  .  .  .  .  .  .  .  .  .  .  .  .  .  .  .  .  .  .  .  .  .
    [2d-13 T1 dstOff=1024(dst unit 4)] decoded=0 zero=1024 other=0 fnv=0x1f116dc5
[conf 14] 2d-14 T0 dstOff=0   (dst unit 0)
    m= 0 | 0,0 1,0 2,0 3,0 4,0 5,0 6,0 7,0 8,0 9,0 10,0 11,0 12,0 13,0 14,0 15,0  .  .  .  .  .  .  .  .  .  .  .  .  .  .  .  .  .  .  .  .  .  .  .  .  .  .  .  .  .  .  .  .  .  .  .  .  .  .  .  .  .  .  .  .  .  .  .  .
    m= 1 | 0,1 1,1 2,1 3,1 4,1 5,1 6,1 7,1 8,1 9,1 10,1 11,1 12,1 13,1 14,1 15,1  .  .  .  .  .  .  .  .  .  .  .  .  .  .  .  .  .  .  .  .  .  .  .  .  .  .  .  .  .  .  .  .  .  .  .  .  .  .  .  .  .  .  .  .  .  .  .  .
    m= 2 | 0,2 1,2 2,2 3,2 4,2 5,2 6,2 7,2 8,2 9,2 10,2 11,2 12,2 13,2 14,2 15,2  .  .  .  .  .  .  .  .  .  .  .  .  .  .  .  .  .  .  .  .  .  .  .  .  .  .  .  .  .  .  .  .  .  .  .  .  .  .  .  .  .  .  .  .  .  .  .  .
    m= 3 | 0,3 1,3 2,3 3,3 4,3 5,3 6,3 7,3 8,3 9,3 10,3 11,3 12,3 13,3 14,3 15,3  .  .  .  .  .  .  .  .  .  .  .  .  .  .  .  .  .  .  .  .  .  .  .  .  .  .  .  .  .  .  .  .  .  .  .  .  .  .  .  .  .  .  .  .  .  .  .  .
    m= 4 | 0,4 1,4 2,4 3,4 4,4 5,4 6,4 7,4 8,4 9,4 10,4 11,4 12,4 13,4 14,4 15,4  .  .  .  .  .  .  .  .  .  .  .  .  .  .  .  .  .  .  .  .  .  .  .  .  .  .  .  .  .  .  .  .  .  .  .  .  .  .  .  .  .  .  .  .  .  .  .  .
    m= 5 | 0,5 1,5 2,5 3,5 4,5 5,5 6,5 7,5 8,5 9,5 10,5 11,5 12,5 13,5 14,5 15,5  .  .  .  .  .  .  .  .  .  .  .  .  .  .  .  .  .  .  .  .  .  .  .  .  .  .  .  .  .  .  .  .  .  .  .  .  .  .  .  .  .  .  .  .  .  .  .  .
    m= 6 | 0,6 1,6 2,6 3,6 4,6 5,6 6,6 7,6 8,6 9,6 10,6 11,6 12,6 13,6 14,6 15,6  .  .  .  .  .  .  .  .  .  .  .  .  .  .  .  .  .  .  .  .  .  .  .  .  .  .  .  .  .  .  .  .  .  .  .  .  .  .  .  .  .  .  .  .  .  .  .  .
    m= 7 | 0,7 1,7 2,7 3,7 4,7 5,7 6,7 7,7 8,7 9,7 10,7 11,7 12,7 13,7 14,7 15,7  .  .  .  .  .  .  .  .  .  .  .  .  .  .  .  .  .  .  .  .  .  .  .  .  .  .  .  .  .  .  .  .  .  .  .  .  .  .  .  .  .  .  .  .  .  .  .  .
    m= 8 | 0,8 1,8 2,8 3,8 4,8 5,8 6,8 7,8 8,8 9,8 10,8 11,8 12,8 13,8 14,8 15,8  .  .  .  .  .  .  .  .  .  .  .  .  .  .  .  .  .  .  .  .  .  .  .  .  .  .  .  .  .  .  .  .  .  .  .  .  .  .  .  .  .  .  .  .  .  .  .  .
    m= 9 | 0,9 1,9 2,9 3,9 4,9 5,9 6,9 7,9 8,9 9,9 10,9 11,9 12,9 13,9 14,9 15,9  .  .  .  .  .  .  .  .  .  .  .  .  .  .  .  .  .  .  .  .  .  .  .  .  .  .  .  .  .  .  .  .  .  .  .  .  .  .  .  .  .  .  .  .  .  .  .  .
    m=10 | 0,10 1,10 2,10 3,10 4,10 5,10 6,10 7,10 8,10 9,10 10,10 11,10 12,10 13,10 14,10 15,10  .  .  .  .  .  .  .  .  .  .  .  .  .  .  .  .  .  .  .  .  .  .  .  .  .  .  .  .  .  .  .  .  .  .  .  .  .  .  .  .  .  .  .  .  .  .  .  .
    m=11 | 0,11 1,11 2,11 3,11 4,11 5,11 6,11 7,11 8,11 9,11 10,11 11,11 12,11 13,11 14,11 15,11  .  .  .  .  .  .  .  .  .  .  .  .  .  .  .  .  .  .  .  .  .  .  .  .  .  .  .  .  .  .  .  .  .  .  .  .  .  .  .  .  .  .  .  .  .  .  .  .
    m=12 | 0,12 1,12 2,12 3,12 4,12 5,12 6,12 7,12 8,12 9,12 10,12 11,12 12,12 13,12 14,12 15,12  .  .  .  .  .  .  .  .  .  .  .  .  .  .  .  .  .  .  .  .  .  .  .  .  .  .  .  .  .  .  .  .  .  .  .  .  .  .  .  .  .  .  .  .  .  .  .  .
    m=13 | 0,13 1,13 2,13 3,13 4,13 5,13 6,13 7,13 8,13 9,13 10,13 11,13 12,13 13,13 14,13 15,13  .  .  .  .  .  .  .  .  .  .  .  .  .  .  .  .  .  .  .  .  .  .  .  .  .  .  .  .  .  .  .  .  .  .  .  .  .  .  .  .  .  .  .  .  .  .  .  .
    m=14 | 0,14 1,14 2,14 3,14 4,14 5,14 6,14 7,14 8,14 9,14 10,14 11,14 12,14 13,14 14,14 15,14  .  .  .  .  .  .  .  .  .  .  .  .  .  .  .  .  .  .  .  .  .  .  .  .  .  .  .  .  .  .  .  .  .  .  .  .  .  .  .  .  .  .  .  .  .  .  .  .
    m=15 | 0,15 1,15 2,15 3,15 4,15 5,15 6,15 7,15 8,15 9,15 10,15 11,15 12,15 13,15 14,15 15,15  .  .  .  .  .  .  .  .  .  .  .  .  .  .  .  .  .  .  .  .  .  .  .  .  .  .  .  .  .  .  .  .  .  .  .  .  .  .  .  .  .  .  .  .  .  .  .  .
    [2d-14 T0 dstOff=0   (dst unit 0)] decoded=256 zero=768 other=0 fnv=0x14ab6dc5
[conf 15] 2d-15 T0 dstOff=256 (dst unit 1)
    m= 0 |  .  .  .  .  .  .  .  .  .  .  .  .  .  .  .  . 0,0 1,0 2,0 3,0 4,0 5,0 6,0 7,0 8,0 9,0 10,0 11,0 12,0 13,0 14,0 15,0  .  .  .  .  .  .  .  .  .  .  .  .  .  .  .  .  .  .  .  .  .  .  .  .  .  .  .  .  .  .  .  .
    m= 1 |  .  .  .  .  .  .  .  .  .  .  .  .  .  .  .  . 0,1 1,1 2,1 3,1 4,1 5,1 6,1 7,1 8,1 9,1 10,1 11,1 12,1 13,1 14,1 15,1  .  .  .  .  .  .  .  .  .  .  .  .  .  .  .  .  .  .  .  .  .  .  .  .  .  .  .  .  .  .  .  .
    m= 2 |  .  .  .  .  .  .  .  .  .  .  .  .  .  .  .  . 0,2 1,2 2,2 3,2 4,2 5,2 6,2 7,2 8,2 9,2 10,2 11,2 12,2 13,2 14,2 15,2  .  .  .  .  .  .  .  .  .  .  .  .  .  .  .  .  .  .  .  .  .  .  .  .  .  .  .  .  .  .  .  .
    m= 3 |  .  .  .  .  .  .  .  .  .  .  .  .  .  .  .  . 0,3 1,3 2,3 3,3 4,3 5,3 6,3 7,3 8,3 9,3 10,3 11,3 12,3 13,3 14,3 15,3  .  .  .  .  .  .  .  .  .  .  .  .  .  .  .  .  .  .  .  .  .  .  .  .  .  .  .  .  .  .  .  .
    m= 4 |  .  .  .  .  .  .  .  .  .  .  .  .  .  .  .  . 0,4 1,4 2,4 3,4 4,4 5,4 6,4 7,4 8,4 9,4 10,4 11,4 12,4 13,4 14,4 15,4  .  .  .  .  .  .  .  .  .  .  .  .  .  .  .  .  .  .  .  .  .  .  .  .  .  .  .  .  .  .  .  .
    m= 5 |  .  .  .  .  .  .  .  .  .  .  .  .  .  .  .  . 0,5 1,5 2,5 3,5 4,5 5,5 6,5 7,5 8,5 9,5 10,5 11,5 12,5 13,5 14,5 15,5  .  .  .  .  .  .  .  .  .  .  .  .  .  .  .  .  .  .  .  .  .  .  .  .  .  .  .  .  .  .  .  .
    m= 6 |  .  .  .  .  .  .  .  .  .  .  .  .  .  .  .  . 0,6 1,6 2,6 3,6 4,6 5,6 6,6 7,6 8,6 9,6 10,6 11,6 12,6 13,6 14,6 15,6  .  .  .  .  .  .  .  .  .  .  .  .  .  .  .  .  .  .  .  .  .  .  .  .  .  .  .  .  .  .  .  .
    m= 7 |  .  .  .  .  .  .  .  .  .  .  .  .  .  .  .  . 0,7 1,7 2,7 3,7 4,7 5,7 6,7 7,7 8,7 9,7 10,7 11,7 12,7 13,7 14,7 15,7  .  .  .  .  .  .  .  .  .  .  .  .  .  .  .  .  .  .  .  .  .  .  .  .  .  .  .  .  .  .  .  .
    m= 8 |  .  .  .  .  .  .  .  .  .  .  .  .  .  .  .  . 0,8 1,8 2,8 3,8 4,8 5,8 6,8 7,8 8,8 9,8 10,8 11,8 12,8 13,8 14,8 15,8  .  .  .  .  .  .  .  .  .  .  .  .  .  .  .  .  .  .  .  .  .  .  .  .  .  .  .  .  .  .  .  .
    m= 9 |  .  .  .  .  .  .  .  .  .  .  .  .  .  .  .  . 0,9 1,9 2,9 3,9 4,9 5,9 6,9 7,9 8,9 9,9 10,9 11,9 12,9 13,9 14,9 15,9  .  .  .  .  .  .  .  .  .  .  .  .  .  .  .  .  .  .  .  .  .  .  .  .  .  .  .  .  .  .  .  .
    m=10 |  .  .  .  .  .  .  .  .  .  .  .  .  .  .  .  . 0,10 1,10 2,10 3,10 4,10 5,10 6,10 7,10 8,10 9,10 10,10 11,10 12,10 13,10 14,10 15,10  .  .  .  .  .  .  .  .  .  .  .  .  .  .  .  .  .  .  .  .  .  .  .  .  .  .  .  .  .  .  .  .
    m=11 |  .  .  .  .  .  .  .  .  .  .  .  .  .  .  .  . 0,11 1,11 2,11 3,11 4,11 5,11 6,11 7,11 8,11 9,11 10,11 11,11 12,11 13,11 14,11 15,11  .  .  .  .  .  .  .  .  .  .  .  .  .  .  .  .  .  .  .  .  .  .  .  .  .  .  .  .  .  .  .  .
    m=12 |  .  .  .  .  .  .  .  .  .  .  .  .  .  .  .  . 0,12 1,12 2,12 3,12 4,12 5,12 6,12 7,12 8,12 9,12 10,12 11,12 12,12 13,12 14,12 15,12  .  .  .  .  .  .  .  .  .  .  .  .  .  .  .  .  .  .  .  .  .  .  .  .  .  .  .  .  .  .  .  .
    m=13 |  .  .  .  .  .  .  .  .  .  .  .  .  .  .  .  . 0,13 1,13 2,13 3,13 4,13 5,13 6,13 7,13 8,13 9,13 10,13 11,13 12,13 13,13 14,13 15,13  .  .  .  .  .  .  .  .  .  .  .  .  .  .  .  .  .  .  .  .  .  .  .  .  .  .  .  .  .  .  .  .
    m=14 |  .  .  .  .  .  .  .  .  .  .  .  .  .  .  .  . 0,14 1,14 2,14 3,14 4,14 5,14 6,14 7,14 8,14 9,14 10,14 11,14 12,14 13,14 14,14 15,14  .  .  .  .  .  .  .  .  .  .  .  .  .  .  .  .  .  .  .  .  .  .  .  .  .  .  .  .  .  .  .  .
    m=15 |  .  .  .  .  .  .  .  .  .  .  .  .  .  .  .  . 0,15 1,15 2,15 3,15 4,15 5,15 6,15 7,15 8,15 9,15 10,15 11,15 12,15 13,15 14,15 15,15  .  .  .  .  .  .  .  .  .  .  .  .  .  .  .  .  .  .  .  .  .  .  .  .  .  .  .  .  .  .  .  .
    [2d-15 T0 dstOff=256 (dst unit 1)] decoded=256 zero=768 other=0 fnv=0x60c36dc5
[conf 16] 2d-16 T0 dstOff=512 (dst unit 2)
    m= 0 |  .  .  .  .  .  .  .  .  .  .  .  .  .  .  .  .  .  .  .  .  .  .  .  .  .  .  .  .  .  .  .  . 0,0 1,0 2,0 3,0 4,0 5,0 6,0 7,0 8,0 9,0 10,0 11,0 12,0 13,0 14,0 15,0  .  .  .  .  .  .  .  .  .  .  .  .  .  .  .  .
    m= 1 |  .  .  .  .  .  .  .  .  .  .  .  .  .  .  .  .  .  .  .  .  .  .  .  .  .  .  .  .  .  .  .  . 0,1 1,1 2,1 3,1 4,1 5,1 6,1 7,1 8,1 9,1 10,1 11,1 12,1 13,1 14,1 15,1  .  .  .  .  .  .  .  .  .  .  .  .  .  .  .  .
    m= 2 |  .  .  .  .  .  .  .  .  .  .  .  .  .  .  .  .  .  .  .  .  .  .  .  .  .  .  .  .  .  .  .  . 0,2 1,2 2,2 3,2 4,2 5,2 6,2 7,2 8,2 9,2 10,2 11,2 12,2 13,2 14,2 15,2  .  .  .  .  .  .  .  .  .  .  .  .  .  .  .  .
    m= 3 |  .  .  .  .  .  .  .  .  .  .  .  .  .  .  .  .  .  .  .  .  .  .  .  .  .  .  .  .  .  .  .  . 0,3 1,3 2,3 3,3 4,3 5,3 6,3 7,3 8,3 9,3 10,3 11,3 12,3 13,3 14,3 15,3  .  .  .  .  .  .  .  .  .  .  .  .  .  .  .  .
    m= 4 |  .  .  .  .  .  .  .  .  .  .  .  .  .  .  .  .  .  .  .  .  .  .  .  .  .  .  .  .  .  .  .  . 0,4 1,4 2,4 3,4 4,4 5,4 6,4 7,4 8,4 9,4 10,4 11,4 12,4 13,4 14,4 15,4  .  .  .  .  .  .  .  .  .  .  .  .  .  .  .  .
    m= 5 |  .  .  .  .  .  .  .  .  .  .  .  .  .  .  .  .  .  .  .  .  .  .  .  .  .  .  .  .  .  .  .  . 0,5 1,5 2,5 3,5 4,5 5,5 6,5 7,5 8,5 9,5 10,5 11,5 12,5 13,5 14,5 15,5  .  .  .  .  .  .  .  .  .  .  .  .  .  .  .  .
    m= 6 |  .  .  .  .  .  .  .  .  .  .  .  .  .  .  .  .  .  .  .  .  .  .  .  .  .  .  .  .  .  .  .  . 0,6 1,6 2,6 3,6 4,6 5,6 6,6 7,6 8,6 9,6 10,6 11,6 12,6 13,6 14,6 15,6  .  .  .  .  .  .  .  .  .  .  .  .  .  .  .  .
    m= 7 |  .  .  .  .  .  .  .  .  .  .  .  .  .  .  .  .  .  .  .  .  .  .  .  .  .  .  .  .  .  .  .  . 0,7 1,7 2,7 3,7 4,7 5,7 6,7 7,7 8,7 9,7 10,7 11,7 12,7 13,7 14,7 15,7  .  .  .  .  .  .  .  .  .  .  .  .  .  .  .  .
    m= 8 |  .  .  .  .  .  .  .  .  .  .  .  .  .  .  .  .  .  .  .  .  .  .  .  .  .  .  .  .  .  .  .  . 0,8 1,8 2,8 3,8 4,8 5,8 6,8 7,8 8,8 9,8 10,8 11,8 12,8 13,8 14,8 15,8  .  .  .  .  .  .  .  .  .  .  .  .  .  .  .  .
    m= 9 |  .  .  .  .  .  .  .  .  .  .  .  .  .  .  .  .  .  .  .  .  .  .  .  .  .  .  .  .  .  .  .  . 0,9 1,9 2,9 3,9 4,9 5,9 6,9 7,9 8,9 9,9 10,9 11,9 12,9 13,9 14,9 15,9  .  .  .  .  .  .  .  .  .  .  .  .  .  .  .  .
    m=10 |  .  .  .  .  .  .  .  .  .  .  .  .  .  .  .  .  .  .  .  .  .  .  .  .  .  .  .  .  .  .  .  . 0,10 1,10 2,10 3,10 4,10 5,10 6,10 7,10 8,10 9,10 10,10 11,10 12,10 13,10 14,10 15,10  .  .  .  .  .  .  .  .  .  .  .  .  .  .  .  .
    m=11 |  .  .  .  .  .  .  .  .  .  .  .  .  .  .  .  .  .  .  .  .  .  .  .  .  .  .  .  .  .  .  .  . 0,11 1,11 2,11 3,11 4,11 5,11 6,11 7,11 8,11 9,11 10,11 11,11 12,11 13,11 14,11 15,11  .  .  .  .  .  .  .  .  .  .  .  .  .  .  .  .
    m=12 |  .  .  .  .  .  .  .  .  .  .  .  .  .  .  .  .  .  .  .  .  .  .  .  .  .  .  .  .  .  .  .  . 0,12 1,12 2,12 3,12 4,12 5,12 6,12 7,12 8,12 9,12 10,12 11,12 12,12 13,12 14,12 15,12  .  .  .  .  .  .  .  .  .  .  .  .  .  .  .  .
    m=13 |  .  .  .  .  .  .  .  .  .  .  .  .  .  .  .  .  .  .  .  .  .  .  .  .  .  .  .  .  .  .  .  . 0,13 1,13 2,13 3,13 4,13 5,13 6,13 7,13 8,13 9,13 10,13 11,13 12,13 13,13 14,13 15,13  .  .  .  .  .  .  .  .  .  .  .  .  .  .  .  .
    m=14 |  .  .  .  .  .  .  .  .  .  .  .  .  .  .  .  .  .  .  .  .  .  .  .  .  .  .  .  .  .  .  .  . 0,14 1,14 2,14 3,14 4,14 5,14 6,14 7,14 8,14 9,14 10,14 11,14 12,14 13,14 14,14 15,14  .  .  .  .  .  .  .  .  .  .  .  .  .  .  .  .
    m=15 |  .  .  .  .  .  .  .  .  .  .  .  .  .  .  .  .  .  .  .  .  .  .  .  .  .  .  .  .  .  .  .  . 0,15 1,15 2,15 3,15 4,15 5,15 6,15 7,15 8,15 9,15 10,15 11,15 12,15 13,15 14,15 15,15  .  .  .  .  .  .  .  .  .  .  .  .  .  .  .  .
    [2d-16 T0 dstOff=512 (dst unit 2)] decoded=256 zero=768 other=0 fnv=0xedfb6dc5
[conf 17] 2d-17 T0 dstOff=768 (dst unit 3)
    m= 0 |  .  .  .  .  .  .  .  .  .  .  .  .  .  .  .  .  .  .  .  .  .  .  .  .  .  .  .  .  .  .  .  .  .  .  .  .  .  .  .  .  .  .  .  .  .  .  .  . 0,0 1,0 2,0 3,0 4,0 5,0 6,0 7,0 8,0 9,0 10,0 11,0 12,0 13,0 14,0 15,0
    m= 1 |  .  .  .  .  .  .  .  .  .  .  .  .  .  .  .  .  .  .  .  .  .  .  .  .  .  .  .  .  .  .  .  .  .  .  .  .  .  .  .  .  .  .  .  .  .  .  .  . 0,1 1,1 2,1 3,1 4,1 5,1 6,1 7,1 8,1 9,1 10,1 11,1 12,1 13,1 14,1 15,1
    m= 2 |  .  .  .  .  .  .  .  .  .  .  .  .  .  .  .  .  .  .  .  .  .  .  .  .  .  .  .  .  .  .  .  .  .  .  .  .  .  .  .  .  .  .  .  .  .  .  .  . 0,2 1,2 2,2 3,2 4,2 5,2 6,2 7,2 8,2 9,2 10,2 11,2 12,2 13,2 14,2 15,2
    m= 3 |  .  .  .  .  .  .  .  .  .  .  .  .  .  .  .  .  .  .  .  .  .  .  .  .  .  .  .  .  .  .  .  .  .  .  .  .  .  .  .  .  .  .  .  .  .  .  .  . 0,3 1,3 2,3 3,3 4,3 5,3 6,3 7,3 8,3 9,3 10,3 11,3 12,3 13,3 14,3 15,3
    m= 4 |  .  .  .  .  .  .  .  .  .  .  .  .  .  .  .  .  .  .  .  .  .  .  .  .  .  .  .  .  .  .  .  .  .  .  .  .  .  .  .  .  .  .  .  .  .  .  .  . 0,4 1,4 2,4 3,4 4,4 5,4 6,4 7,4 8,4 9,4 10,4 11,4 12,4 13,4 14,4 15,4
    m= 5 |  .  .  .  .  .  .  .  .  .  .  .  .  .  .  .  .  .  .  .  .  .  .  .  .  .  .  .  .  .  .  .  .  .  .  .  .  .  .  .  .  .  .  .  .  .  .  .  . 0,5 1,5 2,5 3,5 4,5 5,5 6,5 7,5 8,5 9,5 10,5 11,5 12,5 13,5 14,5 15,5
    m= 6 |  .  .  .  .  .  .  .  .  .  .  .  .  .  .  .  .  .  .  .  .  .  .  .  .  .  .  .  .  .  .  .  .  .  .  .  .  .  .  .  .  .  .  .  .  .  .  .  . 0,6 1,6 2,6 3,6 4,6 5,6 6,6 7,6 8,6 9,6 10,6 11,6 12,6 13,6 14,6 15,6
    m= 7 |  .  .  .  .  .  .  .  .  .  .  .  .  .  .  .  .  .  .  .  .  .  .  .  .  .  .  .  .  .  .  .  .  .  .  .  .  .  .  .  .  .  .  .  .  .  .  .  . 0,7 1,7 2,7 3,7 4,7 5,7 6,7 7,7 8,7 9,7 10,7 11,7 12,7 13,7 14,7 15,7
    m= 8 |  .  .  .  .  .  .  .  .  .  .  .  .  .  .  .  .  .  .  .  .  .  .  .  .  .  .  .  .  .  .  .  .  .  .  .  .  .  .  .  .  .  .  .  .  .  .  .  . 0,8 1,8 2,8 3,8 4,8 5,8 6,8 7,8 8,8 9,8 10,8 11,8 12,8 13,8 14,8 15,8
    m= 9 |  .  .  .  .  .  .  .  .  .  .  .  .  .  .  .  .  .  .  .  .  .  .  .  .  .  .  .  .  .  .  .  .  .  .  .  .  .  .  .  .  .  .  .  .  .  .  .  . 0,9 1,9 2,9 3,9 4,9 5,9 6,9 7,9 8,9 9,9 10,9 11,9 12,9 13,9 14,9 15,9
    m=10 |  .  .  .  .  .  .  .  .  .  .  .  .  .  .  .  .  .  .  .  .  .  .  .  .  .  .  .  .  .  .  .  .  .  .  .  .  .  .  .  .  .  .  .  .  .  .  .  . 0,10 1,10 2,10 3,10 4,10 5,10 6,10 7,10 8,10 9,10 10,10 11,10 12,10 13,10 14,10 15,10
    m=11 |  .  .  .  .  .  .  .  .  .  .  .  .  .  .  .  .  .  .  .  .  .  .  .  .  .  .  .  .  .  .  .  .  .  .  .  .  .  .  .  .  .  .  .  .  .  .  .  . 0,11 1,11 2,11 3,11 4,11 5,11 6,11 7,11 8,11 9,11 10,11 11,11 12,11 13,11 14,11 15,11
    m=12 |  .  .  .  .  .  .  .  .  .  .  .  .  .  .  .  .  .  .  .  .  .  .  .  .  .  .  .  .  .  .  .  .  .  .  .  .  .  .  .  .  .  .  .  .  .  .  .  . 0,12 1,12 2,12 3,12 4,12 5,12 6,12 7,12 8,12 9,12 10,12 11,12 12,12 13,12 14,12 15,12
    m=13 |  .  .  .  .  .  .  .  .  .  .  .  .  .  .  .  .  .  .  .  .  .  .  .  .  .  .  .  .  .  .  .  .  .  .  .  .  .  .  .  .  .  .  .  .  .  .  .  . 0,13 1,13 2,13 3,13 4,13 5,13 6,13 7,13 8,13 9,13 10,13 11,13 12,13 13,13 14,13 15,13
    m=14 |  .  .  .  .  .  .  .  .  .  .  .  .  .  .  .  .  .  .  .  .  .  .  .  .  .  .  .  .  .  .  .  .  .  .  .  .  .  .  .  .  .  .  .  .  .  .  .  . 0,14 1,14 2,14 3,14 4,14 5,14 6,14 7,14 8,14 9,14 10,14 11,14 12,14 13,14 14,14 15,14
    m=15 |  .  .  .  .  .  .  .  .  .  .  .  .  .  .  .  .  .  .  .  .  .  .  .  .  .  .  .  .  .  .  .  .  .  .  .  .  .  .  .  .  .  .  .  .  .  .  .  . 0,15 1,15 2,15 3,15 4,15 5,15 6,15 7,15 8,15 9,15 10,15 11,15 12,15 13,15 14,15 15,15
    [2d-17 T0 dstOff=768 (dst unit 3)] decoded=256 zero=768 other=0 fnv=0x01d76dc5
[conf 18] 2d-18 T0 base (0,0,2,2,2,2)
    m= 0 | 0,0 1,0 2,0 3,0 4,0 5,0 6,0 7,0 8,0 9,0 10,0 11,0 12,0 13,0 14,0 15,0 16,0 17,0 18,0 19,0 20,0 21,0 22,0 23,0 24,0 25,0 26,0 27,0 28,0 29,0 30,0 31,0 0,16 1,16 2,16 3,16 4,16 5,16 6,16 7,16 8,16 9,16 10,16 11,16 12,16 13,16 14,16 15,16 16,16 17,16 18,16 19,16 20,16 21,16 22,16 23,16 24,16 25,16 26,16 27,16 28,16 29,16 30,16 31,16
    m= 1 | 0,1 1,1 2,1 3,1 4,1 5,1 6,1 7,1 8,1 9,1 10,1 11,1 12,1 13,1 14,1 15,1 16,1 17,1 18,1 19,1 20,1 21,1 22,1 23,1 24,1 25,1 26,1 27,1 28,1 29,1 30,1 31,1 0,17 1,17 2,17 3,17 4,17 5,17 6,17 7,17 8,17 9,17 10,17 11,17 12,17 13,17 14,17 15,17 16,17 17,17 18,17 19,17 20,17 21,17 22,17 23,17 24,17 25,17 26,17 27,17 28,17 29,17 30,17 31,17
    m= 2 | 0,2 1,2 2,2 3,2 4,2 5,2 6,2 7,2 8,2 9,2 10,2 11,2 12,2 13,2 14,2 15,2 16,2 17,2 18,2 19,2 20,2 21,2 22,2 23,2 24,2 25,2 26,2 27,2 28,2 29,2 30,2 31,2 0,18 1,18 2,18 3,18 4,18 5,18 6,18 7,18 8,18 9,18 10,18 11,18 12,18 13,18 14,18 15,18 16,18 17,18 18,18 19,18 20,18 21,18 22,18 23,18 24,18 25,18 26,18 27,18 28,18 29,18 30,18 31,18
    m= 3 | 0,3 1,3 2,3 3,3 4,3 5,3 6,3 7,3 8,3 9,3 10,3 11,3 12,3 13,3 14,3 15,3 16,3 17,3 18,3 19,3 20,3 21,3 22,3 23,3 24,3 25,3 26,3 27,3 28,3 29,3 30,3 31,3 0,19 1,19 2,19 3,19 4,19 5,19 6,19 7,19 8,19 9,19 10,19 11,19 12,19 13,19 14,19 15,19 16,19 17,19 18,19 19,19 20,19 21,19 22,19 23,19 24,19 25,19 26,19 27,19 28,19 29,19 30,19 31,19
    m= 4 | 0,4 1,4 2,4 3,4 4,4 5,4 6,4 7,4 8,4 9,4 10,4 11,4 12,4 13,4 14,4 15,4 16,4 17,4 18,4 19,4 20,4 21,4 22,4 23,4 24,4 25,4 26,4 27,4 28,4 29,4 30,4 31,4 0,20 1,20 2,20 3,20 4,20 5,20 6,20 7,20 8,20 9,20 10,20 11,20 12,20 13,20 14,20 15,20 16,20 17,20 18,20 19,20 20,20 21,20 22,20 23,20 24,20 25,20 26,20 27,20 28,20 29,20 30,20 31,20
    m= 5 | 0,5 1,5 2,5 3,5 4,5 5,5 6,5 7,5 8,5 9,5 10,5 11,5 12,5 13,5 14,5 15,5 16,5 17,5 18,5 19,5 20,5 21,5 22,5 23,5 24,5 25,5 26,5 27,5 28,5 29,5 30,5 31,5 0,21 1,21 2,21 3,21 4,21 5,21 6,21 7,21 8,21 9,21 10,21 11,21 12,21 13,21 14,21 15,21 16,21 17,21 18,21 19,21 20,21 21,21 22,21 23,21 24,21 25,21 26,21 27,21 28,21 29,21 30,21 31,21
    m= 6 | 0,6 1,6 2,6 3,6 4,6 5,6 6,6 7,6 8,6 9,6 10,6 11,6 12,6 13,6 14,6 15,6 16,6 17,6 18,6 19,6 20,6 21,6 22,6 23,6 24,6 25,6 26,6 27,6 28,6 29,6 30,6 31,6 0,22 1,22 2,22 3,22 4,22 5,22 6,22 7,22 8,22 9,22 10,22 11,22 12,22 13,22 14,22 15,22 16,22 17,22 18,22 19,22 20,22 21,22 22,22 23,22 24,22 25,22 26,22 27,22 28,22 29,22 30,22 31,22
    m= 7 | 0,7 1,7 2,7 3,7 4,7 5,7 6,7 7,7 8,7 9,7 10,7 11,7 12,7 13,7 14,7 15,7 16,7 17,7 18,7 19,7 20,7 21,7 22,7 23,7 24,7 25,7 26,7 27,7 28,7 29,7 30,7 31,7 0,23 1,23 2,23 3,23 4,23 5,23 6,23 7,23 8,23 9,23 10,23 11,23 12,23 13,23 14,23 15,23 16,23 17,23 18,23 19,23 20,23 21,23 22,23 23,23 24,23 25,23 26,23 27,23 28,23 29,23 30,23 31,23
    m= 8 | 0,8 1,8 2,8 3,8 4,8 5,8 6,8 7,8 8,8 9,8 10,8 11,8 12,8 13,8 14,8 15,8 16,8 17,8 18,8 19,8 20,8 21,8 22,8 23,8 24,8 25,8 26,8 27,8 28,8 29,8 30,8 31,8 0,24 1,24 2,24 3,24 4,24 5,24 6,24 7,24 8,24 9,24 10,24 11,24 12,24 13,24 14,24 15,24 16,24 17,24 18,24 19,24 20,24 21,24 22,24 23,24 24,24 25,24 26,24 27,24 28,24 29,24 30,24 31,24
    m= 9 | 0,9 1,9 2,9 3,9 4,9 5,9 6,9 7,9 8,9 9,9 10,9 11,9 12,9 13,9 14,9 15,9 16,9 17,9 18,9 19,9 20,9 21,9 22,9 23,9 24,9 25,9 26,9 27,9 28,9 29,9 30,9 31,9 0,25 1,25 2,25 3,25 4,25 5,25 6,25 7,25 8,25 9,25 10,25 11,25 12,25 13,25 14,25 15,25 16,25 17,25 18,25 19,25 20,25 21,25 22,25 23,25 24,25 25,25 26,25 27,25 28,25 29,25 30,25 31,25
    m=10 | 0,10 1,10 2,10 3,10 4,10 5,10 6,10 7,10 8,10 9,10 10,10 11,10 12,10 13,10 14,10 15,10 16,10 17,10 18,10 19,10 20,10 21,10 22,10 23,10 24,10 25,10 26,10 27,10 28,10 29,10 30,10 31,10 0,26 1,26 2,26 3,26 4,26 5,26 6,26 7,26 8,26 9,26 10,26 11,26 12,26 13,26 14,26 15,26 16,26 17,26 18,26 19,26 20,26 21,26 22,26 23,26 24,26 25,26 26,26 27,26 28,26 29,26 30,26 31,26
    m=11 | 0,11 1,11 2,11 3,11 4,11 5,11 6,11 7,11 8,11 9,11 10,11 11,11 12,11 13,11 14,11 15,11 16,11 17,11 18,11 19,11 20,11 21,11 22,11 23,11 24,11 25,11 26,11 27,11 28,11 29,11 30,11 31,11 0,27 1,27 2,27 3,27 4,27 5,27 6,27 7,27 8,27 9,27 10,27 11,27 12,27 13,27 14,27 15,27 16,27 17,27 18,27 19,27 20,27 21,27 22,27 23,27 24,27 25,27 26,27 27,27 28,27 29,27 30,27 31,27
    m=12 | 0,12 1,12 2,12 3,12 4,12 5,12 6,12 7,12 8,12 9,12 10,12 11,12 12,12 13,12 14,12 15,12 16,12 17,12 18,12 19,12 20,12 21,12 22,12 23,12 24,12 25,12 26,12 27,12 28,12 29,12 30,12 31,12 0,28 1,28 2,28 3,28 4,28 5,28 6,28 7,28 8,28 9,28 10,28 11,28 12,28 13,28 14,28 15,28 16,28 17,28 18,28 19,28 20,28 21,28 22,28 23,28 24,28 25,28 26,28 27,28 28,28 29,28 30,28 31,28
    m=13 | 0,13 1,13 2,13 3,13 4,13 5,13 6,13 7,13 8,13 9,13 10,13 11,13 12,13 13,13 14,13 15,13 16,13 17,13 18,13 19,13 20,13 21,13 22,13 23,13 24,13 25,13 26,13 27,13 28,13 29,13 30,13 31,13 0,29 1,29 2,29 3,29 4,29 5,29 6,29 7,29 8,29 9,29 10,29 11,29 12,29 13,29 14,29 15,29 16,29 17,29 18,29 19,29 20,29 21,29 22,29 23,29 24,29 25,29 26,29 27,29 28,29 29,29 30,29 31,29
    m=14 | 0,14 1,14 2,14 3,14 4,14 5,14 6,14 7,14 8,14 9,14 10,14 11,14 12,14 13,14 14,14 15,14 16,14 17,14 18,14 19,14 20,14 21,14 22,14 23,14 24,14 25,14 26,14 27,14 28,14 29,14 30,14 31,14 0,30 1,30 2,30 3,30 4,30 5,30 6,30 7,30 8,30 9,30 10,30 11,30 12,30 13,30 14,30 15,30 16,30 17,30 18,30 19,30 20,30 21,30 22,30 23,30 24,30 25,30 26,30 27,30 28,30 29,30 30,30 31,30
    m=15 | 0,15 1,15 2,15 3,15 4,15 5,15 6,15 7,15 8,15 9,15 10,15 11,15 12,15 13,15 14,15 15,15 16,15 17,15 18,15 19,15 20,15 21,15 22,15 23,15 24,15 25,15 26,15 27,15 28,15 29,15 30,15 31,15 0,31 1,31 2,31 3,31 4,31 5,31 6,31 7,31 8,31 9,31 10,31 11,31 12,31 13,31 14,31 15,31 16,31 17,31 18,31 19,31 20,31 21,31 22,31 23,31 24,31 25,31 26,31 27,31 28,31 29,31 30,31 31,31
    [2d-18 T0 base (0,0,2,2,2,2)] decoded=1024 zero=0 other=0 fnv=0x2bfd6dc5
[conf 19] 2d-19 T0 mStep=1 (0,0,1,2,2,2)
    m= 0 | 0,0 1,0 2,0 3,0 4,0 5,0 6,0 7,0 8,0 9,0 10,0 11,0 12,0 13,0 14,0 15,0  .  .  .  .  .  .  .  .  .  .  .  .  .  .  .  . 0,16 1,16 2,16 3,16 4,16 5,16 6,16 7,16 8,16 9,16 10,16 11,16 12,16 13,16 14,16 15,16  .  .  .  .  .  .  .  .  .  .  .  .  .  .  .  .
    m= 1 | 0,1 1,1 2,1 3,1 4,1 5,1 6,1 7,1 8,1 9,1 10,1 11,1 12,1 13,1 14,1 15,1  .  .  .  .  .  .  .  .  .  .  .  .  .  .  .  . 0,17 1,17 2,17 3,17 4,17 5,17 6,17 7,17 8,17 9,17 10,17 11,17 12,17 13,17 14,17 15,17  .  .  .  .  .  .  .  .  .  .  .  .  .  .  .  .
    m= 2 | 0,2 1,2 2,2 3,2 4,2 5,2 6,2 7,2 8,2 9,2 10,2 11,2 12,2 13,2 14,2 15,2  .  .  .  .  .  .  .  .  .  .  .  .  .  .  .  . 0,18 1,18 2,18 3,18 4,18 5,18 6,18 7,18 8,18 9,18 10,18 11,18 12,18 13,18 14,18 15,18  .  .  .  .  .  .  .  .  .  .  .  .  .  .  .  .
    m= 3 | 0,3 1,3 2,3 3,3 4,3 5,3 6,3 7,3 8,3 9,3 10,3 11,3 12,3 13,3 14,3 15,3  .  .  .  .  .  .  .  .  .  .  .  .  .  .  .  . 0,19 1,19 2,19 3,19 4,19 5,19 6,19 7,19 8,19 9,19 10,19 11,19 12,19 13,19 14,19 15,19  .  .  .  .  .  .  .  .  .  .  .  .  .  .  .  .
    m= 4 | 0,4 1,4 2,4 3,4 4,4 5,4 6,4 7,4 8,4 9,4 10,4 11,4 12,4 13,4 14,4 15,4  .  .  .  .  .  .  .  .  .  .  .  .  .  .  .  . 0,20 1,20 2,20 3,20 4,20 5,20 6,20 7,20 8,20 9,20 10,20 11,20 12,20 13,20 14,20 15,20  .  .  .  .  .  .  .  .  .  .  .  .  .  .  .  .
    m= 5 | 0,5 1,5 2,5 3,5 4,5 5,5 6,5 7,5 8,5 9,5 10,5 11,5 12,5 13,5 14,5 15,5  .  .  .  .  .  .  .  .  .  .  .  .  .  .  .  . 0,21 1,21 2,21 3,21 4,21 5,21 6,21 7,21 8,21 9,21 10,21 11,21 12,21 13,21 14,21 15,21  .  .  .  .  .  .  .  .  .  .  .  .  .  .  .  .
    m= 6 | 0,6 1,6 2,6 3,6 4,6 5,6 6,6 7,6 8,6 9,6 10,6 11,6 12,6 13,6 14,6 15,6  .  .  .  .  .  .  .  .  .  .  .  .  .  .  .  . 0,22 1,22 2,22 3,22 4,22 5,22 6,22 7,22 8,22 9,22 10,22 11,22 12,22 13,22 14,22 15,22  .  .  .  .  .  .  .  .  .  .  .  .  .  .  .  .
    m= 7 | 0,7 1,7 2,7 3,7 4,7 5,7 6,7 7,7 8,7 9,7 10,7 11,7 12,7 13,7 14,7 15,7  .  .  .  .  .  .  .  .  .  .  .  .  .  .  .  . 0,23 1,23 2,23 3,23 4,23 5,23 6,23 7,23 8,23 9,23 10,23 11,23 12,23 13,23 14,23 15,23  .  .  .  .  .  .  .  .  .  .  .  .  .  .  .  .
    m= 8 | 0,8 1,8 2,8 3,8 4,8 5,8 6,8 7,8 8,8 9,8 10,8 11,8 12,8 13,8 14,8 15,8  .  .  .  .  .  .  .  .  .  .  .  .  .  .  .  . 0,24 1,24 2,24 3,24 4,24 5,24 6,24 7,24 8,24 9,24 10,24 11,24 12,24 13,24 14,24 15,24  .  .  .  .  .  .  .  .  .  .  .  .  .  .  .  .
    m= 9 | 0,9 1,9 2,9 3,9 4,9 5,9 6,9 7,9 8,9 9,9 10,9 11,9 12,9 13,9 14,9 15,9  .  .  .  .  .  .  .  .  .  .  .  .  .  .  .  . 0,25 1,25 2,25 3,25 4,25 5,25 6,25 7,25 8,25 9,25 10,25 11,25 12,25 13,25 14,25 15,25  .  .  .  .  .  .  .  .  .  .  .  .  .  .  .  .
    m=10 | 0,10 1,10 2,10 3,10 4,10 5,10 6,10 7,10 8,10 9,10 10,10 11,10 12,10 13,10 14,10 15,10  .  .  .  .  .  .  .  .  .  .  .  .  .  .  .  . 0,26 1,26 2,26 3,26 4,26 5,26 6,26 7,26 8,26 9,26 10,26 11,26 12,26 13,26 14,26 15,26  .  .  .  .  .  .  .  .  .  .  .  .  .  .  .  .
    m=11 | 0,11 1,11 2,11 3,11 4,11 5,11 6,11 7,11 8,11 9,11 10,11 11,11 12,11 13,11 14,11 15,11  .  .  .  .  .  .  .  .  .  .  .  .  .  .  .  . 0,27 1,27 2,27 3,27 4,27 5,27 6,27 7,27 8,27 9,27 10,27 11,27 12,27 13,27 14,27 15,27  .  .  .  .  .  .  .  .  .  .  .  .  .  .  .  .
    m=12 | 0,12 1,12 2,12 3,12 4,12 5,12 6,12 7,12 8,12 9,12 10,12 11,12 12,12 13,12 14,12 15,12  .  .  .  .  .  .  .  .  .  .  .  .  .  .  .  . 0,28 1,28 2,28 3,28 4,28 5,28 6,28 7,28 8,28 9,28 10,28 11,28 12,28 13,28 14,28 15,28  .  .  .  .  .  .  .  .  .  .  .  .  .  .  .  .
    m=13 | 0,13 1,13 2,13 3,13 4,13 5,13 6,13 7,13 8,13 9,13 10,13 11,13 12,13 13,13 14,13 15,13  .  .  .  .  .  .  .  .  .  .  .  .  .  .  .  . 0,29 1,29 2,29 3,29 4,29 5,29 6,29 7,29 8,29 9,29 10,29 11,29 12,29 13,29 14,29 15,29  .  .  .  .  .  .  .  .  .  .  .  .  .  .  .  .
    m=14 | 0,14 1,14 2,14 3,14 4,14 5,14 6,14 7,14 8,14 9,14 10,14 11,14 12,14 13,14 14,14 15,14  .  .  .  .  .  .  .  .  .  .  .  .  .  .  .  . 0,30 1,30 2,30 3,30 4,30 5,30 6,30 7,30 8,30 9,30 10,30 11,30 12,30 13,30 14,30 15,30  .  .  .  .  .  .  .  .  .  .  .  .  .  .  .  .
    m=15 | 0,15 1,15 2,15 3,15 4,15 5,15 6,15 7,15 8,15 9,15 10,15 11,15 12,15 13,15 14,15 15,15  .  .  .  .  .  .  .  .  .  .  .  .  .  .  .  . 0,31 1,31 2,31 3,31 4,31 5,31 6,31 7,31 8,31 9,31 10,31 11,31 12,31 13,31 14,31 15,31  .  .  .  .  .  .  .  .  .  .  .  .  .  .  .  .
    [2d-19 T0 mStep=1 (0,0,1,2,2,2)] decoded=512 zero=512 other=0 fnv=0x4d1d6dc5
[conf 20] 2d-20 T0 mStep=4 (0,0,4,2,2,2)
    m= 0 | 0,0 1,0 2,0 3,0 4,0 5,0 6,0 7,0 8,0 9,0 10,0 11,0 12,0 13,0 14,0 15,0 16,0 17,0 18,0 19,0 20,0 21,0 22,0 23,0 24,0 25,0 26,0 27,0 28,0 29,0 30,0 31,0 0,16 1,16 2,16 3,16 4,16 5,16 6,16 7,16 8,16 9,16 10,16 11,16 12,16 13,16 14,16 15,16 16,16 17,16 18,16 19,16 20,16 21,16 22,16 23,16 24,16 25,16 26,16 27,16 28,16 29,16 30,16 31,16
    m= 1 | 0,1 1,1 2,1 3,1 4,1 5,1 6,1 7,1 8,1 9,1 10,1 11,1 12,1 13,1 14,1 15,1 16,1 17,1 18,1 19,1 20,1 21,1 22,1 23,1 24,1 25,1 26,1 27,1 28,1 29,1 30,1 31,1 0,17 1,17 2,17 3,17 4,17 5,17 6,17 7,17 8,17 9,17 10,17 11,17 12,17 13,17 14,17 15,17 16,17 17,17 18,17 19,17 20,17 21,17 22,17 23,17 24,17 25,17 26,17 27,17 28,17 29,17 30,17 31,17
    m= 2 | 0,2 1,2 2,2 3,2 4,2 5,2 6,2 7,2 8,2 9,2 10,2 11,2 12,2 13,2 14,2 15,2 16,2 17,2 18,2 19,2 20,2 21,2 22,2 23,2 24,2 25,2 26,2 27,2 28,2 29,2 30,2 31,2 0,18 1,18 2,18 3,18 4,18 5,18 6,18 7,18 8,18 9,18 10,18 11,18 12,18 13,18 14,18 15,18 16,18 17,18 18,18 19,18 20,18 21,18 22,18 23,18 24,18 25,18 26,18 27,18 28,18 29,18 30,18 31,18
    m= 3 | 0,3 1,3 2,3 3,3 4,3 5,3 6,3 7,3 8,3 9,3 10,3 11,3 12,3 13,3 14,3 15,3 16,3 17,3 18,3 19,3 20,3 21,3 22,3 23,3 24,3 25,3 26,3 27,3 28,3 29,3 30,3 31,3 0,19 1,19 2,19 3,19 4,19 5,19 6,19 7,19 8,19 9,19 10,19 11,19 12,19 13,19 14,19 15,19 16,19 17,19 18,19 19,19 20,19 21,19 22,19 23,19 24,19 25,19 26,19 27,19 28,19 29,19 30,19 31,19
    m= 4 | 0,4 1,4 2,4 3,4 4,4 5,4 6,4 7,4 8,4 9,4 10,4 11,4 12,4 13,4 14,4 15,4 16,4 17,4 18,4 19,4 20,4 21,4 22,4 23,4 24,4 25,4 26,4 27,4 28,4 29,4 30,4 31,4 0,20 1,20 2,20 3,20 4,20 5,20 6,20 7,20 8,20 9,20 10,20 11,20 12,20 13,20 14,20 15,20 16,20 17,20 18,20 19,20 20,20 21,20 22,20 23,20 24,20 25,20 26,20 27,20 28,20 29,20 30,20 31,20
    m= 5 | 0,5 1,5 2,5 3,5 4,5 5,5 6,5 7,5 8,5 9,5 10,5 11,5 12,5 13,5 14,5 15,5 16,5 17,5 18,5 19,5 20,5 21,5 22,5 23,5 24,5 25,5 26,5 27,5 28,5 29,5 30,5 31,5 0,21 1,21 2,21 3,21 4,21 5,21 6,21 7,21 8,21 9,21 10,21 11,21 12,21 13,21 14,21 15,21 16,21 17,21 18,21 19,21 20,21 21,21 22,21 23,21 24,21 25,21 26,21 27,21 28,21 29,21 30,21 31,21
    m= 6 | 0,6 1,6 2,6 3,6 4,6 5,6 6,6 7,6 8,6 9,6 10,6 11,6 12,6 13,6 14,6 15,6 16,6 17,6 18,6 19,6 20,6 21,6 22,6 23,6 24,6 25,6 26,6 27,6 28,6 29,6 30,6 31,6 0,22 1,22 2,22 3,22 4,22 5,22 6,22 7,22 8,22 9,22 10,22 11,22 12,22 13,22 14,22 15,22 16,22 17,22 18,22 19,22 20,22 21,22 22,22 23,22 24,22 25,22 26,22 27,22 28,22 29,22 30,22 31,22
    m= 7 | 0,7 1,7 2,7 3,7 4,7 5,7 6,7 7,7 8,7 9,7 10,7 11,7 12,7 13,7 14,7 15,7 16,7 17,7 18,7 19,7 20,7 21,7 22,7 23,7 24,7 25,7 26,7 27,7 28,7 29,7 30,7 31,7 0,23 1,23 2,23 3,23 4,23 5,23 6,23 7,23 8,23 9,23 10,23 11,23 12,23 13,23 14,23 15,23 16,23 17,23 18,23 19,23 20,23 21,23 22,23 23,23 24,23 25,23 26,23 27,23 28,23 29,23 30,23 31,23
    m= 8 | 0,8 1,8 2,8 3,8 4,8 5,8 6,8 7,8 8,8 9,8 10,8 11,8 12,8 13,8 14,8 15,8 16,8 17,8 18,8 19,8 20,8 21,8 22,8 23,8 24,8 25,8 26,8 27,8 28,8 29,8 30,8 31,8 0,24 1,24 2,24 3,24 4,24 5,24 6,24 7,24 8,24 9,24 10,24 11,24 12,24 13,24 14,24 15,24 16,24 17,24 18,24 19,24 20,24 21,24 22,24 23,24 24,24 25,24 26,24 27,24 28,24 29,24 30,24 31,24
    m= 9 | 0,9 1,9 2,9 3,9 4,9 5,9 6,9 7,9 8,9 9,9 10,9 11,9 12,9 13,9 14,9 15,9 16,9 17,9 18,9 19,9 20,9 21,9 22,9 23,9 24,9 25,9 26,9 27,9 28,9 29,9 30,9 31,9 0,25 1,25 2,25 3,25 4,25 5,25 6,25 7,25 8,25 9,25 10,25 11,25 12,25 13,25 14,25 15,25 16,25 17,25 18,25 19,25 20,25 21,25 22,25 23,25 24,25 25,25 26,25 27,25 28,25 29,25 30,25 31,25
    m=10 | 0,10 1,10 2,10 3,10 4,10 5,10 6,10 7,10 8,10 9,10 10,10 11,10 12,10 13,10 14,10 15,10 16,10 17,10 18,10 19,10 20,10 21,10 22,10 23,10 24,10 25,10 26,10 27,10 28,10 29,10 30,10 31,10 0,26 1,26 2,26 3,26 4,26 5,26 6,26 7,26 8,26 9,26 10,26 11,26 12,26 13,26 14,26 15,26 16,26 17,26 18,26 19,26 20,26 21,26 22,26 23,26 24,26 25,26 26,26 27,26 28,26 29,26 30,26 31,26
    m=11 | 0,11 1,11 2,11 3,11 4,11 5,11 6,11 7,11 8,11 9,11 10,11 11,11 12,11 13,11 14,11 15,11 16,11 17,11 18,11 19,11 20,11 21,11 22,11 23,11 24,11 25,11 26,11 27,11 28,11 29,11 30,11 31,11 0,27 1,27 2,27 3,27 4,27 5,27 6,27 7,27 8,27 9,27 10,27 11,27 12,27 13,27 14,27 15,27 16,27 17,27 18,27 19,27 20,27 21,27 22,27 23,27 24,27 25,27 26,27 27,27 28,27 29,27 30,27 31,27
    m=12 | 0,12 1,12 2,12 3,12 4,12 5,12 6,12 7,12 8,12 9,12 10,12 11,12 12,12 13,12 14,12 15,12 16,12 17,12 18,12 19,12 20,12 21,12 22,12 23,12 24,12 25,12 26,12 27,12 28,12 29,12 30,12 31,12 0,28 1,28 2,28 3,28 4,28 5,28 6,28 7,28 8,28 9,28 10,28 11,28 12,28 13,28 14,28 15,28 16,28 17,28 18,28 19,28 20,28 21,28 22,28 23,28 24,28 25,28 26,28 27,28 28,28 29,28 30,28 31,28
    m=13 | 0,13 1,13 2,13 3,13 4,13 5,13 6,13 7,13 8,13 9,13 10,13 11,13 12,13 13,13 14,13 15,13 16,13 17,13 18,13 19,13 20,13 21,13 22,13 23,13 24,13 25,13 26,13 27,13 28,13 29,13 30,13 31,13 0,29 1,29 2,29 3,29 4,29 5,29 6,29 7,29 8,29 9,29 10,29 11,29 12,29 13,29 14,29 15,29 16,29 17,29 18,29 19,29 20,29 21,29 22,29 23,29 24,29 25,29 26,29 27,29 28,29 29,29 30,29 31,29
    m=14 | 0,14 1,14 2,14 3,14 4,14 5,14 6,14 7,14 8,14 9,14 10,14 11,14 12,14 13,14 14,14 15,14 16,14 17,14 18,14 19,14 20,14 21,14 22,14 23,14 24,14 25,14 26,14 27,14 28,14 29,14 30,14 31,14 0,30 1,30 2,30 3,30 4,30 5,30 6,30 7,30 8,30 9,30 10,30 11,30 12,30 13,30 14,30 15,30 16,30 17,30 18,30 19,30 20,30 21,30 22,30 23,30 24,30 25,30 26,30 27,30 28,30 29,30 30,30 31,30
    m=15 | 0,15 1,15 2,15 3,15 4,15 5,15 6,15 7,15 8,15 9,15 10,15 11,15 12,15 13,15 14,15 15,15 16,15 17,15 18,15 19,15 20,15 21,15 22,15 23,15 24,15 25,15 26,15 27,15 28,15 29,15 30,15 31,15 0,31 1,31 2,31 3,31 4,31 5,31 6,31 7,31 8,31 9,31 10,31 11,31 12,31 13,31 14,31 15,31 16,31 17,31 18,31 19,31 20,31 21,31 22,31 23,31 24,31 25,31 26,31 27,31 28,31 29,31 30,31 31,31
    [2d-20 T0 mStep=4 (0,0,4,2,2,2)] decoded=1024 zero=0 other=0 fnv=0x2bfd6dc5
[conf 21] 2d-21 T0 kStep=1 (0,0,2,1,2,2)
    m= 0 | 0,0 1,0 2,0 3,0 4,0 5,0 6,0 7,0 8,0 9,0 10,0 11,0 12,0 13,0 14,0 15,0 16,0 17,0 18,0 19,0 20,0 21,0 22,0 23,0 24,0 25,0 26,0 27,0 28,0 29,0 30,0 31,0  .  .  .  .  .  .  .  .  .  .  .  .  .  .  .  .  .  .  .  .  .  .  .  .  .  .  .  .  .  .  .  .
    m= 1 | 0,1 1,1 2,1 3,1 4,1 5,1 6,1 7,1 8,1 9,1 10,1 11,1 12,1 13,1 14,1 15,1 16,1 17,1 18,1 19,1 20,1 21,1 22,1 23,1 24,1 25,1 26,1 27,1 28,1 29,1 30,1 31,1  .  .  .  .  .  .  .  .  .  .  .  .  .  .  .  .  .  .  .  .  .  .  .  .  .  .  .  .  .  .  .  .
    m= 2 | 0,2 1,2 2,2 3,2 4,2 5,2 6,2 7,2 8,2 9,2 10,2 11,2 12,2 13,2 14,2 15,2 16,2 17,2 18,2 19,2 20,2 21,2 22,2 23,2 24,2 25,2 26,2 27,2 28,2 29,2 30,2 31,2  .  .  .  .  .  .  .  .  .  .  .  .  .  .  .  .  .  .  .  .  .  .  .  .  .  .  .  .  .  .  .  .
    m= 3 | 0,3 1,3 2,3 3,3 4,3 5,3 6,3 7,3 8,3 9,3 10,3 11,3 12,3 13,3 14,3 15,3 16,3 17,3 18,3 19,3 20,3 21,3 22,3 23,3 24,3 25,3 26,3 27,3 28,3 29,3 30,3 31,3  .  .  .  .  .  .  .  .  .  .  .  .  .  .  .  .  .  .  .  .  .  .  .  .  .  .  .  .  .  .  .  .
    m= 4 | 0,4 1,4 2,4 3,4 4,4 5,4 6,4 7,4 8,4 9,4 10,4 11,4 12,4 13,4 14,4 15,4 16,4 17,4 18,4 19,4 20,4 21,4 22,4 23,4 24,4 25,4 26,4 27,4 28,4 29,4 30,4 31,4  .  .  .  .  .  .  .  .  .  .  .  .  .  .  .  .  .  .  .  .  .  .  .  .  .  .  .  .  .  .  .  .
    m= 5 | 0,5 1,5 2,5 3,5 4,5 5,5 6,5 7,5 8,5 9,5 10,5 11,5 12,5 13,5 14,5 15,5 16,5 17,5 18,5 19,5 20,5 21,5 22,5 23,5 24,5 25,5 26,5 27,5 28,5 29,5 30,5 31,5  .  .  .  .  .  .  .  .  .  .  .  .  .  .  .  .  .  .  .  .  .  .  .  .  .  .  .  .  .  .  .  .
    m= 6 | 0,6 1,6 2,6 3,6 4,6 5,6 6,6 7,6 8,6 9,6 10,6 11,6 12,6 13,6 14,6 15,6 16,6 17,6 18,6 19,6 20,6 21,6 22,6 23,6 24,6 25,6 26,6 27,6 28,6 29,6 30,6 31,6  .  .  .  .  .  .  .  .  .  .  .  .  .  .  .  .  .  .  .  .  .  .  .  .  .  .  .  .  .  .  .  .
    m= 7 | 0,7 1,7 2,7 3,7 4,7 5,7 6,7 7,7 8,7 9,7 10,7 11,7 12,7 13,7 14,7 15,7 16,7 17,7 18,7 19,7 20,7 21,7 22,7 23,7 24,7 25,7 26,7 27,7 28,7 29,7 30,7 31,7  .  .  .  .  .  .  .  .  .  .  .  .  .  .  .  .  .  .  .  .  .  .  .  .  .  .  .  .  .  .  .  .
    m= 8 | 0,8 1,8 2,8 3,8 4,8 5,8 6,8 7,8 8,8 9,8 10,8 11,8 12,8 13,8 14,8 15,8 16,8 17,8 18,8 19,8 20,8 21,8 22,8 23,8 24,8 25,8 26,8 27,8 28,8 29,8 30,8 31,8  .  .  .  .  .  .  .  .  .  .  .  .  .  .  .  .  .  .  .  .  .  .  .  .  .  .  .  .  .  .  .  .
    m= 9 | 0,9 1,9 2,9 3,9 4,9 5,9 6,9 7,9 8,9 9,9 10,9 11,9 12,9 13,9 14,9 15,9 16,9 17,9 18,9 19,9 20,9 21,9 22,9 23,9 24,9 25,9 26,9 27,9 28,9 29,9 30,9 31,9  .  .  .  .  .  .  .  .  .  .  .  .  .  .  .  .  .  .  .  .  .  .  .  .  .  .  .  .  .  .  .  .
    m=10 | 0,10 1,10 2,10 3,10 4,10 5,10 6,10 7,10 8,10 9,10 10,10 11,10 12,10 13,10 14,10 15,10 16,10 17,10 18,10 19,10 20,10 21,10 22,10 23,10 24,10 25,10 26,10 27,10 28,10 29,10 30,10 31,10  .  .  .  .  .  .  .  .  .  .  .  .  .  .  .  .  .  .  .  .  .  .  .  .  .  .  .  .  .  .  .  .
    m=11 | 0,11 1,11 2,11 3,11 4,11 5,11 6,11 7,11 8,11 9,11 10,11 11,11 12,11 13,11 14,11 15,11 16,11 17,11 18,11 19,11 20,11 21,11 22,11 23,11 24,11 25,11 26,11 27,11 28,11 29,11 30,11 31,11  .  .  .  .  .  .  .  .  .  .  .  .  .  .  .  .  .  .  .  .  .  .  .  .  .  .  .  .  .  .  .  .
    m=12 | 0,12 1,12 2,12 3,12 4,12 5,12 6,12 7,12 8,12 9,12 10,12 11,12 12,12 13,12 14,12 15,12 16,12 17,12 18,12 19,12 20,12 21,12 22,12 23,12 24,12 25,12 26,12 27,12 28,12 29,12 30,12 31,12  .  .  .  .  .  .  .  .  .  .  .  .  .  .  .  .  .  .  .  .  .  .  .  .  .  .  .  .  .  .  .  .
    m=13 | 0,13 1,13 2,13 3,13 4,13 5,13 6,13 7,13 8,13 9,13 10,13 11,13 12,13 13,13 14,13 15,13 16,13 17,13 18,13 19,13 20,13 21,13 22,13 23,13 24,13 25,13 26,13 27,13 28,13 29,13 30,13 31,13  .  .  .  .  .  .  .  .  .  .  .  .  .  .  .  .  .  .  .  .  .  .  .  .  .  .  .  .  .  .  .  .
    m=14 | 0,14 1,14 2,14 3,14 4,14 5,14 6,14 7,14 8,14 9,14 10,14 11,14 12,14 13,14 14,14 15,14 16,14 17,14 18,14 19,14 20,14 21,14 22,14 23,14 24,14 25,14 26,14 27,14 28,14 29,14 30,14 31,14  .  .  .  .  .  .  .  .  .  .  .  .  .  .  .  .  .  .  .  .  .  .  .  .  .  .  .  .  .  .  .  .
    m=15 | 0,15 1,15 2,15 3,15 4,15 5,15 6,15 7,15 8,15 9,15 10,15 11,15 12,15 13,15 14,15 15,15 16,15 17,15 18,15 19,15 20,15 21,15 22,15 23,15 24,15 25,15 26,15 27,15 28,15 29,15 30,15 31,15  .  .  .  .  .  .  .  .  .  .  .  .  .  .  .  .  .  .  .  .  .  .  .  .  .  .  .  .  .  .  .  .
    [2d-21 T0 kStep=1 (0,0,2,1,2,2)] decoded=512 zero=512 other=0 fnv=0x254d6dc5
[conf 22] 2d-22 T0 kStep=4 (0,0,2,4,2,2)
    m= 0 | 0,0 1,0 2,0 3,0 4,0 5,0 6,0 7,0 8,0 9,0 10,0 11,0 12,0 13,0 14,0 15,0 16,0 17,0 18,0 19,0 20,0 21,0 22,0 23,0 24,0 25,0 26,0 27,0 28,0 29,0 30,0 31,0 0,16 1,16 2,16 3,16 4,16 5,16 6,16 7,16 8,16 9,16 10,16 11,16 12,16 13,16 14,16 15,16 16,16 17,16 18,16 19,16 20,16 21,16 22,16 23,16 24,16 25,16 26,16 27,16 28,16 29,16 30,16 31,16
    m= 1 | 0,1 1,1 2,1 3,1 4,1 5,1 6,1 7,1 8,1 9,1 10,1 11,1 12,1 13,1 14,1 15,1 16,1 17,1 18,1 19,1 20,1 21,1 22,1 23,1 24,1 25,1 26,1 27,1 28,1 29,1 30,1 31,1 0,17 1,17 2,17 3,17 4,17 5,17 6,17 7,17 8,17 9,17 10,17 11,17 12,17 13,17 14,17 15,17 16,17 17,17 18,17 19,17 20,17 21,17 22,17 23,17 24,17 25,17 26,17 27,17 28,17 29,17 30,17 31,17
    m= 2 | 0,2 1,2 2,2 3,2 4,2 5,2 6,2 7,2 8,2 9,2 10,2 11,2 12,2 13,2 14,2 15,2 16,2 17,2 18,2 19,2 20,2 21,2 22,2 23,2 24,2 25,2 26,2 27,2 28,2 29,2 30,2 31,2 0,18 1,18 2,18 3,18 4,18 5,18 6,18 7,18 8,18 9,18 10,18 11,18 12,18 13,18 14,18 15,18 16,18 17,18 18,18 19,18 20,18 21,18 22,18 23,18 24,18 25,18 26,18 27,18 28,18 29,18 30,18 31,18
    m= 3 | 0,3 1,3 2,3 3,3 4,3 5,3 6,3 7,3 8,3 9,3 10,3 11,3 12,3 13,3 14,3 15,3 16,3 17,3 18,3 19,3 20,3 21,3 22,3 23,3 24,3 25,3 26,3 27,3 28,3 29,3 30,3 31,3 0,19 1,19 2,19 3,19 4,19 5,19 6,19 7,19 8,19 9,19 10,19 11,19 12,19 13,19 14,19 15,19 16,19 17,19 18,19 19,19 20,19 21,19 22,19 23,19 24,19 25,19 26,19 27,19 28,19 29,19 30,19 31,19
    m= 4 | 0,4 1,4 2,4 3,4 4,4 5,4 6,4 7,4 8,4 9,4 10,4 11,4 12,4 13,4 14,4 15,4 16,4 17,4 18,4 19,4 20,4 21,4 22,4 23,4 24,4 25,4 26,4 27,4 28,4 29,4 30,4 31,4 0,20 1,20 2,20 3,20 4,20 5,20 6,20 7,20 8,20 9,20 10,20 11,20 12,20 13,20 14,20 15,20 16,20 17,20 18,20 19,20 20,20 21,20 22,20 23,20 24,20 25,20 26,20 27,20 28,20 29,20 30,20 31,20
    m= 5 | 0,5 1,5 2,5 3,5 4,5 5,5 6,5 7,5 8,5 9,5 10,5 11,5 12,5 13,5 14,5 15,5 16,5 17,5 18,5 19,5 20,5 21,5 22,5 23,5 24,5 25,5 26,5 27,5 28,5 29,5 30,5 31,5 0,21 1,21 2,21 3,21 4,21 5,21 6,21 7,21 8,21 9,21 10,21 11,21 12,21 13,21 14,21 15,21 16,21 17,21 18,21 19,21 20,21 21,21 22,21 23,21 24,21 25,21 26,21 27,21 28,21 29,21 30,21 31,21
    m= 6 | 0,6 1,6 2,6 3,6 4,6 5,6 6,6 7,6 8,6 9,6 10,6 11,6 12,6 13,6 14,6 15,6 16,6 17,6 18,6 19,6 20,6 21,6 22,6 23,6 24,6 25,6 26,6 27,6 28,6 29,6 30,6 31,6 0,22 1,22 2,22 3,22 4,22 5,22 6,22 7,22 8,22 9,22 10,22 11,22 12,22 13,22 14,22 15,22 16,22 17,22 18,22 19,22 20,22 21,22 22,22 23,22 24,22 25,22 26,22 27,22 28,22 29,22 30,22 31,22
    m= 7 | 0,7 1,7 2,7 3,7 4,7 5,7 6,7 7,7 8,7 9,7 10,7 11,7 12,7 13,7 14,7 15,7 16,7 17,7 18,7 19,7 20,7 21,7 22,7 23,7 24,7 25,7 26,7 27,7 28,7 29,7 30,7 31,7 0,23 1,23 2,23 3,23 4,23 5,23 6,23 7,23 8,23 9,23 10,23 11,23 12,23 13,23 14,23 15,23 16,23 17,23 18,23 19,23 20,23 21,23 22,23 23,23 24,23 25,23 26,23 27,23 28,23 29,23 30,23 31,23
    m= 8 | 0,8 1,8 2,8 3,8 4,8 5,8 6,8 7,8 8,8 9,8 10,8 11,8 12,8 13,8 14,8 15,8 16,8 17,8 18,8 19,8 20,8 21,8 22,8 23,8 24,8 25,8 26,8 27,8 28,8 29,8 30,8 31,8 0,24 1,24 2,24 3,24 4,24 5,24 6,24 7,24 8,24 9,24 10,24 11,24 12,24 13,24 14,24 15,24 16,24 17,24 18,24 19,24 20,24 21,24 22,24 23,24 24,24 25,24 26,24 27,24 28,24 29,24 30,24 31,24
    m= 9 | 0,9 1,9 2,9 3,9 4,9 5,9 6,9 7,9 8,9 9,9 10,9 11,9 12,9 13,9 14,9 15,9 16,9 17,9 18,9 19,9 20,9 21,9 22,9 23,9 24,9 25,9 26,9 27,9 28,9 29,9 30,9 31,9 0,25 1,25 2,25 3,25 4,25 5,25 6,25 7,25 8,25 9,25 10,25 11,25 12,25 13,25 14,25 15,25 16,25 17,25 18,25 19,25 20,25 21,25 22,25 23,25 24,25 25,25 26,25 27,25 28,25 29,25 30,25 31,25
    m=10 | 0,10 1,10 2,10 3,10 4,10 5,10 6,10 7,10 8,10 9,10 10,10 11,10 12,10 13,10 14,10 15,10 16,10 17,10 18,10 19,10 20,10 21,10 22,10 23,10 24,10 25,10 26,10 27,10 28,10 29,10 30,10 31,10 0,26 1,26 2,26 3,26 4,26 5,26 6,26 7,26 8,26 9,26 10,26 11,26 12,26 13,26 14,26 15,26 16,26 17,26 18,26 19,26 20,26 21,26 22,26 23,26 24,26 25,26 26,26 27,26 28,26 29,26 30,26 31,26
    m=11 | 0,11 1,11 2,11 3,11 4,11 5,11 6,11 7,11 8,11 9,11 10,11 11,11 12,11 13,11 14,11 15,11 16,11 17,11 18,11 19,11 20,11 21,11 22,11 23,11 24,11 25,11 26,11 27,11 28,11 29,11 30,11 31,11 0,27 1,27 2,27 3,27 4,27 5,27 6,27 7,27 8,27 9,27 10,27 11,27 12,27 13,27 14,27 15,27 16,27 17,27 18,27 19,27 20,27 21,27 22,27 23,27 24,27 25,27 26,27 27,27 28,27 29,27 30,27 31,27
    m=12 | 0,12 1,12 2,12 3,12 4,12 5,12 6,12 7,12 8,12 9,12 10,12 11,12 12,12 13,12 14,12 15,12 16,12 17,12 18,12 19,12 20,12 21,12 22,12 23,12 24,12 25,12 26,12 27,12 28,12 29,12 30,12 31,12 0,28 1,28 2,28 3,28 4,28 5,28 6,28 7,28 8,28 9,28 10,28 11,28 12,28 13,28 14,28 15,28 16,28 17,28 18,28 19,28 20,28 21,28 22,28 23,28 24,28 25,28 26,28 27,28 28,28 29,28 30,28 31,28
    m=13 | 0,13 1,13 2,13 3,13 4,13 5,13 6,13 7,13 8,13 9,13 10,13 11,13 12,13 13,13 14,13 15,13 16,13 17,13 18,13 19,13 20,13 21,13 22,13 23,13 24,13 25,13 26,13 27,13 28,13 29,13 30,13 31,13 0,29 1,29 2,29 3,29 4,29 5,29 6,29 7,29 8,29 9,29 10,29 11,29 12,29 13,29 14,29 15,29 16,29 17,29 18,29 19,29 20,29 21,29 22,29 23,29 24,29 25,29 26,29 27,29 28,29 29,29 30,29 31,29
    m=14 | 0,14 1,14 2,14 3,14 4,14 5,14 6,14 7,14 8,14 9,14 10,14 11,14 12,14 13,14 14,14 15,14 16,14 17,14 18,14 19,14 20,14 21,14 22,14 23,14 24,14 25,14 26,14 27,14 28,14 29,14 30,14 31,14 0,30 1,30 2,30 3,30 4,30 5,30 6,30 7,30 8,30 9,30 10,30 11,30 12,30 13,30 14,30 15,30 16,30 17,30 18,30 19,30 20,30 21,30 22,30 23,30 24,30 25,30 26,30 27,30 28,30 29,30 30,30 31,30
    m=15 | 0,15 1,15 2,15 3,15 4,15 5,15 6,15 7,15 8,15 9,15 10,15 11,15 12,15 13,15 14,15 15,15 16,15 17,15 18,15 19,15 20,15 21,15 22,15 23,15 24,15 25,15 26,15 27,15 28,15 29,15 30,15 31,15 0,31 1,31 2,31 3,31 4,31 5,31 6,31 7,31 8,31 9,31 10,31 11,31 12,31 13,31 14,31 15,31 16,31 17,31 18,31 19,31 20,31 21,31 22,31 23,31 24,31 25,31 26,31 27,31 28,31 29,31 30,31 31,31
    [2d-22 T0 kStep=4 (0,0,2,4,2,2)] decoded=1024 zero=0 other=0 fnv=0x2bfd6dc5
[conf 23] 2d-23 T0 srcStride=1 (0,0,2,2,1,2)
    m= 0 | 0,0 1,0 2,0 3,0 4,0 5,0 6,0 7,0 8,0 9,0 10,0 11,0 12,0 13,0 14,0 15,0 16,0 17,0 18,0 19,0 20,0 21,0 22,0 23,0 24,0 25,0 26,0 27,0 28,0 29,0 30,0 31,0 16,0 17,0 18,0 19,0 20,0 21,0 22,0 23,0 24,0 25,0 26,0 27,0 28,0 29,0 30,0 31,0 0,16 1,16 2,16 3,16 4,16 5,16 6,16 7,16 8,16 9,16 10,16 11,16 12,16 13,16 14,16 15,16
    m= 1 | 0,1 1,1 2,1 3,1 4,1 5,1 6,1 7,1 8,1 9,1 10,1 11,1 12,1 13,1 14,1 15,1 16,1 17,1 18,1 19,1 20,1 21,1 22,1 23,1 24,1 25,1 26,1 27,1 28,1 29,1 30,1 31,1 16,1 17,1 18,1 19,1 20,1 21,1 22,1 23,1 24,1 25,1 26,1 27,1 28,1 29,1 30,1 31,1 0,17 1,17 2,17 3,17 4,17 5,17 6,17 7,17 8,17 9,17 10,17 11,17 12,17 13,17 14,17 15,17
    m= 2 | 0,2 1,2 2,2 3,2 4,2 5,2 6,2 7,2 8,2 9,2 10,2 11,2 12,2 13,2 14,2 15,2 16,2 17,2 18,2 19,2 20,2 21,2 22,2 23,2 24,2 25,2 26,2 27,2 28,2 29,2 30,2 31,2 16,2 17,2 18,2 19,2 20,2 21,2 22,2 23,2 24,2 25,2 26,2 27,2 28,2 29,2 30,2 31,2 0,18 1,18 2,18 3,18 4,18 5,18 6,18 7,18 8,18 9,18 10,18 11,18 12,18 13,18 14,18 15,18
    m= 3 | 0,3 1,3 2,3 3,3 4,3 5,3 6,3 7,3 8,3 9,3 10,3 11,3 12,3 13,3 14,3 15,3 16,3 17,3 18,3 19,3 20,3 21,3 22,3 23,3 24,3 25,3 26,3 27,3 28,3 29,3 30,3 31,3 16,3 17,3 18,3 19,3 20,3 21,3 22,3 23,3 24,3 25,3 26,3 27,3 28,3 29,3 30,3 31,3 0,19 1,19 2,19 3,19 4,19 5,19 6,19 7,19 8,19 9,19 10,19 11,19 12,19 13,19 14,19 15,19
    m= 4 | 0,4 1,4 2,4 3,4 4,4 5,4 6,4 7,4 8,4 9,4 10,4 11,4 12,4 13,4 14,4 15,4 16,4 17,4 18,4 19,4 20,4 21,4 22,4 23,4 24,4 25,4 26,4 27,4 28,4 29,4 30,4 31,4 16,4 17,4 18,4 19,4 20,4 21,4 22,4 23,4 24,4 25,4 26,4 27,4 28,4 29,4 30,4 31,4 0,20 1,20 2,20 3,20 4,20 5,20 6,20 7,20 8,20 9,20 10,20 11,20 12,20 13,20 14,20 15,20
    m= 5 | 0,5 1,5 2,5 3,5 4,5 5,5 6,5 7,5 8,5 9,5 10,5 11,5 12,5 13,5 14,5 15,5 16,5 17,5 18,5 19,5 20,5 21,5 22,5 23,5 24,5 25,5 26,5 27,5 28,5 29,5 30,5 31,5 16,5 17,5 18,5 19,5 20,5 21,5 22,5 23,5 24,5 25,5 26,5 27,5 28,5 29,5 30,5 31,5 0,21 1,21 2,21 3,21 4,21 5,21 6,21 7,21 8,21 9,21 10,21 11,21 12,21 13,21 14,21 15,21
    m= 6 | 0,6 1,6 2,6 3,6 4,6 5,6 6,6 7,6 8,6 9,6 10,6 11,6 12,6 13,6 14,6 15,6 16,6 17,6 18,6 19,6 20,6 21,6 22,6 23,6 24,6 25,6 26,6 27,6 28,6 29,6 30,6 31,6 16,6 17,6 18,6 19,6 20,6 21,6 22,6 23,6 24,6 25,6 26,6 27,6 28,6 29,6 30,6 31,6 0,22 1,22 2,22 3,22 4,22 5,22 6,22 7,22 8,22 9,22 10,22 11,22 12,22 13,22 14,22 15,22
    m= 7 | 0,7 1,7 2,7 3,7 4,7 5,7 6,7 7,7 8,7 9,7 10,7 11,7 12,7 13,7 14,7 15,7 16,7 17,7 18,7 19,7 20,7 21,7 22,7 23,7 24,7 25,7 26,7 27,7 28,7 29,7 30,7 31,7 16,7 17,7 18,7 19,7 20,7 21,7 22,7 23,7 24,7 25,7 26,7 27,7 28,7 29,7 30,7 31,7 0,23 1,23 2,23 3,23 4,23 5,23 6,23 7,23 8,23 9,23 10,23 11,23 12,23 13,23 14,23 15,23
    m= 8 | 0,8 1,8 2,8 3,8 4,8 5,8 6,8 7,8 8,8 9,8 10,8 11,8 12,8 13,8 14,8 15,8 16,8 17,8 18,8 19,8 20,8 21,8 22,8 23,8 24,8 25,8 26,8 27,8 28,8 29,8 30,8 31,8 16,8 17,8 18,8 19,8 20,8 21,8 22,8 23,8 24,8 25,8 26,8 27,8 28,8 29,8 30,8 31,8 0,24 1,24 2,24 3,24 4,24 5,24 6,24 7,24 8,24 9,24 10,24 11,24 12,24 13,24 14,24 15,24
    m= 9 | 0,9 1,9 2,9 3,9 4,9 5,9 6,9 7,9 8,9 9,9 10,9 11,9 12,9 13,9 14,9 15,9 16,9 17,9 18,9 19,9 20,9 21,9 22,9 23,9 24,9 25,9 26,9 27,9 28,9 29,9 30,9 31,9 16,9 17,9 18,9 19,9 20,9 21,9 22,9 23,9 24,9 25,9 26,9 27,9 28,9 29,9 30,9 31,9 0,25 1,25 2,25 3,25 4,25 5,25 6,25 7,25 8,25 9,25 10,25 11,25 12,25 13,25 14,25 15,25
    m=10 | 0,10 1,10 2,10 3,10 4,10 5,10 6,10 7,10 8,10 9,10 10,10 11,10 12,10 13,10 14,10 15,10 16,10 17,10 18,10 19,10 20,10 21,10 22,10 23,10 24,10 25,10 26,10 27,10 28,10 29,10 30,10 31,10 16,10 17,10 18,10 19,10 20,10 21,10 22,10 23,10 24,10 25,10 26,10 27,10 28,10 29,10 30,10 31,10 0,26 1,26 2,26 3,26 4,26 5,26 6,26 7,26 8,26 9,26 10,26 11,26 12,26 13,26 14,26 15,26
    m=11 | 0,11 1,11 2,11 3,11 4,11 5,11 6,11 7,11 8,11 9,11 10,11 11,11 12,11 13,11 14,11 15,11 16,11 17,11 18,11 19,11 20,11 21,11 22,11 23,11 24,11 25,11 26,11 27,11 28,11 29,11 30,11 31,11 16,11 17,11 18,11 19,11 20,11 21,11 22,11 23,11 24,11 25,11 26,11 27,11 28,11 29,11 30,11 31,11 0,27 1,27 2,27 3,27 4,27 5,27 6,27 7,27 8,27 9,27 10,27 11,27 12,27 13,27 14,27 15,27
    m=12 | 0,12 1,12 2,12 3,12 4,12 5,12 6,12 7,12 8,12 9,12 10,12 11,12 12,12 13,12 14,12 15,12 16,12 17,12 18,12 19,12 20,12 21,12 22,12 23,12 24,12 25,12 26,12 27,12 28,12 29,12 30,12 31,12 16,12 17,12 18,12 19,12 20,12 21,12 22,12 23,12 24,12 25,12 26,12 27,12 28,12 29,12 30,12 31,12 0,28 1,28 2,28 3,28 4,28 5,28 6,28 7,28 8,28 9,28 10,28 11,28 12,28 13,28 14,28 15,28
    m=13 | 0,13 1,13 2,13 3,13 4,13 5,13 6,13 7,13 8,13 9,13 10,13 11,13 12,13 13,13 14,13 15,13 16,13 17,13 18,13 19,13 20,13 21,13 22,13 23,13 24,13 25,13 26,13 27,13 28,13 29,13 30,13 31,13 16,13 17,13 18,13 19,13 20,13 21,13 22,13 23,13 24,13 25,13 26,13 27,13 28,13 29,13 30,13 31,13 0,29 1,29 2,29 3,29 4,29 5,29 6,29 7,29 8,29 9,29 10,29 11,29 12,29 13,29 14,29 15,29
    m=14 | 0,14 1,14 2,14 3,14 4,14 5,14 6,14 7,14 8,14 9,14 10,14 11,14 12,14 13,14 14,14 15,14 16,14 17,14 18,14 19,14 20,14 21,14 22,14 23,14 24,14 25,14 26,14 27,14 28,14 29,14 30,14 31,14 16,14 17,14 18,14 19,14 20,14 21,14 22,14 23,14 24,14 25,14 26,14 27,14 28,14 29,14 30,14 31,14 0,30 1,30 2,30 3,30 4,30 5,30 6,30 7,30 8,30 9,30 10,30 11,30 12,30 13,30 14,30 15,30
    m=15 | 0,15 1,15 2,15 3,15 4,15 5,15 6,15 7,15 8,15 9,15 10,15 11,15 12,15 13,15 14,15 15,15 16,15 17,15 18,15 19,15 20,15 21,15 22,15 23,15 24,15 25,15 26,15 27,15 28,15 29,15 30,15 31,15 16,15 17,15 18,15 19,15 20,15 21,15 22,15 23,15 24,15 25,15 26,15 27,15 28,15 29,15 30,15 31,15 0,31 1,31 2,31 3,31 4,31 5,31 6,31 7,31 8,31 9,31 10,31 11,31 12,31 13,31 14,31 15,31
    [2d-23 T0 srcStride=1 (0,0,2,2,1,2)] decoded=1024 zero=0 other=0 fnv=0x80fd6dc5
[conf 24] 2d-24 T0 srcStride=3 (0,0,2,2,3,2)
    m= 0 | 0,0 1,0 2,0 3,0 4,0 5,0 6,0 7,0 8,0 9,0 10,0 11,0 12,0 13,0 14,0 15,0 16,0 17,0 18,0 19,0 20,0 21,0 22,0 23,0 24,0 25,0 26,0 27,0 28,0 29,0 30,0 31,0 16,16 17,16 18,16 19,16 20,16 21,16 22,16 23,16 24,16 25,16 26,16 27,16 28,16 29,16 30,16 31,16  .  . ## ## ## ## 2,11 ## ## ## ## ## ## ## ## ##
    m= 1 | 0,1 1,1 2,1 3,1 4,1 5,1 6,1 7,1 8,1 9,1 10,1 11,1 12,1 13,1 14,1 15,1 16,1 17,1 18,1 19,1 20,1 21,1 22,1 23,1 24,1 25,1 26,1 27,1 28,1 29,1 30,1 31,1 16,17 17,17 18,17 19,17 20,17 21,17 22,17 23,17 24,17 25,17 26,17 27,17 28,17 29,17 30,17 31,17  .  . ## ## ## ## ## ## ## ## ## ## ## ## ## ##
    m= 2 | 0,2 1,2 2,2 3,2 4,2 5,2 6,2 7,2 8,2 9,2 10,2 11,2 12,2 13,2 14,2 15,2 16,2 17,2 18,2 19,2 20,2 21,2 22,2 23,2 24,2 25,2 26,2 27,2 28,2 29,2 30,2 31,2 16,18 17,18 18,18 19,18 20,18 21,18 22,18 23,18 24,18 25,18 26,18 27,18 28,18 29,18 30,18 31,18  .  . ## ## ## ## ## ## ## ## ## ## ## ## ## ##
    m= 3 | 0,3 1,3 2,3 3,3 4,3 5,3 6,3 7,3 8,3 9,3 10,3 11,3 12,3 13,3 14,3 15,3 16,3 17,3 18,3 19,3 20,3 21,3 22,3 23,3 24,3 25,3 26,3 27,3 28,3 29,3 30,3 31,3 16,19 17,19 18,19 19,19 20,19 21,19 22,19 23,19 24,19 25,19 26,19 27,19 28,19 29,19 30,19 31,19  .  . ## ## ## ## ## ## ## ## ## ## ## ## ## ##
    m= 4 | 0,4 1,4 2,4 3,4 4,4 5,4 6,4 7,4 8,4 9,4 10,4 11,4 12,4 13,4 14,4 15,4 16,4 17,4 18,4 19,4 20,4 21,4 22,4 23,4 24,4 25,4 26,4 27,4 28,4 29,4 30,4 31,4 16,20 17,20 18,20 19,20 20,20 21,20 22,20 23,20 24,20 25,20 26,20 27,20 28,20 29,20 30,20 31,20  .  . ## ## ## ## ## ## ## ## ## ## ## ## ## ##
    m= 5 | 0,5 1,5 2,5 3,5 4,5 5,5 6,5 7,5 8,5 9,5 10,5 11,5 12,5 13,5 14,5 15,5 16,5 17,5 18,5 19,5 20,5 21,5 22,5 23,5 24,5 25,5 26,5 27,5 28,5 29,5 30,5 31,5 16,21 17,21 18,21 19,21 20,21 21,21 22,21 23,21 24,21 25,21 26,21 27,21 28,21 29,21 30,21 31,21  .  . ## ## ## ## ## ## ## ## ## ## ## ## ## ##
    m= 6 | 0,6 1,6 2,6 3,6 4,6 5,6 6,6 7,6 8,6 9,6 10,6 11,6 12,6 13,6 14,6 15,6 16,6 17,6 18,6 19,6 20,6 21,6 22,6 23,6 24,6 25,6 26,6 27,6 28,6 29,6 30,6 31,6 16,22 17,22 18,22 19,22 20,22 21,22 22,22 23,22 24,22 25,22 26,22 27,22 28,22 29,22 30,22 31,22  .  . ## ## ## ## ## ## ## ## ## ## ## ## ## ##
    m= 7 | 0,7 1,7 2,7 3,7 4,7 5,7 6,7 7,7 8,7 9,7 10,7 11,7 12,7 13,7 14,7 15,7 16,7 17,7 18,7 19,7 20,7 21,7 22,7 23,7 24,7 25,7 26,7 27,7 28,7 29,7 30,7 31,7 16,23 17,23 18,23 19,23 20,23 21,23 22,23 23,23 24,23 25,23 26,23 27,23 28,23 29,23 30,23 31,23  .  . ## ## ## ## ## ## ## ## ## ## ## ## ## ##
    m= 8 | 0,8 1,8 2,8 3,8 4,8 5,8 6,8 7,8 8,8 9,8 10,8 11,8 12,8 13,8 14,8 15,8 16,8 17,8 18,8 19,8 20,8 21,8 22,8 23,8 24,8 25,8 26,8 27,8 28,8 29,8 30,8 31,8 16,24 17,24 18,24 19,24 20,24 21,24 22,24 23,24 24,24 25,24 26,24 27,24 28,24 29,24 30,24 31,24  .  . ## ## ## ## ## ## ## ## ## ## ## ## ## ##
    m= 9 | 0,9 1,9 2,9 3,9 4,9 5,9 6,9 7,9 8,9 9,9 10,9 11,9 12,9 13,9 14,9 15,9 16,9 17,9 18,9 19,9 20,9 21,9 22,9 23,9 24,9 25,9 26,9 27,9 28,9 29,9 30,9 31,9 16,25 17,25 18,25 19,25 20,25 21,25 22,25 23,25 24,25 25,25 26,25 27,25 28,25 29,25 30,25 31,25  .  . ## ## ## ## ## ## ## ## ## ## ## ## ## ##
    m=10 | 0,10 1,10 2,10 3,10 4,10 5,10 6,10 7,10 8,10 9,10 10,10 11,10 12,10 13,10 14,10 15,10 16,10 17,10 18,10 19,10 20,10 21,10 22,10 23,10 24,10 25,10 26,10 27,10 28,10 29,10 30,10 31,10 16,26 17,26 18,26 19,26 20,26 21,26 22,26 23,26 24,26 25,26 26,26 27,26 28,26 29,26 30,26 31,26  .  . ## ## ## ## ## ## ## ## ## ## ## ## ## ##
    m=11 | 0,11 1,11 2,11 3,11 4,11 5,11 6,11 7,11 8,11 9,11 10,11 11,11 12,11 13,11 14,11 15,11 16,11 17,11 18,11 19,11 20,11 21,11 22,11 23,11 24,11 25,11 26,11 27,11 28,11 29,11 30,11 31,11 16,27 17,27 18,27 19,27 20,27 21,27 22,27 23,27 24,27 25,27 26,27 27,27 28,27 29,27 30,27 31,27  .  . ## ## ## ## ## ## ## ## ## ## ## ## ## ##
    m=12 | 0,12 1,12 2,12 3,12 4,12 5,12 6,12 7,12 8,12 9,12 10,12 11,12 12,12 13,12 14,12 15,12 16,12 17,12 18,12 19,12 20,12 21,12 22,12 23,12 24,12 25,12 26,12 27,12 28,12 29,12 30,12 31,12 16,28 17,28 18,28 19,28 20,28 21,28 22,28 23,28 24,28 25,28 26,28 27,28 28,28 29,28 30,28 31,28  .  . ## ## ## ## ## ## ## ## ## ## ## ## ## ##
    m=13 | 0,13 1,13 2,13 3,13 4,13 5,13 6,13 7,13 8,13 9,13 10,13 11,13 12,13 13,13 14,13 15,13 16,13 17,13 18,13 19,13 20,13 21,13 22,13 23,13 24,13 25,13 26,13 27,13 28,13 29,13 30,13 31,13 16,29 17,29 18,29 19,29 20,29 21,29 22,29 23,29 24,29 25,29 26,29 27,29 28,29 29,29 30,29 31,29  .  . ## ## ## ## ## ## ## ## ## ## ## ## ## ##
    m=14 | 0,14 1,14 2,14 3,14 4,14 5,14 6,14 7,14 8,14 9,14 10,14 11,14 12,14 13,14 14,14 15,14 16,14 17,14 18,14 19,14 20,14 21,14 22,14 23,14 24,14 25,14 26,14 27,14 28,14 29,14 30,14 31,14 16,30 17,30 18,30 19,30 20,30 21,30 22,30 23,30 24,30 25,30 26,30 27,30 28,30 29,30 30,30 31,30  .  . ## ## ## ## ## 0,19 ## ## ## ## ## ## ## ##
    m=15 | 0,15 1,15 2,15 3,15 4,15 5,15 6,15 7,15 8,15 9,15 10,15 11,15 12,15 13,15 14,15 15,15 16,15 17,15 18,15 19,15 20,15 21,15 22,15 23,15 24,15 25,15 26,15 27,15 28,15 29,15 30,15 31,15 16,31 17,31 18,31 19,31 20,31 21,31 22,31 23,31 24,31 25,31 26,31 27,31 28,31 29,31 30,31 31,31  .  . ## ## ## ## ## ## ## ## ## ## ## ## ## ##
    [2d-24 T0 srcStride=3 (0,0,2,2,3,2)] decoded=770 zero=32 other=222 fnv=0x1f3e6dc5
[conf 25] 2d-25 T0 dstStride=1 (0,0,2,2,2,1)
    m= 0 | 0,0 1,0 2,0 3,0 4,0 5,0 6,0 7,0 8,0 9,0 10,0 11,0 12,0 13,0 14,0 15,0 0,16 1,16 2,16 3,16 4,16 5,16 6,16 7,16 8,16 9,16 10,16 11,16 12,16 13,16 14,16 15,16 16,16 17,16 18,16 19,16 20,16 21,16 22,16 23,16 24,16 25,16 26,16 27,16 28,16 29,16 30,16 31,16  .  .  .  .  .  .  .  .  .  .  .  .  .  .  .  .
    m= 1 | 0,1 1,1 2,1 3,1 4,1 5,1 6,1 7,1 8,1 9,1 10,1 11,1 12,1 13,1 14,1 15,1 0,17 1,17 2,17 3,17 4,17 5,17 6,17 7,17 8,17 9,17 10,17 11,17 12,17 13,17 14,17 15,17 16,17 17,17 18,17 19,17 20,17 21,17 22,17 23,17 24,17 25,17 26,17 27,17 28,17 29,17 30,17 31,17  .  .  .  .  .  .  .  .  .  .  .  .  .  .  .  .
    m= 2 | 0,2 1,2 2,2 3,2 4,2 5,2 6,2 7,2 8,2 9,2 10,2 11,2 12,2 13,2 14,2 15,2 0,18 1,18 2,18 3,18 4,18 5,18 6,18 7,18 8,18 9,18 10,18 11,18 12,18 13,18 14,18 15,18 16,18 17,18 18,18 19,18 20,18 21,18 22,18 23,18 24,18 25,18 26,18 27,18 28,18 29,18 30,18 31,18  .  .  .  .  .  .  .  .  .  .  .  .  .  .  .  .
    m= 3 | 0,3 1,3 2,3 3,3 4,3 5,3 6,3 7,3 8,3 9,3 10,3 11,3 12,3 13,3 14,3 15,3 0,19 1,19 2,19 3,19 4,19 5,19 6,19 7,19 8,19 9,19 10,19 11,19 12,19 13,19 14,19 15,19 16,19 17,19 18,19 19,19 20,19 21,19 22,19 23,19 24,19 25,19 26,19 27,19 28,19 29,19 30,19 31,19  .  .  .  .  .  .  .  .  .  .  .  .  .  .  .  .
    m= 4 | 0,4 1,4 2,4 3,4 4,4 5,4 6,4 7,4 8,4 9,4 10,4 11,4 12,4 13,4 14,4 15,4 0,20 1,20 2,20 3,20 4,20 5,20 6,20 7,20 8,20 9,20 10,20 11,20 12,20 13,20 14,20 15,20 16,20 17,20 18,20 19,20 20,20 21,20 22,20 23,20 24,20 25,20 26,20 27,20 28,20 29,20 30,20 31,20  .  .  .  .  .  .  .  .  .  .  .  .  .  .  .  .
    m= 5 | 0,5 1,5 2,5 3,5 4,5 5,5 6,5 7,5 8,5 9,5 10,5 11,5 12,5 13,5 14,5 15,5 0,21 1,21 2,21 3,21 4,21 5,21 6,21 7,21 8,21 9,21 10,21 11,21 12,21 13,21 14,21 15,21 16,21 17,21 18,21 19,21 20,21 21,21 22,21 23,21 24,21 25,21 26,21 27,21 28,21 29,21 30,21 31,21  .  .  .  .  .  .  .  .  .  .  .  .  .  .  .  .
    m= 6 | 0,6 1,6 2,6 3,6 4,6 5,6 6,6 7,6 8,6 9,6 10,6 11,6 12,6 13,6 14,6 15,6 0,22 1,22 2,22 3,22 4,22 5,22 6,22 7,22 8,22 9,22 10,22 11,22 12,22 13,22 14,22 15,22 16,22 17,22 18,22 19,22 20,22 21,22 22,22 23,22 24,22 25,22 26,22 27,22 28,22 29,22 30,22 31,22  .  .  .  .  .  .  .  .  .  .  .  .  .  .  .  .
    m= 7 | 0,7 1,7 2,7 3,7 4,7 5,7 6,7 7,7 8,7 9,7 10,7 11,7 12,7 13,7 14,7 15,7 0,23 1,23 2,23 3,23 4,23 5,23 6,23 7,23 8,23 9,23 10,23 11,23 12,23 13,23 14,23 15,23 16,23 17,23 18,23 19,23 20,23 21,23 22,23 23,23 24,23 25,23 26,23 27,23 28,23 29,23 30,23 31,23  .  .  .  .  .  .  .  .  .  .  .  .  .  .  .  .
    m= 8 | 0,8 1,8 2,8 3,8 4,8 5,8 6,8 7,8 8,8 9,8 10,8 11,8 12,8 13,8 14,8 15,8 0,24 1,24 2,24 3,24 4,24 5,24 6,24 7,24 8,24 9,24 10,24 11,24 12,24 13,24 14,24 15,24 16,24 17,24 18,24 19,24 20,24 21,24 22,24 23,24 24,24 25,24 26,24 27,24 28,24 29,24 30,24 31,24  .  .  .  .  .  .  .  .  .  .  .  .  .  .  .  .
    m= 9 | 0,9 1,9 2,9 3,9 4,9 5,9 6,9 7,9 8,9 9,9 10,9 11,9 12,9 13,9 14,9 15,9 0,25 1,25 2,25 3,25 4,25 5,25 6,25 7,25 8,25 9,25 10,25 11,25 12,25 13,25 14,25 15,25 16,25 17,25 18,25 19,25 20,25 21,25 22,25 23,25 24,25 25,25 26,25 27,25 28,25 29,25 30,25 31,25  .  .  .  .  .  .  .  .  .  .  .  .  .  .  .  .
    m=10 | 0,10 1,10 2,10 3,10 4,10 5,10 6,10 7,10 8,10 9,10 10,10 11,10 12,10 13,10 14,10 15,10 0,26 1,26 2,26 3,26 4,26 5,26 6,26 7,26 8,26 9,26 10,26 11,26 12,26 13,26 14,26 15,26 16,26 17,26 18,26 19,26 20,26 21,26 22,26 23,26 24,26 25,26 26,26 27,26 28,26 29,26 30,26 31,26  .  .  .  .  .  .  .  .  .  .  .  .  .  .  .  .
    m=11 | 0,11 1,11 2,11 3,11 4,11 5,11 6,11 7,11 8,11 9,11 10,11 11,11 12,11 13,11 14,11 15,11 0,27 1,27 2,27 3,27 4,27 5,27 6,27 7,27 8,27 9,27 10,27 11,27 12,27 13,27 14,27 15,27 16,27 17,27 18,27 19,27 20,27 21,27 22,27 23,27 24,27 25,27 26,27 27,27 28,27 29,27 30,27 31,27  .  .  .  .  .  .  .  .  .  .  .  .  .  .  .  .
    m=12 | 0,12 1,12 2,12 3,12 4,12 5,12 6,12 7,12 8,12 9,12 10,12 11,12 12,12 13,12 14,12 15,12 0,28 1,28 2,28 3,28 4,28 5,28 6,28 7,28 8,28 9,28 10,28 11,28 12,28 13,28 14,28 15,28 16,28 17,28 18,28 19,28 20,28 21,28 22,28 23,28 24,28 25,28 26,28 27,28 28,28 29,28 30,28 31,28  .  .  .  .  .  .  .  .  .  .  .  .  .  .  .  .
    m=13 | 0,13 1,13 2,13 3,13 4,13 5,13 6,13 7,13 8,13 9,13 10,13 11,13 12,13 13,13 14,13 15,13 0,29 1,29 2,29 3,29 4,29 5,29 6,29 7,29 8,29 9,29 10,29 11,29 12,29 13,29 14,29 15,29 16,29 17,29 18,29 19,29 20,29 21,29 22,29 23,29 24,29 25,29 26,29 27,29 28,29 29,29 30,29 31,29  .  .  .  .  .  .  .  .  .  .  .  .  .  .  .  .
    m=14 | 0,14 1,14 2,14 3,14 4,14 5,14 6,14 7,14 8,14 9,14 10,14 11,14 12,14 13,14 14,14 15,14 0,30 1,30 2,30 3,30 4,30 5,30 6,30 7,30 8,30 9,30 10,30 11,30 12,30 13,30 14,30 15,30 16,30 17,30 18,30 19,30 20,30 21,30 22,30 23,30 24,30 25,30 26,30 27,30 28,30 29,30 30,30 31,30  .  .  .  .  .  .  .  .  .  .  .  .  .  .  .  .
    m=15 | 0,15 1,15 2,15 3,15 4,15 5,15 6,15 7,15 8,15 9,15 10,15 11,15 12,15 13,15 14,15 15,15 0,31 1,31 2,31 3,31 4,31 5,31 6,31 7,31 8,31 9,31 10,31 11,31 12,31 13,31 14,31 15,31 16,31 17,31 18,31 19,31 20,31 21,31 22,31 23,31 24,31 25,31 26,31 27,31 28,31 29,31 30,31 31,31  .  .  .  .  .  .  .  .  .  .  .  .  .  .  .  .
    [2d-25 T0 dstStride=1 (0,0,2,2,2,1)] decoded=768 zero=256 other=0 fnv=0x66576dc5
[conf 26] 2d-26 T0 dstStride=4 (0,0,2,2,2,4)
    m= 0 | 0,0 1,0 2,0 3,0 4,0 5,0 6,0 7,0 8,0 9,0 10,0 11,0 12,0 13,0 14,0 15,0 16,0 17,0 18,0 19,0 20,0 21,0 22,0 23,0 24,0 25,0 26,0 27,0 28,0 29,0 30,0 31,0  .  .  .  .  .  .  .  .  .  .  .  .  .  .  .  .  .  .  .  .  .  .  .  .  .  .  .  .  .  .  .  .
    m= 1 | 0,1 1,1 2,1 3,1 4,1 5,1 6,1 7,1 8,1 9,1 10,1 11,1 12,1 13,1 14,1 15,1 16,1 17,1 18,1 19,1 20,1 21,1 22,1 23,1 24,1 25,1 26,1 27,1 28,1 29,1 30,1 31,1  .  .  .  .  .  .  .  .  .  .  .  .  .  .  .  .  .  .  .  .  .  .  .  .  .  .  .  .  .  .  .  .
    m= 2 | 0,2 1,2 2,2 3,2 4,2 5,2 6,2 7,2 8,2 9,2 10,2 11,2 12,2 13,2 14,2 15,2 16,2 17,2 18,2 19,2 20,2 21,2 22,2 23,2 24,2 25,2 26,2 27,2 28,2 29,2 30,2 31,2  .  .  .  .  .  .  .  .  .  .  .  .  .  .  .  .  .  .  .  .  .  .  .  .  .  .  .  .  .  .  .  .
    m= 3 | 0,3 1,3 2,3 3,3 4,3 5,3 6,3 7,3 8,3 9,3 10,3 11,3 12,3 13,3 14,3 15,3 16,3 17,3 18,3 19,3 20,3 21,3 22,3 23,3 24,3 25,3 26,3 27,3 28,3 29,3 30,3 31,3  .  .  .  .  .  .  .  .  .  .  .  .  .  .  .  .  .  .  .  .  .  .  .  .  .  .  .  .  .  .  .  .
    m= 4 | 0,4 1,4 2,4 3,4 4,4 5,4 6,4 7,4 8,4 9,4 10,4 11,4 12,4 13,4 14,4 15,4 16,4 17,4 18,4 19,4 20,4 21,4 22,4 23,4 24,4 25,4 26,4 27,4 28,4 29,4 30,4 31,4  .  .  .  .  .  .  .  .  .  .  .  .  .  .  .  .  .  .  .  .  .  .  .  .  .  .  .  .  .  .  .  .
    m= 5 | 0,5 1,5 2,5 3,5 4,5 5,5 6,5 7,5 8,5 9,5 10,5 11,5 12,5 13,5 14,5 15,5 16,5 17,5 18,5 19,5 20,5 21,5 22,5 23,5 24,5 25,5 26,5 27,5 28,5 29,5 30,5 31,5  .  .  .  .  .  .  .  .  .  .  .  .  .  .  .  .  .  .  .  .  .  .  .  .  .  .  .  .  .  .  .  .
    m= 6 | 0,6 1,6 2,6 3,6 4,6 5,6 6,6 7,6 8,6 9,6 10,6 11,6 12,6 13,6 14,6 15,6 16,6 17,6 18,6 19,6 20,6 21,6 22,6 23,6 24,6 25,6 26,6 27,6 28,6 29,6 30,6 31,6  .  .  .  .  .  .  .  .  .  .  .  .  .  .  .  .  .  .  .  .  .  .  .  .  .  .  .  .  .  .  .  .
    m= 7 | 0,7 1,7 2,7 3,7 4,7 5,7 6,7 7,7 8,7 9,7 10,7 11,7 12,7 13,7 14,7 15,7 16,7 17,7 18,7 19,7 20,7 21,7 22,7 23,7 24,7 25,7 26,7 27,7 28,7 29,7 30,7 31,7  .  .  .  .  .  .  .  .  .  .  .  .  .  .  .  .  .  .  .  .  .  .  .  .  .  .  .  .  .  .  .  .
    m= 8 | 0,8 1,8 2,8 3,8 4,8 5,8 6,8 7,8 8,8 9,8 10,8 11,8 12,8 13,8 14,8 15,8 16,8 17,8 18,8 19,8 20,8 21,8 22,8 23,8 24,8 25,8 26,8 27,8 28,8 29,8 30,8 31,8  .  .  .  .  .  .  .  .  .  .  .  .  .  .  .  .  .  .  .  .  .  .  .  .  .  .  .  .  .  .  .  .
    m= 9 | 0,9 1,9 2,9 3,9 4,9 5,9 6,9 7,9 8,9 9,9 10,9 11,9 12,9 13,9 14,9 15,9 16,9 17,9 18,9 19,9 20,9 21,9 22,9 23,9 24,9 25,9 26,9 27,9 28,9 29,9 30,9 31,9  .  .  .  .  .  .  .  .  .  .  .  .  .  .  .  .  .  .  .  .  .  .  .  .  .  .  .  .  .  .  .  .
    m=10 | 0,10 1,10 2,10 3,10 4,10 5,10 6,10 7,10 8,10 9,10 10,10 11,10 12,10 13,10 14,10 15,10 16,10 17,10 18,10 19,10 20,10 21,10 22,10 23,10 24,10 25,10 26,10 27,10 28,10 29,10 30,10 31,10  .  .  .  .  .  .  .  .  .  .  .  .  .  .  .  .  .  .  .  .  .  .  .  .  .  .  .  .  .  .  .  .
    m=11 | 0,11 1,11 2,11 3,11 4,11 5,11 6,11 7,11 8,11 9,11 10,11 11,11 12,11 13,11 14,11 15,11 16,11 17,11 18,11 19,11 20,11 21,11 22,11 23,11 24,11 25,11 26,11 27,11 28,11 29,11 30,11 31,11  .  .  .  .  .  .  .  .  .  .  .  .  .  .  .  .  .  .  .  .  .  .  .  .  .  .  .  .  .  .  .  .
    m=12 | 0,12 1,12 2,12 3,12 4,12 5,12 6,12 7,12 8,12 9,12 10,12 11,12 12,12 13,12 14,12 15,12 16,12 17,12 18,12 19,12 20,12 21,12 22,12 23,12 24,12 25,12 26,12 27,12 28,12 29,12 30,12 31,12  .  .  .  .  .  .  .  .  .  .  .  .  .  .  .  .  .  .  .  .  .  .  .  .  .  .  .  .  .  .  .  .
    m=13 | 0,13 1,13 2,13 3,13 4,13 5,13 6,13 7,13 8,13 9,13 10,13 11,13 12,13 13,13 14,13 15,13 16,13 17,13 18,13 19,13 20,13 21,13 22,13 23,13 24,13 25,13 26,13 27,13 28,13 29,13 30,13 31,13  .  .  .  .  .  .  .  .  .  .  .  .  .  .  .  .  .  .  .  .  .  .  .  .  .  .  .  .  .  .  .  .
    m=14 | 0,14 1,14 2,14 3,14 4,14 5,14 6,14 7,14 8,14 9,14 10,14 11,14 12,14 13,14 14,14 15,14 16,14 17,14 18,14 19,14 20,14 21,14 22,14 23,14 24,14 25,14 26,14 27,14 28,14 29,14 30,14 31,14  .  .  .  .  .  .  .  .  .  .  .  .  .  .  .  .  .  .  .  .  .  .  .  .  .  .  .  .  .  .  .  .
    m=15 | 0,15 1,15 2,15 3,15 4,15 5,15 6,15 7,15 8,15 9,15 10,15 11,15 12,15 13,15 14,15 15,15 16,15 17,15 18,15 19,15 20,15 21,15 22,15 23,15 24,15 25,15 26,15 27,15 28,15 29,15 30,15 31,15  .  .  .  .  .  .  .  .  .  .  .  .  .  .  .  .  .  .  .  .  .  .  .  .  .  .  .  .  .  .  .  .
    [2d-26 T0 dstStride=4 (0,0,2,2,2,4)] decoded=512 zero=512 other=0 fnv=0x254d6dc5
[conf 27] 2d-27 T0 mStart=1 (1,0,2,2,2,2)
    m= 0 | 16,0 17,0 18,0 19,0 20,0 21,0 22,0 23,0 24,0 25,0 26,0 27,0 28,0 29,0 30,0 31,0 0,16 1,16 2,16 3,16 4,16 5,16 6,16 7,16 8,16 9,16 10,16 11,16 12,16 13,16 14,16 15,16 16,16 17,16 18,16 19,16 20,16 21,16 22,16 23,16 24,16 25,16 26,16 27,16 28,16 29,16 30,16 31,16  .  . ## ## ## ## 2,11 ## ## ## ## ## ## ## ## ##
    m= 1 | 16,1 17,1 18,1 19,1 20,1 21,1 22,1 23,1 24,1 25,1 26,1 27,1 28,1 29,1 30,1 31,1 0,17 1,17 2,17 3,17 4,17 5,17 6,17 7,17 8,17 9,17 10,17 11,17 12,17 13,17 14,17 15,17 16,17 17,17 18,17 19,17 20,17 21,17 22,17 23,17 24,17 25,17 26,17 27,17 28,17 29,17 30,17 31,17  .  . ## ## ## ## ## ## ## ## ## ## ## ## ## ##
    m= 2 | 16,2 17,2 18,2 19,2 20,2 21,2 22,2 23,2 24,2 25,2 26,2 27,2 28,2 29,2 30,2 31,2 0,18 1,18 2,18 3,18 4,18 5,18 6,18 7,18 8,18 9,18 10,18 11,18 12,18 13,18 14,18 15,18 16,18 17,18 18,18 19,18 20,18 21,18 22,18 23,18 24,18 25,18 26,18 27,18 28,18 29,18 30,18 31,18  .  . ## ## ## ## ## ## ## ## ## ## ## ## ## ##
    m= 3 | 16,3 17,3 18,3 19,3 20,3 21,3 22,3 23,3 24,3 25,3 26,3 27,3 28,3 29,3 30,3 31,3 0,19 1,19 2,19 3,19 4,19 5,19 6,19 7,19 8,19 9,19 10,19 11,19 12,19 13,19 14,19 15,19 16,19 17,19 18,19 19,19 20,19 21,19 22,19 23,19 24,19 25,19 26,19 27,19 28,19 29,19 30,19 31,19  .  . ## ## ## ## ## ## ## ## ## ## ## ## ## ##
    m= 4 | 16,4 17,4 18,4 19,4 20,4 21,4 22,4 23,4 24,4 25,4 26,4 27,4 28,4 29,4 30,4 31,4 0,20 1,20 2,20 3,20 4,20 5,20 6,20 7,20 8,20 9,20 10,20 11,20 12,20 13,20 14,20 15,20 16,20 17,20 18,20 19,20 20,20 21,20 22,20 23,20 24,20 25,20 26,20 27,20 28,20 29,20 30,20 31,20  .  . ## ## ## ## ## ## ## ## ## ## ## ## ## ##
    m= 5 | 16,5 17,5 18,5 19,5 20,5 21,5 22,5 23,5 24,5 25,5 26,5 27,5 28,5 29,5 30,5 31,5 0,21 1,21 2,21 3,21 4,21 5,21 6,21 7,21 8,21 9,21 10,21 11,21 12,21 13,21 14,21 15,21 16,21 17,21 18,21 19,21 20,21 21,21 22,21 23,21 24,21 25,21 26,21 27,21 28,21 29,21 30,21 31,21  .  . ## ## ## ## ## ## ## ## ## ## ## ## ## ##
    m= 6 | 16,6 17,6 18,6 19,6 20,6 21,6 22,6 23,6 24,6 25,6 26,6 27,6 28,6 29,6 30,6 31,6 0,22 1,22 2,22 3,22 4,22 5,22 6,22 7,22 8,22 9,22 10,22 11,22 12,22 13,22 14,22 15,22 16,22 17,22 18,22 19,22 20,22 21,22 22,22 23,22 24,22 25,22 26,22 27,22 28,22 29,22 30,22 31,22  .  . ## ## ## ## ## ## ## ## ## ## ## ## ## ##
    m= 7 | 16,7 17,7 18,7 19,7 20,7 21,7 22,7 23,7 24,7 25,7 26,7 27,7 28,7 29,7 30,7 31,7 0,23 1,23 2,23 3,23 4,23 5,23 6,23 7,23 8,23 9,23 10,23 11,23 12,23 13,23 14,23 15,23 16,23 17,23 18,23 19,23 20,23 21,23 22,23 23,23 24,23 25,23 26,23 27,23 28,23 29,23 30,23 31,23  .  . ## ## ## ## ## ## ## ## ## ## ## ## ## ##
    m= 8 | 16,8 17,8 18,8 19,8 20,8 21,8 22,8 23,8 24,8 25,8 26,8 27,8 28,8 29,8 30,8 31,8 0,24 1,24 2,24 3,24 4,24 5,24 6,24 7,24 8,24 9,24 10,24 11,24 12,24 13,24 14,24 15,24 16,24 17,24 18,24 19,24 20,24 21,24 22,24 23,24 24,24 25,24 26,24 27,24 28,24 29,24 30,24 31,24  .  . ## ## ## ## ## ## ## ## ## ## ## ## ## ##
    m= 9 | 16,9 17,9 18,9 19,9 20,9 21,9 22,9 23,9 24,9 25,9 26,9 27,9 28,9 29,9 30,9 31,9 0,25 1,25 2,25 3,25 4,25 5,25 6,25 7,25 8,25 9,25 10,25 11,25 12,25 13,25 14,25 15,25 16,25 17,25 18,25 19,25 20,25 21,25 22,25 23,25 24,25 25,25 26,25 27,25 28,25 29,25 30,25 31,25  .  . ## ## ## ## ## ## ## ## ## ## ## ## ## ##
    m=10 | 16,10 17,10 18,10 19,10 20,10 21,10 22,10 23,10 24,10 25,10 26,10 27,10 28,10 29,10 30,10 31,10 0,26 1,26 2,26 3,26 4,26 5,26 6,26 7,26 8,26 9,26 10,26 11,26 12,26 13,26 14,26 15,26 16,26 17,26 18,26 19,26 20,26 21,26 22,26 23,26 24,26 25,26 26,26 27,26 28,26 29,26 30,26 31,26  .  . ## ## ## ## ## ## ## ## ## ## ## ## ## ##
    m=11 | 16,11 17,11 18,11 19,11 20,11 21,11 22,11 23,11 24,11 25,11 26,11 27,11 28,11 29,11 30,11 31,11 0,27 1,27 2,27 3,27 4,27 5,27 6,27 7,27 8,27 9,27 10,27 11,27 12,27 13,27 14,27 15,27 16,27 17,27 18,27 19,27 20,27 21,27 22,27 23,27 24,27 25,27 26,27 27,27 28,27 29,27 30,27 31,27  .  . ## ## ## ## ## ## ## ## ## ## ## ## ## ##
    m=12 | 16,12 17,12 18,12 19,12 20,12 21,12 22,12 23,12 24,12 25,12 26,12 27,12 28,12 29,12 30,12 31,12 0,28 1,28 2,28 3,28 4,28 5,28 6,28 7,28 8,28 9,28 10,28 11,28 12,28 13,28 14,28 15,28 16,28 17,28 18,28 19,28 20,28 21,28 22,28 23,28 24,28 25,28 26,28 27,28 28,28 29,28 30,28 31,28  .  . ## ## ## ## ## ## ## ## ## ## ## ## ## ##
    m=13 | 16,13 17,13 18,13 19,13 20,13 21,13 22,13 23,13 24,13 25,13 26,13 27,13 28,13 29,13 30,13 31,13 0,29 1,29 2,29 3,29 4,29 5,29 6,29 7,29 8,29 9,29 10,29 11,29 12,29 13,29 14,29 15,29 16,29 17,29 18,29 19,29 20,29 21,29 22,29 23,29 24,29 25,29 26,29 27,29 28,29 29,29 30,29 31,29  .  . ## ## ## ## ## ## ## ## ## ## ## ## ## ##
    m=14 | 16,14 17,14 18,14 19,14 20,14 21,14 22,14 23,14 24,14 25,14 26,14 27,14 28,14 29,14 30,14 31,14 0,30 1,30 2,30 3,30 4,30 5,30 6,30 7,30 8,30 9,30 10,30 11,30 12,30 13,30 14,30 15,30 16,30 17,30 18,30 19,30 20,30 21,30 22,30 23,30 24,30 25,30 26,30 27,30 28,30 29,30 30,30 31,30  .  . ## ## ## ## ## 0,19 ## ## ## ## ## ## ## ##
    m=15 | 16,15 17,15 18,15 19,15 20,15 21,15 22,15 23,15 24,15 25,15 26,15 27,15 28,15 29,15 30,15 31,15 0,31 1,31 2,31 3,31 4,31 5,31 6,31 7,31 8,31 9,31 10,31 11,31 12,31 13,31 14,31 15,31 16,31 17,31 18,31 19,31 20,31 21,31 22,31 23,31 24,31 25,31 26,31 27,31 28,31 29,31 30,31 31,31  .  . ## ## ## ## ## ## ## ## ## ## ## ## ## ##
    [2d-27 T0 mStart=1 (1,0,2,2,2,2)] decoded=770 zero=32 other=222 fnv=0x42de6dc5
[conf 28] 2d-28 T0 kStart=1 (0,1,2,2,2,2)
    m= 0 | 0,16 1,16 2,16 3,16 4,16 5,16 6,16 7,16 8,16 9,16 10,16 11,16 12,16 13,16 14,16 15,16 16,16 17,16 18,16 19,16 20,16 21,16 22,16 23,16 24,16 25,16 26,16 27,16 28,16 29,16 30,16 31,16  .  . ## ## ## ## 2,11 ## ## ## ## ## ## ## ## ## ## ## ## ## ## ## ## ## ## ## ## ## ## ## ## ##
    m= 1 | 0,17 1,17 2,17 3,17 4,17 5,17 6,17 7,17 8,17 9,17 10,17 11,17 12,17 13,17 14,17 15,17 16,17 17,17 18,17 19,17 20,17 21,17 22,17 23,17 24,17 25,17 26,17 27,17 28,17 29,17 30,17 31,17  .  . ## ## ## ## ## ## ## ## ## ## ## ## ## ## ## ## ## ## ## ## ## ## ## ## ## ## ## ## ## ##
    m= 2 | 0,18 1,18 2,18 3,18 4,18 5,18 6,18 7,18 8,18 9,18 10,18 11,18 12,18 13,18 14,18 15,18 16,18 17,18 18,18 19,18 20,18 21,18 22,18 23,18 24,18 25,18 26,18 27,18 28,18 29,18 30,18 31,18  .  . ## ## ## ## ## ## ## ## ## ## ## ## ## ## ## ## ## ## ## ## ## ## ## ## ## ## ## ## ## ##
    m= 3 | 0,19 1,19 2,19 3,19 4,19 5,19 6,19 7,19 8,19 9,19 10,19 11,19 12,19 13,19 14,19 15,19 16,19 17,19 18,19 19,19 20,19 21,19 22,19 23,19 24,19 25,19 26,19 27,19 28,19 29,19 30,19 31,19  .  . ## ## ## ## ## ## ## ## ## ## ## ## ## ## ## ## ## ## ## ## ## ## ## ## ## ## ## ## ## ##
    m= 4 | 0,20 1,20 2,20 3,20 4,20 5,20 6,20 7,20 8,20 9,20 10,20 11,20 12,20 13,20 14,20 15,20 16,20 17,20 18,20 19,20 20,20 21,20 22,20 23,20 24,20 25,20 26,20 27,20 28,20 29,20 30,20 31,20  .  . ## ## ## ## ## ## ## ## ## ## ## ## ## ## ## ## ## ## ## ## ## ## ## ## ## ## ## ## ## ##
    m= 5 | 0,21 1,21 2,21 3,21 4,21 5,21 6,21 7,21 8,21 9,21 10,21 11,21 12,21 13,21 14,21 15,21 16,21 17,21 18,21 19,21 20,21 21,21 22,21 23,21 24,21 25,21 26,21 27,21 28,21 29,21 30,21 31,21  .  . ## ## ## ## ## ## ## ## ## ## ## ## ## ## ## ## ## ## ## ## ## ## ## ## ## ## ## ## ## ##
    m= 6 | 0,22 1,22 2,22 3,22 4,22 5,22 6,22 7,22 8,22 9,22 10,22 11,22 12,22 13,22 14,22 15,22 16,22 17,22 18,22 19,22 20,22 21,22 22,22 23,22 24,22 25,22 26,22 27,22 28,22 29,22 30,22 31,22  .  . ## ## ## ## ## ## ## ## ## ## ## ## ## ## ## ## ## ## ## ## ## ## ## ## ## ## ## ## ## ##
    m= 7 | 0,23 1,23 2,23 3,23 4,23 5,23 6,23 7,23 8,23 9,23 10,23 11,23 12,23 13,23 14,23 15,23 16,23 17,23 18,23 19,23 20,23 21,23 22,23 23,23 24,23 25,23 26,23 27,23 28,23 29,23 30,23 31,23  .  . ## ## ## ## ## ## ## ## ## ## ## ## ## ## ## ## ## ## ## ## ## ## ## ## ## ## ## ## ## ##
    m= 8 | 0,24 1,24 2,24 3,24 4,24 5,24 6,24 7,24 8,24 9,24 10,24 11,24 12,24 13,24 14,24 15,24 16,24 17,24 18,24 19,24 20,24 21,24 22,24 23,24 24,24 25,24 26,24 27,24 28,24 29,24 30,24 31,24  .  . ## ## ## ## ## ## ## ## ## ## ## ## ## ## ## ## ## ## ## ## ## ## ## ## ## ## ## ## ## ##
    m= 9 | 0,25 1,25 2,25 3,25 4,25 5,25 6,25 7,25 8,25 9,25 10,25 11,25 12,25 13,25 14,25 15,25 16,25 17,25 18,25 19,25 20,25 21,25 22,25 23,25 24,25 25,25 26,25 27,25 28,25 29,25 30,25 31,25  .  . ## ## ## ## ## ## ## ## ## ## ## ## ## ## ## ## ## ## ## ## ## ## ## ## ## ## ## ## ## ##
    m=10 | 0,26 1,26 2,26 3,26 4,26 5,26 6,26 7,26 8,26 9,26 10,26 11,26 12,26 13,26 14,26 15,26 16,26 17,26 18,26 19,26 20,26 21,26 22,26 23,26 24,26 25,26 26,26 27,26 28,26 29,26 30,26 31,26  .  . ## ## ## ## ## ## ## ## ## ## ## ## ## ## ## ## ## ## ## ## ## ## ## ## ## ## ## ## ## ##
    m=11 | 0,27 1,27 2,27 3,27 4,27 5,27 6,27 7,27 8,27 9,27 10,27 11,27 12,27 13,27 14,27 15,27 16,27 17,27 18,27 19,27 20,27 21,27 22,27 23,27 24,27 25,27 26,27 27,27 28,27 29,27 30,27 31,27  .  . ## ## ## ## ## ## ## ## ## ## ## ## ## ## ## ## ## ## ## ## ## ## ## ## ## ## ## ## ## ##
    m=12 | 0,28 1,28 2,28 3,28 4,28 5,28 6,28 7,28 8,28 9,28 10,28 11,28 12,28 13,28 14,28 15,28 16,28 17,28 18,28 19,28 20,28 21,28 22,28 23,28 24,28 25,28 26,28 27,28 28,28 29,28 30,28 31,28  .  . ## ## ## ## ## ## ## ## ## ## ## ## ## ## ## ## ## ## ## ## ## ## ## ## ## ## ## ## ## ##
    m=13 | 0,29 1,29 2,29 3,29 4,29 5,29 6,29 7,29 8,29 9,29 10,29 11,29 12,29 13,29 14,29 15,29 16,29 17,29 18,29 19,29 20,29 21,29 22,29 23,29 24,29 25,29 26,29 27,29 28,29 29,29 30,29 31,29  .  . ## ## ## ## ## ## ## ## ## ## ## ## ## ## ## ## ## ## ## ## ## ## ## ## ## ## ## ## ## ##
    m=14 | 0,30 1,30 2,30 3,30 4,30 5,30 6,30 7,30 8,30 9,30 10,30 11,30 12,30 13,30 14,30 15,30 16,30 17,30 18,30 19,30 20,30 21,30 22,30 23,30 24,30 25,30 26,30 27,30 28,30 29,30 30,30 31,30  .  . ## ## ## ## ## 0,19 ## ## ## ## ## ## ## ## ## ## ## ## ## ## ## ## ## ## ## ## ## ## ## ##
    m=15 | 0,31 1,31 2,31 3,31 4,31 5,31 6,31 7,31 8,31 9,31 10,31 11,31 12,31 13,31 14,31 15,31 16,31 17,31 18,31 19,31 20,31 21,31 22,31 23,31 24,31 25,31 26,31 27,31 28,31 29,31 30,31 31,31  .  . ## ## ## ## ## ## ## ## ## ## ## ## ## ## ## ## ## ## ## ## ## ## ## ## ## ## ## ## ## ##
    [2d-28 T0 kStart=1 (0,1,2,2,2,2)] decoded=514 zero=32 other=478 fnv=0xf5cd6dc5
[conf 29] 2d-29 T0 mStart=16 (16,0,2,2,2,2)
    m= 0 | ##  .  .  .  .  .  .  .  .  .  .  .  .  .  .  . ## ## ## ## ## ## ## ## ## ## ## ## ## ## ## ## ## ## ## ## ## ## ## ## ## ## ## ## ## ## ## ## ## ## ## ## ## ## ## ## ## ## ## ## ## ## ## ##
    m= 1 |  . ##  .  .  .  .  .  .  .  .  .  .  .  .  .  . ## ## ## ## ## ## ## ## ## ## ## ## ## ## ## ## ## ## ## ## ## ## ## ## ## ## ## ## ## ## ## ## ## ## ## ## ## ## ## ## ## ## ## ## ## ## ## ##
    m= 2 |  .  . ##  .  .  .  .  .  .  .  .  .  .  .  .  . ## ## ## ## ## ## ## ## ## ## ## ## ## ## ## ## ## ## ## ## ## ## ## ## ## ## ## ## ## ## ## ## ## ## ## ## ## ## ## ## ## ## ## ## ## ## ## ##
    m= 3 |  .  .  . ##  .  .  .  .  .  .  .  .  .  .  .  . ## ## ## ## ## ## ## ## ## ## ## ## ## ## ## ## ## ## ## ## ## ## ## ## ## ## ## ## ## ## ## ## ## ## ## ## ## ## ## ## ## ## ## ## ## ## ## ##
    m= 4 |  .  .  .  . ##  .  .  .  .  .  .  .  .  .  .  . ## ## ## ## ## ## ## ## ## ## ## ## ## ## ## ## ## ## ## ## ## ## ## ## ## ## ## ## ## ## ## ## ## ## ## ## ## ## ## ## ## ## ## ## ## ## ## ##
    m= 5 |  .  .  .  .  . ##  .  .  .  .  .  .  .  .  .  . ## ## ## ## ## ## ## ## ## ## ## ## ## ## ## ## ## ## ## ## ## ## ## ## ## ## ## ## ## ## ## ## ## ## ## ## ## ## ## ## ## ## ## ## ## ## ## ##
    m= 6 |  .  .  .  .  .  . ##  .  .  .  .  .  .  .  .  . ## ## ## ## ## ## ## ## ## ## ## ## ## ## ## ## ## ## ## ## ## ## ## ## ## ## ## ## ## ## ## ## ## ## ## ## ## ## ## ## ## ## ## ## ## ## ## ##
    m= 7 |  .  .  .  .  .  .  . ##  .  .  .  .  .  .  .  . ## ## ## ## ## ## ## ## ## ## ## ## ## ## ## ## ## ## ## ## ## ## ## ## ## ## ## ## ## ## ## ## ## ## ## ## ## ## ## ## ## ## ## ## ## ## ## ##
    m= 8 |  .  .  .  .  .  .  .  . ##  .  .  .  .  .  .  . ## ## ## ## ## ## ## ## ## ## ## ## ## ## ## ## ## ## ## ## ## ## ## ## ## ## ## ## ## ## ## ## ## ## 0,13 ## ## ## ## ## ## ## ## ## ## ## ## ##
    m= 9 |  .  .  .  .  .  .  .  .  . ##  .  .  .  .  .  . ## ## ## ## ## ## ## ## ## ## ## ## ## ## ## ## ## ## ## ## ## ## ## ## 0,29 ## ## ## ## ## ## ## ## ## ## ## ## ## ## ## ## ## ## ## ## ## ## ##
    m=10 |  .  .  .  .  .  .  .  .  .  . ##  .  .  .  .  . ## ## ## ## ## ## ## ## ## ## ## ## ## ## ## ## ## ## ## ## ## ## ## ## ## ## ## ## ## ## ## ## ## ## ## ## ## ## ## ## ## ## ## ## ## ## ## ##
    m=11 |  .  .  .  .  .  .  .  .  .  .  . ##  .  .  .  . ## ## ## ## ## ## ## ## ## ## ## ## ## ## ## ## ## ## ## ## ## ## ## ## ## ## ## ## ## ## ## ## ## ## ## ## ## ## ## ## ## ## ## ## ## ## ## ##
    m=12 |  .  .  .  .  .  .  .  .  .  .  .  . ##  .  .  . ## ## ## ## ## ## ## ## ## ## ## ## ## ## ## ## ## ## ## ## ## ## ## ## ## ## ## ## ## ## ## ## ## ## ## ## ## ## ## ## ## ## ## ## ## ## ## ##
    m=13 |  .  .  .  .  .  .  .  .  .  .  .  .  . ##  .  . ## ## ## ## ## ## ## ## ## ## ## ## ## ## ## ## ## ## ## ## ## ## ## ## ## ## ## ## ## ## ## ## ## ## ## ## ## ## ## ## ## ## ## ## ## ## ## ##
    m=14 |  .  .  .  .  .  .  .  .  .  .  .  .  .  . ##  . ## ## ## ## ## ## ## ## ## ## ## ## ## ## ## ## ## ## ## ## ## ## ## ## ## ## ## ## ## ## ## ## ## ## ## ## ## ## ## ## ## ## ## ## ## ## ## ##
    m=15 |  .  .  .  .  .  .  .  .  .  .  .  .  .  .  . ## ## ## ## ## ## ## ## ## ## ## ## ## ## ## ## ## ## ## ## ## ## ## ## ## ## ## ## ## ## ## ## ## ## ## ## ## ## ## ## ## ## ## ## ## ## ## ## ##
    [2d-29 T0 mStart=16 (16,0,2,2,2,2)] decoded=2 zero=240 other=782 fnv=0x32d56dc5
[conf 30] 2d-30 T0 kStart=16 (0,16,2,2,2,2)
    m= 0 | ## ## ## ## ## ## ## ## ## ## ## ## ## ## ## ## ## ## ## ## ## ## ## ## ## ## ## ## ## ## ## ## ## ## ## ## ## ## ## ## ## ## ## ## ## ## ## ## ## ## ## ## ## ## ## ## ## ## ## ## ## ## ## ##
    m= 1 | ## ## ## ## ## ## ## ## ## ## ## ## ## ## ## ## ## ## ## ## ## ## ## ## ## ## ## ## ## ## ## ## ## ## ## ## ## ## ## ## ## ## ## ## ## ## ## ## ## ## ## ## ## ## ## ## ## ## ## ## ## ## ## ##
    m= 2 | ## ## ## ## ## ## ## ## ## ## ## ## ## ## ## ## ## ## ## ## ## ## ## ## ## ## ## ## ## ## ## ## ## ## ## ## ## ## ## ## ## ## ## ## ## ## ## ## ## ## ## ## ## ## ## ## ## ## ## ## ## ## ## ##
    m= 3 | ## ## ## ## ## ## ## ## ## ## ## ## ## ## ## ## ## ## ## ## ## ## ## ## ## ## ## ## ## ## ## ## ## ## ## ## ## ## ## ## ## ## ## ## ## ## ## ## ## ## ## ## ## ## ## ## ## ## ## ## ## ## ## ##
    m= 4 | ## ## ## ## ## ## ## ## ## ## ## ## ## ## ## ## ## ## ## ## ## ## ## ## ## ## ## ## ## ## ## ## ## ## ## ## ## ## ## ## ## ## ## ## ## ## ## ## ## ## ## ## ## ## ## ## ## ## ## ## ## ## ## ##
    m= 5 | ## ## ## ## ## ## ## ## ## ## ## ## ## ## ## ## ## ## ## ## ## ## ## ## ## ## ## ## ## ## ## ## ## ## ## ## ## ## ## ## ## ## ## ## ## ## ## ## ## ## ## ## ## ## ## ## ## ## ## ## ## ## ## ##
    m= 6 | ## ## ## ## ## ## ## ## ## ## ## ## ## ## ## ## ## ## ## ## ## ## ## ## ## ## ## ## ## ## ## ## ## ## ## ## ## ## ## ## ## ## ## ## ## ## ## ## ## ## ## ## ## ## ## ## ## ## ## ## ## ## ## ##
    m= 7 | ## ## ## ## ## ## ## ## ## ## ## ## ## ## ## ## ## ## ## ## ## ## ## ## ## ## ## ## ## ## ## ## ## ## ## ## ## ## ## ## ## ## ## ## ## ## ## ## ## ## ## ## ## ## ## ## ## ## ## ## ## ## ## ##
    m= 8 | ## ## ## ## ## ## ## ## ## ## ## ## ## ## ## ## ## ## ## ## ## ## ## ## ## ## ## ## ## ## ## ## ## ## ## ## ## ## ## ## ## ## ## ## ## ## ## ## ## ## ## ## ## ## ## ## ## ## ## ## ## ## ## ##
    m= 9 | ## ## ## ## ## ## ## ## ## ## ## ## ## ## ## ## ## ## ## ## ## ## ## ## ## ## ## ## ## ## ## ## ## ## ## ## ## ## ## ## ## ## ## ## ## ## ## ## ## ## ## ## ## ## ## ## ## ## ## ## ## ## ## ##
    m=10 | ## ## ## ## ## ## ## ## ## ## ## ## ## ## ## ## ## ## ## ## ## ## ## ## ## ## ## ## ## ## ## ## ## ## ## ## ## ## ## ## ## ## ## ## ## ## ## ## ## ## ## ## ## ## ## ## ## ## ## ## ## ## ## ##
    m=11 | ## ## ## ## ## ## ## ## ## ## ## ## ## ## ## ## ## ## ## ## ## ## ## ## ## ## ## ## ## ## ## ## ## ## ## ## ## ## ## ## ## ## ## ## ## ## ## ## ## ## ## ## ## ## ## ## ## ## ## ## ## ## ## ##
    m=12 | ## ## ## ## ## ## ## ## ## ## ## ## ## ## ## ## ## ## ## ## ## ## ## ## ## ## ## ## ## ## ## ## ## ## ## ## ## ## ## ## ## ## ## ## ## ## ## ## ## ## ## ## ## ## ## ## ## ## ## ## ## ## ## ##
    m=13 | ## ## ## ## ## ## ## ## ## ## ## ## ## ## ## ## ## ## ## ## ## ## ## ## ## ## ## ## ## ## ## ## ## ## ## ## ## ## ## ## ## ## ## ## ## ## ## ## ## ## ## ## ## ## ## ## ## ## ## ## ## ## ## ##
    m=14 | ## ## ## ## ## ## ## ## ## ## ## ## ## ## ## ## ## ## ## ## ## ## ## ## ## ## ## ## ## ## ## ## ## ## ## ## ## ## ## ## ## ## ## ## ## ## ## ## ## ## ## ## ## ## ## ## ## ## ## ## ## ## ## ##
    m=15 | ## ## ## ## ## ## ## ## ## ## ## ## ## ## ## ## ## ## ## ## ## ## ## ## ## ## ## ## ## ## ## ## ## ## ## ## ## ## ## ## ## ## ## ## ## ## ## ## ## ## ## ## ## ## ## ## ## ## ## ## ## ## ## ##
    [2d-30 T0 kStart=16 (0,16,2,2,2,2)] decoded=0 zero=0 other=1024 fnv=0x9d526dc5
[conf 31] 2d-31 T0 srcStride=-2 (0,0,2,2,-2,2)
    m= 0 | 0,0 1,0 2,0 3,0 4,0 5,0 6,0 7,0 8,0 9,0 10,0 11,0 12,0 13,0 14,0 15,0 16,0 17,0 18,0 19,0 20,0 21,0 22,0 23,0 24,0 25,0 26,0 27,0 28,0 29,0 30,0 31,0  .  .  .  .  .  .  .  .  .  .  .  .  .  .  .  .  .  .  .  .  .  .  .  .  .  .  .  .  .  .  .  .
    m= 1 | 0,1 1,1 2,1 3,1 4,1 5,1 6,1 7,1 8,1 9,1 10,1 11,1 12,1 13,1 14,1 15,1 16,1 17,1 18,1 19,1 20,1 21,1 22,1 23,1 24,1 25,1 26,1 27,1 28,1 29,1 30,1 31,1  .  .  .  .  .  .  .  .  .  .  .  .  .  .  .  .  .  .  .  .  .  .  .  .  .  .  .  .  .  .  .  .
    m= 2 | 0,2 1,2 2,2 3,2 4,2 5,2 6,2 7,2 8,2 9,2 10,2 11,2 12,2 13,2 14,2 15,2 16,2 17,2 18,2 19,2 20,2 21,2 22,2 23,2 24,2 25,2 26,2 27,2 28,2 29,2 30,2 31,2  .  .  .  .  .  .  .  .  .  .  .  .  .  .  .  .  .  .  .  .  .  .  .  .  .  .  .  .  .  .  .  .
    m= 3 | 0,3 1,3 2,3 3,3 4,3 5,3 6,3 7,3 8,3 9,3 10,3 11,3 12,3 13,3 14,3 15,3 16,3 17,3 18,3 19,3 20,3 21,3 22,3 23,3 24,3 25,3 26,3 27,3 28,3 29,3 30,3 31,3  .  .  .  .  .  .  .  .  .  .  .  .  .  .  .  .  .  .  .  .  .  .  .  .  .  .  .  .  .  .  .  .
    m= 4 | 0,4 1,4 2,4 3,4 4,4 5,4 6,4 7,4 8,4 9,4 10,4 11,4 12,4 13,4 14,4 15,4 16,4 17,4 18,4 19,4 20,4 21,4 22,4 23,4 24,4 25,4 26,4 27,4 28,4 29,4 30,4 31,4  .  .  .  .  .  .  .  .  .  .  .  .  .  .  .  .  .  .  .  .  .  .  .  .  .  .  .  .  .  .  .  .
    m= 5 | 0,5 1,5 2,5 3,5 4,5 5,5 6,5 7,5 8,5 9,5 10,5 11,5 12,5 13,5 14,5 15,5 16,5 17,5 18,5 19,5 20,5 21,5 22,5 23,5 24,5 25,5 26,5 27,5 28,5 29,5 30,5 31,5  .  .  .  .  .  .  .  .  .  .  .  .  .  .  .  .  .  .  .  .  .  .  .  .  .  .  .  .  .  .  .  .
    m= 6 | 0,6 1,6 2,6 3,6 4,6 5,6 6,6 7,6 8,6 9,6 10,6 11,6 12,6 13,6 14,6 15,6 16,6 17,6 18,6 19,6 20,6 21,6 22,6 23,6 24,6 25,6 26,6 27,6 28,6 29,6 30,6 31,6  .  .  .  .  .  .  .  .  .  .  .  .  .  .  .  .  .  .  .  .  .  .  .  .  .  .  .  .  .  .  .  .
    m= 7 | 0,7 1,7 2,7 3,7 4,7 5,7 6,7 7,7 8,7 9,7 10,7 11,7 12,7 13,7 14,7 15,7 16,7 17,7 18,7 19,7 20,7 21,7 22,7 23,7 24,7 25,7 26,7 27,7 28,7 29,7 30,7 31,7  .  .  .  .  .  .  .  .  .  .  .  .  .  .  .  .  .  .  .  .  .  .  .  .  .  .  .  .  .  .  .  .
    m= 8 | 0,8 1,8 2,8 3,8 4,8 5,8 6,8 7,8 8,8 9,8 10,8 11,8 12,8 13,8 14,8 15,8 16,8 17,8 18,8 19,8 20,8 21,8 22,8 23,8 24,8 25,8 26,8 27,8 28,8 29,8 30,8 31,8  .  .  .  .  .  .  .  .  .  .  .  .  .  .  .  .  .  .  .  .  .  .  .  .  .  .  .  .  .  .  .  .
    m= 9 | 0,9 1,9 2,9 3,9 4,9 5,9 6,9 7,9 8,9 9,9 10,9 11,9 12,9 13,9 14,9 15,9 16,9 17,9 18,9 19,9 20,9 21,9 22,9 23,9 24,9 25,9 26,9 27,9 28,9 29,9 30,9 31,9  .  .  .  .  .  .  .  .  .  .  .  .  .  .  .  .  .  .  .  .  .  .  .  .  .  .  .  .  .  .  .  .
    m=10 | 0,10 1,10 2,10 3,10 4,10 5,10 6,10 7,10 8,10 9,10 10,10 11,10 12,10 13,10 14,10 15,10 16,10 17,10 18,10 19,10 20,10 21,10 22,10 23,10 24,10 25,10 26,10 27,10 28,10 29,10 30,10 31,10  .  .  .  .  .  .  .  .  .  .  .  .  .  .  .  .  .  .  .  .  .  .  .  .  .  .  .  .  .  .  .  .
    m=11 | 0,11 1,11 2,11 3,11 4,11 5,11 6,11 7,11 8,11 9,11 10,11 11,11 12,11 13,11 14,11 15,11 16,11 17,11 18,11 19,11 20,11 21,11 22,11 23,11 24,11 25,11 26,11 27,11 28,11 29,11 30,11 31,11  .  .  .  .  .  .  .  .  .  .  .  .  .  .  .  .  .  .  .  .  .  .  .  .  .  .  .  .  .  .  .  .
    m=12 | 0,12 1,12 2,12 3,12 4,12 5,12 6,12 7,12 8,12 9,12 10,12 11,12 12,12 13,12 14,12 15,12 16,12 17,12 18,12 19,12 20,12 21,12 22,12 23,12 24,12 25,12 26,12 27,12 28,12 29,12 30,12 31,12  .  .  .  .  .  .  .  .  .  .  .  .  .  .  .  .  .  .  .  .  .  .  .  .  .  .  .  .  .  .  .  .
    m=13 | 0,13 1,13 2,13 3,13 4,13 5,13 6,13 7,13 8,13 9,13 10,13 11,13 12,13 13,13 14,13 15,13 16,13 17,13 18,13 19,13 20,13 21,13 22,13 23,13 24,13 25,13 26,13 27,13 28,13 29,13 30,13 31,13  .  .  .  .  .  .  .  .  .  .  .  .  .  .  .  .  .  .  .  .  .  .  .  .  .  .  .  .  .  .  .  .
    m=14 | 0,14 1,14 2,14 3,14 4,14 5,14 6,14 7,14 8,14 9,14 10,14 11,14 12,14 13,14 14,14 15,14 16,14 17,14 18,14 19,14 20,14 21,14 22,14 23,14 24,14 25,14 26,14 27,14 28,14 29,14 30,14 31,14  .  .  .  .  .  .  .  .  .  .  .  .  .  .  .  .  .  .  .  .  .  .  .  .  .  .  .  .  .  .  .  .
    m=15 | 0,15 1,15 2,15 3,15 4,15 5,15 6,15 7,15 8,15 9,15 10,15 11,15 12,15 13,15 14,15 15,15 16,15 17,15 18,15 19,15 20,15 21,15 22,15 23,15 24,15 25,15 26,15 27,15 28,15 29,15 30,15 31,15  .  .  .  .  .  .  .  .  .  .  .  .  .  .  .  .  .  .  .  .  .  .  .  .  .  .  .  .  .  .  .  .
    [2d-31 T0 srcStride=-2 (0,0,2,2,-2,2)] decoded=512 zero=512 other=0 fnv=0x254d6dc5
[conf 32] 2d-32 T1 base (0,0,2,2,2,2)
    m= 0 | 0,0 0,1 0,2 0,3 0,4 0,5 0,6 0,7 0,8 0,9 0,10 0,11 0,12 0,13 0,14 0,15 0,16 0,17 0,18 0,19 0,20 0,21 0,22 0,23 0,24 0,25 0,26 0,27 0,28 0,29 0,30 0,31 16,0 16,1 16,2 16,3 16,4 16,5 16,6 16,7 16,8 16,9 16,10 16,11 16,12 16,13 16,14 16,15 16,16 16,17 16,18 16,19 16,20 16,21 16,22 16,23 16,24 16,25 16,26 16,27 16,28 16,29 16,30 16,31
    m= 1 | 1,0 1,1 1,2 1,3 1,4 1,5 1,6 1,7 1,8 1,9 1,10 1,11 1,12 1,13 1,14 1,15 1,16 1,17 1,18 1,19 1,20 1,21 1,22 1,23 1,24 1,25 1,26 1,27 1,28 1,29 1,30 1,31 17,0 17,1 17,2 17,3 17,4 17,5 17,6 17,7 17,8 17,9 17,10 17,11 17,12 17,13 17,14 17,15 17,16 17,17 17,18 17,19 17,20 17,21 17,22 17,23 17,24 17,25 17,26 17,27 17,28 17,29 17,30 17,31
    m= 2 | 2,0 2,1 2,2 2,3 2,4 2,5 2,6 2,7 2,8 2,9 2,10 2,11 2,12 2,13 2,14 2,15 2,16 2,17 2,18 2,19 2,20 2,21 2,22 2,23 2,24 2,25 2,26 2,27 2,28 2,29 2,30 2,31 18,0 18,1 18,2 18,3 18,4 18,5 18,6 18,7 18,8 18,9 18,10 18,11 18,12 18,13 18,14 18,15 18,16 18,17 18,18 18,19 18,20 18,21 18,22 18,23 18,24 18,25 18,26 18,27 18,28 18,29 18,30 18,31
    m= 3 | 3,0 3,1 3,2 3,3 3,4 3,5 3,6 3,7 3,8 3,9 3,10 3,11 3,12 3,13 3,14 3,15 3,16 3,17 3,18 3,19 3,20 3,21 3,22 3,23 3,24 3,25 3,26 3,27 3,28 3,29 3,30 3,31 19,0 19,1 19,2 19,3 19,4 19,5 19,6 19,7 19,8 19,9 19,10 19,11 19,12 19,13 19,14 19,15 19,16 19,17 19,18 19,19 19,20 19,21 19,22 19,23 19,24 19,25 19,26 19,27 19,28 19,29 19,30 19,31
    m= 4 | 4,0 4,1 4,2 4,3 4,4 4,5 4,6 4,7 4,8 4,9 4,10 4,11 4,12 4,13 4,14 4,15 4,16 4,17 4,18 4,19 4,20 4,21 4,22 4,23 4,24 4,25 4,26 4,27 4,28 4,29 4,30 4,31 20,0 20,1 20,2 20,3 20,4 20,5 20,6 20,7 20,8 20,9 20,10 20,11 20,12 20,13 20,14 20,15 20,16 20,17 20,18 20,19 20,20 20,21 20,22 20,23 20,24 20,25 20,26 20,27 20,28 20,29 20,30 20,31
    m= 5 | 5,0 5,1 5,2 5,3 5,4 5,5 5,6 5,7 5,8 5,9 5,10 5,11 5,12 5,13 5,14 5,15 5,16 5,17 5,18 5,19 5,20 5,21 5,22 5,23 5,24 5,25 5,26 5,27 5,28 5,29 5,30 5,31 21,0 21,1 21,2 21,3 21,4 21,5 21,6 21,7 21,8 21,9 21,10 21,11 21,12 21,13 21,14 21,15 21,16 21,17 21,18 21,19 21,20 21,21 21,22 21,23 21,24 21,25 21,26 21,27 21,28 21,29 21,30 21,31
    m= 6 | 6,0 6,1 6,2 6,3 6,4 6,5 6,6 6,7 6,8 6,9 6,10 6,11 6,12 6,13 6,14 6,15 6,16 6,17 6,18 6,19 6,20 6,21 6,22 6,23 6,24 6,25 6,26 6,27 6,28 6,29 6,30 6,31 22,0 22,1 22,2 22,3 22,4 22,5 22,6 22,7 22,8 22,9 22,10 22,11 22,12 22,13 22,14 22,15 22,16 22,17 22,18 22,19 22,20 22,21 22,22 22,23 22,24 22,25 22,26 22,27 22,28 22,29 22,30 22,31
    m= 7 | 7,0 7,1 7,2 7,3 7,4 7,5 7,6 7,7 7,8 7,9 7,10 7,11 7,12 7,13 7,14 7,15 7,16 7,17 7,18 7,19 7,20 7,21 7,22 7,23 7,24 7,25 7,26 7,27 7,28 7,29 7,30 7,31 23,0 23,1 23,2 23,3 23,4 23,5 23,6 23,7 23,8 23,9 23,10 23,11 23,12 23,13 23,14 23,15 23,16 23,17 23,18 23,19 23,20 23,21 23,22 23,23 23,24 23,25 23,26 23,27 23,28 23,29 23,30 23,31
    m= 8 | 8,0 8,1 8,2 8,3 8,4 8,5 8,6 8,7 8,8 8,9 8,10 8,11 8,12 8,13 8,14 8,15 8,16 8,17 8,18 8,19 8,20 8,21 8,22 8,23 8,24 8,25 8,26 8,27 8,28 8,29 8,30 8,31 24,0 24,1 24,2 24,3 24,4 24,5 24,6 24,7 24,8 24,9 24,10 24,11 24,12 24,13 24,14 24,15 24,16 24,17 24,18 24,19 24,20 24,21 24,22 24,23 24,24 24,25 24,26 24,27 24,28 24,29 24,30 24,31
    m= 9 | 9,0 9,1 9,2 9,3 9,4 9,5 9,6 9,7 9,8 9,9 9,10 9,11 9,12 9,13 9,14 9,15 9,16 9,17 9,18 9,19 9,20 9,21 9,22 9,23 9,24 9,25 9,26 9,27 9,28 9,29 9,30 9,31 25,0 25,1 25,2 25,3 25,4 25,5 25,6 25,7 25,8 25,9 25,10 25,11 25,12 25,13 25,14 25,15 25,16 25,17 25,18 25,19 25,20 25,21 25,22 25,23 25,24 25,25 25,26 25,27 25,28 25,29 25,30 25,31
    m=10 | 10,0 10,1 10,2 10,3 10,4 10,5 10,6 10,7 10,8 10,9 10,10 10,11 10,12 10,13 10,14 10,15 10,16 10,17 10,18 10,19 10,20 10,21 10,22 10,23 10,24 10,25 10,26 10,27 10,28 10,29 10,30 10,31 26,0 26,1 26,2 26,3 26,4 26,5 26,6 26,7 26,8 26,9 26,10 26,11 26,12 26,13 26,14 26,15 26,16 26,17 26,18 26,19 26,20 26,21 26,22 26,23 26,24 26,25 26,26 26,27 26,28 26,29 26,30 26,31
    m=11 | 11,0 11,1 11,2 11,3 11,4 11,5 11,6 11,7 11,8 11,9 11,10 11,11 11,12 11,13 11,14 11,15 11,16 11,17 11,18 11,19 11,20 11,21 11,22 11,23 11,24 11,25 11,26 11,27 11,28 11,29 11,30 11,31 27,0 27,1 27,2 27,3 27,4 27,5 27,6 27,7 27,8 27,9 27,10 27,11 27,12 27,13 27,14 27,15 27,16 27,17 27,18 27,19 27,20 27,21 27,22 27,23 27,24 27,25 27,26 27,27 27,28 27,29 27,30 27,31
    m=12 | 12,0 12,1 12,2 12,3 12,4 12,5 12,6 12,7 12,8 12,9 12,10 12,11 12,12 12,13 12,14 12,15 12,16 12,17 12,18 12,19 12,20 12,21 12,22 12,23 12,24 12,25 12,26 12,27 12,28 12,29 12,30 12,31 28,0 28,1 28,2 28,3 28,4 28,5 28,6 28,7 28,8 28,9 28,10 28,11 28,12 28,13 28,14 28,15 28,16 28,17 28,18 28,19 28,20 28,21 28,22 28,23 28,24 28,25 28,26 28,27 28,28 28,29 28,30 28,31
    m=13 | 13,0 13,1 13,2 13,3 13,4 13,5 13,6 13,7 13,8 13,9 13,10 13,11 13,12 13,13 13,14 13,15 13,16 13,17 13,18 13,19 13,20 13,21 13,22 13,23 13,24 13,25 13,26 13,27 13,28 13,29 13,30 13,31 29,0 29,1 29,2 29,3 29,4 29,5 29,6 29,7 29,8 29,9 29,10 29,11 29,12 29,13 29,14 29,15 29,16 29,17 29,18 29,19 29,20 29,21 29,22 29,23 29,24 29,25 29,26 29,27 29,28 29,29 29,30 29,31
    m=14 | 14,0 14,1 14,2 14,3 14,4 14,5 14,6 14,7 14,8 14,9 14,10 14,11 14,12 14,13 14,14 14,15 14,16 14,17 14,18 14,19 14,20 14,21 14,22 14,23 14,24 14,25 14,26 14,27 14,28 14,29 14,30 14,31 30,0 30,1 30,2 30,3 30,4 30,5 30,6 30,7 30,8 30,9 30,10 30,11 30,12 30,13 30,14 30,15 30,16 30,17 30,18 30,19 30,20 30,21 30,22 30,23 30,24 30,25 30,26 30,27 30,28 30,29 30,30 30,31
    m=15 | 15,0 15,1 15,2 15,3 15,4 15,5 15,6 15,7 15,8 15,9 15,10 15,11 15,12 15,13 15,14 15,15 15,16 15,17 15,18 15,19 15,20 15,21 15,22 15,23 15,24 15,25 15,26 15,27 15,28 15,29 15,30 15,31 31,0 31,1 31,2 31,3 31,4 31,5 31,6 31,7 31,8 31,9 31,10 31,11 31,12 31,13 31,14 31,15 31,16 31,17 31,18 31,19 31,20 31,21 31,22 31,23 31,24 31,25 31,26 31,27 31,28 31,29 31,30 31,31
    [2d-32 T1 base (0,0,2,2,2,2)] decoded=1024 zero=0 other=0 fnv=0xc6156dc5
[conf 33] 2d-33 T1 mStep=1 (0,0,1,2,2,2)
    m= 0 | 0,0 0,1 0,2 0,3 0,4 0,5 0,6 0,7 0,8 0,9 0,10 0,11 0,12 0,13 0,14 0,15 0,16 0,17 0,18 0,19 0,20 0,21 0,22 0,23 0,24 0,25 0,26 0,27 0,28 0,29 0,30 0,31  .  .  .  .  .  .  .  .  .  .  .  .  .  .  .  .  .  .  .  .  .  .  .  .  .  .  .  .  .  .  .  .
    m= 1 | 1,0 1,1 1,2 1,3 1,4 1,5 1,6 1,7 1,8 1,9 1,10 1,11 1,12 1,13 1,14 1,15 1,16 1,17 1,18 1,19 1,20 1,21 1,22 1,23 1,24 1,25 1,26 1,27 1,28 1,29 1,30 1,31  .  .  .  .  .  .  .  .  .  .  .  .  .  .  .  .  .  .  .  .  .  .  .  .  .  .  .  .  .  .  .  .
    m= 2 | 2,0 2,1 2,2 2,3 2,4 2,5 2,6 2,7 2,8 2,9 2,10 2,11 2,12 2,13 2,14 2,15 2,16 2,17 2,18 2,19 2,20 2,21 2,22 2,23 2,24 2,25 2,26 2,27 2,28 2,29 2,30 2,31  .  .  .  .  .  .  .  .  .  .  .  .  .  .  .  .  .  .  .  .  .  .  .  .  .  .  .  .  .  .  .  .
    m= 3 | 3,0 3,1 3,2 3,3 3,4 3,5 3,6 3,7 3,8 3,9 3,10 3,11 3,12 3,13 3,14 3,15 3,16 3,17 3,18 3,19 3,20 3,21 3,22 3,23 3,24 3,25 3,26 3,27 3,28 3,29 3,30 3,31  .  .  .  .  .  .  .  .  .  .  .  .  .  .  .  .  .  .  .  .  .  .  .  .  .  .  .  .  .  .  .  .
    m= 4 | 4,0 4,1 4,2 4,3 4,4 4,5 4,6 4,7 4,8 4,9 4,10 4,11 4,12 4,13 4,14 4,15 4,16 4,17 4,18 4,19 4,20 4,21 4,22 4,23 4,24 4,25 4,26 4,27 4,28 4,29 4,30 4,31  .  .  .  .  .  .  .  .  .  .  .  .  .  .  .  .  .  .  .  .  .  .  .  .  .  .  .  .  .  .  .  .
    m= 5 | 5,0 5,1 5,2 5,3 5,4 5,5 5,6 5,7 5,8 5,9 5,10 5,11 5,12 5,13 5,14 5,15 5,16 5,17 5,18 5,19 5,20 5,21 5,22 5,23 5,24 5,25 5,26 5,27 5,28 5,29 5,30 5,31  .  .  .  .  .  .  .  .  .  .  .  .  .  .  .  .  .  .  .  .  .  .  .  .  .  .  .  .  .  .  .  .
    m= 6 | 6,0 6,1 6,2 6,3 6,4 6,5 6,6 6,7 6,8 6,9 6,10 6,11 6,12 6,13 6,14 6,15 6,16 6,17 6,18 6,19 6,20 6,21 6,22 6,23 6,24 6,25 6,26 6,27 6,28 6,29 6,30 6,31  .  .  .  .  .  .  .  .  .  .  .  .  .  .  .  .  .  .  .  .  .  .  .  .  .  .  .  .  .  .  .  .
    m= 7 | 7,0 7,1 7,2 7,3 7,4 7,5 7,6 7,7 7,8 7,9 7,10 7,11 7,12 7,13 7,14 7,15 7,16 7,17 7,18 7,19 7,20 7,21 7,22 7,23 7,24 7,25 7,26 7,27 7,28 7,29 7,30 7,31  .  .  .  .  .  .  .  .  .  .  .  .  .  .  .  .  .  .  .  .  .  .  .  .  .  .  .  .  .  .  .  .
    m= 8 | 8,0 8,1 8,2 8,3 8,4 8,5 8,6 8,7 8,8 8,9 8,10 8,11 8,12 8,13 8,14 8,15 8,16 8,17 8,18 8,19 8,20 8,21 8,22 8,23 8,24 8,25 8,26 8,27 8,28 8,29 8,30 8,31  .  .  .  .  .  .  .  .  .  .  .  .  .  .  .  .  .  .  .  .  .  .  .  .  .  .  .  .  .  .  .  .
    m= 9 | 9,0 9,1 9,2 9,3 9,4 9,5 9,6 9,7 9,8 9,9 9,10 9,11 9,12 9,13 9,14 9,15 9,16 9,17 9,18 9,19 9,20 9,21 9,22 9,23 9,24 9,25 9,26 9,27 9,28 9,29 9,30 9,31  .  .  .  .  .  .  .  .  .  .  .  .  .  .  .  .  .  .  .  .  .  .  .  .  .  .  .  .  .  .  .  .
    m=10 | 10,0 10,1 10,2 10,3 10,4 10,5 10,6 10,7 10,8 10,9 10,10 10,11 10,12 10,13 10,14 10,15 10,16 10,17 10,18 10,19 10,20 10,21 10,22 10,23 10,24 10,25 10,26 10,27 10,28 10,29 10,30 10,31  .  .  .  .  .  .  .  .  .  .  .  .  .  .  .  .  .  .  .  .  .  .  .  .  .  .  .  .  .  .  .  .
    m=11 | 11,0 11,1 11,2 11,3 11,4 11,5 11,6 11,7 11,8 11,9 11,10 11,11 11,12 11,13 11,14 11,15 11,16 11,17 11,18 11,19 11,20 11,21 11,22 11,23 11,24 11,25 11,26 11,27 11,28 11,29 11,30 11,31  .  .  .  .  .  .  .  .  .  .  .  .  .  .  .  .  .  .  .  .  .  .  .  .  .  .  .  .  .  .  .  .
    m=12 | 12,0 12,1 12,2 12,3 12,4 12,5 12,6 12,7 12,8 12,9 12,10 12,11 12,12 12,13 12,14 12,15 12,16 12,17 12,18 12,19 12,20 12,21 12,22 12,23 12,24 12,25 12,26 12,27 12,28 12,29 12,30 12,31  .  .  .  .  .  .  .  .  .  .  .  .  .  .  .  .  .  .  .  .  .  .  .  .  .  .  .  .  .  .  .  .
    m=13 | 13,0 13,1 13,2 13,3 13,4 13,5 13,6 13,7 13,8 13,9 13,10 13,11 13,12 13,13 13,14 13,15 13,16 13,17 13,18 13,19 13,20 13,21 13,22 13,23 13,24 13,25 13,26 13,27 13,28 13,29 13,30 13,31  .  .  .  .  .  .  .  .  .  .  .  .  .  .  .  .  .  .  .  .  .  .  .  .  .  .  .  .  .  .  .  .
    m=14 | 14,0 14,1 14,2 14,3 14,4 14,5 14,6 14,7 14,8 14,9 14,10 14,11 14,12 14,13 14,14 14,15 14,16 14,17 14,18 14,19 14,20 14,21 14,22 14,23 14,24 14,25 14,26 14,27 14,28 14,29 14,30 14,31  .  .  .  .  .  .  .  .  .  .  .  .  .  .  .  .  .  .  .  .  .  .  .  .  .  .  .  .  .  .  .  .
    m=15 | 15,0 15,1 15,2 15,3 15,4 15,5 15,6 15,7 15,8 15,9 15,10 15,11 15,12 15,13 15,14 15,15 15,16 15,17 15,18 15,19 15,20 15,21 15,22 15,23 15,24 15,25 15,26 15,27 15,28 15,29 15,30 15,31  .  .  .  .  .  .  .  .  .  .  .  .  .  .  .  .  .  .  .  .  .  .  .  .  .  .  .  .  .  .  .  .
    [2d-33 T1 mStep=1 (0,0,1,2,2,2)] decoded=512 zero=512 other=0 fnv=0xfe1f6dc5
[conf 34] 2d-34 T1 mStep=4 (0,0,4,2,2,2)
    m= 0 | 0,0 0,1 0,2 0,3 0,4 0,5 0,6 0,7 0,8 0,9 0,10 0,11 0,12 0,13 0,14 0,15 0,16 0,17 0,18 0,19 0,20 0,21 0,22 0,23 0,24 0,25 0,26 0,27 0,28 0,29 0,30 0,31 16,0 16,1 16,2 16,3 16,4 16,5 16,6 16,7 16,8 16,9 16,10 16,11 16,12 16,13 16,14 16,15 16,16 16,17 16,18 16,19 16,20 16,21 16,22 16,23 16,24 16,25 16,26 16,27 16,28 16,29 16,30 16,31
    m= 1 | 1,0 1,1 1,2 1,3 1,4 1,5 1,6 1,7 1,8 1,9 1,10 1,11 1,12 1,13 1,14 1,15 1,16 1,17 1,18 1,19 1,20 1,21 1,22 1,23 1,24 1,25 1,26 1,27 1,28 1,29 1,30 1,31 17,0 17,1 17,2 17,3 17,4 17,5 17,6 17,7 17,8 17,9 17,10 17,11 17,12 17,13 17,14 17,15 17,16 17,17 17,18 17,19 17,20 17,21 17,22 17,23 17,24 17,25 17,26 17,27 17,28 17,29 17,30 17,31
    m= 2 | 2,0 2,1 2,2 2,3 2,4 2,5 2,6 2,7 2,8 2,9 2,10 2,11 2,12 2,13 2,14 2,15 2,16 2,17 2,18 2,19 2,20 2,21 2,22 2,23 2,24 2,25 2,26 2,27 2,28 2,29 2,30 2,31 18,0 18,1 18,2 18,3 18,4 18,5 18,6 18,7 18,8 18,9 18,10 18,11 18,12 18,13 18,14 18,15 18,16 18,17 18,18 18,19 18,20 18,21 18,22 18,23 18,24 18,25 18,26 18,27 18,28 18,29 18,30 18,31
    m= 3 | 3,0 3,1 3,2 3,3 3,4 3,5 3,6 3,7 3,8 3,9 3,10 3,11 3,12 3,13 3,14 3,15 3,16 3,17 3,18 3,19 3,20 3,21 3,22 3,23 3,24 3,25 3,26 3,27 3,28 3,29 3,30 3,31 19,0 19,1 19,2 19,3 19,4 19,5 19,6 19,7 19,8 19,9 19,10 19,11 19,12 19,13 19,14 19,15 19,16 19,17 19,18 19,19 19,20 19,21 19,22 19,23 19,24 19,25 19,26 19,27 19,28 19,29 19,30 19,31
    m= 4 | 4,0 4,1 4,2 4,3 4,4 4,5 4,6 4,7 4,8 4,9 4,10 4,11 4,12 4,13 4,14 4,15 4,16 4,17 4,18 4,19 4,20 4,21 4,22 4,23 4,24 4,25 4,26 4,27 4,28 4,29 4,30 4,31 20,0 20,1 20,2 20,3 20,4 20,5 20,6 20,7 20,8 20,9 20,10 20,11 20,12 20,13 20,14 20,15 20,16 20,17 20,18 20,19 20,20 20,21 20,22 20,23 20,24 20,25 20,26 20,27 20,28 20,29 20,30 20,31
    m= 5 | 5,0 5,1 5,2 5,3 5,4 5,5 5,6 5,7 5,8 5,9 5,10 5,11 5,12 5,13 5,14 5,15 5,16 5,17 5,18 5,19 5,20 5,21 5,22 5,23 5,24 5,25 5,26 5,27 5,28 5,29 5,30 5,31 21,0 21,1 21,2 21,3 21,4 21,5 21,6 21,7 21,8 21,9 21,10 21,11 21,12 21,13 21,14 21,15 21,16 21,17 21,18 21,19 21,20 21,21 21,22 21,23 21,24 21,25 21,26 21,27 21,28 21,29 21,30 21,31
    m= 6 | 6,0 6,1 6,2 6,3 6,4 6,5 6,6 6,7 6,8 6,9 6,10 6,11 6,12 6,13 6,14 6,15 6,16 6,17 6,18 6,19 6,20 6,21 6,22 6,23 6,24 6,25 6,26 6,27 6,28 6,29 6,30 6,31 22,0 22,1 22,2 22,3 22,4 22,5 22,6 22,7 22,8 22,9 22,10 22,11 22,12 22,13 22,14 22,15 22,16 22,17 22,18 22,19 22,20 22,21 22,22 22,23 22,24 22,25 22,26 22,27 22,28 22,29 22,30 22,31
    m= 7 | 7,0 7,1 7,2 7,3 7,4 7,5 7,6 7,7 7,8 7,9 7,10 7,11 7,12 7,13 7,14 7,15 7,16 7,17 7,18 7,19 7,20 7,21 7,22 7,23 7,24 7,25 7,26 7,27 7,28 7,29 7,30 7,31 23,0 23,1 23,2 23,3 23,4 23,5 23,6 23,7 23,8 23,9 23,10 23,11 23,12 23,13 23,14 23,15 23,16 23,17 23,18 23,19 23,20 23,21 23,22 23,23 23,24 23,25 23,26 23,27 23,28 23,29 23,30 23,31
    m= 8 | 8,0 8,1 8,2 8,3 8,4 8,5 8,6 8,7 8,8 8,9 8,10 8,11 8,12 8,13 8,14 8,15 8,16 8,17 8,18 8,19 8,20 8,21 8,22 8,23 8,24 8,25 8,26 8,27 8,28 8,29 8,30 8,31 24,0 24,1 24,2 24,3 24,4 24,5 24,6 24,7 24,8 24,9 24,10 24,11 24,12 24,13 24,14 24,15 24,16 24,17 24,18 24,19 24,20 24,21 24,22 24,23 24,24 24,25 24,26 24,27 24,28 24,29 24,30 24,31
    m= 9 | 9,0 9,1 9,2 9,3 9,4 9,5 9,6 9,7 9,8 9,9 9,10 9,11 9,12 9,13 9,14 9,15 9,16 9,17 9,18 9,19 9,20 9,21 9,22 9,23 9,24 9,25 9,26 9,27 9,28 9,29 9,30 9,31 25,0 25,1 25,2 25,3 25,4 25,5 25,6 25,7 25,8 25,9 25,10 25,11 25,12 25,13 25,14 25,15 25,16 25,17 25,18 25,19 25,20 25,21 25,22 25,23 25,24 25,25 25,26 25,27 25,28 25,29 25,30 25,31
    m=10 | 10,0 10,1 10,2 10,3 10,4 10,5 10,6 10,7 10,8 10,9 10,10 10,11 10,12 10,13 10,14 10,15 10,16 10,17 10,18 10,19 10,20 10,21 10,22 10,23 10,24 10,25 10,26 10,27 10,28 10,29 10,30 10,31 26,0 26,1 26,2 26,3 26,4 26,5 26,6 26,7 26,8 26,9 26,10 26,11 26,12 26,13 26,14 26,15 26,16 26,17 26,18 26,19 26,20 26,21 26,22 26,23 26,24 26,25 26,26 26,27 26,28 26,29 26,30 26,31
    m=11 | 11,0 11,1 11,2 11,3 11,4 11,5 11,6 11,7 11,8 11,9 11,10 11,11 11,12 11,13 11,14 11,15 11,16 11,17 11,18 11,19 11,20 11,21 11,22 11,23 11,24 11,25 11,26 11,27 11,28 11,29 11,30 11,31 27,0 27,1 27,2 27,3 27,4 27,5 27,6 27,7 27,8 27,9 27,10 27,11 27,12 27,13 27,14 27,15 27,16 27,17 27,18 27,19 27,20 27,21 27,22 27,23 27,24 27,25 27,26 27,27 27,28 27,29 27,30 27,31
    m=12 | 12,0 12,1 12,2 12,3 12,4 12,5 12,6 12,7 12,8 12,9 12,10 12,11 12,12 12,13 12,14 12,15 12,16 12,17 12,18 12,19 12,20 12,21 12,22 12,23 12,24 12,25 12,26 12,27 12,28 12,29 12,30 12,31 28,0 28,1 28,2 28,3 28,4 28,5 28,6 28,7 28,8 28,9 28,10 28,11 28,12 28,13 28,14 28,15 28,16 28,17 28,18 28,19 28,20 28,21 28,22 28,23 28,24 28,25 28,26 28,27 28,28 28,29 28,30 28,31
    m=13 | 13,0 13,1 13,2 13,3 13,4 13,5 13,6 13,7 13,8 13,9 13,10 13,11 13,12 13,13 13,14 13,15 13,16 13,17 13,18 13,19 13,20 13,21 13,22 13,23 13,24 13,25 13,26 13,27 13,28 13,29 13,30 13,31 29,0 29,1 29,2 29,3 29,4 29,5 29,6 29,7 29,8 29,9 29,10 29,11 29,12 29,13 29,14 29,15 29,16 29,17 29,18 29,19 29,20 29,21 29,22 29,23 29,24 29,25 29,26 29,27 29,28 29,29 29,30 29,31
    m=14 | 14,0 14,1 14,2 14,3 14,4 14,5 14,6 14,7 14,8 14,9 14,10 14,11 14,12 14,13 14,14 14,15 14,16 14,17 14,18 14,19 14,20 14,21 14,22 14,23 14,24 14,25 14,26 14,27 14,28 14,29 14,30 14,31 30,0 30,1 30,2 30,3 30,4 30,5 30,6 30,7 30,8 30,9 30,10 30,11 30,12 30,13 30,14 30,15 30,16 30,17 30,18 30,19 30,20 30,21 30,22 30,23 30,24 30,25 30,26 30,27 30,28 30,29 30,30 30,31
    m=15 | 15,0 15,1 15,2 15,3 15,4 15,5 15,6 15,7 15,8 15,9 15,10 15,11 15,12 15,13 15,14 15,15 15,16 15,17 15,18 15,19 15,20 15,21 15,22 15,23 15,24 15,25 15,26 15,27 15,28 15,29 15,30 15,31 31,0 31,1 31,2 31,3 31,4 31,5 31,6 31,7 31,8 31,9 31,10 31,11 31,12 31,13 31,14 31,15 31,16 31,17 31,18 31,19 31,20 31,21 31,22 31,23 31,24 31,25 31,26 31,27 31,28 31,29 31,30 31,31
    [2d-34 T1 mStep=4 (0,0,4,2,2,2)] decoded=1024 zero=0 other=0 fnv=0xc6156dc5
[conf 35] 2d-35 T1 kStep=1 (0,0,2,1,2,2)
    m= 0 | 0,0 0,1 0,2 0,3 0,4 0,5 0,6 0,7 0,8 0,9 0,10 0,11 0,12 0,13 0,14 0,15  .  .  .  .  .  .  .  .  .  .  .  .  .  .  .  . 16,0 16,1 16,2 16,3 16,4 16,5 16,6 16,7 16,8 16,9 16,10 16,11 16,12 16,13 16,14 16,15  .  .  .  .  .  .  .  .  .  .  .  .  .  .  .  .
    m= 1 | 1,0 1,1 1,2 1,3 1,4 1,5 1,6 1,7 1,8 1,9 1,10 1,11 1,12 1,13 1,14 1,15  .  .  .  .  .  .  .  .  .  .  .  .  .  .  .  . 17,0 17,1 17,2 17,3 17,4 17,5 17,6 17,7 17,8 17,9 17,10 17,11 17,12 17,13 17,14 17,15  .  .  .  .  .  .  .  .  .  .  .  .  .  .  .  .
    m= 2 | 2,0 2,1 2,2 2,3 2,4 2,5 2,6 2,7 2,8 2,9 2,10 2,11 2,12 2,13 2,14 2,15  .  .  .  .  .  .  .  .  .  .  .  .  .  .  .  . 18,0 18,1 18,2 18,3 18,4 18,5 18,6 18,7 18,8 18,9 18,10 18,11 18,12 18,13 18,14 18,15  .  .  .  .  .  .  .  .  .  .  .  .  .  .  .  .
    m= 3 | 3,0 3,1 3,2 3,3 3,4 3,5 3,6 3,7 3,8 3,9 3,10 3,11 3,12 3,13 3,14 3,15  .  .  .  .  .  .  .  .  .  .  .  .  .  .  .  . 19,0 19,1 19,2 19,3 19,4 19,5 19,6 19,7 19,8 19,9 19,10 19,11 19,12 19,13 19,14 19,15  .  .  .  .  .  .  .  .  .  .  .  .  .  .  .  .
    m= 4 | 4,0 4,1 4,2 4,3 4,4 4,5 4,6 4,7 4,8 4,9 4,10 4,11 4,12 4,13 4,14 4,15  .  .  .  .  .  .  .  .  .  .  .  .  .  .  .  . 20,0 20,1 20,2 20,3 20,4 20,5 20,6 20,7 20,8 20,9 20,10 20,11 20,12 20,13 20,14 20,15  .  .  .  .  .  .  .  .  .  .  .  .  .  .  .  .
    m= 5 | 5,0 5,1 5,2 5,3 5,4 5,5 5,6 5,7 5,8 5,9 5,10 5,11 5,12 5,13 5,14 5,15  .  .  .  .  .  .  .  .  .  .  .  .  .  .  .  . 21,0 21,1 21,2 21,3 21,4 21,5 21,6 21,7 21,8 21,9 21,10 21,11 21,12 21,13 21,14 21,15  .  .  .  .  .  .  .  .  .  .  .  .  .  .  .  .
    m= 6 | 6,0 6,1 6,2 6,3 6,4 6,5 6,6 6,7 6,8 6,9 6,10 6,11 6,12 6,13 6,14 6,15  .  .  .  .  .  .  .  .  .  .  .  .  .  .  .  . 22,0 22,1 22,2 22,3 22,4 22,5 22,6 22,7 22,8 22,9 22,10 22,11 22,12 22,13 22,14 22,15  .  .  .  .  .  .  .  .  .  .  .  .  .  .  .  .
    m= 7 | 7,0 7,1 7,2 7,3 7,4 7,5 7,6 7,7 7,8 7,9 7,10 7,11 7,12 7,13 7,14 7,15  .  .  .  .  .  .  .  .  .  .  .  .  .  .  .  . 23,0 23,1 23,2 23,3 23,4 23,5 23,6 23,7 23,8 23,9 23,10 23,11 23,12 23,13 23,14 23,15  .  .  .  .  .  .  .  .  .  .  .  .  .  .  .  .
    m= 8 | 8,0 8,1 8,2 8,3 8,4 8,5 8,6 8,7 8,8 8,9 8,10 8,11 8,12 8,13 8,14 8,15  .  .  .  .  .  .  .  .  .  .  .  .  .  .  .  . 24,0 24,1 24,2 24,3 24,4 24,5 24,6 24,7 24,8 24,9 24,10 24,11 24,12 24,13 24,14 24,15  .  .  .  .  .  .  .  .  .  .  .  .  .  .  .  .
    m= 9 | 9,0 9,1 9,2 9,3 9,4 9,5 9,6 9,7 9,8 9,9 9,10 9,11 9,12 9,13 9,14 9,15  .  .  .  .  .  .  .  .  .  .  .  .  .  .  .  . 25,0 25,1 25,2 25,3 25,4 25,5 25,6 25,7 25,8 25,9 25,10 25,11 25,12 25,13 25,14 25,15  .  .  .  .  .  .  .  .  .  .  .  .  .  .  .  .
    m=10 | 10,0 10,1 10,2 10,3 10,4 10,5 10,6 10,7 10,8 10,9 10,10 10,11 10,12 10,13 10,14 10,15  .  .  .  .  .  .  .  .  .  .  .  .  .  .  .  . 26,0 26,1 26,2 26,3 26,4 26,5 26,6 26,7 26,8 26,9 26,10 26,11 26,12 26,13 26,14 26,15  .  .  .  .  .  .  .  .  .  .  .  .  .  .  .  .
    m=11 | 11,0 11,1 11,2 11,3 11,4 11,5 11,6 11,7 11,8 11,9 11,10 11,11 11,12 11,13 11,14 11,15  .  .  .  .  .  .  .  .  .  .  .  .  .  .  .  . 27,0 27,1 27,2 27,3 27,4 27,5 27,6 27,7 27,8 27,9 27,10 27,11 27,12 27,13 27,14 27,15  .  .  .  .  .  .  .  .  .  .  .  .  .  .  .  .
    m=12 | 12,0 12,1 12,2 12,3 12,4 12,5 12,6 12,7 12,8 12,9 12,10 12,11 12,12 12,13 12,14 12,15  .  .  .  .  .  .  .  .  .  .  .  .  .  .  .  . 28,0 28,1 28,2 28,3 28,4 28,5 28,6 28,7 28,8 28,9 28,10 28,11 28,12 28,13 28,14 28,15  .  .  .  .  .  .  .  .  .  .  .  .  .  .  .  .
    m=13 | 13,0 13,1 13,2 13,3 13,4 13,5 13,6 13,7 13,8 13,9 13,10 13,11 13,12 13,13 13,14 13,15  .  .  .  .  .  .  .  .  .  .  .  .  .  .  .  . 29,0 29,1 29,2 29,3 29,4 29,5 29,6 29,7 29,8 29,9 29,10 29,11 29,12 29,13 29,14 29,15  .  .  .  .  .  .  .  .  .  .  .  .  .  .  .  .
    m=14 | 14,0 14,1 14,2 14,3 14,4 14,5 14,6 14,7 14,8 14,9 14,10 14,11 14,12 14,13 14,14 14,15  .  .  .  .  .  .  .  .  .  .  .  .  .  .  .  . 30,0 30,1 30,2 30,3 30,4 30,5 30,6 30,7 30,8 30,9 30,10 30,11 30,12 30,13 30,14 30,15  .  .  .  .  .  .  .  .  .  .  .  .  .  .  .  .
    m=15 | 15,0 15,1 15,2 15,3 15,4 15,5 15,6 15,7 15,8 15,9 15,10 15,11 15,12 15,13 15,14 15,15  .  .  .  .  .  .  .  .  .  .  .  .  .  .  .  . 31,0 31,1 31,2 31,3 31,4 31,5 31,6 31,7 31,8 31,9 31,10 31,11 31,12 31,13 31,14 31,15  .  .  .  .  .  .  .  .  .  .  .  .  .  .  .  .
    [2d-35 T1 kStep=1 (0,0,2,1,2,2)] decoded=512 zero=512 other=0 fnv=0x0f816dc5
[conf 36] 2d-36 T1 kStep=4 (0,0,2,4,2,2)
    m= 0 | 0,0 0,1 0,2 0,3 0,4 0,5 0,6 0,7 0,8 0,9 0,10 0,11 0,12 0,13 0,14 0,15 0,16 0,17 0,18 0,19 0,20 0,21 0,22 0,23 0,24 0,25 0,26 0,27 0,28 0,29 0,30 0,31  .  .  .  .  .  .  .  .  .  .  .  .  .  .  .  . ## ## ## ## ## ## ## ## ## ## ## ## ## ## ## ##
    m= 1 | 1,0 1,1 1,2 1,3 1,4 1,5 1,6 1,7 1,8 1,9 1,10 1,11 1,12 1,13 1,14 1,15 1,16 1,17 1,18 1,19 1,20 1,21 1,22 1,23 1,24 1,25 1,26 1,27 1,28 1,29 1,30 1,31  .  .  .  .  .  .  .  .  .  .  .  .  .  .  .  . ## ## ## ## ## ## ## ## ## ## ## ## ## ## ## ##
    m= 2 | 2,0 2,1 2,2 2,3 2,4 2,5 2,6 2,7 2,8 2,9 2,10 2,11 2,12 2,13 2,14 2,15 2,16 2,17 2,18 2,19 2,20 2,21 2,22 2,23 2,24 2,25 2,26 2,27 2,28 2,29 2,30 2,31 ## ## ## ## ## ## ## ## ## ## ## ## ## ## ## ## ## ## ## ## ## ## ## ## ## ## ## ## ## ## ## ##
    m= 3 | 3,0 3,1 3,2 3,3 3,4 3,5 3,6 3,7 3,8 3,9 3,10 3,11 3,12 3,13 3,14 3,15 3,16 3,17 3,18 3,19 3,20 3,21 3,22 3,23 3,24 3,25 3,26 3,27 3,28 3,29 3,30 3,31 ## ## ## ## ## ## ## ## ## ## ## ## ## ## ## ## ## ## ## ## ## ## ## ## ## ## ## ## ## ## ## ##
    m= 4 | 4,0 4,1 4,2 4,3 4,4 4,5 4,6 4,7 4,8 4,9 4,10 4,11 4,12 4,13 4,14 4,15 4,16 4,17 4,18 4,19 4,20 4,21 4,22 4,23 4,24 4,25 4,26 4,27 4,28 4,29 4,30 4,31 ## ## ## ## ## ## ## ## ## ## ## ## ## ## ## ## ## ## ## ## ## ## ## ## ## ## ## ## ## ## ## ##
    m= 5 | 5,0 5,1 5,2 5,3 5,4 5,5 5,6 5,7 5,8 5,9 5,10 5,11 5,12 5,13 5,14 5,15 5,16 5,17 5,18 5,19 5,20 5,21 5,22 5,23 5,24 5,25 5,26 5,27 5,28 5,29 5,30 5,31 ## ## ## ## ## ## ## ## ## ## ## ## ## ## ## ## ## ## ## ## ## ## ## ## ## ## ## ## ## ## ## ##
    m= 6 | 6,0 6,1 6,2 6,3 6,4 6,5 6,6 6,7 6,8 6,9 6,10 6,11 6,12 6,13 6,14 6,15 6,16 6,17 6,18 6,19 6,20 6,21 6,22 6,23 6,24 6,25 6,26 6,27 6,28 6,29 6,30 6,31 2,11 ## ## ## ## ## ## ## ## ## ## ## ## ## ## ## ## ## ## ## ## ## ## ## ## ## ## ## ## ## ## ##
    m= 7 | 7,0 7,1 7,2 7,3 7,4 7,5 7,6 7,7 7,8 7,9 7,10 7,11 7,12 7,13 7,14 7,15 7,16 7,17 7,18 7,19 7,20 7,21 7,22 7,23 7,24 7,25 7,26 7,27 7,28 7,29 7,30 7,31 ## ## ## ## ## ## ## ## ## ## ## ## ## ## 0,19 ## ## ## ## ## ## ## ## ## ## ## ## ## ## ## ## ##
    m= 8 | 8,0 8,1 8,2 8,3 8,4 8,5 8,6 8,7 8,8 8,9 8,10 8,11 8,12 8,13 8,14 8,15 8,16 8,17 8,18 8,19 8,20 8,21 8,22 8,23 8,24 8,25 8,26 8,27 8,28 8,29 8,30 8,31 ## ## ## ## ## ## ## ## ## ## ## ## ## ## ## ## ## ## ## ## ## ## ## ## ## ## ## ## ## ## ## ##
    m= 9 | 9,0 9,1 9,2 9,3 9,4 9,5 9,6 9,7 9,8 9,9 9,10 9,11 9,12 9,13 9,14 9,15 9,16 9,17 9,18 9,19 9,20 9,21 9,22 9,23 9,24 9,25 9,26 9,27 9,28 9,29 9,30 9,31 ## ## ## ## ## ## ## ## ## ## ## ## ## ## ## ## ## ## ## ## ## ## ## ## ## ## ## ## ## ## ## ##
    m=10 | 10,0 10,1 10,2 10,3 10,4 10,5 10,6 10,7 10,8 10,9 10,10 10,11 10,12 10,13 10,14 10,15 10,16 10,17 10,18 10,19 10,20 10,21 10,22 10,23 10,24 10,25 10,26 10,27 10,28 10,29 10,30 10,31 ## ## ## ## ## ## ## ## ## ## ## ## ## ## ## ## ## ## ## ## ## ## ## ## ## ## ## ## ## ## ## ##
    m=11 | 11,0 11,1 11,2 11,3 11,4 11,5 11,6 11,7 11,8 11,9 11,10 11,11 11,12 11,13 11,14 11,15 11,16 11,17 11,18 11,19 11,20 11,21 11,22 11,23 11,24 11,25 11,26 11,27 11,28 11,29 11,30 11,31 ## ## ## ## ## ## ## ## ## ## ## ## ## ## ## ## ## ## ## ## ## ## ## ## ## ## ## ## ## ## ## ##
    m=12 | 12,0 12,1 12,2 12,3 12,4 12,5 12,6 12,7 12,8 12,9 12,10 12,11 12,12 12,13 12,14 12,15 12,16 12,17 12,18 12,19 12,20 12,21 12,22 12,23 12,24 12,25 12,26 12,27 12,28 12,29 12,30 12,31 ## ## ## ## ## ## ## ## ## ## ## ## ## ## ## ## ## ## ## ## ## ## ## ## ## ## ## ## ## ## ## ##
    m=13 | 13,0 13,1 13,2 13,3 13,4 13,5 13,6 13,7 13,8 13,9 13,10 13,11 13,12 13,13 13,14 13,15 13,16 13,17 13,18 13,19 13,20 13,21 13,22 13,23 13,24 13,25 13,26 13,27 13,28 13,29 13,30 13,31 ## ## ## ## ## ## ## ## ## ## ## ## ## ## ## ## ## ## ## ## ## ## ## ## ## ## ## ## ## ## ## ##
    m=14 | 14,0 14,1 14,2 14,3 14,4 14,5 14,6 14,7 14,8 14,9 14,10 14,11 14,12 14,13 14,14 14,15 14,16 14,17 14,18 14,19 14,20 14,21 14,22 14,23 14,24 14,25 14,26 14,27 14,28 14,29 14,30 14,31 ## ## ## ## ## ## ## ## ## ## ## ## ## ## ## ## ## ## ## ## ## ## ## ## ## ## ## ## ## ## ## ##
    m=15 | 15,0 15,1 15,2 15,3 15,4 15,5 15,6 15,7 15,8 15,9 15,10 15,11 15,12 15,13 15,14 15,15 15,16 15,17 15,18 15,19 15,20 15,21 15,22 15,23 15,24 15,25 15,26 15,27 15,28 15,29 15,30 15,31 ## ## ## ## ## ## ## ## ## ## ## ## ## ## ## ## ## ## ## ## ## ## ## ## ## ## ## ## ## ## ## ##
    [2d-36 T1 kStep=4 (0,0,2,4,2,2)] decoded=514 zero=32 other=478 fnv=0x44806dc5
[conf 37] 2d-37 T1 srcStride=1 (0,0,2,2,1,2)
    m= 0 | 0,0 0,1 0,2 0,3 0,4 0,5 0,6 0,7 0,8 0,9 0,10 0,11 0,12 0,13 0,14 0,15 16,0 16,1 16,2 16,3 16,4 16,5 16,6 16,7 16,8 16,9 16,10 16,11 16,12 16,13 16,14 16,15 16,0 16,1 16,2 16,3 16,4 16,5 16,6 16,7 16,8 16,9 16,10 16,11 16,12 16,13 16,14 16,15 0,16 0,17 0,18 0,19 0,20 0,21 0,22 0,23 0,24 0,25 0,26 0,27 0,28 0,29 0,30 0,31
    m= 1 | 1,0 1,1 1,2 1,3 1,4 1,5 1,6 1,7 1,8 1,9 1,10 1,11 1,12 1,13 1,14 1,15 17,0 17,1 17,2 17,3 17,4 17,5 17,6 17,7 17,8 17,9 17,10 17,11 17,12 17,13 17,14 17,15 17,0 17,1 17,2 17,3 17,4 17,5 17,6 17,7 17,8 17,9 17,10 17,11 17,12 17,13 17,14 17,15 1,16 1,17 1,18 1,19 1,20 1,21 1,22 1,23 1,24 1,25 1,26 1,27 1,28 1,29 1,30 1,31
    m= 2 | 2,0 2,1 2,2 2,3 2,4 2,5 2,6 2,7 2,8 2,9 2,10 2,11 2,12 2,13 2,14 2,15 18,0 18,1 18,2 18,3 18,4 18,5 18,6 18,7 18,8 18,9 18,10 18,11 18,12 18,13 18,14 18,15 18,0 18,1 18,2 18,3 18,4 18,5 18,6 18,7 18,8 18,9 18,10 18,11 18,12 18,13 18,14 18,15 2,16 2,17 2,18 2,19 2,20 2,21 2,22 2,23 2,24 2,25 2,26 2,27 2,28 2,29 2,30 2,31
    m= 3 | 3,0 3,1 3,2 3,3 3,4 3,5 3,6 3,7 3,8 3,9 3,10 3,11 3,12 3,13 3,14 3,15 19,0 19,1 19,2 19,3 19,4 19,5 19,6 19,7 19,8 19,9 19,10 19,11 19,12 19,13 19,14 19,15 19,0 19,1 19,2 19,3 19,4 19,5 19,6 19,7 19,8 19,9 19,10 19,11 19,12 19,13 19,14 19,15 3,16 3,17 3,18 3,19 3,20 3,21 3,22 3,23 3,24 3,25 3,26 3,27 3,28 3,29 3,30 3,31
    m= 4 | 4,0 4,1 4,2 4,3 4,4 4,5 4,6 4,7 4,8 4,9 4,10 4,11 4,12 4,13 4,14 4,15 20,0 20,1 20,2 20,3 20,4 20,5 20,6 20,7 20,8 20,9 20,10 20,11 20,12 20,13 20,14 20,15 20,0 20,1 20,2 20,3 20,4 20,5 20,6 20,7 20,8 20,9 20,10 20,11 20,12 20,13 20,14 20,15 4,16 4,17 4,18 4,19 4,20 4,21 4,22 4,23 4,24 4,25 4,26 4,27 4,28 4,29 4,30 4,31
    m= 5 | 5,0 5,1 5,2 5,3 5,4 5,5 5,6 5,7 5,8 5,9 5,10 5,11 5,12 5,13 5,14 5,15 21,0 21,1 21,2 21,3 21,4 21,5 21,6 21,7 21,8 21,9 21,10 21,11 21,12 21,13 21,14 21,15 21,0 21,1 21,2 21,3 21,4 21,5 21,6 21,7 21,8 21,9 21,10 21,11 21,12 21,13 21,14 21,15 5,16 5,17 5,18 5,19 5,20 5,21 5,22 5,23 5,24 5,25 5,26 5,27 5,28 5,29 5,30 5,31
    m= 6 | 6,0 6,1 6,2 6,3 6,4 6,5 6,6 6,7 6,8 6,9 6,10 6,11 6,12 6,13 6,14 6,15 22,0 22,1 22,2 22,3 22,4 22,5 22,6 22,7 22,8 22,9 22,10 22,11 22,12 22,13 22,14 22,15 22,0 22,1 22,2 22,3 22,4 22,5 22,6 22,7 22,8 22,9 22,10 22,11 22,12 22,13 22,14 22,15 6,16 6,17 6,18 6,19 6,20 6,21 6,22 6,23 6,24 6,25 6,26 6,27 6,28 6,29 6,30 6,31
    m= 7 | 7,0 7,1 7,2 7,3 7,4 7,5 7,6 7,7 7,8 7,9 7,10 7,11 7,12 7,13 7,14 7,15 23,0 23,1 23,2 23,3 23,4 23,5 23,6 23,7 23,8 23,9 23,10 23,11 23,12 23,13 23,14 23,15 23,0 23,1 23,2 23,3 23,4 23,5 23,6 23,7 23,8 23,9 23,10 23,11 23,12 23,13 23,14 23,15 7,16 7,17 7,18 7,19 7,20 7,21 7,22 7,23 7,24 7,25 7,26 7,27 7,28 7,29 7,30 7,31
    m= 8 | 8,0 8,1 8,2 8,3 8,4 8,5 8,6 8,7 8,8 8,9 8,10 8,11 8,12 8,13 8,14 8,15 24,0 24,1 24,2 24,3 24,4 24,5 24,6 24,7 24,8 24,9 24,10 24,11 24,12 24,13 24,14 24,15 24,0 24,1 24,2 24,3 24,4 24,5 24,6 24,7 24,8 24,9 24,10 24,11 24,12 24,13 24,14 24,15 8,16 8,17 8,18 8,19 8,20 8,21 8,22 8,23 8,24 8,25 8,26 8,27 8,28 8,29 8,30 8,31
    m= 9 | 9,0 9,1 9,2 9,3 9,4 9,5 9,6 9,7 9,8 9,9 9,10 9,11 9,12 9,13 9,14 9,15 25,0 25,1 25,2 25,3 25,4 25,5 25,6 25,7 25,8 25,9 25,10 25,11 25,12 25,13 25,14 25,15 25,0 25,1 25,2 25,3 25,4 25,5 25,6 25,7 25,8 25,9 25,10 25,11 25,12 25,13 25,14 25,15 9,16 9,17 9,18 9,19 9,20 9,21 9,22 9,23 9,24 9,25 9,26 9,27 9,28 9,29 9,30 9,31
    m=10 | 10,0 10,1 10,2 10,3 10,4 10,5 10,6 10,7 10,8 10,9 10,10 10,11 10,12 10,13 10,14 10,15 26,0 26,1 26,2 26,3 26,4 26,5 26,6 26,7 26,8 26,9 26,10 26,11 26,12 26,13 26,14 26,15 26,0 26,1 26,2 26,3 26,4 26,5 26,6 26,7 26,8 26,9 26,10 26,11 26,12 26,13 26,14 26,15 10,16 10,17 10,18 10,19 10,20 10,21 10,22 10,23 10,24 10,25 10,26 10,27 10,28 10,29 10,30 10,31
    m=11 | 11,0 11,1 11,2 11,3 11,4 11,5 11,6 11,7 11,8 11,9 11,10 11,11 11,12 11,13 11,14 11,15 27,0 27,1 27,2 27,3 27,4 27,5 27,6 27,7 27,8 27,9 27,10 27,11 27,12 27,13 27,14 27,15 27,0 27,1 27,2 27,3 27,4 27,5 27,6 27,7 27,8 27,9 27,10 27,11 27,12 27,13 27,14 27,15 11,16 11,17 11,18 11,19 11,20 11,21 11,22 11,23 11,24 11,25 11,26 11,27 11,28 11,29 11,30 11,31
    m=12 | 12,0 12,1 12,2 12,3 12,4 12,5 12,6 12,7 12,8 12,9 12,10 12,11 12,12 12,13 12,14 12,15 28,0 28,1 28,2 28,3 28,4 28,5 28,6 28,7 28,8 28,9 28,10 28,11 28,12 28,13 28,14 28,15 28,0 28,1 28,2 28,3 28,4 28,5 28,6 28,7 28,8 28,9 28,10 28,11 28,12 28,13 28,14 28,15 12,16 12,17 12,18 12,19 12,20 12,21 12,22 12,23 12,24 12,25 12,26 12,27 12,28 12,29 12,30 12,31
    m=13 | 13,0 13,1 13,2 13,3 13,4 13,5 13,6 13,7 13,8 13,9 13,10 13,11 13,12 13,13 13,14 13,15 29,0 29,1 29,2 29,3 29,4 29,5 29,6 29,7 29,8 29,9 29,10 29,11 29,12 29,13 29,14 29,15 29,0 29,1 29,2 29,3 29,4 29,5 29,6 29,7 29,8 29,9 29,10 29,11 29,12 29,13 29,14 29,15 13,16 13,17 13,18 13,19 13,20 13,21 13,22 13,23 13,24 13,25 13,26 13,27 13,28 13,29 13,30 13,31
    m=14 | 14,0 14,1 14,2 14,3 14,4 14,5 14,6 14,7 14,8 14,9 14,10 14,11 14,12 14,13 14,14 14,15 30,0 30,1 30,2 30,3 30,4 30,5 30,6 30,7 30,8 30,9 30,10 30,11 30,12 30,13 30,14 30,15 30,0 30,1 30,2 30,3 30,4 30,5 30,6 30,7 30,8 30,9 30,10 30,11 30,12 30,13 30,14 30,15 14,16 14,17 14,18 14,19 14,20 14,21 14,22 14,23 14,24 14,25 14,26 14,27 14,28 14,29 14,30 14,31
    m=15 | 15,0 15,1 15,2 15,3 15,4 15,5 15,6 15,7 15,8 15,9 15,10 15,11 15,12 15,13 15,14 15,15 31,0 31,1 31,2 31,3 31,4 31,5 31,6 31,7 31,8 31,9 31,10 31,11 31,12 31,13 31,14 31,15 31,0 31,1 31,2 31,3 31,4 31,5 31,6 31,7 31,8 31,9 31,10 31,11 31,12 31,13 31,14 31,15 15,16 15,17 15,18 15,19 15,20 15,21 15,22 15,23 15,24 15,25 15,26 15,27 15,28 15,29 15,30 15,31
    [2d-37 T1 srcStride=1 (0,0,2,2,1,2)] decoded=1024 zero=0 other=0 fnv=0xcc956dc5
[conf 38] 2d-38 T1 srcStride=3 (0,0,2,2,3,2)
    m= 0 | 0,0 0,1 0,2 0,3 0,4 0,5 0,6 0,7 0,8 0,9 0,10 0,11 0,12 0,13 0,14 0,15 16,16 16,17 16,18 16,19 16,20 16,21 16,22 16,23 16,24 16,25 16,26 16,27 16,28 16,29 16,30 16,31 16,0 16,1 16,2 16,3 16,4 16,5 16,6 16,7 16,8 16,9 16,10 16,11 16,12 16,13 16,14 16,15  .  .  .  .  .  .  .  .  .  .  .  .  .  .  .  .
    m= 1 | 1,0 1,1 1,2 1,3 1,4 1,5 1,6 1,7 1,8 1,9 1,10 1,11 1,12 1,13 1,14 1,15 17,16 17,17 17,18 17,19 17,20 17,21 17,22 17,23 17,24 17,25 17,26 17,27 17,28 17,29 17,30 17,31 17,0 17,1 17,2 17,3 17,4 17,5 17,6 17,7 17,8 17,9 17,10 17,11 17,12 17,13 17,14 17,15  .  .  .  .  .  .  .  .  .  .  .  .  .  .  .  .
    m= 2 | 2,0 2,1 2,2 2,3 2,4 2,5 2,6 2,7 2,8 2,9 2,10 2,11 2,12 2,13 2,14 2,15 18,16 18,17 18,18 18,19 18,20 18,21 18,22 18,23 18,24 18,25 18,26 18,27 18,28 18,29 18,30 18,31 18,0 18,1 18,2 18,3 18,4 18,5 18,6 18,7 18,8 18,9 18,10 18,11 18,12 18,13 18,14 18,15 ## ## ## ## ## ## ## ## ## ## ## ## ## ## ## ##
    m= 3 | 3,0 3,1 3,2 3,3 3,4 3,5 3,6 3,7 3,8 3,9 3,10 3,11 3,12 3,13 3,14 3,15 19,16 19,17 19,18 19,19 19,20 19,21 19,22 19,23 19,24 19,25 19,26 19,27 19,28 19,29 19,30 19,31 19,0 19,1 19,2 19,3 19,4 19,5 19,6 19,7 19,8 19,9 19,10 19,11 19,12 19,13 19,14 19,15 ## ## ## ## ## ## ## ## ## ## ## ## ## ## ## ##
    m= 4 | 4,0 4,1 4,2 4,3 4,4 4,5 4,6 4,7 4,8 4,9 4,10 4,11 4,12 4,13 4,14 4,15 20,16 20,17 20,18 20,19 20,20 20,21 20,22 20,23 20,24 20,25 20,26 20,27 20,28 20,29 20,30 20,31 20,0 20,1 20,2 20,3 20,4 20,5 20,6 20,7 20,8 20,9 20,10 20,11 20,12 20,13 20,14 20,15 ## ## ## ## ## ## ## ## ## ## ## ## ## ## ## ##
    m= 5 | 5,0 5,1 5,2 5,3 5,4 5,5 5,6 5,7 5,8 5,9 5,10 5,11 5,12 5,13 5,14 5,15 21,16 21,17 21,18 21,19 21,20 21,21 21,22 21,23 21,24 21,25 21,26 21,27 21,28 21,29 21,30 21,31 21,0 21,1 21,2 21,3 21,4 21,5 21,6 21,7 21,8 21,9 21,10 21,11 21,12 21,13 21,14 21,15 ## ## ## ## ## ## ## ## ## ## ## ## ## ## ## ##
    m= 6 | 6,0 6,1 6,2 6,3 6,4 6,5 6,6 6,7 6,8 6,9 6,10 6,11 6,12 6,13 6,14 6,15 22,16 22,17 22,18 22,19 22,20 22,21 22,22 22,23 22,24 22,25 22,26 22,27 22,28 22,29 22,30 22,31 22,0 22,1 22,2 22,3 22,4 22,5 22,6 22,7 22,8 22,9 22,10 22,11 22,12 22,13 22,14 22,15 2,11 ## ## ## ## ## ## ## ## ## ## ## ## ## ## ##
    m= 7 | 7,0 7,1 7,2 7,3 7,4 7,5 7,6 7,7 7,8 7,9 7,10 7,11 7,12 7,13 7,14 7,15 23,16 23,17 23,18 23,19 23,20 23,21 23,22 23,23 23,24 23,25 23,26 23,27 23,28 23,29 23,30 23,31 23,0 23,1 23,2 23,3 23,4 23,5 23,6 23,7 23,8 23,9 23,10 23,11 23,12 23,13 23,14 23,15 ## ## ## ## ## ## ## ## ## ## ## ## ## ## 0,19 ##
    m= 8 | 8,0 8,1 8,2 8,3 8,4 8,5 8,6 8,7 8,8 8,9 8,10 8,11 8,12 8,13 8,14 8,15 24,16 24,17 24,18 24,19 24,20 24,21 24,22 24,23 24,24 24,25 24,26 24,27 24,28 24,29 24,30 24,31 24,0 24,1 24,2 24,3 24,4 24,5 24,6 24,7 24,8 24,9 24,10 24,11 24,12 24,13 24,14 24,15 ## ## ## ## ## ## ## ## ## ## ## ## ## ## ## ##
    m= 9 | 9,0 9,1 9,2 9,3 9,4 9,5 9,6 9,7 9,8 9,9 9,10 9,11 9,12 9,13 9,14 9,15 25,16 25,17 25,18 25,19 25,20 25,21 25,22 25,23 25,24 25,25 25,26 25,27 25,28 25,29 25,30 25,31 25,0 25,1 25,2 25,3 25,4 25,5 25,6 25,7 25,8 25,9 25,10 25,11 25,12 25,13 25,14 25,15 ## ## ## ## ## ## ## ## ## ## ## ## ## ## ## ##
    m=10 | 10,0 10,1 10,2 10,3 10,4 10,5 10,6 10,7 10,8 10,9 10,10 10,11 10,12 10,13 10,14 10,15 26,16 26,17 26,18 26,19 26,20 26,21 26,22 26,23 26,24 26,25 26,26 26,27 26,28 26,29 26,30 26,31 26,0 26,1 26,2 26,3 26,4 26,5 26,6 26,7 26,8 26,9 26,10 26,11 26,12 26,13 26,14 26,15 ## ## ## ## ## ## ## ## ## ## ## ## ## ## ## ##
    m=11 | 11,0 11,1 11,2 11,3 11,4 11,5 11,6 11,7 11,8 11,9 11,10 11,11 11,12 11,13 11,14 11,15 27,16 27,17 27,18 27,19 27,20 27,21 27,22 27,23 27,24 27,25 27,26 27,27 27,28 27,29 27,30 27,31 27,0 27,1 27,2 27,3 27,4 27,5 27,6 27,7 27,8 27,9 27,10 27,11 27,12 27,13 27,14 27,15 ## ## ## ## ## ## ## ## ## ## ## ## ## ## ## ##
    m=12 | 12,0 12,1 12,2 12,3 12,4 12,5 12,6 12,7 12,8 12,9 12,10 12,11 12,12 12,13 12,14 12,15 28,16 28,17 28,18 28,19 28,20 28,21 28,22 28,23 28,24 28,25 28,26 28,27 28,28 28,29 28,30 28,31 28,0 28,1 28,2 28,3 28,4 28,5 28,6 28,7 28,8 28,9 28,10 28,11 28,12 28,13 28,14 28,15 ## ## ## ## ## ## ## ## ## ## ## ## ## ## ## ##
    m=13 | 13,0 13,1 13,2 13,3 13,4 13,5 13,6 13,7 13,8 13,9 13,10 13,11 13,12 13,13 13,14 13,15 29,16 29,17 29,18 29,19 29,20 29,21 29,22 29,23 29,24 29,25 29,26 29,27 29,28 29,29 29,30 29,31 29,0 29,1 29,2 29,3 29,4 29,5 29,6 29,7 29,8 29,9 29,10 29,11 29,12 29,13 29,14 29,15 ## ## ## ## ## ## ## ## ## ## ## ## ## ## ## ##
    m=14 | 14,0 14,1 14,2 14,3 14,4 14,5 14,6 14,7 14,8 14,9 14,10 14,11 14,12 14,13 14,14 14,15 30,16 30,17 30,18 30,19 30,20 30,21 30,22 30,23 30,24 30,25 30,26 30,27 30,28 30,29 30,30 30,31 30,0 30,1 30,2 30,3 30,4 30,5 30,6 30,7 30,8 30,9 30,10 30,11 30,12 30,13 30,14 30,15 ## ## ## ## ## ## ## ## ## ## ## ## ## ## ## ##
    m=15 | 15,0 15,1 15,2 15,3 15,4 15,5 15,6 15,7 15,8 15,9 15,10 15,11 15,12 15,13 15,14 15,15 31,16 31,17 31,18 31,19 31,20 31,21 31,22 31,23 31,24 31,25 31,26 31,27 31,28 31,29 31,30 31,31 31,0 31,1 31,2 31,3 31,4 31,5 31,6 31,7 31,8 31,9 31,10 31,11 31,12 31,13 31,14 31,15 ## ## ## ## ## ## ## ## ## ## ## ## ## ## ## ##
    [2d-38 T1 srcStride=3 (0,0,2,2,3,2)] decoded=770 zero=32 other=222 fnv=0xbe486dc5
[conf 39] 2d-39 T1 dstStride=1 (0,0,2,2,2,1)
    m= 0 | 0,0 0,1 0,2 0,3 0,4 0,5 0,6 0,7 0,8 0,9 0,10 0,11 0,12 0,13 0,14 0,15 0,16 0,17 0,18 0,19 0,20 0,21 0,22 0,23 0,24 0,25 0,26 0,27 0,28 0,29 0,30 0,31 16,16 16,17 16,18 16,19 16,20 16,21 16,22 16,23 16,24 16,25 16,26 16,27 16,28 16,29 16,30 16,31  .  .  .  .  .  .  .  .  .  .  .  .  .  .  .  .
    m= 1 | 1,0 1,1 1,2 1,3 1,4 1,5 1,6 1,7 1,8 1,9 1,10 1,11 1,12 1,13 1,14 1,15 1,16 1,17 1,18 1,19 1,20 1,21 1,22 1,23 1,24 1,25 1,26 1,27 1,28 1,29 1,30 1,31 17,16 17,17 17,18 17,19 17,20 17,21 17,22 17,23 17,24 17,25 17,26 17,27 17,28 17,29 17,30 17,31  .  .  .  .  .  .  .  .  .  .  .  .  .  .  .  .
    m= 2 | 2,0 2,1 2,2 2,3 2,4 2,5 2,6 2,7 2,8 2,9 2,10 2,11 2,12 2,13 2,14 2,15 2,16 2,17 2,18 2,19 2,20 2,21 2,22 2,23 2,24 2,25 2,26 2,27 2,28 2,29 2,30 2,31 18,16 18,17 18,18 18,19 18,20 18,21 18,22 18,23 18,24 18,25 18,26 18,27 18,28 18,29 18,30 18,31  .  .  .  .  .  .  .  .  .  .  .  .  .  .  .  .
    m= 3 | 3,0 3,1 3,2 3,3 3,4 3,5 3,6 3,7 3,8 3,9 3,10 3,11 3,12 3,13 3,14 3,15 3,16 3,17 3,18 3,19 3,20 3,21 3,22 3,23 3,24 3,25 3,26 3,27 3,28 3,29 3,30 3,31 19,16 19,17 19,18 19,19 19,20 19,21 19,22 19,23 19,24 19,25 19,26 19,27 19,28 19,29 19,30 19,31  .  .  .  .  .  .  .  .  .  .  .  .  .  .  .  .
    m= 4 | 4,0 4,1 4,2 4,3 4,4 4,5 4,6 4,7 4,8 4,9 4,10 4,11 4,12 4,13 4,14 4,15 4,16 4,17 4,18 4,19 4,20 4,21 4,22 4,23 4,24 4,25 4,26 4,27 4,28 4,29 4,30 4,31 20,16 20,17 20,18 20,19 20,20 20,21 20,22 20,23 20,24 20,25 20,26 20,27 20,28 20,29 20,30 20,31  .  .  .  .  .  .  .  .  .  .  .  .  .  .  .  .
    m= 5 | 5,0 5,1 5,2 5,3 5,4 5,5 5,6 5,7 5,8 5,9 5,10 5,11 5,12 5,13 5,14 5,15 5,16 5,17 5,18 5,19 5,20 5,21 5,22 5,23 5,24 5,25 5,26 5,27 5,28 5,29 5,30 5,31 21,16 21,17 21,18 21,19 21,20 21,21 21,22 21,23 21,24 21,25 21,26 21,27 21,28 21,29 21,30 21,31  .  .  .  .  .  .  .  .  .  .  .  .  .  .  .  .
    m= 6 | 6,0 6,1 6,2 6,3 6,4 6,5 6,6 6,7 6,8 6,9 6,10 6,11 6,12 6,13 6,14 6,15 6,16 6,17 6,18 6,19 6,20 6,21 6,22 6,23 6,24 6,25 6,26 6,27 6,28 6,29 6,30 6,31 22,16 22,17 22,18 22,19 22,20 22,21 22,22 22,23 22,24 22,25 22,26 22,27 22,28 22,29 22,30 22,31  .  .  .  .  .  .  .  .  .  .  .  .  .  .  .  .
    m= 7 | 7,0 7,1 7,2 7,3 7,4 7,5 7,6 7,7 7,8 7,9 7,10 7,11 7,12 7,13 7,14 7,15 7,16 7,17 7,18 7,19 7,20 7,21 7,22 7,23 7,24 7,25 7,26 7,27 7,28 7,29 7,30 7,31 23,16 23,17 23,18 23,19 23,20 23,21 23,22 23,23 23,24 23,25 23,26 23,27 23,28 23,29 23,30 23,31  .  .  .  .  .  .  .  .  .  .  .  .  .  .  .  .
    m= 8 | 8,0 8,1 8,2 8,3 8,4 8,5 8,6 8,7 8,8 8,9 8,10 8,11 8,12 8,13 8,14 8,15 8,16 8,17 8,18 8,19 8,20 8,21 8,22 8,23 8,24 8,25 8,26 8,27 8,28 8,29 8,30 8,31 24,16 24,17 24,18 24,19 24,20 24,21 24,22 24,23 24,24 24,25 24,26 24,27 24,28 24,29 24,30 24,31  .  .  .  .  .  .  .  .  .  .  .  .  .  .  .  .
    m= 9 | 9,0 9,1 9,2 9,3 9,4 9,5 9,6 9,7 9,8 9,9 9,10 9,11 9,12 9,13 9,14 9,15 9,16 9,17 9,18 9,19 9,20 9,21 9,22 9,23 9,24 9,25 9,26 9,27 9,28 9,29 9,30 9,31 25,16 25,17 25,18 25,19 25,20 25,21 25,22 25,23 25,24 25,25 25,26 25,27 25,28 25,29 25,30 25,31  .  .  .  .  .  .  .  .  .  .  .  .  .  .  .  .
    m=10 | 10,0 10,1 10,2 10,3 10,4 10,5 10,6 10,7 10,8 10,9 10,10 10,11 10,12 10,13 10,14 10,15 10,16 10,17 10,18 10,19 10,20 10,21 10,22 10,23 10,24 10,25 10,26 10,27 10,28 10,29 10,30 10,31 26,16 26,17 26,18 26,19 26,20 26,21 26,22 26,23 26,24 26,25 26,26 26,27 26,28 26,29 26,30 26,31  .  .  .  .  .  .  .  .  .  .  .  .  .  .  .  .
    m=11 | 11,0 11,1 11,2 11,3 11,4 11,5 11,6 11,7 11,8 11,9 11,10 11,11 11,12 11,13 11,14 11,15 11,16 11,17 11,18 11,19 11,20 11,21 11,22 11,23 11,24 11,25 11,26 11,27 11,28 11,29 11,30 11,31 27,16 27,17 27,18 27,19 27,20 27,21 27,22 27,23 27,24 27,25 27,26 27,27 27,28 27,29 27,30 27,31  .  .  .  .  .  .  .  .  .  .  .  .  .  .  .  .
    m=12 | 12,0 12,1 12,2 12,3 12,4 12,5 12,6 12,7 12,8 12,9 12,10 12,11 12,12 12,13 12,14 12,15 12,16 12,17 12,18 12,19 12,20 12,21 12,22 12,23 12,24 12,25 12,26 12,27 12,28 12,29 12,30 12,31 28,16 28,17 28,18 28,19 28,20 28,21 28,22 28,23 28,24 28,25 28,26 28,27 28,28 28,29 28,30 28,31  .  .  .  .  .  .  .  .  .  .  .  .  .  .  .  .
    m=13 | 13,0 13,1 13,2 13,3 13,4 13,5 13,6 13,7 13,8 13,9 13,10 13,11 13,12 13,13 13,14 13,15 13,16 13,17 13,18 13,19 13,20 13,21 13,22 13,23 13,24 13,25 13,26 13,27 13,28 13,29 13,30 13,31 29,16 29,17 29,18 29,19 29,20 29,21 29,22 29,23 29,24 29,25 29,26 29,27 29,28 29,29 29,30 29,31  .  .  .  .  .  .  .  .  .  .  .  .  .  .  .  .
    m=14 | 14,0 14,1 14,2 14,3 14,4 14,5 14,6 14,7 14,8 14,9 14,10 14,11 14,12 14,13 14,14 14,15 14,16 14,17 14,18 14,19 14,20 14,21 14,22 14,23 14,24 14,25 14,26 14,27 14,28 14,29 14,30 14,31 30,16 30,17 30,18 30,19 30,20 30,21 30,22 30,23 30,24 30,25 30,26 30,27 30,28 30,29 30,30 30,31  .  .  .  .  .  .  .  .  .  .  .  .  .  .  .  .
    m=15 | 15,0 15,1 15,2 15,3 15,4 15,5 15,6 15,7 15,8 15,9 15,10 15,11 15,12 15,13 15,14 15,15 15,16 15,17 15,18 15,19 15,20 15,21 15,22 15,23 15,24 15,25 15,26 15,27 15,28 15,29 15,30 15,31 31,16 31,17 31,18 31,19 31,20 31,21 31,22 31,23 31,24 31,25 31,26 31,27 31,28 31,29 31,30 31,31  .  .  .  .  .  .  .  .  .  .  .  .  .  .  .  .
    [2d-39 T1 dstStride=1 (0,0,2,2,2,1)] decoded=768 zero=256 other=0 fnv=0x83d76dc5
[conf 40] 2d-40 T1 dstStride=4 (0,0,2,2,2,4)
    m= 0 | 0,0 0,1 0,2 0,3 0,4 0,5 0,6 0,7 0,8 0,9 0,10 0,11 0,12 0,13 0,14 0,15 0,16 0,17 0,18 0,19 0,20 0,21 0,22 0,23 0,24 0,25 0,26 0,27 0,28 0,29 0,30 0,31  .  .  .  .  .  .  .  .  .  .  .  .  .  .  .  .  .  .  .  .  .  .  .  .  .  .  .  .  .  .  .  .
    m= 1 | 1,0 1,1 1,2 1,3 1,4 1,5 1,6 1,7 1,8 1,9 1,10 1,11 1,12 1,13 1,14 1,15 1,16 1,17 1,18 1,19 1,20 1,21 1,22 1,23 1,24 1,25 1,26 1,27 1,28 1,29 1,30 1,31  .  .  .  .  .  .  .  .  .  .  .  .  .  .  .  .  .  .  .  .  .  .  .  .  .  .  .  .  .  .  .  .
    m= 2 | 2,0 2,1 2,2 2,3 2,4 2,5 2,6 2,7 2,8 2,9 2,10 2,11 2,12 2,13 2,14 2,15 2,16 2,17 2,18 2,19 2,20 2,21 2,22 2,23 2,24 2,25 2,26 2,27 2,28 2,29 2,30 2,31  .  .  .  .  .  .  .  .  .  .  .  .  .  .  .  .  .  .  .  .  .  .  .  .  .  .  .  .  .  .  .  .
    m= 3 | 3,0 3,1 3,2 3,3 3,4 3,5 3,6 3,7 3,8 3,9 3,10 3,11 3,12 3,13 3,14 3,15 3,16 3,17 3,18 3,19 3,20 3,21 3,22 3,23 3,24 3,25 3,26 3,27 3,28 3,29 3,30 3,31  .  .  .  .  .  .  .  .  .  .  .  .  .  .  .  .  .  .  .  .  .  .  .  .  .  .  .  .  .  .  .  .
    m= 4 | 4,0 4,1 4,2 4,3 4,4 4,5 4,6 4,7 4,8 4,9 4,10 4,11 4,12 4,13 4,14 4,15 4,16 4,17 4,18 4,19 4,20 4,21 4,22 4,23 4,24 4,25 4,26 4,27 4,28 4,29 4,30 4,31  .  .  .  .  .  .  .  .  .  .  .  .  .  .  .  .  .  .  .  .  .  .  .  .  .  .  .  .  .  .  .  .
    m= 5 | 5,0 5,1 5,2 5,3 5,4 5,5 5,6 5,7 5,8 5,9 5,10 5,11 5,12 5,13 5,14 5,15 5,16 5,17 5,18 5,19 5,20 5,21 5,22 5,23 5,24 5,25 5,26 5,27 5,28 5,29 5,30 5,31  .  .  .  .  .  .  .  .  .  .  .  .  .  .  .  .  .  .  .  .  .  .  .  .  .  .  .  .  .  .  .  .
    m= 6 | 6,0 6,1 6,2 6,3 6,4 6,5 6,6 6,7 6,8 6,9 6,10 6,11 6,12 6,13 6,14 6,15 6,16 6,17 6,18 6,19 6,20 6,21 6,22 6,23 6,24 6,25 6,26 6,27 6,28 6,29 6,30 6,31  .  .  .  .  .  .  .  .  .  .  .  .  .  .  .  .  .  .  .  .  .  .  .  .  .  .  .  .  .  .  .  .
    m= 7 | 7,0 7,1 7,2 7,3 7,4 7,5 7,6 7,7 7,8 7,9 7,10 7,11 7,12 7,13 7,14 7,15 7,16 7,17 7,18 7,19 7,20 7,21 7,22 7,23 7,24 7,25 7,26 7,27 7,28 7,29 7,30 7,31  .  .  .  .  .  .  .  .  .  .  .  .  .  .  .  .  .  .  .  .  .  .  .  .  .  .  .  .  .  .  .  .
    m= 8 | 8,0 8,1 8,2 8,3 8,4 8,5 8,6 8,7 8,8 8,9 8,10 8,11 8,12 8,13 8,14 8,15 8,16 8,17 8,18 8,19 8,20 8,21 8,22 8,23 8,24 8,25 8,26 8,27 8,28 8,29 8,30 8,31  .  .  .  .  .  .  .  .  .  .  .  .  .  .  .  .  .  .  .  .  .  .  .  .  .  .  .  .  .  .  .  .
    m= 9 | 9,0 9,1 9,2 9,3 9,4 9,5 9,6 9,7 9,8 9,9 9,10 9,11 9,12 9,13 9,14 9,15 9,16 9,17 9,18 9,19 9,20 9,21 9,22 9,23 9,24 9,25 9,26 9,27 9,28 9,29 9,30 9,31  .  .  .  .  .  .  .  .  .  .  .  .  .  .  .  .  .  .  .  .  .  .  .  .  .  .  .  .  .  .  .  .
    m=10 | 10,0 10,1 10,2 10,3 10,4 10,5 10,6 10,7 10,8 10,9 10,10 10,11 10,12 10,13 10,14 10,15 10,16 10,17 10,18 10,19 10,20 10,21 10,22 10,23 10,24 10,25 10,26 10,27 10,28 10,29 10,30 10,31  .  .  .  .  .  .  .  .  .  .  .  .  .  .  .  .  .  .  .  .  .  .  .  .  .  .  .  .  .  .  .  .
    m=11 | 11,0 11,1 11,2 11,3 11,4 11,5 11,6 11,7 11,8 11,9 11,10 11,11 11,12 11,13 11,14 11,15 11,16 11,17 11,18 11,19 11,20 11,21 11,22 11,23 11,24 11,25 11,26 11,27 11,28 11,29 11,30 11,31  .  .  .  .  .  .  .  .  .  .  .  .  .  .  .  .  .  .  .  .  .  .  .  .  .  .  .  .  .  .  .  .
    m=12 | 12,0 12,1 12,2 12,3 12,4 12,5 12,6 12,7 12,8 12,9 12,10 12,11 12,12 12,13 12,14 12,15 12,16 12,17 12,18 12,19 12,20 12,21 12,22 12,23 12,24 12,25 12,26 12,27 12,28 12,29 12,30 12,31  .  .  .  .  .  .  .  .  .  .  .  .  .  .  .  .  .  .  .  .  .  .  .  .  .  .  .  .  .  .  .  .
    m=13 | 13,0 13,1 13,2 13,3 13,4 13,5 13,6 13,7 13,8 13,9 13,10 13,11 13,12 13,13 13,14 13,15 13,16 13,17 13,18 13,19 13,20 13,21 13,22 13,23 13,24 13,25 13,26 13,27 13,28 13,29 13,30 13,31  .  .  .  .  .  .  .  .  .  .  .  .  .  .  .  .  .  .  .  .  .  .  .  .  .  .  .  .  .  .  .  .
    m=14 | 14,0 14,1 14,2 14,3 14,4 14,5 14,6 14,7 14,8 14,9 14,10 14,11 14,12 14,13 14,14 14,15 14,16 14,17 14,18 14,19 14,20 14,21 14,22 14,23 14,24 14,25 14,26 14,27 14,28 14,29 14,30 14,31  .  .  .  .  .  .  .  .  .  .  .  .  .  .  .  .  .  .  .  .  .  .  .  .  .  .  .  .  .  .  .  .
    m=15 | 15,0 15,1 15,2 15,3 15,4 15,5 15,6 15,7 15,8 15,9 15,10 15,11 15,12 15,13 15,14 15,15 15,16 15,17 15,18 15,19 15,20 15,21 15,22 15,23 15,24 15,25 15,26 15,27 15,28 15,29 15,30 15,31  .  .  .  .  .  .  .  .  .  .  .  .  .  .  .  .  .  .  .  .  .  .  .  .  .  .  .  .  .  .  .  .
    [2d-40 T1 dstStride=4 (0,0,2,2,2,4)] decoded=512 zero=512 other=0 fnv=0xfe1f6dc5
[conf 41] 2d-41 T1 mStart=1 (1,0,2,2,2,2)
    m= 0 | 16,0 16,1 16,2 16,3 16,4 16,5 16,6 16,7 16,8 16,9 16,10 16,11 16,12 16,13 16,14 16,15 16,16 16,17 16,18 16,19 16,20 16,21 16,22 16,23 16,24 16,25 16,26 16,27 16,28 16,29 16,30 16,31 0,16 0,17 0,18 0,19 0,20 0,21 0,22 0,23 0,24 0,25 0,26 0,27 0,28 0,29 0,30 0,31  .  .  .  .  .  .  .  .  .  .  .  .  .  .  .  .
    m= 1 | 17,0 17,1 17,2 17,3 17,4 17,5 17,6 17,7 17,8 17,9 17,10 17,11 17,12 17,13 17,14 17,15 17,16 17,17 17,18 17,19 17,20 17,21 17,22 17,23 17,24 17,25 17,26 17,27 17,28 17,29 17,30 17,31 1,16 1,17 1,18 1,19 1,20 1,21 1,22 1,23 1,24 1,25 1,26 1,27 1,28 1,29 1,30 1,31  .  .  .  .  .  .  .  .  .  .  .  .  .  .  .  .
    m= 2 | 18,0 18,1 18,2 18,3 18,4 18,5 18,6 18,7 18,8 18,9 18,10 18,11 18,12 18,13 18,14 18,15 18,16 18,17 18,18 18,19 18,20 18,21 18,22 18,23 18,24 18,25 18,26 18,27 18,28 18,29 18,30 18,31 2,16 2,17 2,18 2,19 2,20 2,21 2,22 2,23 2,24 2,25 2,26 2,27 2,28 2,29 2,30 2,31 ## ## ## ## ## ## ## ## ## ## ## ## ## ## ## ##
    m= 3 | 19,0 19,1 19,2 19,3 19,4 19,5 19,6 19,7 19,8 19,9 19,10 19,11 19,12 19,13 19,14 19,15 19,16 19,17 19,18 19,19 19,20 19,21 19,22 19,23 19,24 19,25 19,26 19,27 19,28 19,29 19,30 19,31 3,16 3,17 3,18 3,19 3,20 3,21 3,22 3,23 3,24 3,25 3,26 3,27 3,28 3,29 3,30 3,31 ## ## ## ## ## ## ## ## ## ## ## ## ## ## ## ##
    m= 4 | 20,0 20,1 20,2 20,3 20,4 20,5 20,6 20,7 20,8 20,9 20,10 20,11 20,12 20,13 20,14 20,15 20,16 20,17 20,18 20,19 20,20 20,21 20,22 20,23 20,24 20,25 20,26 20,27 20,28 20,29 20,30 20,31 4,16 4,17 4,18 4,19 4,20 4,21 4,22 4,23 4,24 4,25 4,26 4,27 4,28 4,29 4,30 4,31 ## ## ## ## ## ## ## ## ## ## ## ## ## ## ## ##
    m= 5 | 21,0 21,1 21,2 21,3 21,4 21,5 21,6 21,7 21,8 21,9 21,10 21,11 21,12 21,13 21,14 21,15 21,16 21,17 21,18 21,19 21,20 21,21 21,22 21,23 21,24 21,25 21,26 21,27 21,28 21,29 21,30 21,31 5,16 5,17 5,18 5,19 5,20 5,21 5,22 5,23 5,24 5,25 5,26 5,27 5,28 5,29 5,30 5,31 ## ## ## ## ## ## ## ## ## ## ## ## ## ## ## ##
    m= 6 | 22,0 22,1 22,2 22,3 22,4 22,5 22,6 22,7 22,8 22,9 22,10 22,11 22,12 22,13 22,14 22,15 22,16 22,17 22,18 22,19 22,20 22,21 22,22 22,23 22,24 22,25 22,26 22,27 22,28 22,29 22,30 22,31 6,16 6,17 6,18 6,19 6,20 6,21 6,22 6,23 6,24 6,25 6,26 6,27 6,28 6,29 6,30 6,31 2,11 ## ## ## ## ## ## ## ## ## ## ## ## ## ## ##
    m= 7 | 23,0 23,1 23,2 23,3 23,4 23,5 23,6 23,7 23,8 23,9 23,10 23,11 23,12 23,13 23,14 23,15 23,16 23,17 23,18 23,19 23,20 23,21 23,22 23,23 23,24 23,25 23,26 23,27 23,28 23,29 23,30 23,31 7,16 7,17 7,18 7,19 7,20 7,21 7,22 7,23 7,24 7,25 7,26 7,27 7,28 7,29 7,30 7,31 ## ## ## ## ## ## ## ## ## ## ## ## ## ## 0,19 ##
    m= 8 | 24,0 24,1 24,2 24,3 24,4 24,5 24,6 24,7 24,8 24,9 24,10 24,11 24,12 24,13 24,14 24,15 24,16 24,17 24,18 24,19 24,20 24,21 24,22 24,23 24,24 24,25 24,26 24,27 24,28 24,29 24,30 24,31 8,16 8,17 8,18 8,19 8,20 8,21 8,22 8,23 8,24 8,25 8,26 8,27 8,28 8,29 8,30 8,31 ## ## ## ## ## ## ## ## ## ## ## ## ## ## ## ##
    m= 9 | 25,0 25,1 25,2 25,3 25,4 25,5 25,6 25,7 25,8 25,9 25,10 25,11 25,12 25,13 25,14 25,15 25,16 25,17 25,18 25,19 25,20 25,21 25,22 25,23 25,24 25,25 25,26 25,27 25,28 25,29 25,30 25,31 9,16 9,17 9,18 9,19 9,20 9,21 9,22 9,23 9,24 9,25 9,26 9,27 9,28 9,29 9,30 9,31 ## ## ## ## ## ## ## ## ## ## ## ## ## ## ## ##
    m=10 | 26,0 26,1 26,2 26,3 26,4 26,5 26,6 26,7 26,8 26,9 26,10 26,11 26,12 26,13 26,14 26,15 26,16 26,17 26,18 26,19 26,20 26,21 26,22 26,23 26,24 26,25 26,26 26,27 26,28 26,29 26,30 26,31 10,16 10,17 10,18 10,19 10,20 10,21 10,22 10,23 10,24 10,25 10,26 10,27 10,28 10,29 10,30 10,31 ## ## ## ## ## ## ## ## ## ## ## ## ## ## ## ##
    m=11 | 27,0 27,1 27,2 27,3 27,4 27,5 27,6 27,7 27,8 27,9 27,10 27,11 27,12 27,13 27,14 27,15 27,16 27,17 27,18 27,19 27,20 27,21 27,22 27,23 27,24 27,25 27,26 27,27 27,28 27,29 27,30 27,31 11,16 11,17 11,18 11,19 11,20 11,21 11,22 11,23 11,24 11,25 11,26 11,27 11,28 11,29 11,30 11,31 ## ## ## ## ## ## ## ## ## ## ## ## ## ## ## ##
    m=12 | 28,0 28,1 28,2 28,3 28,4 28,5 28,6 28,7 28,8 28,9 28,10 28,11 28,12 28,13 28,14 28,15 28,16 28,17 28,18 28,19 28,20 28,21 28,22 28,23 28,24 28,25 28,26 28,27 28,28 28,29 28,30 28,31 12,16 12,17 12,18 12,19 12,20 12,21 12,22 12,23 12,24 12,25 12,26 12,27 12,28 12,29 12,30 12,31 ## ## ## ## ## ## ## ## ## ## ## ## ## ## ## ##
    m=13 | 29,0 29,1 29,2 29,3 29,4 29,5 29,6 29,7 29,8 29,9 29,10 29,11 29,12 29,13 29,14 29,15 29,16 29,17 29,18 29,19 29,20 29,21 29,22 29,23 29,24 29,25 29,26 29,27 29,28 29,29 29,30 29,31 13,16 13,17 13,18 13,19 13,20 13,21 13,22 13,23 13,24 13,25 13,26 13,27 13,28 13,29 13,30 13,31 ## ## ## ## ## ## ## ## ## ## ## ## ## ## ## ##
    m=14 | 30,0 30,1 30,2 30,3 30,4 30,5 30,6 30,7 30,8 30,9 30,10 30,11 30,12 30,13 30,14 30,15 30,16 30,17 30,18 30,19 30,20 30,21 30,22 30,23 30,24 30,25 30,26 30,27 30,28 30,29 30,30 30,31 14,16 14,17 14,18 14,19 14,20 14,21 14,22 14,23 14,24 14,25 14,26 14,27 14,28 14,29 14,30 14,31 ## ## ## ## ## ## ## ## ## ## ## ## ## ## ## ##
    m=15 | 31,0 31,1 31,2 31,3 31,4 31,5 31,6 31,7 31,8 31,9 31,10 31,11 31,12 31,13 31,14 31,15 31,16 31,17 31,18 31,19 31,20 31,21 31,22 31,23 31,24 31,25 31,26 31,27 31,28 31,29 31,30 31,31 15,16 15,17 15,18 15,19 15,20 15,21 15,22 15,23 15,24 15,25 15,26 15,27 15,28 15,29 15,30 15,31 ## ## ## ## ## ## ## ## ## ## ## ## ## ## ## ##
    [2d-41 T1 mStart=1 (1,0,2,2,2,2)] decoded=770 zero=32 other=222 fnv=0xc2086dc5
[conf 42] 2d-42 T1 kStart=1 (0,1,2,2,2,2)
    m= 0 | 0,16 0,17 0,18 0,19 0,20 0,21 0,22 0,23 0,24 0,25 0,26 0,27 0,28 0,29 0,30 0,31  .  .  .  .  .  .  .  .  .  .  .  .  .  .  .  . 16,16 16,17 16,18 16,19 16,20 16,21 16,22 16,23 16,24 16,25 16,26 16,27 16,28 16,29 16,30 16,31 ## ## ## ## ## ## ## ## ## ## ## ## ## ## ## ##
    m= 1 | 1,16 1,17 1,18 1,19 1,20 1,21 1,22 1,23 1,24 1,25 1,26 1,27 1,28 1,29 1,30 1,31  .  .  .  .  .  .  .  .  .  .  .  .  .  .  .  . 17,16 17,17 17,18 17,19 17,20 17,21 17,22 17,23 17,24 17,25 17,26 17,27 17,28 17,29 17,30 17,31 ## ## ## ## ## ## ## ## ## ## ## ## ## ## ## ##
    m= 2 | 2,16 2,17 2,18 2,19 2,20 2,21 2,22 2,23 2,24 2,25 2,26 2,27 2,28 2,29 2,30 2,31 ## ## ## ## ## ## ## ## ## ## ## ## ## ## ## ## 18,16 18,17 18,18 18,19 18,20 18,21 18,22 18,23 18,24 18,25 18,26 18,27 18,28 18,29 18,30 18,31 ## ## ## ## ## ## ## ## ## ## ## ## ## ## ## ##
    m= 3 | 3,16 3,17 3,18 3,19 3,20 3,21 3,22 3,23 3,24 3,25 3,26 3,27 3,28 3,29 3,30 3,31 ## ## ## ## ## ## ## ## ## ## ## ## ## ## ## ## 19,16 19,17 19,18 19,19 19,20 19,21 19,22 19,23 19,24 19,25 19,26 19,27 19,28 19,29 19,30 19,31 ## ## ## ## ## ## ## ## ## ## ## ## ## ## ## ##
    m= 4 | 4,16 4,17 4,18 4,19 4,20 4,21 4,22 4,23 4,24 4,25 4,26 4,27 4,28 4,29 4,30 4,31 ## ## ## ## ## ## ## ## ## ## ## ## ## ## ## ## 20,16 20,17 20,18 20,19 20,20 20,21 20,22 20,23 20,24 20,25 20,26 20,27 20,28 20,29 20,30 20,31 ## ## ## ## ## ## ## ## ## ## ## ## ## ## ## ##
    m= 5 | 5,16 5,17 5,18 5,19 5,20 5,21 5,22 5,23 5,24 5,25 5,26 5,27 5,28 5,29 5,30 5,31 ## ## ## ## ## ## ## ## ## ## ## ## ## ## ## ## 21,16 21,17 21,18 21,19 21,20 21,21 21,22 21,23 21,24 21,25 21,26 21,27 21,28 21,29 21,30 21,31 ## ## ## ## ## ## ## ## ## ## ## ## ## ## ## ##
    m= 6 | 6,16 6,17 6,18 6,19 6,20 6,21 6,22 6,23 6,24 6,25 6,26 6,27 6,28 6,29 6,30 6,31 2,11 ## ## ## ## ## ## ## ## ## ## ## ## ## ## ## 22,16 22,17 22,18 22,19 22,20 22,21 22,22 22,23 22,24 22,25 22,26 22,27 22,28 22,29 22,30 22,31 ## ## ## ## ## ## ## ## ## ## ## ## ## ## ## ##
    m= 7 | 7,16 7,17 7,18 7,19 7,20 7,21 7,22 7,23 7,24 7,25 7,26 7,27 7,28 7,29 7,30 7,31 ## ## ## ## ## ## ## ## ## ## ## ## ## ## 0,19 ## 23,16 23,17 23,18 23,19 23,20 23,21 23,22 23,23 23,24 23,25 23,26 23,27 23,28 23,29 23,30 23,31 ## ## ## ## ## ## ## ## ## ## ## ## ## ## ## ##
    m= 8 | 8,16 8,17 8,18 8,19 8,20 8,21 8,22 8,23 8,24 8,25 8,26 8,27 8,28 8,29 8,30 8,31 ## ## ## ## ## ## ## ## ## ## ## ## ## ## ## ## 24,16 24,17 24,18 24,19 24,20 24,21 24,22 24,23 24,24 24,25 24,26 24,27 24,28 24,29 24,30 24,31 ## ## ## ## ## ## ## ## ## ## ## ## ## ## ## ##
    m= 9 | 9,16 9,17 9,18 9,19 9,20 9,21 9,22 9,23 9,24 9,25 9,26 9,27 9,28 9,29 9,30 9,31 ## ## ## ## ## ## ## ## ## ## ## ## ## ## ## ## 25,16 25,17 25,18 25,19 25,20 25,21 25,22 25,23 25,24 25,25 25,26 25,27 25,28 25,29 25,30 25,31 ## ## ## ## ## ## ## ## ## ## ## ## ## ## ## ##
    m=10 | 10,16 10,17 10,18 10,19 10,20 10,21 10,22 10,23 10,24 10,25 10,26 10,27 10,28 10,29 10,30 10,31 ## ## ## ## ## ## ## ## ## ## ## ## ## ## ## ## 26,16 26,17 26,18 26,19 26,20 26,21 26,22 26,23 26,24 26,25 26,26 26,27 26,28 26,29 26,30 26,31 ## ## ## ## ## ## ## ## ## ## ## ## ## ## ## ##
    m=11 | 11,16 11,17 11,18 11,19 11,20 11,21 11,22 11,23 11,24 11,25 11,26 11,27 11,28 11,29 11,30 11,31 ## ## ## ## ## ## ## ## ## ## ## ## ## ## ## ## 27,16 27,17 27,18 27,19 27,20 27,21 27,22 27,23 27,24 27,25 27,26 27,27 27,28 27,29 27,30 27,31 ## ## ## ## ## ## ## ## ## ## ## ## ## ## ## ##
    m=12 | 12,16 12,17 12,18 12,19 12,20 12,21 12,22 12,23 12,24 12,25 12,26 12,27 12,28 12,29 12,30 12,31 ## ## ## ## ## ## ## ## ## ## ## ## ## ## ## ## 28,16 28,17 28,18 28,19 28,20 28,21 28,22 28,23 28,24 28,25 28,26 28,27 28,28 28,29 28,30 28,31 ## ## ## ## ## ## ## ## ## ## ## ## ## ## ## ##
    m=13 | 13,16 13,17 13,18 13,19 13,20 13,21 13,22 13,23 13,24 13,25 13,26 13,27 13,28 13,29 13,30 13,31 ## ## ## ## ## ## ## ## ## ## ## ## ## ## ## ## 29,16 29,17 29,18 29,19 29,20 29,21 29,22 29,23 29,24 29,25 29,26 29,27 29,28 29,29 29,30 29,31 ## ## ## ## ## ## ## ## ## ## ## ## ## ## ## ##
    m=14 | 14,16 14,17 14,18 14,19 14,20 14,21 14,22 14,23 14,24 14,25 14,26 14,27 14,28 14,29 14,30 14,31 ## ## ## ## ## ## ## ## ## ## ## ## ## ## ## ## 30,16 30,17 30,18 30,19 30,20 30,21 30,22 30,23 30,24 30,25 30,26 30,27 30,28 30,29 30,30 30,31 ## ## ## ## ## ## ## ## ## ## ## ## ## ## ## ##
    m=15 | 15,16 15,17 15,18 15,19 15,20 15,21 15,22 15,23 15,24 15,25 15,26 15,27 15,28 15,29 15,30 15,31 ## ## ## ## ## ## ## ## ## ## ## ## ## ## ## ## 31,16 31,17 31,18 31,19 31,20 31,21 31,22 31,23 31,24 31,25 31,26 31,27 31,28 31,29 31,30 31,31 ## ## ## ## ## ## ## ## ## ## ## ## ## ## ## ##
    [2d-42 T1 kStart=1 (0,1,2,2,2,2)] decoded=514 zero=32 other=478 fnv=0xac956dc5
[conf 43] 2d-43 T1 mStart=16 (16,0,2,2,2,2)
    m= 0 | ##  .  .  .  .  .  .  .  .  .  .  .  .  .  .  . ## ## ## ## ## ## ## ## ## ## ## ## ## ## ## ## ## ## ## ## ## ## ## ## ## ## ## ## ## ## ## ## ## ## ## ## ## ## ## ## ## ## ## ## ## ## ## ##
    m= 1 |  . ##  .  .  .  .  .  .  .  .  .  .  .  .  .  . ## ## ## ## ## ## ## ## ## ## ## ## ## ## ## ## ## ## ## ## ## ## ## ## ## ## ## ## ## ## ## ## ## ## ## ## ## ## ## ## ## ## ## ## ## ## ## ##
    m= 2 |  .  . ##  .  .  .  .  .  .  .  .  .  .  .  .  . ## ## ## ## ## ## ## ## ## ## ## ## ## ## ## ## ## ## ## ## ## ## ## ## ## ## ## ## ## ## ## ## ## ## ## ## ## ## ## ## 0,13 ## ## ## ## ## ## ##
    m= 3 |  .  .  . ##  .  .  .  .  .  .  .  .  .  .  .  . ## ## ## ## ## ## ## ## ## ## ## ## ## ## ## ## ## ## ## ## ## ## ## ## ## ## ## ## ## ## ## ## ## ## ## ## ## ## ## ## ## ## ## ## ## ## ## ##
    m= 4 |  .  .  .  . ##  .  .  .  .  .  .  .  .  .  .  . ## ## ## ## ## ## ## ## ## ## ## ## ## ## ## ## ## ## ## ## ## ## ## ## ## ## ## ## ## ## ## ## ## ## ## ## ## ## ## ## ## ## ## ## ## ## ## ##
    m= 5 |  .  .  .  .  . ##  .  .  .  .  .  .  .  .  .  . ## ## ## ## ## ## ## ## ## ## ## ## ## ## ## ## ## ## ## ## ## ## ## ## ## ## ## ## ## ## ## ## ## ## ## ## ## ## ## ## ## ## ## ## ## ## ## ##
    m= 6 |  .  .  .  .  .  . ##  .  .  .  .  .  .  .  .  . ## ## ## ## ## ## ## ## ## ## ## ## ## ## ## ## ## ## ## ## ## ## ## ## ## ## ## ## ## ## ## ## ## ## ## ## ## ## ## ## ## ## ## ## ## ## ## ##
    m= 7 |  .  .  .  .  .  .  . ##  .  .  .  .  .  .  .  . ## ## ## ## ## ## ## ## ## ## ## ## ## ## ## ## ## ## ## ## ## ## ## ## ## ## ## ## ## ## ## ## ## ## ## ## ## ## ## ## ## ## ## ## ## ## ## ##
    m= 8 |  .  .  .  .  .  .  .  . ##  .  .  .  .  .  .  . ## ## ## ## ## ## ## ## ## 0,29 ## ## ## ## ## ## ## ## ## ## ## ## ## ## ## ## ## ## ## ## ## ## ## ## ## ## ## ## ## ## ## ## ## ## ## ## ## ##
    m= 9 |  .  .  .  .  .  .  .  .  . ##  .  .  .  .  .  . ## ## ## ## ## ## ## ## ## ## ## ## ## ## ## ## ## ## ## ## ## ## ## ## ## ## ## ## ## ## ## ## ## ## ## ## ## ## ## ## ## ## ## ## ## ## ## ##
    m=10 |  .  .  .  .  .  .  .  .  .  . ##  .  .  .  .  . ## ## ## ## ## ## ## ## ## ## ## ## ## ## ## ## ## ## ## ## ## ## ## ## ## ## ## ## ## ## ## ## ## ## ## ## ## ## ## ## ## ## ## ## ## ## ## ##
    m=11 |  .  .  .  .  .  .  .  .  .  .  . ##  .  .  .  . ## ## ## ## ## ## ## ## ## ## ## ## ## ## ## ## ## ## ## ## ## ## ## ## ## ## ## ## ## ## ## ## ## ## ## ## ## ## ## ## ## ## ## ## ## ## ## ##
    m=12 |  .  .  .  .  .  .  .  .  .  .  .  . ##  .  .  . ## ## ## ## ## ## ## ## ## ## ## ## ## ## ## ## ## ## ## ## ## ## ## ## ## ## ## ## ## ## ## ## ## ## ## ## ## ## ## ## ## ## ## ## ## ## ## ##
    m=13 |  .  .  .  .  .  .  .  .  .  .  .  .  . ##  .  . ## ## ## ## ## ## ## ## ## ## ## ## ## ## ## ## ## ## ## ## ## ## ## ## ## ## ## ## ## ## ## ## ## ## ## ## ## ## ## ## ## ## ## ## ## ## ## ##
    m=14 |  .  .  .  .  .  .  .  .  .  .  .  .  .  . ##  . ## ## ## ## ## ## ## ## ## ## ## ## ## ## ## ## ## ## ## ## ## ## ## ## ## ## ## ## ## ## ## ## ## ## ## ## ## ## ## ## ## ## ## ## ## ## ## ##
    m=15 |  .  .  .  .  .  .  .  .  .  .  .  .  .  .  . ## ## ## ## ## ## ## ## ## ## ## ## ## ## ## ## ## ## ## ## ## ## ## ## ## ## ## ## ## ## ## ## ## ## ## ## ## ## ## ## ## ## ## ## ## ## ## ## ##
    [2d-43 T1 mStart=16 (16,0,2,2,2,2)] decoded=2 zero=240 other=782 fnv=0x6ddf6dc5
[conf 44] 2d-44 T1 kStart=16 (0,16,2,2,2,2)
    m= 0 | ## ## ## ## ## ## ## ## ## ## ## ## ## ## ## ## ## ## ## ## ## ## ## ## ## ## ## ## ## ## ## ## ## ## ## ## ## ## ## ## ## ## ## ## ## ## ## ## ## ## ## ## ## ## ## ## ## ## ## ## ## ## ## ##
    m= 1 | ## ## ## ## ## ## ## ## ## ## ## ## ## ## ## ## ## ## ## ## ## ## ## ## ## ## ## ## ## ## ## ## ## ## ## ## ## ## ## ## ## ## ## ## ## ## ## ## ## ## ## ## ## ## ## ## ## ## ## ## ## ## ## ##
    m= 2 | ## ## ## ## ## ## ## ## ## ## ## ## ## ## ## ## ## ## ## ## ## ## ## ## ## ## ## ## ## ## ## ## ## ## ## ## ## ## ## ## ## ## ## ## ## ## ## ## ## ## ## ## ## ## ## ## ## ## ## ## ## ## ## ##
    m= 3 | ## ## ## ## ## ## ## ## ## ## ## ## ## ## ## ## ## ## ## ## ## ## ## ## ## ## ## ## ## ## ## ## ## ## ## ## ## ## ## ## ## ## ## ## ## ## ## ## ## ## ## ## ## ## ## ## ## ## ## ## ## ## ## ##
    m= 4 | ## ## ## ## ## ## ## ## ## ## ## ## ## ## ## ## ## ## ## ## ## ## ## ## ## ## ## ## ## ## ## ## ## ## ## ## ## ## ## ## ## ## ## ## ## ## ## ## ## ## ## ## ## ## ## ## ## ## ## ## ## ## ## ##
    m= 5 | ## ## ## ## ## ## ## ## ## ## ## ## ## ## ## ## ## ## ## ## ## ## ## ## ## ## ## ## ## ## ## ## ## ## ## ## ## ## ## ## ## ## ## ## ## ## ## ## ## ## ## ## ## ## ## ## ## ## ## ## ## ## ## ##
    m= 6 | ## ## ## ## ## ## ## ## ## ## ## ## ## ## ## ## ## ## ## ## ## ## ## ## ## ## ## ## ## ## ## ## ## ## ## ## ## ## ## ## ## ## ## ## ## ## ## ## ## ## ## ## ## ## ## ## ## ## ## ## ## ## ## ##
    m= 7 | ## ## ## ## ## ## ## ## ## ## ## ## ## ## ## ## ## ## ## ## ## ## ## ## ## ## ## ## ## ## ## ## ## ## ## ## ## ## ## ## ## ## ## ## ## ## ## ## ## ## ## ## ## ## ## ## ## ## ## ## ## ## ## ##
    m= 8 | ## ## ## ## ## ## ## ## ## ## ## ## ## ## ## ## ## ## ## ## ## ## ## ## ## ## ## ## ## ## ## ## ## ## ## ## ## ## ## ## ## ## ## ## ## ## ## ## ## ## ## ## ## ## ## ## ## ## ## ## ## ## ## ##
    m= 9 | ## ## ## ## ## ## ## ## ## ## ## ## ## ## ## ## ## ## ## ## ## ## ## ## ## ## ## ## ## ## ## ## ## ## ## ## ## ## ## ## ## ## ## ## ## ## ## ## ## ## ## ## ## ## ## ## ## ## ## ## ## ## ## ##
    m=10 | ## ## ## ## ## ## ## ## ## ## ## ## ## ## ## ## ## ## ## ## ## ## ## ## ## ## ## ## ## ## ## ## ## ## ## ## ## ## ## ## ## ## ## ## ## ## ## ## ## ## ## ## ## ## ## ## ## ## ## ## ## ## ## ##
    m=11 | ## ## ## ## ## ## ## ## ## ## ## ## ## ## ## ## ## ## ## ## ## ## ## ## ## ## ## ## ## ## ## ## ## ## ## ## ## ## ## ## ## ## ## ## ## ## ## ## ## ## ## ## ## ## ## ## ## ## ## ## ## ## ## ##
    m=12 | ## ## ## ## ## ## ## ## ## ## ## ## ## ## ## ## ## ## ## ## ## ## ## ## ## ## ## ## ## ## ## ## ## ## ## ## ## ## ## ## ## ## ## ## ## ## ## ## ## ## ## ## ## ## ## ## ## ## ## ## ## ## ## ##
    m=13 | ## ## ## ## ## ## ## ## ## ## ## ## ## ## ## ## ## ## ## ## ## ## ## ## ## ## ## ## ## ## ## ## ## ## ## ## ## ## ## ## ## ## ## ## ## ## ## ## ## ## ## ## ## ## ## ## ## ## ## ## ## ## ## ##
    m=14 | ## ## ## ## ## ## ## ## ## ## ## ## ## ## ## ## ## ## ## ## ## ## ## ## ## ## ## ## ## ## ## ## ## ## ## ## ## ## ## ## ## ## ## ## ## ## ## ## ## ## ## ## ## ## ## ## ## ## ## ## ## ## ## ##
    m=15 | ## ## ## ## ## ## ## ## ## ## ## ## ## ## ## ## ## ## ## ## ## ## ## ## ## ## ## ## ## ## ## ## ## ## ## ## ## ## ## ## ## ## ## ## ## ## ## ## ## ## ## ## ## ## ## ## ## ## ## ## ## ## ## ##
    [2d-44 T1 kStart=16 (0,16,2,2,2,2)] decoded=0 zero=0 other=1024 fnv=0x8bd66dc5
[conf 45] 2d-45 T1 srcStride=-2 (0,0,2,2,-2,2)
    m= 0 | 0,0 0,1 0,2 0,3 0,4 0,5 0,6 0,7 0,8 0,9 0,10 0,11 0,12 0,13 0,14 0,15  .  .  .  .  .  .  .  .  .  .  .  .  .  .  .  . 16,0 16,1 16,2 16,3 16,4 16,5 16,6 16,7 16,8 16,9 16,10 16,11 16,12 16,13 16,14 16,15  .  .  .  .  .  .  .  .  .  .  .  .  .  .  .  .
    m= 1 | 1,0 1,1 1,2 1,3 1,4 1,5 1,6 1,7 1,8 1,9 1,10 1,11 1,12 1,13 1,14 1,15  .  .  .  .  .  .  .  .  .  .  .  .  .  .  .  . 17,0 17,1 17,2 17,3 17,4 17,5 17,6 17,7 17,8 17,9 17,10 17,11 17,12 17,13 17,14 17,15  .  .  .  .  .  .  .  .  .  .  .  .  .  .  .  .
    m= 2 | 2,0 2,1 2,2 2,3 2,4 2,5 2,6 2,7 2,8 2,9 2,10 2,11 2,12 2,13 2,14 2,15  .  .  .  .  .  .  .  .  .  .  .  .  .  .  .  . 18,0 18,1 18,2 18,3 18,4 18,5 18,6 18,7 18,8 18,9 18,10 18,11 18,12 18,13 18,14 18,15  .  .  .  .  .  .  .  .  .  .  .  .  .  .  .  .
    m= 3 | 3,0 3,1 3,2 3,3 3,4 3,5 3,6 3,7 3,8 3,9 3,10 3,11 3,12 3,13 3,14 3,15  .  .  .  .  .  .  .  .  .  .  .  .  .  .  .  . 19,0 19,1 19,2 19,3 19,4 19,5 19,6 19,7 19,8 19,9 19,10 19,11 19,12 19,13 19,14 19,15  .  .  .  .  .  .  .  .  .  .  .  .  .  .  .  .
    m= 4 | 4,0 4,1 4,2 4,3 4,4 4,5 4,6 4,7 4,8 4,9 4,10 4,11 4,12 4,13 4,14 4,15  .  .  .  .  .  .  .  .  .  .  .  .  .  .  .  . 20,0 20,1 20,2 20,3 20,4 20,5 20,6 20,7 20,8 20,9 20,10 20,11 20,12 20,13 20,14 20,15  .  .  .  .  .  .  .  .  .  .  .  .  .  .  .  .
    m= 5 | 5,0 5,1 5,2 5,3 5,4 5,5 5,6 5,7 5,8 5,9 5,10 5,11 5,12 5,13 5,14 5,15  .  .  .  .  .  .  .  .  .  .  .  .  .  .  .  . 21,0 21,1 21,2 21,3 21,4 21,5 21,6 21,7 21,8 21,9 21,10 21,11 21,12 21,13 21,14 21,15  .  .  .  .  .  .  .  .  .  .  .  .  .  .  .  .
    m= 6 | 6,0 6,1 6,2 6,3 6,4 6,5 6,6 6,7 6,8 6,9 6,10 6,11 6,12 6,13 6,14 6,15  .  .  .  .  .  .  .  .  .  .  .  .  .  .  .  . 22,0 22,1 22,2 22,3 22,4 22,5 22,6 22,7 22,8 22,9 22,10 22,11 22,12 22,13 22,14 22,15  .  .  .  .  .  .  .  .  .  .  .  .  .  .  .  .
    m= 7 | 7,0 7,1 7,2 7,3 7,4 7,5 7,6 7,7 7,8 7,9 7,10 7,11 7,12 7,13 7,14 7,15  .  .  .  .  .  .  .  .  .  .  .  .  .  .  .  . 23,0 23,1 23,2 23,3 23,4 23,5 23,6 23,7 23,8 23,9 23,10 23,11 23,12 23,13 23,14 23,15  .  .  .  .  .  .  .  .  .  .  .  .  .  .  .  .
    m= 8 | 8,0 8,1 8,2 8,3 8,4 8,5 8,6 8,7 8,8 8,9 8,10 8,11 8,12 8,13 8,14 8,15  .  .  .  .  .  .  .  .  .  .  .  .  .  .  .  . 24,0 24,1 24,2 24,3 24,4 24,5 24,6 24,7 24,8 24,9 24,10 24,11 24,12 24,13 24,14 24,15  .  .  .  .  .  .  .  .  .  .  .  .  .  .  .  .
    m= 9 | 9,0 9,1 9,2 9,3 9,4 9,5 9,6 9,7 9,8 9,9 9,10 9,11 9,12 9,13 9,14 9,15  .  .  .  .  .  .  .  .  .  .  .  .  .  .  .  . 25,0 25,1 25,2 25,3 25,4 25,5 25,6 25,7 25,8 25,9 25,10 25,11 25,12 25,13 25,14 25,15  .  .  .  .  .  .  .  .  .  .  .  .  .  .  .  .
    m=10 | 10,0 10,1 10,2 10,3 10,4 10,5 10,6 10,7 10,8 10,9 10,10 10,11 10,12 10,13 10,14 10,15  .  .  .  .  .  .  .  .  .  .  .  .  .  .  .  . 26,0 26,1 26,2 26,3 26,4 26,5 26,6 26,7 26,8 26,9 26,10 26,11 26,12 26,13 26,14 26,15  .  .  .  .  .  .  .  .  .  .  .  .  .  .  .  .
    m=11 | 11,0 11,1 11,2 11,3 11,4 11,5 11,6 11,7 11,8 11,9 11,10 11,11 11,12 11,13 11,14 11,15  .  .  .  .  .  .  .  .  .  .  .  .  .  .  .  . 27,0 27,1 27,2 27,3 27,4 27,5 27,6 27,7 27,8 27,9 27,10 27,11 27,12 27,13 27,14 27,15  .  .  .  .  .  .  .  .  .  .  .  .  .  .  .  .
    m=12 | 12,0 12,1 12,2 12,3 12,4 12,5 12,6 12,7 12,8 12,9 12,10 12,11 12,12 12,13 12,14 12,15  .  .  .  .  .  .  .  .  .  .  .  .  .  .  .  . 28,0 28,1 28,2 28,3 28,4 28,5 28,6 28,7 28,8 28,9 28,10 28,11 28,12 28,13 28,14 28,15  .  .  .  .  .  .  .  .  .  .  .  .  .  .  .  .
    m=13 | 13,0 13,1 13,2 13,3 13,4 13,5 13,6 13,7 13,8 13,9 13,10 13,11 13,12 13,13 13,14 13,15  .  .  .  .  .  .  .  .  .  .  .  .  .  .  .  . 29,0 29,1 29,2 29,3 29,4 29,5 29,6 29,7 29,8 29,9 29,10 29,11 29,12 29,13 29,14 29,15  .  .  .  .  .  .  .  .  .  .  .  .  .  .  .  .
    m=14 | 14,0 14,1 14,2 14,3 14,4 14,5 14,6 14,7 14,8 14,9 14,10 14,11 14,12 14,13 14,14 14,15  .  .  .  .  .  .  .  .  .  .  .  .  .  .  .  . 30,0 30,1 30,2 30,3 30,4 30,5 30,6 30,7 30,8 30,9 30,10 30,11 30,12 30,13 30,14 30,15  .  .  .  .  .  .  .  .  .  .  .  .  .  .  .  .
    m=15 | 15,0 15,1 15,2 15,3 15,4 15,5 15,6 15,7 15,8 15,9 15,10 15,11 15,12 15,13 15,14 15,15  .  .  .  .  .  .  .  .  .  .  .  .  .  .  .  . 31,0 31,1 31,2 31,3 31,4 31,5 31,6 31,7 31,8 31,9 31,10 31,11 31,12 31,13 31,14 31,15  .  .  .  .  .  .  .  .  .  .  .  .  .  .  .  .
    [2d-45 T1 srcStride=-2 (0,0,2,2,-2,2)] decoded=512 zero=512 other=0 fnv=0x0f816dc5
[conf 46] 2d-46 BMM1-B params (0,0,16,8,16,16,T0) on 2-fractal src
    m= 0 | 0,0 1,0 2,0 3,0 4,0 5,0 6,0 7,0 8,0 9,0 10,0 11,0 12,0 13,0 14,0 15,0 16,0 17,0 18,0 19,0 20,0 21,0 22,0 23,0 24,0 25,0 26,0 27,0 28,0 29,0 30,0 31,0 0,16 1,16 2,16 3,16 4,16 5,16 6,16 7,16 8,16 9,16 10,16 11,16 12,16 13,16 14,16 15,16 16,16 17,16 18,16 19,16 20,16 21,16 22,16 23,16 24,16 25,16 26,16 27,16 28,16 29,16 30,16 31,16
    m= 1 | 0,1 1,1 2,1 3,1 4,1 5,1 6,1 7,1 8,1 9,1 10,1 11,1 12,1 13,1 14,1 15,1 16,1 17,1 18,1 19,1 20,1 21,1 22,1 23,1 24,1 25,1 26,1 27,1 28,1 29,1 30,1 31,1 0,17 1,17 2,17 3,17 4,17 5,17 6,17 7,17 8,17 9,17 10,17 11,17 12,17 13,17 14,17 15,17 16,17 17,17 18,17 19,17 20,17 21,17 22,17 23,17 24,17 25,17 26,17 27,17 28,17 29,17 30,17 31,17
    m= 2 | 0,2 1,2 2,2 3,2 4,2 5,2 6,2 7,2 8,2 9,2 10,2 11,2 12,2 13,2 14,2 15,2 16,2 17,2 18,2 19,2 20,2 21,2 22,2 23,2 24,2 25,2 26,2 27,2 28,2 29,2 30,2 31,2 0,18 1,18 2,18 3,18 4,18 5,18 6,18 7,18 8,18 9,18 10,18 11,18 12,18 13,18 14,18 15,18 16,18 17,18 18,18 19,18 20,18 21,18 22,18 23,18 24,18 25,18 26,18 27,18 28,18 29,18 30,18 31,18
    m= 3 | 0,3 1,3 2,3 3,3 4,3 5,3 6,3 7,3 8,3 9,3 10,3 11,3 12,3 13,3 14,3 15,3 16,3 17,3 18,3 19,3 20,3 21,3 22,3 23,3 24,3 25,3 26,3 27,3 28,3 29,3 30,3 31,3 0,19 1,19 2,19 3,19 4,19 5,19 6,19 7,19 8,19 9,19 10,19 11,19 12,19 13,19 14,19 15,19 16,19 17,19 18,19 19,19 20,19 21,19 22,19 23,19 24,19 25,19 26,19 27,19 28,19 29,19 30,19 31,19
    m= 4 | 0,4 1,4 2,4 3,4 4,4 5,4 6,4 7,4 8,4 9,4 10,4 11,4 12,4 13,4 14,4 15,4 16,4 17,4 18,4 19,4 20,4 21,4 22,4 23,4 24,4 25,4 26,4 27,4 28,4 29,4 30,4 31,4 0,20 1,20 2,20 3,20 4,20 5,20 6,20 7,20 8,20 9,20 10,20 11,20 12,20 13,20 14,20 15,20 16,20 17,20 18,20 19,20 20,20 21,20 22,20 23,20 24,20 25,20 26,20 27,20 28,20 29,20 30,20 31,20
    m= 5 | 0,5 1,5 2,5 3,5 4,5 5,5 6,5 7,5 8,5 9,5 10,5 11,5 12,5 13,5 14,5 15,5 16,5 17,5 18,5 19,5 20,5 21,5 22,5 23,5 24,5 25,5 26,5 27,5 28,5 29,5 30,5 31,5 0,21 1,21 2,21 3,21 4,21 5,21 6,21 7,21 8,21 9,21 10,21 11,21 12,21 13,21 14,21 15,21 16,21 17,21 18,21 19,21 20,21 21,21 22,21 23,21 24,21 25,21 26,21 27,21 28,21 29,21 30,21 31,21
    m= 6 | 0,6 1,6 2,6 3,6 4,6 5,6 6,6 7,6 8,6 9,6 10,6 11,6 12,6 13,6 14,6 15,6 16,6 17,6 18,6 19,6 20,6 21,6 22,6 23,6 24,6 25,6 26,6 27,6 28,6 29,6 30,6 31,6 0,22 1,22 2,22 3,22 4,22 5,22 6,22 7,22 8,22 9,22 10,22 11,22 12,22 13,22 14,22 15,22 16,22 17,22 18,22 19,22 20,22 21,22 22,22 23,22 24,22 25,22 26,22 27,22 28,22 29,22 30,22 31,22
    m= 7 | 0,7 1,7 2,7 3,7 4,7 5,7 6,7 7,7 8,7 9,7 10,7 11,7 12,7 13,7 14,7 15,7 16,7 17,7 18,7 19,7 20,7 21,7 22,7 23,7 24,7 25,7 26,7 27,7 28,7 29,7 30,7 31,7 0,23 1,23 2,23 3,23 4,23 5,23 6,23 7,23 8,23 9,23 10,23 11,23 12,23 13,23 14,23 15,23 16,23 17,23 18,23 19,23 20,23 21,23 22,23 23,23 24,23 25,23 26,23 27,23 28,23 29,23 30,23 31,23
    m= 8 | 0,8 1,8 2,8 3,8 4,8 5,8 6,8 7,8 8,8 9,8 10,8 11,8 12,8 13,8 14,8 15,8 16,8 17,8 18,8 19,8 20,8 21,8 22,8 23,8 24,8 25,8 26,8 27,8 28,8 29,8 30,8 31,8 0,24 1,24 2,24 3,24 4,24 5,24 6,24 7,24 8,24 9,24 10,24 11,24 12,24 13,24 14,24 15,24 16,24 17,24 18,24 19,24 20,24 21,24 22,24 23,24 24,24 25,24 26,24 27,24 28,24 29,24 30,24 31,24
    m= 9 | 0,9 1,9 2,9 3,9 4,9 5,9 6,9 7,9 8,9 9,9 10,9 11,9 12,9 13,9 14,9 15,9 16,9 17,9 18,9 19,9 20,9 21,9 22,9 23,9 24,9 25,9 26,9 27,9 28,9 29,9 30,9 31,9 0,25 1,25 2,25 3,25 4,25 5,25 6,25 7,25 8,25 9,25 10,25 11,25 12,25 13,25 14,25 15,25 16,25 17,25 18,25 19,25 20,25 21,25 22,25 23,25 24,25 25,25 26,25 27,25 28,25 29,25 30,25 31,25
    m=10 | 0,10 1,10 2,10 3,10 4,10 5,10 6,10 7,10 8,10 9,10 10,10 11,10 12,10 13,10 14,10 15,10 16,10 17,10 18,10 19,10 20,10 21,10 22,10 23,10 24,10 25,10 26,10 27,10 28,10 29,10 30,10 31,10 0,26 1,26 2,26 3,26 4,26 5,26 6,26 7,26 8,26 9,26 10,26 11,26 12,26 13,26 14,26 15,26 16,26 17,26 18,26 19,26 20,26 21,26 22,26 23,26 24,26 25,26 26,26 27,26 28,26 29,26 30,26 31,26
    m=11 | 0,11 1,11 2,11 3,11 4,11 5,11 6,11 7,11 8,11 9,11 10,11 11,11 12,11 13,11 14,11 15,11 16,11 17,11 18,11 19,11 20,11 21,11 22,11 23,11 24,11 25,11 26,11 27,11 28,11 29,11 30,11 31,11 0,27 1,27 2,27 3,27 4,27 5,27 6,27 7,27 8,27 9,27 10,27 11,27 12,27 13,27 14,27 15,27 16,27 17,27 18,27 19,27 20,27 21,27 22,27 23,27 24,27 25,27 26,27 27,27 28,27 29,27 30,27 31,27
    m=12 | 0,12 1,12 2,12 3,12 4,12 5,12 6,12 7,12 8,12 9,12 10,12 11,12 12,12 13,12 14,12 15,12 16,12 17,12 18,12 19,12 20,12 21,12 22,12 23,12 24,12 25,12 26,12 27,12 28,12 29,12 30,12 31,12 0,28 1,28 2,28 3,28 4,28 5,28 6,28 7,28 8,28 9,28 10,28 11,28 12,28 13,28 14,28 15,28 16,28 17,28 18,28 19,28 20,28 21,28 22,28 23,28 24,28 25,28 26,28 27,28 28,28 29,28 30,28 31,28
    m=13 | 0,13 1,13 2,13 3,13 4,13 5,13 6,13 7,13 8,13 9,13 10,13 11,13 12,13 13,13 14,13 15,13 16,13 17,13 18,13 19,13 20,13 21,13 22,13 23,13 24,13 25,13 26,13 27,13 28,13 29,13 30,13 31,13 0,29 1,29 2,29 3,29 4,29 5,29 6,29 7,29 8,29 9,29 10,29 11,29 12,29 13,29 14,29 15,29 16,29 17,29 18,29 19,29 20,29 21,29 22,29 23,29 24,29 25,29 26,29 27,29 28,29 29,29 30,29 31,29
    m=14 | 0,14 1,14 2,14 3,14 4,14 5,14 6,14 7,14 8,14 9,14 10,14 11,14 12,14 13,14 14,14 15,14 16,14 17,14 18,14 19,14 20,14 21,14 22,14 23,14 24,14 25,14 26,14 27,14 28,14 29,14 30,14 31,14 0,30 1,30 2,30 3,30 4,30 5,30 6,30 7,30 8,30 9,30 10,30 11,30 12,30 13,30 14,30 15,30 16,30 17,30 18,30 19,30 20,30 21,30 22,30 23,30 24,30 25,30 26,30 27,30 28,30 29,30 30,30 31,30
    m=15 | 0,15 1,15 2,15 3,15 4,15 5,15 6,15 7,15 8,15 9,15 10,15 11,15 12,15 13,15 14,15 15,15 16,15 17,15 18,15 19,15 20,15 21,15 22,15 23,15 24,15 25,15 26,15 27,15 28,15 29,15 30,15 31,15 0,31 1,31 2,31 3,31 4,31 5,31 6,31 7,31 8,31 9,31 10,31 11,31 12,31 13,31 14,31 15,31 16,31 17,31 18,31 19,31 20,31 21,31 22,31 23,31 24,31 25,31 26,31 27,31 28,31 29,31 30,31 31,31
    [2d-46 BMM1-B params (0,0,16,8,16,16,T0) on 2-fractal src] decoded=1024 zero=0 other=0 fnv=0x2bfd6dc5
[conf 47] 2d-47 BMM2-A(P) params (0,0,1,16,1,1,T0) on 2-fractal src
    m= 0 | 0,0 1,0 2,0 3,0 4,0 5,0 6,0 7,0 8,0 9,0 10,0 11,0 12,0 13,0 14,0 15,0 16,0 17,0 18,0 19,0 20,0 21,0 22,0 23,0 24,0 25,0 26,0 27,0 28,0 29,0 30,0 31,0 0,16 1,16 2,16 3,16 4,16 5,16 6,16 7,16 8,16 9,16 10,16 11,16 12,16 13,16 14,16 15,16 16,16 17,16 18,16 19,16 20,16 21,16 22,16 23,16 24,16 25,16 26,16 27,16 28,16 29,16 30,16 31,16
    m= 1 | 0,1 1,1 2,1 3,1 4,1 5,1 6,1 7,1 8,1 9,1 10,1 11,1 12,1 13,1 14,1 15,1 16,1 17,1 18,1 19,1 20,1 21,1 22,1 23,1 24,1 25,1 26,1 27,1 28,1 29,1 30,1 31,1 0,17 1,17 2,17 3,17 4,17 5,17 6,17 7,17 8,17 9,17 10,17 11,17 12,17 13,17 14,17 15,17 16,17 17,17 18,17 19,17 20,17 21,17 22,17 23,17 24,17 25,17 26,17 27,17 28,17 29,17 30,17 31,17
    m= 2 | 0,2 1,2 2,2 3,2 4,2 5,2 6,2 7,2 8,2 9,2 10,2 11,2 12,2 13,2 14,2 15,2 16,2 17,2 18,2 19,2 20,2 21,2 22,2 23,2 24,2 25,2 26,2 27,2 28,2 29,2 30,2 31,2 0,18 1,18 2,18 3,18 4,18 5,18 6,18 7,18 8,18 9,18 10,18 11,18 12,18 13,18 14,18 15,18 16,18 17,18 18,18 19,18 20,18 21,18 22,18 23,18 24,18 25,18 26,18 27,18 28,18 29,18 30,18 31,18
    m= 3 | 0,3 1,3 2,3 3,3 4,3 5,3 6,3 7,3 8,3 9,3 10,3 11,3 12,3 13,3 14,3 15,3 16,3 17,3 18,3 19,3 20,3 21,3 22,3 23,3 24,3 25,3 26,3 27,3 28,3 29,3 30,3 31,3 0,19 1,19 2,19 3,19 4,19 5,19 6,19 7,19 8,19 9,19 10,19 11,19 12,19 13,19 14,19 15,19 16,19 17,19 18,19 19,19 20,19 21,19 22,19 23,19 24,19 25,19 26,19 27,19 28,19 29,19 30,19 31,19
    m= 4 | 0,4 1,4 2,4 3,4 4,4 5,4 6,4 7,4 8,4 9,4 10,4 11,4 12,4 13,4 14,4 15,4 16,4 17,4 18,4 19,4 20,4 21,4 22,4 23,4 24,4 25,4 26,4 27,4 28,4 29,4 30,4 31,4 0,20 1,20 2,20 3,20 4,20 5,20 6,20 7,20 8,20 9,20 10,20 11,20 12,20 13,20 14,20 15,20 16,20 17,20 18,20 19,20 20,20 21,20 22,20 23,20 24,20 25,20 26,20 27,20 28,20 29,20 30,20 31,20
    m= 5 | 0,5 1,5 2,5 3,5 4,5 5,5 6,5 7,5 8,5 9,5 10,5 11,5 12,5 13,5 14,5 15,5 16,5 17,5 18,5 19,5 20,5 21,5 22,5 23,5 24,5 25,5 26,5 27,5 28,5 29,5 30,5 31,5 0,21 1,21 2,21 3,21 4,21 5,21 6,21 7,21 8,21 9,21 10,21 11,21 12,21 13,21 14,21 15,21 16,21 17,21 18,21 19,21 20,21 21,21 22,21 23,21 24,21 25,21 26,21 27,21 28,21 29,21 30,21 31,21
    m= 6 | 0,6 1,6 2,6 3,6 4,6 5,6 6,6 7,6 8,6 9,6 10,6 11,6 12,6 13,6 14,6 15,6 16,6 17,6 18,6 19,6 20,6 21,6 22,6 23,6 24,6 25,6 26,6 27,6 28,6 29,6 30,6 31,6 0,22 1,22 2,22 3,22 4,22 5,22 6,22 7,22 8,22 9,22 10,22 11,22 12,22 13,22 14,22 15,22 16,22 17,22 18,22 19,22 20,22 21,22 22,22 23,22 24,22 25,22 26,22 27,22 28,22 29,22 30,22 31,22
    m= 7 | 0,7 1,7 2,7 3,7 4,7 5,7 6,7 7,7 8,7 9,7 10,7 11,7 12,7 13,7 14,7 15,7 16,7 17,7 18,7 19,7 20,7 21,7 22,7 23,7 24,7 25,7 26,7 27,7 28,7 29,7 30,7 31,7 0,23 1,23 2,23 3,23 4,23 5,23 6,23 7,23 8,23 9,23 10,23 11,23 12,23 13,23 14,23 15,23 16,23 17,23 18,23 19,23 20,23 21,23 22,23 23,23 24,23 25,23 26,23 27,23 28,23 29,23 30,23 31,23
    m= 8 | 0,8 1,8 2,8 3,8 4,8 5,8 6,8 7,8 8,8 9,8 10,8 11,8 12,8 13,8 14,8 15,8 16,8 17,8 18,8 19,8 20,8 21,8 22,8 23,8 24,8 25,8 26,8 27,8 28,8 29,8 30,8 31,8 0,24 1,24 2,24 3,24 4,24 5,24 6,24 7,24 8,24 9,24 10,24 11,24 12,24 13,24 14,24 15,24 16,24 17,24 18,24 19,24 20,24 21,24 22,24 23,24 24,24 25,24 26,24 27,24 28,24 29,24 30,24 31,24
    m= 9 | 0,9 1,9 2,9 3,9 4,9 5,9 6,9 7,9 8,9 9,9 10,9 11,9 12,9 13,9 14,9 15,9 16,9 17,9 18,9 19,9 20,9 21,9 22,9 23,9 24,9 25,9 26,9 27,9 28,9 29,9 30,9 31,9 0,25 1,25 2,25 3,25 4,25 5,25 6,25 7,25 8,25 9,25 10,25 11,25 12,25 13,25 14,25 15,25 16,25 17,25 18,25 19,25 20,25 21,25 22,25 23,25 24,25 25,25 26,25 27,25 28,25 29,25 30,25 31,25
    m=10 | 0,10 1,10 2,10 3,10 4,10 5,10 6,10 7,10 8,10 9,10 10,10 11,10 12,10 13,10 14,10 15,10 16,10 17,10 18,10 19,10 20,10 21,10 22,10 23,10 24,10 25,10 26,10 27,10 28,10 29,10 30,10 31,10 0,26 1,26 2,26 3,26 4,26 5,26 6,26 7,26 8,26 9,26 10,26 11,26 12,26 13,26 14,26 15,26 16,26 17,26 18,26 19,26 20,26 21,26 22,26 23,26 24,26 25,26 26,26 27,26 28,26 29,26 30,26 31,26
    m=11 | 0,11 1,11 2,11 3,11 4,11 5,11 6,11 7,11 8,11 9,11 10,11 11,11 12,11 13,11 14,11 15,11 16,11 17,11 18,11 19,11 20,11 21,11 22,11 23,11 24,11 25,11 26,11 27,11 28,11 29,11 30,11 31,11 0,27 1,27 2,27 3,27 4,27 5,27 6,27 7,27 8,27 9,27 10,27 11,27 12,27 13,27 14,27 15,27 16,27 17,27 18,27 19,27 20,27 21,27 22,27 23,27 24,27 25,27 26,27 27,27 28,27 29,27 30,27 31,27
    m=12 | 0,12 1,12 2,12 3,12 4,12 5,12 6,12 7,12 8,12 9,12 10,12 11,12 12,12 13,12 14,12 15,12 16,12 17,12 18,12 19,12 20,12 21,12 22,12 23,12 24,12 25,12 26,12 27,12 28,12 29,12 30,12 31,12 0,28 1,28 2,28 3,28 4,28 5,28 6,28 7,28 8,28 9,28 10,28 11,28 12,28 13,28 14,28 15,28 16,28 17,28 18,28 19,28 20,28 21,28 22,28 23,28 24,28 25,28 26,28 27,28 28,28 29,28 30,28 31,28
    m=13 | 0,13 1,13 2,13 3,13 4,13 5,13 6,13 7,13 8,13 9,13 10,13 11,13 12,13 13,13 14,13 15,13 16,13 17,13 18,13 19,13 20,13 21,13 22,13 23,13 24,13 25,13 26,13 27,13 28,13 29,13 30,13 31,13 0,29 1,29 2,29 3,29 4,29 5,29 6,29 7,29 8,29 9,29 10,29 11,29 12,29 13,29 14,29 15,29 16,29 17,29 18,29 19,29 20,29 21,29 22,29 23,29 24,29 25,29 26,29 27,29 28,29 29,29 30,29 31,29
    m=14 | 0,14 1,14 2,14 3,14 4,14 5,14 6,14 7,14 8,14 9,14 10,14 11,14 12,14 13,14 14,14 15,14 16,14 17,14 18,14 19,14 20,14 21,14 22,14 23,14 24,14 25,14 26,14 27,14 28,14 29,14 30,14 31,14 0,30 1,30 2,30 3,30 4,30 5,30 6,30 7,30 8,30 9,30 10,30 11,30 12,30 13,30 14,30 15,30 16,30 17,30 18,30 19,30 20,30 21,30 22,30 23,30 24,30 25,30 26,30 27,30 28,30 29,30 30,30 31,30
    m=15 | 0,15 1,15 2,15 3,15 4,15 5,15 6,15 7,15 8,15 9,15 10,15 11,15 12,15 13,15 14,15 15,15 16,15 17,15 18,15 19,15 20,15 21,15 22,15 23,15 24,15 25,15 26,15 27,15 28,15 29,15 30,15 31,15 0,31 1,31 2,31 3,31 4,31 5,31 6,31 7,31 8,31 9,31 10,31 11,31 12,31 13,31 14,31 15,31 16,31 17,31 18,31 19,31 20,31 21,31 22,31 23,31 24,31 25,31 26,31 27,31 28,31 29,31 30,31 31,31
    [2d-47 BMM2-A(P) params (0,0,1,16,1,1,T0) on 2-fractal src] decoded=1024 zero=0 other=0 fnv=0x2bfd6dc5
[conf 48] 2d-48 NO zerofill + NOP load → expect stale/nondet
    m= 0 | 0,0 1,0 2,0 3,0 4,0 5,0 6,0 7,0 8,0 9,0 10,0 11,0 12,0 13,0 14,0 15,0 16,0 17,0 18,0 19,0 20,0 21,0 22,0 23,0 24,0 25,0 26,0 27,0 28,0 29,0 30,0 31,0 0,16 1,16 2,16 3,16 4,16 5,16 6,16 7,16 8,16 9,16 10,16 11,16 12,16 13,16 14,16 15,16 16,16 17,16 18,16 19,16 20,16 21,16 22,16 23,16 24,16 25,16 26,16 27,16 28,16 29,16 30,16 31,16
    m= 1 | 0,1 1,1 2,1 3,1 4,1 5,1 6,1 7,1 8,1 9,1 10,1 11,1 12,1 13,1 14,1 15,1 16,1 17,1 18,1 19,1 20,1 21,1 22,1 23,1 24,1 25,1 26,1 27,1 28,1 29,1 30,1 31,1 0,17 1,17 2,17 3,17 4,17 5,17 6,17 7,17 8,17 9,17 10,17 11,17 12,17 13,17 14,17 15,17 16,17 17,17 18,17 19,17 20,17 21,17 22,17 23,17 24,17 25,17 26,17 27,17 28,17 29,17 30,17 31,17
    m= 2 | 0,2 1,2 2,2 3,2 4,2 5,2 6,2 7,2 8,2 9,2 10,2 11,2 12,2 13,2 14,2 15,2 16,2 17,2 18,2 19,2 20,2 21,2 22,2 23,2 24,2 25,2 26,2 27,2 28,2 29,2 30,2 31,2 0,18 1,18 2,18 3,18 4,18 5,18 6,18 7,18 8,18 9,18 10,18 11,18 12,18 13,18 14,18 15,18 16,18 17,18 18,18 19,18 20,18 21,18 22,18 23,18 24,18 25,18 26,18 27,18 28,18 29,18 30,18 31,18
    m= 3 | 0,3 1,3 2,3 3,3 4,3 5,3 6,3 7,3 8,3 9,3 10,3 11,3 12,3 13,3 14,3 15,3 16,3 17,3 18,3 19,3 20,3 21,3 22,3 23,3 24,3 25,3 26,3 27,3 28,3 29,3 30,3 31,3 0,19 1,19 2,19 3,19 4,19 5,19 6,19 7,19 8,19 9,19 10,19 11,19 12,19 13,19 14,19 15,19 16,19 17,19 18,19 19,19 20,19 21,19 22,19 23,19 24,19 25,19 26,19 27,19 28,19 29,19 30,19 31,19
    m= 4 | 0,4 1,4 2,4 3,4 4,4 5,4 6,4 7,4 8,4 9,4 10,4 11,4 12,4 13,4 14,4 15,4 16,4 17,4 18,4 19,4 20,4 21,4 22,4 23,4 24,4 25,4 26,4 27,4 28,4 29,4 30,4 31,4 0,20 1,20 2,20 3,20 4,20 5,20 6,20 7,20 8,20 9,20 10,20 11,20 12,20 13,20 14,20 15,20 16,20 17,20 18,20 19,20 20,20 21,20 22,20 23,20 24,20 25,20 26,20 27,20 28,20 29,20 30,20 31,20
    m= 5 | 0,5 1,5 2,5 3,5 4,5 5,5 6,5 7,5 8,5 9,5 10,5 11,5 12,5 13,5 14,5 15,5 16,5 17,5 18,5 19,5 20,5 21,5 22,5 23,5 24,5 25,5 26,5 27,5 28,5 29,5 30,5 31,5 0,21 1,21 2,21 3,21 4,21 5,21 6,21 7,21 8,21 9,21 10,21 11,21 12,21 13,21 14,21 15,21 16,21 17,21 18,21 19,21 20,21 21,21 22,21 23,21 24,21 25,21 26,21 27,21 28,21 29,21 30,21 31,21
    m= 6 | 0,6 1,6 2,6 3,6 4,6 5,6 6,6 7,6 8,6 9,6 10,6 11,6 12,6 13,6 14,6 15,6 16,6 17,6 18,6 19,6 20,6 21,6 22,6 23,6 24,6 25,6 26,6 27,6 28,6 29,6 30,6 31,6 0,22 1,22 2,22 3,22 4,22 5,22 6,22 7,22 8,22 9,22 10,22 11,22 12,22 13,22 14,22 15,22 16,22 17,22 18,22 19,22 20,22 21,22 22,22 23,22 24,22 25,22 26,22 27,22 28,22 29,22 30,22 31,22
    m= 7 | 0,7 1,7 2,7 3,7 4,7 5,7 6,7 7,7 8,7 9,7 10,7 11,7 12,7 13,7 14,7 15,7 16,7 17,7 18,7 19,7 20,7 21,7 22,7 23,7 24,7 25,7 26,7 27,7 28,7 29,7 30,7 31,7 0,23 1,23 2,23 3,23 4,23 5,23 6,23 7,23 8,23 9,23 10,23 11,23 12,23 13,23 14,23 15,23 16,23 17,23 18,23 19,23 20,23 21,23 22,23 23,23 24,23 25,23 26,23 27,23 28,23 29,23 30,23 31,23
    m= 8 | 0,8 1,8 2,8 3,8 4,8 5,8 6,8 7,8 8,8 9,8 10,8 11,8 12,8 13,8 14,8 15,8 16,8 17,8 18,8 19,8 20,8 21,8 22,8 23,8 24,8 25,8 26,8 27,8 28,8 29,8 30,8 31,8 0,24 1,24 2,24 3,24 4,24 5,24 6,24 7,24 8,24 9,24 10,24 11,24 12,24 13,24 14,24 15,24 16,24 17,24 18,24 19,24 20,24 21,24 22,24 23,24 24,24 25,24 26,24 27,24 28,24 29,24 30,24 31,24
    m= 9 | 0,9 1,9 2,9 3,9 4,9 5,9 6,9 7,9 8,9 9,9 10,9 11,9 12,9 13,9 14,9 15,9 16,9 17,9 18,9 19,9 20,9 21,9 22,9 23,9 24,9 25,9 26,9 27,9 28,9 29,9 30,9 31,9 0,25 1,25 2,25 3,25 4,25 5,25 6,25 7,25 8,25 9,25 10,25 11,25 12,25 13,25 14,25 15,25 16,25 17,25 18,25 19,25 20,25 21,25 22,25 23,25 24,25 25,25 26,25 27,25 28,25 29,25 30,25 31,25
    m=10 | 0,10 1,10 2,10 3,10 4,10 5,10 6,10 7,10 8,10 9,10 10,10 11,10 12,10 13,10 14,10 15,10 16,10 17,10 18,10 19,10 20,10 21,10 22,10 23,10 24,10 25,10 26,10 27,10 28,10 29,10 30,10 31,10 0,26 1,26 2,26 3,26 4,26 5,26 6,26 7,26 8,26 9,26 10,26 11,26 12,26 13,26 14,26 15,26 16,26 17,26 18,26 19,26 20,26 21,26 22,26 23,26 24,26 25,26 26,26 27,26 28,26 29,26 30,26 31,26
    m=11 | 0,11 1,11 2,11 3,11 4,11 5,11 6,11 7,11 8,11 9,11 10,11 11,11 12,11 13,11 14,11 15,11 16,11 17,11 18,11 19,11 20,11 21,11 22,11 23,11 24,11 25,11 26,11 27,11 28,11 29,11 30,11 31,11 0,27 1,27 2,27 3,27 4,27 5,27 6,27 7,27 8,27 9,27 10,27 11,27 12,27 13,27 14,27 15,27 16,27 17,27 18,27 19,27 20,27 21,27 22,27 23,27 24,27 25,27 26,27 27,27 28,27 29,27 30,27 31,27
    m=12 | 0,12 1,12 2,12 3,12 4,12 5,12 6,12 7,12 8,12 9,12 10,12 11,12 12,12 13,12 14,12 15,12 16,12 17,12 18,12 19,12 20,12 21,12 22,12 23,12 24,12 25,12 26,12 27,12 28,12 29,12 30,12 31,12 0,28 1,28 2,28 3,28 4,28 5,28 6,28 7,28 8,28 9,28 10,28 11,28 12,28 13,28 14,28 15,28 16,28 17,28 18,28 19,28 20,28 21,28 22,28 23,28 24,28 25,28 26,28 27,28 28,28 29,28 30,28 31,28
    m=13 | 0,13 1,13 2,13 3,13 4,13 5,13 6,13 7,13 8,13 9,13 10,13 11,13 12,13 13,13 14,13 15,13 16,13 17,13 18,13 19,13 20,13 21,13 22,13 23,13 24,13 25,13 26,13 27,13 28,13 29,13 30,13 31,13 0,29 1,29 2,29 3,29 4,29 5,29 6,29 7,29 8,29 9,29 10,29 11,29 12,29 13,29 14,29 15,29 16,29 17,29 18,29 19,29 20,29 21,29 22,29 23,29 24,29 25,29 26,29 27,29 28,29 29,29 30,29 31,29
    m=14 | 0,14 1,14 2,14 3,14 4,14 5,14 6,14 7,14 8,14 9,14 10,14 11,14 12,14 13,14 14,14 15,14 16,14 17,14 18,14 19,14 20,14 21,14 22,14 23,14 24,14 25,14 26,14 27,14 28,14 29,14 30,14 31,14 0,30 1,30 2,30 3,30 4,30 5,30 6,30 7,30 8,30 9,30 10,30 11,30 12,30 13,30 14,30 15,30 16,30 17,30 18,30 19,30 20,30 21,30 22,30 23,30 24,30 25,30 26,30 27,30 28,30 29,30 30,30 31,30
    m=15 | 0,15 1,15 2,15 3,15 4,15 5,15 6,15 7,15 8,15 9,15 10,15 11,15 12,15 13,15 14,15 15,15 16,15 17,15 18,15 19,15 20,15 21,15 22,15 23,15 24,15 25,15 26,15 27,15 28,15 29,15 30,15 31,15 0,31 1,31 2,31 3,31 4,31 5,31 6,31 7,31 8,31 9,31 10,31 11,31 12,31 13,31 14,31 15,31 16,31 17,31 18,31 19,31 20,31 21,31 22,31 23,31 24,31 25,31 26,31 27,31 28,31 29,31 30,31 31,31
    [2d-48 NO zerofill + NOP load → expect stale/nondet] decoded=1024 zero=0 other=0 fnv=0x2bfd6dc5
