# M17 numpy/double 独立参考链交叉校验日志（check_ref.py）—— **M60 复跑版**（改动后；因 coverage/报告文案修正而重生成，见 `5472bd8` / `32603f8`）
# 判据口径按 docs/17-verification-standard.md §1（T1 逐位/逐字节；T3 推导界 + 逐元素检查 + §1.1 分类）
# 判定项与报告项分栏：判定项（含 M60 的 W* 与「自检-W*n」负向对照）写入下方 PASS/FAIL 行；
#   [guard] 非空洞性护栏、[coverage] 覆盖范围、[参考]、[报告]、[pin] SKIPPED 均为 print-only、不计入
# 退出码三态：0=比过且通过 / 1=比过有差异 / 2=没得比或输入缺失（RESULT: SKIPPED）；OK 文案带实际比较计数
# 数据源：device 落盘 ws_*.bin（M60 起与 evidence/dump_manifest.md 的整段 sha256 逐份核对，见 W0 行）
#   + 真实 checkpoint（safetensors 独立路径，不经 kernel host 的 manifest/pread）
# 另含：①端到端（不打断）链 e2e_chain（从真实 x 起步，全程不取 device 中间量当输入）；
#       ②M60 量化规则见证 W0–W6（对外 pin + 设备无关交叉见证 + 定点/往返判据 + 负向对照），见 README §5.5
# 复跑：/usr/local/python3.12.13/bin/python3 m17_moe_real/check_ref.py /tmp/m17_accept layer0_tok1000_m1

########## layer0_tok1000_m1 (/tmp/m17_accept) ##########
[check_ref] dump=/tmp/m17_accept tag=layer0_tok1000_m1
[check_ref] layer=0 token=1000 m=1
[check_ref] 真实权重装载完成（独立 safetensors 路径）：E=512 专家，gate_up packed 0.781 GiB
[check_ref][guard] 非空洞性：Σt_e=10 == m·topk=10；perm/counts/inv 数组非空
[check_ref][报告] e2e A/B 链差（S1 残差放大）：moe max=0.000e+00 y_final max=0.000e+00
[check_ref][报告] W6b 值域往返的 **S1-free 变体**：h_ref 取 §5.4 的 A 链（输入 = 真实 x，全程不取 device 中间量）⇒ n=7040 | |Δ| p50=8.057e-03 p99=6.369e-02 max=3.281e-01 | 同预算下最差占预算=0.947 越界=0/7040 | 相对误差 p50/max=2.427e-01/1.000e+00
[check_ref][报告] W6/W4/W5 的自指形态：W4/W5/W6 的**输入**都含 device 中间量（`x_sorted` / `bf16 GU` / `xnorm`）⇒ 按 M59 §1 记为 **S1（隔离判据）**，**不得计入「独立端到端」**；W4 的规则来自 `quantize_ocp` ⇒ **同源转录**（非两处独立）。规则不敏感的那一半是 W1/W5/W6 的「方向 + 值域」口径 —— 它们只引用 MXFP4 group32 的数学（量化实现只以「两份转写并列」的形式出现，不拿其一当基准）。
[check_ref][参考] A_qx(routed): device 字节 vs「golden 权重 ceil 规范」量化器 4880/12800 不同 = 38.1%
[check_ref][参考] A_scale(routed): device 字节 vs「golden 权重 ceil 规范」量化器 320/800 不同 = 40.0%
[check_ref][参考] IG 诊断槽(offsets[E+8]) = 0（0 = 无越界 ids）

[check_ref] PASS W0 dump 身份 pin：本轮的 ws_*.bin 整段 sha256 == evidence/dump_manifest.md: 1a0f4883c38d4455701cef9b1d817ccf1a270b77e6e91788445200a0815f51a5 vs 1a0f4883c38d4455701cef9b1d817ccf1a270b77e6e91788445200a0815f51a5（= 归档字节）
[check_ref] PASS S1 x_norm (RMSNorm#1, gamma=真实 hc_norm): n=2560 越界=0（非有限 0） | dev-ref| mean=7.053e-04 p50=3.799e-04 p90=1.752e-03 p99=3.894e-03 max=7.805e-03 | 最差占预算=0.330 (tol = 3.79×spacing(x)（中位等效倍数；= nulp×spacing + noise，noise 来源见调用点注释与 README §5.3）) | δ=noise ≥ spacing/2 ⇒ 全部 2560 个元素记为「边界元素」（非舍入噪声大于网格步长，分类退化）⇒ 判定用绝对界（网格项 + 非舍入项）
[check_ref] PASS S1 res1 (残差 = bf16 层输入, fp32 逐位): 0/2560 元素不符
[check_ref] PASS S2 logits (x_norm·Wᵀ, max-shift): n=512 越界=0（非有限 0） | dev-ref| mean=1.753e-07 p50=1.616e-07 p90=2.999e-07 p99=5.708e-07 max=1.011e-06 | 最差占预算=0.012 (tol = 0.0255×spacing(x)（中位等效倍数；= nulp×spacing + noise，noise 来源见调用点注释与 README §5.3）) | 常规 467 / 边界 45（δ=noise；绝对界已覆盖方向翻转）
[check_ref] PASS S2 topk_ids (降序/并列取小 id): 0/10 元素不符
[check_ref] PASS S2 topk_weights (renorm): n=10 越界=0（非有限 0） | dev-ref| mean=8.038e-09 p50=6.182e-09 p90=1.846e-08 p99=1.856e-08 max=1.857e-08 | 最差占预算=0.000 (tol = 4.2×spacing(x)（中位等效倍数；= nulp×spacing + noise，noise 来源见调用点注释与 README §5.3）) | δ=noise ≥ spacing/2 ⇒ 全部 10 个元素记为「边界元素」（非舍入噪声大于网格步长，分类退化）⇒ 判定用绝对界（网格项 + 非舍入项）
[check_ref] PASS S2 sgate (共享门裸点积): n=1 越界=0（非有限 0） | dev-ref| mean=1.492e-08 p50=1.492e-08 p90=1.492e-08 p99=1.492e-08 max=1.492e-08 | 最差占预算=0.001 (tol = 0.0598×spacing(x)（中位等效倍数；= nulp×spacing + noise，noise 来源见调用点注释与 README §5.3）) | 常规 1 / 边界 0（δ=noise；绝对界已覆盖方向翻转）
[check_ref] PASS S3 perm_src (计数排序, 稳定): 0/10 元素不符
[check_ref] PASS S3 perm_expert: 0/10 元素不符
[check_ref] PASS S3 counts: 0/512 元素不符
[check_ref] PASS S3 inv_slot (=e*M_MAX+槽位行号): 0/10 元素不符
[check_ref] PASS S3 w_tk_packed (低16位=bf16(权重)): 0/10 元素不符
[check_ref] PASS S4 x_sorted = gather(x_norm, perm_src): 0/25600 元素不符
[check_ref] PASS S5 A_qx 逐字节 vs numpy(MxQuant 硬件规范): 0/12800 字节不符
[check_ref] PASS S5 A_scale 逐字节 vs numpy(MxQuant 硬件规范): 0/800 字节不符
[check_ref] PASS S5 A_shd_qx 逐字节 vs numpy: 0/1280
[check_ref] PASS S5 A_shd_scale 逐字节 vs numpy: 0/80
[check_ref] PASS S6 GU slot41 (t=1): n=1280 越界=0（非有限 0） | dev-ref| mean=5.219e-04 p50=3.662e-04 p90=1.343e-03 p99=2.518e-03 max=3.906e-03 | 最差占预算=0.478 (tol = 5.36×spacing(x)（中位等效倍数；= nulp×spacing + noise，noise 来源见调用点注释与 README §5.3）) | δ=noise ≥ spacing/2 ⇒ 全部 1280 个元素记为「边界元素」（非舍入噪声大于网格步长，分类退化）⇒ 判定用绝对界（网格项 + 非舍入项）
[check_ref] PASS S7 H_swiglu slot41: n=640 越界=0（非有限 0） | dev-ref| mean=9.750e-05 p50=3.751e-05 p90=2.332e-04 p99=8.457e-04 max=1.713e-03 | 最差占预算=0.320 (tol = 3.81×spacing(x)（中位等效倍数；= nulp×spacing + noise，noise 来源见调用点注释与 README §5.3）) | δ=noise ≥ spacing/2 ⇒ 全部 640 个元素记为「边界元素」（非舍入噪声大于网格步长，分类退化）⇒ 判定用绝对界（网格项 + 非舍入项）
[check_ref] PASS S8 Y slot41: n=2560 越界=0（非有限 0） | dev-ref| mean=4.829e-05 p50=3.052e-05 p90=1.221e-04 p99=2.441e-04 max=4.883e-04 | 最差占预算=0.887 (tol = 1.53×spacing(x)（中位等效倍数；= nulp×spacing + noise，noise 来源见调用点注释与 README §5.3）) | 常规 490 / 边界 2070（δ=noise；绝对界已覆盖方向翻转）
[check_ref] PASS S6 GU slot74 (t=1): n=1280 越界=0（非有限 0） | dev-ref| mean=5.357e-04 p50=3.662e-04 p90=1.343e-03 p99=2.493e-03 max=3.662e-03 | 最差占预算=0.442 (tol = 5.37×spacing(x)（中位等效倍数；= nulp×spacing + noise，noise 来源见调用点注释与 README §5.3）) | δ=noise ≥ spacing/2 ⇒ 全部 1280 个元素记为「边界元素」（非舍入噪声大于网格步长，分类退化）⇒ 判定用绝对界（网格项 + 非舍入项）
[check_ref] PASS S7 H_swiglu slot74: n=640 越界=0（非有限 0） | dev-ref| mean=1.291e-04 p50=4.170e-05 p90=3.341e-04 p99=1.337e-03 max=2.873e-03 | 最差占预算=0.328 (tol = 3.91×spacing(x)（中位等效倍数；= nulp×spacing + noise，noise 来源见调用点注释与 README §5.3）) | δ=noise ≥ spacing/2 ⇒ 全部 640 个元素记为「边界元素」（非舍入噪声大于网格步长，分类退化）⇒ 判定用绝对界（网格项 + 非舍入项）
[check_ref] PASS S8 Y slot74: n=2560 越界=0（非有限 0） | dev-ref| mean=6.074e-05 p50=3.052e-05 p90=1.526e-04 p99=2.692e-04 max=7.935e-04 | 最差占预算=0.903 (tol = 1.42×spacing(x)（中位等效倍数；= nulp×spacing + noise，noise 来源见调用点注释与 README §5.3）) | 常规 698 / 边界 1862（δ=noise；绝对界已覆盖方向翻转）
[check_ref] PASS S6 GU slot138 (t=1): n=1280 越界=0（非有限 0） | dev-ref| mean=4.946e-04 p50=2.441e-04 p90=1.221e-03 p99=2.686e-03 max=3.906e-03 | 最差占预算=0.482 (tol = 5.31×spacing(x)（中位等效倍数；= nulp×spacing + noise，noise 来源见调用点注释与 README §5.3）) | δ=noise ≥ spacing/2 ⇒ 全部 1280 个元素记为「边界元素」（非舍入噪声大于网格步长，分类退化）⇒ 判定用绝对界（网格项 + 非舍入项）
[check_ref] PASS S7 H_swiglu slot138: n=640 越界=0（非有限 0） | dev-ref| mean=8.681e-05 p50=3.399e-05 p90=2.251e-04 p99=5.144e-04 max=2.209e-03 | 最差占预算=0.327 (tol = 3.9×spacing(x)（中位等效倍数；= nulp×spacing + noise，noise 来源见调用点注释与 README §5.3）) | δ=noise ≥ spacing/2 ⇒ 全部 640 个元素记为「边界元素」（非舍入噪声大于网格步长，分类退化）⇒ 判定用绝对界（网格项 + 非舍入项）
[check_ref] PASS S8 Y slot138: n=2560 越界=0（非有限 0） | dev-ref| mean=4.275e-05 p50=3.052e-05 p90=1.083e-04 p99=2.199e-04 max=3.967e-04 | 最差占预算=0.887 (tol = 1.49×spacing(x)（中位等效倍数；= nulp×spacing + noise，noise 来源见调用点注释与 README §5.3）) | 常规 631 / 边界 1929（δ=noise；绝对界已覆盖方向翻转）
[check_ref] PASS S6 GU slot167 (t=1): n=1280 越界=0（非有限 0） | dev-ref| mean=4.993e-04 p50=2.441e-04 p90=1.233e-03 p99=2.737e-03 max=3.784e-03 | 最差占预算=0.464 (tol = 5.38×spacing(x)（中位等效倍数；= nulp×spacing + noise，noise 来源见调用点注释与 README §5.3）) | δ=noise ≥ spacing/2 ⇒ 全部 1280 个元素记为「边界元素」（非舍入噪声大于网格步长，分类退化）⇒ 判定用绝对界（网格项 + 非舍入项）
[check_ref] PASS S7 H_swiglu slot167: n=640 越界=0（非有限 0） | dev-ref| mean=9.250e-05 p50=3.432e-05 p90=2.281e-04 p99=8.190e-04 max=2.233e-03 | 最差占预算=0.327 (tol = 3.86×spacing(x)（中位等效倍数；= nulp×spacing + noise，noise 来源见调用点注释与 README §5.3）) | δ=noise ≥ spacing/2 ⇒ 全部 640 个元素记为「边界元素」（非舍入噪声大于网格步长，分类退化）⇒ 判定用绝对界（网格项 + 非舍入项）
[check_ref] PASS S8 Y slot167: n=2560 越界=0（非有限 0） | dev-ref| mean=4.209e-05 p50=3.052e-05 p90=9.155e-05 p99=2.441e-04 max=4.578e-04 | 最差占预算=0.903 (tol = 1.48×spacing(x)（中位等效倍数；= nulp×spacing + noise，noise 来源见调用点注释与 README §5.3）) | 常规 656 / 边界 1904（δ=noise；绝对界已覆盖方向翻转）
[check_ref] PASS S6 GU slot188 (t=1): n=1280 越界=0（非有限 0） | dev-ref| mean=5.491e-04 p50=3.662e-04 p90=1.465e-03 p99=2.930e-03 max=3.784e-03 | 最差占预算=0.499 (tol = 5.35×spacing(x)（中位等效倍数；= nulp×spacing + noise，noise 来源见调用点注释与 README §5.3）) | δ=noise ≥ spacing/2 ⇒ 全部 1280 个元素记为「边界元素」（非舍入噪声大于网格步长，分类退化）⇒ 判定用绝对界（网格项 + 非舍入项）
[check_ref] PASS S7 H_swiglu slot188: n=640 越界=0（非有限 0） | dev-ref| mean=1.295e-04 p50=4.074e-05 p90=3.210e-04 p99=1.428e-03 max=3.287e-03 | 最差占预算=0.328 (tol = 3.81×spacing(x)（中位等效倍数；= nulp×spacing + noise，noise 来源见调用点注释与 README §5.3）) | δ=noise ≥ spacing/2 ⇒ 全部 640 个元素记为「边界元素」（非舍入噪声大于网格步长，分类退化）⇒ 判定用绝对界（网格项 + 非舍入项）
[check_ref] PASS S8 Y slot188: n=2560 越界=0（非有限 0） | dev-ref| mean=5.352e-05 p50=6.104e-05 p90=1.221e-04 p99=2.441e-04 max=4.883e-04 | 最差占预算=0.906 (tol = 1.41×spacing(x)（中位等效倍数；= nulp×spacing + noise，noise 来源见调用点注释与 README §5.3）) | 常规 785 / 边界 1775（δ=noise；绝对界已覆盖方向翻转）
[check_ref] PASS S6 GU slot266 (t=1): n=1280 越界=0（非有限 0） | dev-ref| mean=5.142e-04 p50=2.441e-04 p90=1.343e-03 p99=2.249e-03 max=3.662e-03 | 最差占预算=0.464 (tol = 5.3×spacing(x)（中位等效倍数；= nulp×spacing + noise，noise 来源见调用点注释与 README §5.3）) | δ=noise ≥ spacing/2 ⇒ 全部 1280 个元素记为「边界元素」（非舍入噪声大于网格步长，分类退化）⇒ 判定用绝对界（网格项 + 非舍入项）
[check_ref] PASS S7 H_swiglu slot266: n=640 越界=0（非有限 0） | dev-ref| mean=8.800e-05 p50=3.495e-05 p90=2.179e-04 p99=8.090e-04 max=1.627e-03 | 最差占预算=0.331 (tol = 3.83×spacing(x)（中位等效倍数；= nulp×spacing + noise，noise 来源见调用点注释与 README §5.3）) | δ=noise ≥ spacing/2 ⇒ 全部 640 个元素记为「边界元素」（非舍入噪声大于网格步长，分类退化）⇒ 判定用绝对界（网格项 + 非舍入项）
[check_ref] PASS S8 Y slot266: n=2560 越界=0（非有限 0） | dev-ref| mean=4.302e-05 p50=3.052e-05 p90=1.221e-04 p99=2.136e-04 max=4.578e-04 | 最差占预算=0.898 (tol = 1.52×spacing(x)（中位等效倍数；= nulp×spacing + noise，noise 来源见调用点注释与 README §5.3）) | 常规 551 / 边界 2009（δ=noise；绝对界已覆盖方向翻转）
[check_ref] PASS S6 GU slot277 (t=1): n=1280 越界=0（非有限 0） | dev-ref| mean=5.313e-04 p50=3.662e-04 p90=1.343e-03 p99=1.953e-03 max=3.418e-03 | 最差占预算=0.422 (tol = 5.39×spacing(x)（中位等效倍数；= nulp×spacing + noise，noise 来源见调用点注释与 README §5.3）) | δ=noise ≥ spacing/2 ⇒ 全部 1280 个元素记为「边界元素」（非舍入噪声大于网格步长，分类退化）⇒ 判定用绝对界（网格项 + 非舍入项）
[check_ref] PASS S7 H_swiglu slot277: n=640 越界=0（非有限 0） | dev-ref| mean=1.111e-04 p50=4.795e-05 p90=2.847e-04 p99=8.335e-04 max=2.852e-03 | 最差占预算=0.317 (tol = 3.81×spacing(x)（中位等效倍数；= nulp×spacing + noise，noise 来源见调用点注释与 README §5.3）) | δ=noise ≥ spacing/2 ⇒ 全部 640 个元素记为「边界元素」（非舍入噪声大于网格步长，分类退化）⇒ 判定用绝对界（网格项 + 非舍入项）
[check_ref] PASS S8 Y slot277: n=2560 越界=0（非有限 0） | dev-ref| mean=4.231e-05 p50=3.052e-05 p90=1.221e-04 p99=2.136e-04 max=3.662e-04 | 最差占预算=0.897 (tol = 1.57×spacing(x)（中位等效倍数；= nulp×spacing + noise，noise 来源见调用点注释与 README §5.3）) | 常规 465 / 边界 2095（δ=noise；绝对界已覆盖方向翻转）
[check_ref] PASS S6 GU slot320 (t=1): n=1280 越界=0（非有限 0） | dev-ref| mean=5.064e-04 p50=2.441e-04 p90=1.221e-03 p99=2.589e-03 max=3.906e-03 | 最差占预算=0.475 (tol = 5.4×spacing(x)（中位等效倍数；= nulp×spacing + noise，noise 来源见调用点注释与 README §5.3）) | δ=noise ≥ spacing/2 ⇒ 全部 1280 个元素记为「边界元素」（非舍入噪声大于网格步长，分类退化）⇒ 判定用绝对界（网格项 + 非舍入项）
[check_ref] PASS S7 H_swiglu slot320: n=640 越界=0（非有限 0） | dev-ref| mean=9.607e-05 p50=4.242e-05 p90=2.233e-04 p99=8.776e-04 max=1.576e-03 | 最差占预算=0.323 (tol = 3.87×spacing(x)（中位等效倍数；= nulp×spacing + noise，noise 来源见调用点注释与 README §5.3）) | δ=noise ≥ spacing/2 ⇒ 全部 640 个元素记为「边界元素」（非舍入噪声大于网格步长，分类退化）⇒ 判定用绝对界（网格项 + 非舍入项）
[check_ref] PASS S8 Y slot320: n=2560 越界=0（非有限 0） | dev-ref| mean=4.356e-05 p50=3.052e-05 p90=1.221e-04 p99=2.261e-04 max=4.578e-04 | 最差占预算=0.901 (tol = 1.52×spacing(x)（中位等效倍数；= nulp×spacing + noise，noise 来源见调用点注释与 README §5.3）) | 常规 542 / 边界 2018（δ=noise；绝对界已覆盖方向翻转）
[check_ref] PASS S6 GU slot444 (t=1): n=1280 越界=0（非有限 0） | dev-ref| mean=5.343e-04 p50=3.662e-04 p90=1.465e-03 p99=2.686e-03 max=3.906e-03 | 最差占预算=0.476 (tol = 5.37×spacing(x)（中位等效倍数；= nulp×spacing + noise，noise 来源见调用点注释与 README §5.3）) | δ=noise ≥ spacing/2 ⇒ 全部 1280 个元素记为「边界元素」（非舍入噪声大于网格步长，分类退化）⇒ 判定用绝对界（网格项 + 非舍入项）
[check_ref] PASS S7 H_swiglu slot444: n=640 越界=0（非有限 0） | dev-ref| mean=1.086e-04 p50=4.038e-05 p90=2.380e-04 p99=9.257e-04 max=3.302e-03 | 最差占预算=0.314 (tol = 3.82×spacing(x)（中位等效倍数；= nulp×spacing + noise，noise 来源见调用点注释与 README §5.3）) | δ=noise ≥ spacing/2 ⇒ 全部 640 个元素记为「边界元素」（非舍入噪声大于网格步长，分类退化）⇒ 判定用绝对界（网格项 + 非舍入项）
[check_ref] PASS S8 Y slot444: n=2560 越界=0（非有限 0） | dev-ref| mean=4.485e-05 p50=3.052e-05 p90=1.221e-04 p99=2.441e-04 max=4.883e-04 | 最差占预算=0.899 (tol = 1.54×spacing(x)（中位等效倍数；= nulp×spacing + noise，noise 来源见调用点注释与 README §5.3）) | 常规 472 / 边界 2088（δ=noise；绝对界已覆盖方向翻转）
[check_ref] PASS S6 GU slot462 (t=1): n=1280 越界=0（非有限 0） | dev-ref| mean=5.426e-04 p50=3.662e-04 p90=1.465e-03 p99=2.930e-03 max=3.906e-03 | 最差占预算=0.477 (tol = 5.36×spacing(x)（中位等效倍数；= nulp×spacing + noise，noise 来源见调用点注释与 README §5.3）) | δ=noise ≥ spacing/2 ⇒ 全部 1280 个元素记为「边界元素」（非舍入噪声大于网格步长，分类退化）⇒ 判定用绝对界（网格项 + 非舍入项）
[check_ref] PASS S7 H_swiglu slot462: n=640 越界=0（非有限 0） | dev-ref| mean=1.029e-04 p50=3.975e-05 p90=2.462e-04 p99=8.309e-04 max=2.580e-03 | 最差占预算=0.331 (tol = 3.86×spacing(x)（中位等效倍数；= nulp×spacing + noise，noise 来源见调用点注释与 README §5.3）) | δ=noise ≥ spacing/2 ⇒ 全部 640 个元素记为「边界元素」（非舍入噪声大于网格步长，分类退化）⇒ 判定用绝对界（网格项 + 非舍入项）
[check_ref] PASS S8 Y slot462: n=2560 越界=0（非有限 0） | dev-ref| mean=4.660e-05 p50=3.052e-05 p90=1.221e-04 p99=2.441e-04 max=4.883e-04 | 最差占预算=0.922 (tol = 1.49×spacing(x)（中位等效倍数；= nulp×spacing + noise，noise 来源见调用点注释与 README §5.3）) | 常规 771 / 边界 1789（δ=noise；绝对界已覆盖方向翻转）
[check_ref] PASS S7 H_qx 逐字节 vs numpy(MxQuant 硬件规范): 0/3200 字节不符
[check_ref] PASS S7 H_scale 逐字节 vs numpy(MxQuant 硬件规范): 0/200 字节不符
[check_ref] PASS S6 GU_shd (真实共享专家): n=1280 越界=0（非有限 0） | dev-ref| mean=4.007e-04 p50=2.441e-04 p90=9.766e-04 p99=1.953e-03 max=3.662e-03 | 最差占预算=0.494 (tol = 6.14×spacing(x)（中位等效倍数；= nulp×spacing + noise，noise 来源见调用点注释与 README §5.3）) | δ=noise ≥ spacing/2 ⇒ 全部 1280 个元素记为「边界元素」（非舍入噪声大于网格步长，分类退化）⇒ 判定用绝对界（网格项 + 非舍入项）
[check_ref] PASS S7 H_shd: n=640 越界=0（非有限 0） | dev-ref| mean=6.976e-05 p50=2.136e-05 p90=1.691e-04 p99=7.916e-04 max=1.905e-03 | 最差占预算=0.322 (tol = 3.8×spacing(x)（中位等效倍数；= nulp×spacing + noise，noise 来源见调用点注释与 README §5.3）) | 常规 1 / 边界 639（δ=noise；绝对界已覆盖方向翻转）
[check_ref] PASS S7 H_shd_qx 逐字节 vs numpy: 0/320
[check_ref] PASS S7 H_shd_scale 逐字节 vs numpy: 0/20
[check_ref] PASS S8 Y_shd: n=2560 越界=0（非有限 0） | dev-ref| mean=2.049e-05 p50=1.526e-05 p90=5.341e-05 p99=1.144e-04 max=5.035e-04 | 最差占预算=0.924 (tol = 1.44×spacing(x)（中位等效倍数；= nulp×spacing + noise，noise 来源见调用点注释与 README §5.3）) | 常规 836 / 边界 1724（δ=noise；绝对界已覆盖方向翻转）
[check_ref] PASS S9a routed_output (加权折叠): n=2560 越界=0（非有限 0） | dev-ref| mean=1.670e-05 p50=1.038e-05 p90=4.337e-05 p99=9.338e-05 max=1.963e-04 | 最差占预算=0.999 (tol = 1×spacing(x)（中位等效倍数；= nulp×spacing + noise，noise 来源见调用点注释与 README §5.3）) | 常规 2524 / 边界 36（δ=noise；绝对界已覆盖方向翻转）
[check_ref] PASS S9b shared_output (sigmoid(g)·Y_shd): n=2560 越界=0（非有限 0） | dev-ref| mean=8.907e-06 p50=5.453e-06 p90=2.226e-05 p99=4.986e-05 max=3.988e-04 | 最差占预算=0.307 (tol = 3.85×spacing(x)（中位等效倍数；= nulp×spacing + noise，noise 来源见调用点注释与 README §5.3）) | 常规 1 / 边界 2559（δ=noise；绝对界已覆盖方向翻转）
[check_ref] PASS S9b moe_output (routed + 未取整 gated shared): n=2560 越界=0（非有限 0） | dev-ref| mean=1.997e-05 p50=1.233e-05 p90=4.954e-05 p99=1.095e-04 max=2.323e-04 | 最差占预算=0.941 (tol = 2.27×spacing(x)（中位等效倍数；= nulp×spacing + noise，noise 来源见调用点注释与 README §5.3）) | 常规 303 / 边界 2257（δ=noise；绝对界已覆盖方向翻转）
[check_ref] PASS S10 y_final (RMSNorm#2 over res2, gamma=真实 hc_norm): n=2560 越界=0（非有限 0） | dev-ref| mean=5.113e-04 p50=2.529e-04 p90=1.384e-03 p99=3.398e-03 max=7.644e-03 | 最差占预算=0.324 (tol = 3.78×spacing(x)（中位等效倍数；= nulp×spacing + noise，noise 来源见调用点注释与 README §5.3）) | 常规 2 / 边界 2558（δ=noise；绝对界已覆盖方向翻转）
[check_ref] PASS S10 res2 (fp32(res1+bf16(moe)) 逐位): 0/2560 不符
[check_ref] PASS e2e router ids == device topk_ids（链上重算）: 0/10 元素不符
[check_ref] PASS e2e counts == device counts: 0/512 元素不符
[check_ref] PASS e2e 链上量化字节 == device 字节（A_qx/A_scale/H_qx/H_scale）: 0/17000 字节不符（A 侧应 0：x_sorted 逐位一致；H 侧差异来自 GU 的舍入）
[check_ref] PASS e2e moe_output（A 链，输入=真实 x）: n=2560 越界=0（非有限 0） | dev-ref| mean=0.000e+00 p50=0.000e+00 p90=0.000e+00 p99=0.000e+00 max=0.000e+00 | 最差占预算=0.000 (tol = 3.84×spacing(x)（中位等效倍数；= nulp×spacing + noise，noise 来源见调用点注释与 README §5.3）) | δ=noise ≥ spacing/2 ⇒ 全部 2560 个元素记为「边界元素」（非舍入噪声大于网格步长，分类退化）⇒ 判定用绝对界（网格项 + 非舍入项）
[check_ref] PASS e2e y_final（A 链，输入=真实 x）: n=2560 越界=0（非有限 0） | dev-ref| mean=0.000e+00 p50=0.000e+00 p90=0.000e+00 p99=0.000e+00 max=0.000e+00 | 最差占预算=0.000 (tol = 3.78×spacing(x)（中位等效倍数；= nulp×spacing + noise，noise 来源见调用点注释与 README §5.3）) | 常规 2 / 边界 2558（δ=noise；绝对界已覆盖方向翻转）
[check_ref] PASS W1 量化规则方向定点（amax∈{0.5,1,2} ⇒ scale 字节 124/125/126、code 6、反量化回 amax；设备无关、规则不敏感）: quant_hw: byte=(124, 125, 126) code=(6, 6, 6) 反量化=(0.5, 1.0, 2.0) | quantize_ocp: byte=(124, 125, 126) code=(6, 6, 6) 反量化=(0.5, 1.0, 2.0)
[check_ref] PASS 自检-W2 负向对照：方向反的 legacy 规则必须在定点上分叉（code ≠ 6）: 方向反（x × 2^(byte−127)）：code=(0, 1, 2)，而 scale 字节与正确规则**逐字节相同** = (124, 125, 126) ⇒ 只比 scale 字节的 vf-probe 对 data 侧翻转完全无感（M59 §6 第 3 步）
[check_ref] PASS W3 角落平价：quant_hw == tools/golden::quantize_ocp（±Inf/NaN / 次正规 / 全零，逐字节；设备无关）: ±Inf/NaN 组: byte=(255, 255) code=((0, 0, 0, 0), (0, 0, 0, 0)) == quantize_ocp | 次正规/最小正规组: byte=(0, 0) code=((0, 0, 0, 0), (8, 0, 0, 0)) == quantize_ocp | 全零组: byte=(0,) code=((0, 0, 0, 0),) == quantize_ocp
[check_ref] PASS 自检-W3n 负向对照：M60 修复前的镜像必须在角落上与官方分叉: f0286f6:m17_moe_real/check_ref.py::quant_hw：与 quantize_ocp 失配 5/85 字节（+Inf 组给 scale 253/code 7，官方 255/code 0；`amax=2⁻¹²⁶` 组给 code 4，官方 code 0）⇒ M29 以来既有判据从未覆盖这两个角落（真实数据 0 个这样的组）
[check_ref] PASS W4 device 量化字节 == tools/golden::quantize_ocp（A/H routed + 共享，含 scale 与 nibble，逐字节；S1 输入 + 同源转录规则）: 0/18700 字节不符
[check_ref] PASS 自检-W4n 负向对照：方向反的 legacy 规则 vs device 字节必须失配: 16490/18700 字节不符 = 88.2%（M59 在 m3 上的归档同类读数 94.8%、在 m1 golden 上 44.2%）
[check_ref] PASS W5 设备侧方向定点：每个活动组的 |amax| 元素码必须 ∈ {6,7}（= 值 4.0/6.0）: 违反 0/1100 组（A/H routed + 共享；分母 = 全部活动组）
[check_ref] PASS 自检-W5n 负向对照：方向反的规则在同一统计上必须违反: 违反 1089/1100 组 ⇒ 该统计对方向翻转是活的
[check_ref] PASS W6 值域往返：|dequant(device H 字节) − h_ref| ≤ 2·scale + (1×spacing + EPS_FAST·|h_ref|)（h_ref = host double SwiGLU，**不由 device 字节反推**）: n=7040 越界=0 | |Δ| p50=8.089e-03 p99=6.372e-02 max=3.310e-01 | 预算 max=5.182e-01 最差占预算=0.953 | 相对误差（h_ref ≠ 0，p50/p99/max）=2.447e-01/1.000e+00/1.003e+00
[check_ref] PASS 自检-W6n 负向对照：方向反的编码在同一判据上必须越界: 越界=1123/7040 | 相对误差 p50/max=1.000e+00/1.000e+00（同口径下 M59 在 m3 上的归档读数 = p50 142 / max 5.79e76；本数据组的尺度更小，方向反后码被压到 0，相对误差饱和在 1.0 —— 这也是本判据用**绝对界 + 预算比**而不是相对误差作判定的原因）
[check_ref] ===== 判定项 74 条，74 PASS / 0 FAIL （分段 58 + e2e 5 + 量化规则见证 11，其中负向自检 5）=====
[check_ref][coverage] 本次实际比较：判定项 74（分段 58 + e2e 5 + 量化规则见证 11，其中负向自检 5）；guard 1（单列）
[check_ref][coverage]   全量比较：x_norm/res1/logits(全部 512 个专家)/topk_ids/topk_weights/perm_src/perm_expert/inv_slot/w_tk_packed/sgate/x_sorted(前 10 行)/routed/shared/moe/y_final/res2（m=1 行全部元素）
[check_ref][coverage]   部分比较：A/H 量化字节与 GU/h_swiglu/Y/共享四段只比**非空槽位的前 t_e 行**（活动槽 10/512，跳过 502 个空槽）
[check_ref][coverage]   不在本脚本范围（各由 host 不变量 / guard / device 日志见证）：counts 与 offsets 的前缀和一致性、t_e∈[0,64]、ids 范围与行内唯一、perm 分组有序、inv_slot 自洽、w_tk 低 16 位、全体有限、topk 行和≈1、offsets[E+1] 之后的诊断槽
[check_ref][coverage]   量化规则见证（M60）的三态分栏：**W1/W2/W3/W3n 设备无关**（只吃合成输入，不读 dump；可与装置无关地复跑）；**W0/W4/W4n/W5/W5n/W6/W6n 吃已归档 dump**（`W0` 读整段 `ws_*.bin` 的 sha256，其余读段内字节；身份与 `evidence/dump_manifest.md` 逐份核对），覆盖 = 全部 10 个活动槽（A/H routed + 共享）的**前 t_e 行**，即 18700 个 A/H 量化字节与 1100 个活动组 —— 计数与匹配器同源（同一循环，不另写数字）；**不在覆盖内**：空槽（502 个）与各行 padding、scale 行距尾部字节（`hs[:, :, 20:]` 等 device 不写或不用的槽位）、`W6` 的 h_ref 自身误差（由 S7 判据见证，本判据只把它的界并入预算）
[check_ref][coverage]   ⇒ **本脚本的 OK 不等于「整个 workspace 都比过了」**：空槽位/各段 padding 行/上述 host 侧项不在**内容**判据的比较范围（负向对照见 README §5.3.1：**在归档 dump 上篡改空槽位或行距尾部的字节 ⇒ 内容判据仍全 OK，但 `W0` 会因整段 sha 变化而 FAIL** —— 此时要按「**除 W0 外全 PASS**」读；内容是覆盖边界、不是漏判。历史口径：M29 时这条篡改只报「内容判据 OK」，M60 新增的 `W0`（整段身份 pin）把它变成「内容 OK + 身份 FAIL」，逐条对照见 README §5.3.1 的「M29 → M60 的一处行为变化」注）
[check_ref] RESULT: OK (74 条判定项全部比较通过：分段判据 58 + e2e 链 5 + 量化规则见证 11（含负向自检 5）；另有 1 条非空洞性 guard 单列、未计入)
exit=0

########## layer0_tok1000_m8 (/tmp/m17_accept) ##########
[check_ref] dump=/tmp/m17_accept tag=layer0_tok1000_m8
[check_ref] layer=0 token=1000 m=8
[check_ref] 真实权重装载完成（独立 safetensors 路径）：E=512 专家，gate_up packed 0.781 GiB
[check_ref][guard] 非空洞性：Σt_e=80 == m·topk=80；perm/counts/inv 数组非空
[check_ref][报告] e2e A/B 链差（S1 残差放大）：moe max=0.000e+00 y_final max=0.000e+00
[check_ref][报告] W6b 值域往返的 **S1-free 变体**：h_ref 取 §5.4 的 A 链（输入 = 真实 x，全程不取 device 中间量）⇒ n=56320 | |Δ| p50=8.789e-03 p99=7.617e-02 max=5.312e-01 | 同预算下最差占预算=0.947 越界=0/56320 | 相对误差 p50/max=2.426e-01/1.000e+00
[check_ref][报告] W6/W4/W5 的自指形态：W4/W5/W6 的**输入**都含 device 中间量（`x_sorted` / `bf16 GU` / `xnorm`）⇒ 按 M59 §1 记为 **S1（隔离判据）**，**不得计入「独立端到端」**；W4 的规则来自 `quantize_ocp` ⇒ **同源转录**（非两处独立）。规则不敏感的那一半是 W1/W5/W6 的「方向 + 值域」口径 —— 它们只引用 MXFP4 group32 的数学（量化实现只以「两份转写并列」的形式出现，不拿其一当基准）。
[check_ref][参考] A_qx(routed): device 字节 vs「golden 权重 ceil 规范」量化器 43570/102400 不同 = 42.5%
[check_ref][参考] A_scale(routed): device 字节 vs「golden 权重 ceil 规范」量化器 2810/6400 不同 = 43.9%
[check_ref][参考] IG 诊断槽(offsets[E+8]) = 0（0 = 无越界 ids）

[check_ref] PASS W0 dump 身份 pin：本轮的 ws_*.bin 整段 sha256 == evidence/dump_manifest.md: 641e075b697714a525b7182d78f801e24780f93948643106c71e2cbd655792e1 vs 641e075b697714a525b7182d78f801e24780f93948643106c71e2cbd655792e1（= 归档字节）
[check_ref] PASS S1 x_norm (RMSNorm#1, gamma=真实 hc_norm): n=20480 越界=0（非有限 0） | dev-ref| mean=7.372e-04 p50=4.012e-04 p90=1.807e-03 p99=3.896e-03 max=2.434e-02 | 最差占预算=0.331 (tol = 3.84×spacing(x)（中位等效倍数；= nulp×spacing + noise，noise 来源见调用点注释与 README §5.3）) | δ=noise ≥ spacing/2 ⇒ 全部 20480 个元素记为「边界元素」（非舍入噪声大于网格步长，分类退化）⇒ 判定用绝对界（网格项 + 非舍入项）
[check_ref] PASS S1 res1 (残差 = bf16 层输入, fp32 逐位): 0/20480 元素不符
[check_ref] PASS S2 logits (x_norm·Wᵀ, max-shift): n=4096 越界=0（非有限 0） | dev-ref| mean=2.483e-07 p50=2.275e-07 p90=4.648e-07 p99=6.813e-07 max=1.761e-06 | 最差占预算=0.020 (tol = 0.0128×spacing(x)（中位等效倍数；= nulp×spacing + noise，noise 来源见调用点注释与 README §5.3）) | 常规 3968 / 边界 128（δ=noise；绝对界已覆盖方向翻转）
[check_ref] PASS S2 topk_ids (降序/并列取小 id): 0/80 元素不符
[check_ref] PASS S2 topk_weights (renorm): n=80 越界=0（非有限 0） | dev-ref| mean=1.430e-08 p50=8.584e-09 p90=2.209e-08 p99=1.086e-07 max=1.303e-07 | 最差占预算=0.000 (tol = 3.71×spacing(x)（中位等效倍数；= nulp×spacing + noise，noise 来源见调用点注释与 README §5.3）) | δ=noise ≥ spacing/2 ⇒ 全部 80 个元素记为「边界元素」（非舍入噪声大于网格步长，分类退化）⇒ 判定用绝对界（网格项 + 非舍入项）
[check_ref] PASS S2 sgate (共享门裸点积): n=8 越界=0（非有限 0） | dev-ref| mean=2.604e-08 p50=2.364e-08 p90=3.982e-08 p99=5.016e-08 max=5.130e-08 | 最差占预算=0.002 (tol = 0.0612×spacing(x)（中位等效倍数；= nulp×spacing + noise，noise 来源见调用点注释与 README §5.3）) | 常规 6 / 边界 2（δ=noise；绝对界已覆盖方向翻转）
[check_ref] PASS S3 perm_src (计数排序, 稳定): 0/80 元素不符
[check_ref] PASS S3 perm_expert: 0/80 元素不符
[check_ref] PASS S3 counts: 0/512 元素不符
[check_ref] PASS S3 inv_slot (=e*M_MAX+槽位行号): 0/80 元素不符
[check_ref] PASS S3 w_tk_packed (低16位=bf16(权重)): 0/80 元素不符
[check_ref] PASS S4 x_sorted = gather(x_norm, perm_src): 0/204800 元素不符
[check_ref] PASS S5 A_qx 逐字节 vs numpy(MxQuant 硬件规范): 0/102400 字节不符
[check_ref] PASS S5 A_scale 逐字节 vs numpy(MxQuant 硬件规范): 0/6400 字节不符
[check_ref] PASS S5 A_shd_qx 逐字节 vs numpy: 0/10240
[check_ref] PASS S5 A_shd_scale 逐字节 vs numpy: 0/640
[check_ref] PASS S6 GU slot0 (t=1): n=1280 越界=0（非有限 0） | dev-ref| mean=5.688e-04 p50=3.662e-04 p90=1.465e-03 p99=3.199e-03 max=3.906e-03 | 最差占预算=0.451 (tol = 5.81×spacing(x)（中位等效倍数；= nulp×spacing + noise，noise 来源见调用点注释与 README §5.3）) | δ=noise ≥ spacing/2 ⇒ 全部 1280 个元素记为「边界元素」（非舍入噪声大于网格步长，分类退化）⇒ 判定用绝对界（网格项 + 非舍入项）
[check_ref] PASS S7 H_swiglu slot0: n=640 越界=0（非有限 0） | dev-ref| mean=1.191e-04 p50=4.432e-05 p90=3.178e-04 p99=8.970e-04 max=3.792e-03 | 最差占预算=0.317 (tol = 3.78×spacing(x)（中位等效倍数；= nulp×spacing + noise，noise 来源见调用点注释与 README §5.3）) | δ=noise ≥ spacing/2 ⇒ 全部 640 个元素记为「边界元素」（非舍入噪声大于网格步长，分类退化）⇒ 判定用绝对界（网格项 + 非舍入项）
[check_ref] PASS S8 Y slot0: n=2560 越界=0（非有限 0） | dev-ref| mean=4.827e-05 p50=3.052e-05 p90=1.221e-04 p99=2.441e-04 max=6.104e-04 | 最差占预算=0.902 (tol = 1.48×spacing(x)（中位等效倍数；= nulp×spacing + noise，noise 来源见调用点注释与 README §5.3）) | 常规 668 / 边界 1892（δ=noise；绝对界已覆盖方向翻转）
[check_ref] PASS S6 GU slot1 (t=1): n=1280 越界=0（非有限 0） | dev-ref| mean=6.089e-04 p50=4.883e-04 p90=1.465e-03 p99=3.418e-03 max=3.906e-03 | 最差占预算=0.487 (tol = 5.54×spacing(x)（中位等效倍数；= nulp×spacing + noise，noise 来源见调用点注释与 README §5.3）) | δ=noise ≥ spacing/2 ⇒ 全部 1280 个元素记为「边界元素」（非舍入噪声大于网格步长，分类退化）⇒ 判定用绝对界（网格项 + 非舍入项）
[check_ref] PASS S7 H_swiglu slot1: n=640 越界=0（非有限 0） | dev-ref| mean=1.452e-04 p50=4.819e-05 p90=3.820e-04 p99=1.579e-03 max=3.435e-03 | 最差占预算=0.322 (tol = 3.84×spacing(x)（中位等效倍数；= nulp×spacing + noise，noise 来源见调用点注释与 README §5.3）) | δ=noise ≥ spacing/2 ⇒ 全部 640 个元素记为「边界元素」（非舍入噪声大于网格步长，分类退化）⇒ 判定用绝对界（网格项 + 非舍入项）
[check_ref] PASS S8 Y slot1: n=2560 越界=0（非有限 0） | dev-ref| mean=7.493e-05 p50=6.104e-05 p90=1.831e-04 p99=4.272e-04 max=1.709e-03 | 最差占预算=0.924 (tol = 1.43×spacing(x)（中位等效倍数；= nulp×spacing + noise，noise 来源见调用点注释与 README §5.3）) | 常规 928 / 边界 1632（δ=noise；绝对界已覆盖方向翻转）
[check_ref] PASS S6 GU slot7 (t=1): n=1280 越界=0（非有限 0） | dev-ref| mean=5.273e-04 p50=2.441e-04 p90=1.465e-03 p99=2.930e-03 max=3.906e-03 | 最差占预算=0.462 (tol = 5.85×spacing(x)（中位等效倍数；= nulp×spacing + noise，noise 来源见调用点注释与 README §5.3）) | δ=noise ≥ spacing/2 ⇒ 全部 1280 个元素记为「边界元素」（非舍入噪声大于网格步长，分类退化）⇒ 判定用绝对界（网格项 + 非舍入项）
[check_ref] PASS S7 H_swiglu slot7: n=640 越界=0（非有限 0） | dev-ref| mean=1.191e-04 p50=4.058e-05 p90=3.022e-04 p99=1.152e-03 max=3.175e-03 | 最差占预算=0.325 (tol = 3.84×spacing(x)（中位等效倍数；= nulp×spacing + noise，noise 来源见调用点注释与 README §5.3）) | δ=noise ≥ spacing/2 ⇒ 全部 640 个元素记为「边界元素」（非舍入噪声大于网格步长，分类退化）⇒ 判定用绝对界（网格项 + 非舍入项）
[check_ref] PASS S8 Y slot7: n=2560 越界=0（非有限 0） | dev-ref| mean=4.804e-05 p50=3.052e-05 p90=1.221e-04 p99=2.441e-04 max=3.662e-04 | 最差占预算=0.884 (tol = 1.55×spacing(x)（中位等效倍数；= nulp×spacing + noise，noise 来源见调用点注释与 README §5.3）) | 常规 466 / 边界 2094（δ=noise；绝对界已覆盖方向翻转）
[check_ref] PASS S6 GU slot17 (t=1): n=1280 越界=0（非有限 0） | dev-ref| mean=5.687e-04 p50=4.883e-04 p90=1.465e-03 p99=3.418e-03 max=3.906e-03 | 最差占预算=0.476 (tol = 5.79×spacing(x)（中位等效倍数；= nulp×spacing + noise，noise 来源见调用点注释与 README §5.3）) | δ=noise ≥ spacing/2 ⇒ 全部 1280 个元素记为「边界元素」（非舍入噪声大于网格步长，分类退化）⇒ 判定用绝对界（网格项 + 非舍入项）
[check_ref] PASS S7 H_swiglu slot17: n=640 越界=0（非有限 0） | dev-ref| mean=1.307e-04 p50=4.671e-05 p90=3.422e-04 p99=1.420e-03 max=3.468e-03 | 最差占预算=0.321 (tol = 3.84×spacing(x)（中位等效倍数；= nulp×spacing + noise，noise 来源见调用点注释与 README §5.3）) | δ=noise ≥ spacing/2 ⇒ 全部 640 个元素记为「边界元素」（非舍入噪声大于网格步长，分类退化）⇒ 判定用绝对界（网格项 + 非舍入项）
[check_ref] PASS S8 Y slot17: n=2560 越界=0（非有限 0） | dev-ref| mean=5.521e-05 p50=6.104e-05 p90=1.221e-04 p99=2.441e-04 max=4.883e-04 | 最差占预算=0.926 (tol = 1.4×spacing(x)（中位等效倍数；= nulp×spacing + noise，noise 来源见调用点注释与 README §5.3）) | 常规 874 / 边界 1686（δ=noise；绝对界已覆盖方向翻转）
[check_ref] PASS S6 GU slot19 (t=1): n=1280 越界=0（非有限 0） | dev-ref| mean=5.622e-04 p50=2.441e-04 p90=1.465e-03 p99=2.930e-03 max=3.906e-03 | 最差占预算=0.466 (tol = 5.77×spacing(x)（中位等效倍数；= nulp×spacing + noise，noise 来源见调用点注释与 README §5.3）) | δ=noise ≥ spacing/2 ⇒ 全部 1280 个元素记为「边界元素」（非舍入噪声大于网格步长，分类退化）⇒ 判定用绝对界（网格项 + 非舍入项）
[check_ref] PASS S7 H_swiglu slot19: n=640 越界=0（非有限 0） | dev-ref| mean=1.225e-04 p50=4.763e-05 p90=2.976e-04 p99=1.053e-03 max=1.924e-03 | 最差占预算=0.327 (tol = 3.88×spacing(x)（中位等效倍数；= nulp×spacing + noise，noise 来源见调用点注释与 README §5.3）) | δ=noise ≥ spacing/2 ⇒ 全部 640 个元素记为「边界元素」（非舍入噪声大于网格步长，分类退化）⇒ 判定用绝对界（网格项 + 非舍入项）
[check_ref] PASS S8 Y slot19: n=2560 越界=0（非有限 0） | dev-ref| mean=4.932e-05 p50=3.052e-05 p90=1.221e-04 p99=2.441e-04 max=4.883e-04 | 最差占预算=0.888 (tol = 1.5×spacing(x)（中位等效倍数；= nulp×spacing + noise，noise 来源见调用点注释与 README §5.3）) | 常规 609 / 边界 1951（δ=noise；绝对界已覆盖方向翻转）
[check_ref] PASS S6 GU slot36 (t=1): n=1280 越界=0（非有限 0） | dev-ref| mean=5.314e-04 p50=3.662e-04 p90=1.355e-03 p99=3.052e-03 max=3.906e-03 | 最差占预算=0.488 (tol = 5.57×spacing(x)（中位等效倍数；= nulp×spacing + noise，noise 来源见调用点注释与 README §5.3）) | δ=noise ≥ spacing/2 ⇒ 全部 1280 个元素记为「边界元素」（非舍入噪声大于网格步长，分类退化）⇒ 判定用绝对界（网格项 + 非舍入项）
[check_ref] PASS S7 H_swiglu slot36: n=640 越界=0（非有限 0） | dev-ref| mean=1.245e-04 p50=4.425e-05 p90=3.269e-04 p99=1.482e-03 max=1.863e-03 | 最差占预算=0.324 (tol = 3.79×spacing(x)（中位等效倍数；= nulp×spacing + noise，noise 来源见调用点注释与 README §5.3）) | 常规 1 / 边界 639（δ=noise；绝对界已覆盖方向翻转）
[check_ref] PASS S8 Y slot36: n=2560 越界=0（非有限 0） | dev-ref| mean=6.054e-05 p50=3.052e-05 p90=1.526e-04 p99=3.052e-04 max=4.883e-04 | 最差占预算=0.918 (tol = 1.37×spacing(x)（中位等效倍数；= nulp×spacing + noise，noise 来源见调用点注释与 README §5.3）) | 常规 669 / 边界 1891（δ=noise；绝对界已覆盖方向翻转）
[check_ref] PASS S6 GU slot41 (t=1): n=1280 越界=0（非有限 0） | dev-ref| mean=5.219e-04 p50=3.662e-04 p90=1.343e-03 p99=2.518e-03 max=3.906e-03 | 最差占预算=0.478 (tol = 5.36×spacing(x)（中位等效倍数；= nulp×spacing + noise，noise 来源见调用点注释与 README §5.3）) | δ=noise ≥ spacing/2 ⇒ 全部 1280 个元素记为「边界元素」（非舍入噪声大于网格步长，分类退化）⇒ 判定用绝对界（网格项 + 非舍入项）
[check_ref] PASS S7 H_swiglu slot41: n=640 越界=0（非有限 0） | dev-ref| mean=9.750e-05 p50=3.751e-05 p90=2.332e-04 p99=8.457e-04 max=1.713e-03 | 最差占预算=0.320 (tol = 3.81×spacing(x)（中位等效倍数；= nulp×spacing + noise，noise 来源见调用点注释与 README §5.3）) | δ=noise ≥ spacing/2 ⇒ 全部 640 个元素记为「边界元素」（非舍入噪声大于网格步长，分类退化）⇒ 判定用绝对界（网格项 + 非舍入项）
[check_ref] PASS S8 Y slot41: n=2560 越界=0（非有限 0） | dev-ref| mean=4.829e-05 p50=3.052e-05 p90=1.221e-04 p99=2.441e-04 max=4.883e-04 | 最差占预算=0.887 (tol = 1.53×spacing(x)（中位等效倍数；= nulp×spacing + noise，noise 来源见调用点注释与 README §5.3）) | 常规 490 / 边界 2070（δ=noise；绝对界已覆盖方向翻转）
[check_ref] PASS S6 GU slot46 (t=1): n=1280 越界=0（非有限 0） | dev-ref| mean=5.575e-04 p50=3.662e-04 p90=1.465e-03 p99=3.296e-03 max=3.906e-03 | 最差占预算=0.483 (tol = 5.67×spacing(x)（中位等效倍数；= nulp×spacing + noise，noise 来源见调用点注释与 README §5.3）) | δ=noise ≥ spacing/2 ⇒ 全部 1280 个元素记为「边界元素」（非舍入噪声大于网格步长，分类退化）⇒ 判定用绝对界（网格项 + 非舍入项）
[check_ref] PASS S7 H_swiglu slot46: n=640 越界=0（非有限 0） | dev-ref| mean=1.137e-04 p50=4.424e-05 p90=2.986e-04 p99=9.437e-04 max=1.921e-03 | 最差占预算=0.314 (tol = 3.77×spacing(x)（中位等效倍数；= nulp×spacing + noise，noise 来源见调用点注释与 README §5.3）) | δ=noise ≥ spacing/2 ⇒ 全部 640 个元素记为「边界元素」（非舍入噪声大于网格步长，分类退化）⇒ 判定用绝对界（网格项 + 非舍入项）
[check_ref] PASS S8 Y slot46: n=2560 越界=0（非有限 0） | dev-ref| mean=4.534e-05 p50=3.052e-05 p90=1.221e-04 p99=2.136e-04 max=4.272e-04 | 最差占预算=0.879 (tol = 1.54×spacing(x)（中位等效倍数；= nulp×spacing + noise，noise 来源见调用点注释与 README §5.3）) | 常规 479 / 边界 2081（δ=noise；绝对界已覆盖方向翻转）
[check_ref] PASS S6 GU slot48 (t=1): n=1280 越界=0（非有限 0） | dev-ref| mean=5.765e-04 p50=3.662e-04 p90=1.465e-03 p99=3.052e-03 max=3.906e-03 | 最差占预算=0.464 (tol = 5.71×spacing(x)（中位等效倍数；= nulp×spacing + noise，noise 来源见调用点注释与 README §5.3）) | δ=noise ≥ spacing/2 ⇒ 全部 1280 个元素记为「边界元素」（非舍入噪声大于网格步长，分类退化）⇒ 判定用绝对界（网格项 + 非舍入项）
[check_ref] PASS S7 H_swiglu slot48: n=640 越界=0（非有限 0） | dev-ref| mean=1.203e-04 p50=4.987e-05 p90=3.095e-04 p99=9.132e-04 max=2.997e-03 | 最差占预算=0.330 (tol = 3.85×spacing(x)（中位等效倍数；= nulp×spacing + noise，noise 来源见调用点注释与 README §5.3）) | δ=noise ≥ spacing/2 ⇒ 全部 640 个元素记为「边界元素」（非舍入噪声大于网格步长，分类退化）⇒ 判定用绝对界（网格项 + 非舍入项）
[check_ref] PASS S8 Y slot48: n=2560 越界=0（非有限 0） | dev-ref| mean=5.442e-05 p50=3.052e-05 p90=1.221e-04 p99=2.441e-04 max=4.883e-04 | 最差占预算=0.898 (tol = 1.5×spacing(x)（中位等效倍数；= nulp×spacing + noise，noise 来源见调用点注释与 README §5.3）) | 常规 536 / 边界 2024（δ=noise；绝对界已覆盖方向翻转）
[check_ref] PASS S6 GU slot52 (t=1): n=1280 越界=0（非有限 0） | dev-ref| mean=5.573e-04 p50=3.662e-04 p90=1.465e-03 p99=2.955e-03 max=3.906e-03 | 最差占预算=0.454 (tol = 5.75×spacing(x)（中位等效倍数；= nulp×spacing + noise，noise 来源见调用点注释与 README §5.3）) | δ=noise ≥ spacing/2 ⇒ 全部 1280 个元素记为「边界元素」（非舍入噪声大于网格步长，分类退化）⇒ 判定用绝对界（网格项 + 非舍入项）
[check_ref] PASS S7 H_swiglu slot52: n=640 越界=0（非有限 0） | dev-ref| mean=1.114e-04 p50=4.120e-05 p90=2.623e-04 p99=9.380e-04 max=1.866e-03 | 最差占预算=0.326 (tol = 3.87×spacing(x)（中位等效倍数；= nulp×spacing + noise，noise 来源见调用点注释与 README §5.3）) | δ=noise ≥ spacing/2 ⇒ 全部 640 个元素记为「边界元素」（非舍入噪声大于网格步长，分类退化）⇒ 判定用绝对界（网格项 + 非舍入项）
[check_ref] PASS S8 Y slot52: n=2560 越界=0（非有限 0） | dev-ref| mean=4.938e-05 p50=3.052e-05 p90=1.221e-04 p99=2.441e-04 max=4.578e-04 | 最差占预算=0.885 (tol = 1.54×spacing(x)（中位等效倍数；= nulp×spacing + noise，noise 来源见调用点注释与 README §5.3）) | 常规 482 / 边界 2078（δ=noise；绝对界已覆盖方向翻转）
[check_ref] PASS S6 GU slot73 (t=1): n=1280 越界=0（非有限 0） | dev-ref| mean=4.849e-04 p50=2.441e-04 p90=1.221e-03 p99=1.953e-03 max=3.784e-03 | 最差占预算=0.483 (tol = 5.26×spacing(x)（中位等效倍数；= nulp×spacing + noise，noise 来源见调用点注释与 README §5.3）) | δ=noise ≥ spacing/2 ⇒ 全部 1280 个元素记为「边界元素」（非舍入噪声大于网格步长，分类退化）⇒ 判定用绝对界（网格项 + 非舍入项）
[check_ref] PASS S7 H_swiglu slot73: n=640 越界=0（非有限 0） | dev-ref| mean=9.155e-05 p50=2.822e-05 p90=2.285e-04 p99=8.482e-04 max=1.893e-03 | 最差占预算=0.320 (tol = 3.84×spacing(x)（中位等效倍数；= nulp×spacing + noise，noise 来源见调用点注释与 README §5.3）) | δ=noise ≥ spacing/2 ⇒ 全部 640 个元素记为「边界元素」（非舍入噪声大于网格步长，分类退化）⇒ 判定用绝对界（网格项 + 非舍入项）
[check_ref] PASS S8 Y slot73: n=2560 越界=0（非有限 0） | dev-ref| mean=3.666e-05 p50=3.052e-05 p90=9.155e-05 p99=2.136e-04 max=3.967e-04 | 最差占预算=0.911 (tol = 1.49×spacing(x)（中位等效倍数；= nulp×spacing + noise，noise 来源见调用点注释与 README §5.3）) | 常规 703 / 边界 1857（δ=noise；绝对界已覆盖方向翻转）
[check_ref] PASS S6 GU slot74 (t=1): n=1280 越界=0（非有限 0） | dev-ref| mean=5.357e-04 p50=3.662e-04 p90=1.343e-03 p99=2.493e-03 max=3.662e-03 | 最差占预算=0.442 (tol = 5.37×spacing(x)（中位等效倍数；= nulp×spacing + noise，noise 来源见调用点注释与 README §5.3）) | δ=noise ≥ spacing/2 ⇒ 全部 1280 个元素记为「边界元素」（非舍入噪声大于网格步长，分类退化）⇒ 判定用绝对界（网格项 + 非舍入项）
[check_ref] PASS S7 H_swiglu slot74: n=640 越界=0（非有限 0） | dev-ref| mean=1.291e-04 p50=4.170e-05 p90=3.341e-04 p99=1.337e-03 max=2.873e-03 | 最差占预算=0.328 (tol = 3.91×spacing(x)（中位等效倍数；= nulp×spacing + noise，noise 来源见调用点注释与 README §5.3）) | δ=noise ≥ spacing/2 ⇒ 全部 640 个元素记为「边界元素」（非舍入噪声大于网格步长，分类退化）⇒ 判定用绝对界（网格项 + 非舍入项）
[check_ref] PASS S8 Y slot74: n=2560 越界=0（非有限 0） | dev-ref| mean=6.074e-05 p50=3.052e-05 p90=1.526e-04 p99=2.692e-04 max=7.935e-04 | 最差占预算=0.903 (tol = 1.42×spacing(x)（中位等效倍数；= nulp×spacing + noise，noise 来源见调用点注释与 README §5.3）) | 常规 698 / 边界 1862（δ=noise；绝对界已覆盖方向翻转）
[check_ref] PASS S6 GU slot84 (t=1): n=1280 越界=0（非有限 0） | dev-ref| mean=5.562e-04 p50=2.441e-04 p90=1.465e-03 p99=3.052e-03 max=3.906e-03 | 最差占预算=0.457 (tol = 5.52×spacing(x)（中位等效倍数；= nulp×spacing + noise，noise 来源见调用点注释与 README §5.3）) | δ=noise ≥ spacing/2 ⇒ 全部 1280 个元素记为「边界元素」（非舍入噪声大于网格步长，分类退化）⇒ 判定用绝对界（网格项 + 非舍入项）
[check_ref] PASS S7 H_swiglu slot84: n=640 越界=0（非有限 0） | dev-ref| mean=1.409e-04 p50=4.504e-05 p90=3.566e-04 p99=1.850e-03 max=2.345e-03 | 最差占预算=0.320 (tol = 3.78×spacing(x)（中位等效倍数；= nulp×spacing + noise，noise 来源见调用点注释与 README §5.3）) | δ=noise ≥ spacing/2 ⇒ 全部 640 个元素记为「边界元素」（非舍入噪声大于网格步长，分类退化）⇒ 判定用绝对界（网格项 + 非舍入项）
[check_ref] PASS S8 Y slot84: n=2560 越界=0（非有限 0） | dev-ref| mean=5.853e-05 p50=6.104e-05 p90=1.221e-04 p99=3.052e-04 max=4.883e-04 | 最差占预算=0.919 (tol = 1.4×spacing(x)（中位等效倍数；= nulp×spacing + noise，noise 来源见调用点注释与 README §5.3）) | 常规 910 / 边界 1650（δ=noise；绝对界已覆盖方向翻转）
[check_ref] PASS S6 GU slot108 (t=1): n=1280 越界=0（非有限 0） | dev-ref| mean=5.964e-04 p50=3.662e-04 p90=1.465e-03 p99=3.540e-03 max=3.906e-03 | 最差占预算=0.444 (tol = 5.77×spacing(x)（中位等效倍数；= nulp×spacing + noise，noise 来源见调用点注释与 README §5.3）) | δ=noise ≥ spacing/2 ⇒ 全部 1280 个元素记为「边界元素」（非舍入噪声大于网格步长，分类退化）⇒ 判定用绝对界（网格项 + 非舍入项）
[check_ref] PASS S7 H_swiglu slot108: n=640 越界=0（非有限 0） | dev-ref| mean=1.258e-04 p50=4.678e-05 p90=3.406e-04 p99=9.795e-04 max=1.822e-03 | 最差占预算=0.324 (tol = 3.79×spacing(x)（中位等效倍数；= nulp×spacing + noise，noise 来源见调用点注释与 README §5.3）) | δ=noise ≥ spacing/2 ⇒ 全部 640 个元素记为「边界元素」（非舍入噪声大于网格步长，分类退化）⇒ 判定用绝对界（网格项 + 非舍入项）
[check_ref] PASS S8 Y slot108: n=2560 越界=0（非有限 0） | dev-ref| mean=6.406e-05 p50=6.104e-05 p90=1.831e-04 p99=3.177e-04 max=8.545e-04 | 最差占预算=0.934 (tol = 1.41×spacing(x)（中位等效倍数；= nulp×spacing + noise，noise 来源见调用点注释与 README §5.3）) | 常规 734 / 边界 1826（δ=noise；绝对界已覆盖方向翻转）
[check_ref] PASS S6 GU slot116 (t=1): n=1280 越界=0（非有限 0） | dev-ref| mean=5.195e-04 p50=3.662e-04 p90=1.343e-03 p99=2.493e-03 max=3.662e-03 | 最差占预算=0.452 (tol = 5.5×spacing(x)（中位等效倍数；= nulp×spacing + noise，noise 来源见调用点注释与 README §5.3）) | δ=noise ≥ spacing/2 ⇒ 全部 1280 个元素记为「边界元素」（非舍入噪声大于网格步长，分类退化）⇒ 判定用绝对界（网格项 + 非舍入项）
[check_ref] PASS S7 H_swiglu slot116: n=640 越界=0（非有限 0） | dev-ref| mean=1.099e-04 p50=3.420e-05 p90=3.294e-04 p99=9.630e-04 max=1.731e-03 | 最差占预算=0.327 (tol = 3.85×spacing(x)（中位等效倍数；= nulp×spacing + noise，noise 来源见调用点注释与 README §5.3）) | 常规 1 / 边界 639（δ=noise；绝对界已覆盖方向翻转）
[check_ref] PASS S8 Y slot116: n=2560 越界=0（非有限 0） | dev-ref| mean=4.907e-05 p50=3.052e-05 p90=1.221e-04 p99=2.441e-04 max=4.883e-04 | 最差占预算=0.918 (tol = 1.53×spacing(x)（中位等效倍数；= nulp×spacing + noise，noise 来源见调用点注释与 README §5.3）) | 常规 523 / 边界 2037（δ=noise；绝对界已覆盖方向翻转）
[check_ref] PASS S6 GU slot120 (t=1): n=1280 越界=0（非有限 0） | dev-ref| mean=5.451e-04 p50=2.441e-04 p90=1.465e-03 p99=2.249e-03 max=3.906e-03 | 最差占预算=0.467 (tol = 5.7×spacing(x)（中位等效倍数；= nulp×spacing + noise，noise 来源见调用点注释与 README §5.3）) | δ=noise ≥ spacing/2 ⇒ 全部 1280 个元素记为「边界元素」（非舍入噪声大于网格步长，分类退化）⇒ 判定用绝对界（网格项 + 非舍入项）
[check_ref] PASS S7 H_swiglu slot120: n=640 越界=0（非有限 0） | dev-ref| mean=1.222e-04 p50=4.651e-05 p90=2.878e-04 p99=9.907e-04 max=2.738e-03 | 最差占预算=0.308 (tol = 3.83×spacing(x)（中位等效倍数；= nulp×spacing + noise，noise 来源见调用点注释与 README §5.3）) | 常规 1 / 边界 639（δ=noise；绝对界已覆盖方向翻转）
[check_ref] PASS S8 Y slot120: n=2560 越界=0（非有限 0） | dev-ref| mean=5.558e-05 p50=3.052e-05 p90=1.221e-04 p99=2.441e-04 max=4.883e-04 | 最差占预算=0.912 (tol = 1.42×spacing(x)（中位等效倍数；= nulp×spacing + noise，noise 来源见调用点注释与 README §5.3）) | 常规 642 / 边界 1918（δ=noise；绝对界已覆盖方向翻转）
[check_ref] PASS S6 GU slot132 (t=1): n=1280 越界=0（非有限 0） | dev-ref| mean=5.512e-04 p50=2.441e-04 p90=1.465e-03 p99=3.225e-03 max=3.906e-03 | 最差占预算=0.478 (tol = 5.54×spacing(x)（中位等效倍数；= nulp×spacing + noise，noise 来源见调用点注释与 README §5.3）) | δ=noise ≥ spacing/2 ⇒ 全部 1280 个元素记为「边界元素」（非舍入噪声大于网格步长，分类退化）⇒ 判定用绝对界（网格项 + 非舍入项）
[check_ref] PASS S7 H_swiglu slot132: n=640 越界=0（非有限 0） | dev-ref| mean=1.279e-04 p50=4.685e-05 p90=2.825e-04 p99=1.369e-03 max=3.523e-03 | 最差占预算=0.327 (tol = 3.86×spacing(x)（中位等效倍数；= nulp×spacing + noise，noise 来源见调用点注释与 README §5.3）) | δ=noise ≥ spacing/2 ⇒ 全部 640 个元素记为「边界元素」（非舍入噪声大于网格步长，分类退化）⇒ 判定用绝对界（网格项 + 非舍入项）
[check_ref] PASS S8 Y slot132: n=2560 越界=0（非有限 0） | dev-ref| mean=5.206e-05 p50=3.052e-05 p90=1.221e-04 p99=2.441e-04 max=4.578e-04 | 最差占预算=0.888 (tol = 1.51×spacing(x)（中位等效倍数；= nulp×spacing + noise，noise 来源见调用点注释与 README §5.3）) | 常规 588 / 边界 1972（δ=noise；绝对界已覆盖方向翻转）
[check_ref] PASS S6 GU slot134 (t=3): n=3840 越界=0（非有限 0） | dev-ref| mean=5.719e-04 p50=3.662e-04 p90=1.465e-03 p99=3.126e-03 max=6.104e-03 | 最差占预算=0.481 (tol = 5.83×spacing(x)（中位等效倍数；= nulp×spacing + noise，noise 来源见调用点注释与 README §5.3）) | δ=noise ≥ spacing/2 ⇒ 全部 3840 个元素记为「边界元素」（非舍入噪声大于网格步长，分类退化）⇒ 判定用绝对界（网格项 + 非舍入项）
[check_ref] PASS S7 H_swiglu slot134: n=1920 越界=0（非有限 0） | dev-ref| mean=1.282e-04 p50=4.579e-05 p90=3.408e-04 p99=1.213e-03 max=3.212e-03 | 最差占预算=0.324 (tol = 3.83×spacing(x)（中位等效倍数；= nulp×spacing + noise，noise 来源见调用点注释与 README §5.3）) | δ=noise ≥ spacing/2 ⇒ 全部 1920 个元素记为「边界元素」（非舍入噪声大于网格步长，分类退化）⇒ 判定用绝对界（网格项 + 非舍入项）
[check_ref] PASS S8 Y slot134: n=7680 越界=0（非有限 0） | dev-ref| mean=5.767e-05 p50=3.052e-05 p90=1.221e-04 p99=2.441e-04 max=8.545e-04 | 最差占预算=0.911 (tol = 1.4×spacing(x)（中位等效倍数；= nulp×spacing + noise，noise 来源见调用点注释与 README §5.3）) | 常规 2036 / 边界 5644（δ=noise；绝对界已覆盖方向翻转）
[check_ref] PASS S6 GU slot138 (t=1): n=1280 越界=0（非有限 0） | dev-ref| mean=4.946e-04 p50=2.441e-04 p90=1.221e-03 p99=2.686e-03 max=3.906e-03 | 最差占预算=0.482 (tol = 5.31×spacing(x)（中位等效倍数；= nulp×spacing + noise，noise 来源见调用点注释与 README §5.3）) | δ=noise ≥ spacing/2 ⇒ 全部 1280 个元素记为「边界元素」（非舍入噪声大于网格步长，分类退化）⇒ 判定用绝对界（网格项 + 非舍入项）
[check_ref] PASS S7 H_swiglu slot138: n=640 越界=0（非有限 0） | dev-ref| mean=8.681e-05 p50=3.399e-05 p90=2.251e-04 p99=5.144e-04 max=2.209e-03 | 最差占预算=0.327 (tol = 3.9×spacing(x)（中位等效倍数；= nulp×spacing + noise，noise 来源见调用点注释与 README §5.3）) | δ=noise ≥ spacing/2 ⇒ 全部 640 个元素记为「边界元素」（非舍入噪声大于网格步长，分类退化）⇒ 判定用绝对界（网格项 + 非舍入项）
[check_ref] PASS S8 Y slot138: n=2560 越界=0（非有限 0） | dev-ref| mean=4.275e-05 p50=3.052e-05 p90=1.083e-04 p99=2.199e-04 max=3.967e-04 | 最差占预算=0.887 (tol = 1.49×spacing(x)（中位等效倍数；= nulp×spacing + noise，noise 来源见调用点注释与 README §5.3）) | 常规 631 / 边界 1929（δ=noise；绝对界已覆盖方向翻转）
[check_ref] PASS S6 GU slot139 (t=1): n=1280 越界=0（非有限 0） | dev-ref| mean=4.847e-04 p50=3.662e-04 p90=1.221e-03 p99=1.979e-03 max=3.784e-03 | 最差占预算=0.482 (tol = 5.1×spacing(x)（中位等效倍数；= nulp×spacing + noise，noise 来源见调用点注释与 README §5.3）) | δ=noise ≥ spacing/2 ⇒ 全部 1280 个元素记为「边界元素」（非舍入噪声大于网格步长，分类退化）⇒ 判定用绝对界（网格项 + 非舍入项）
[check_ref] PASS S7 H_swiglu slot139: n=640 越界=0（非有限 0） | dev-ref| mean=8.295e-05 p50=2.967e-05 p90=2.208e-04 p99=5.284e-04 max=1.889e-03 | 最差占预算=0.328 (tol = 3.87×spacing(x)（中位等效倍数；= nulp×spacing + noise，noise 来源见调用点注释与 README §5.3）) | δ=noise ≥ spacing/2 ⇒ 全部 640 个元素记为「边界元素」（非舍入噪声大于网格步长，分类退化）⇒ 判定用绝对界（网格项 + 非舍入项）
[check_ref] PASS S8 Y slot139: n=2560 越界=0（非有限 0） | dev-ref| mean=4.138e-05 p50=3.052e-05 p90=9.155e-05 p99=2.136e-04 max=4.883e-04 | 最差占预算=0.921 (tol = 1.44×spacing(x)（中位等效倍数；= nulp×spacing + noise，noise 来源见调用点注释与 README §5.3）) | 常规 694 / 边界 1866（δ=noise；绝对界已覆盖方向翻转）
[check_ref] PASS S6 GU slot149 (t=2): n=2560 越界=0（非有限 0） | dev-ref| mean=5.588e-04 p50=3.662e-04 p90=1.465e-03 p99=2.930e-03 max=3.906e-03 | 最差占预算=0.483 (tol = 5.63×spacing(x)（中位等效倍数；= nulp×spacing + noise，noise 来源见调用点注释与 README §5.3）) | δ=noise ≥ spacing/2 ⇒ 全部 2560 个元素记为「边界元素」（非舍入噪声大于网格步长，分类退化）⇒ 判定用绝对界（网格项 + 非舍入项）
[check_ref] PASS S7 H_swiglu slot149: n=1280 越界=0（非有限 0） | dev-ref| mean=1.140e-04 p50=4.460e-05 p90=2.912e-04 p99=9.438e-04 max=2.678e-03 | 最差占预算=0.325 (tol = 3.82×spacing(x)（中位等效倍数；= nulp×spacing + noise，noise 来源见调用点注释与 README §5.3）) | δ=noise ≥ spacing/2 ⇒ 全部 1280 个元素记为「边界元素」（非舍入噪声大于网格步长，分类退化）⇒ 判定用绝对界（网格项 + 非舍入项）
[check_ref] PASS S8 Y slot149: n=5120 越界=0（非有限 0） | dev-ref| mean=4.960e-05 p50=3.052e-05 p90=1.221e-04 p99=2.441e-04 max=4.883e-04 | 最差占预算=0.913 (tol = 1.56×spacing(x)（中位等效倍数；= nulp×spacing + noise，noise 来源见调用点注释与 README §5.3）) | 常规 1057 / 边界 4063（δ=noise；绝对界已覆盖方向翻转）
[check_ref] PASS S6 GU slot159 (t=1): n=1280 越界=0（非有限 0） | dev-ref| mean=5.754e-04 p50=4.883e-04 p90=1.465e-03 p99=3.174e-03 max=3.906e-03 | 最差占预算=0.470 (tol = 5.71×spacing(x)（中位等效倍数；= nulp×spacing + noise，noise 来源见调用点注释与 README §5.3）) | δ=noise ≥ spacing/2 ⇒ 全部 1280 个元素记为「边界元素」（非舍入噪声大于网格步长，分类退化）⇒ 判定用绝对界（网格项 + 非舍入项）
[check_ref] PASS S7 H_swiglu slot159: n=640 越界=0（非有限 0） | dev-ref| mean=1.269e-04 p50=4.871e-05 p90=3.313e-04 p99=9.323e-04 max=2.615e-03 | 最差占预算=0.330 (tol = 3.81×spacing(x)（中位等效倍数；= nulp×spacing + noise，noise 来源见调用点注释与 README §5.3）) | δ=noise ≥ spacing/2 ⇒ 全部 640 个元素记为「边界元素」（非舍入噪声大于网格步长，分类退化）⇒ 判定用绝对界（网格项 + 非舍入项）
[check_ref] PASS S8 Y slot159: n=2560 越界=0（非有限 0） | dev-ref| mean=7.113e-05 p50=6.104e-05 p90=1.831e-04 p99=4.272e-04 max=4.883e-04 | 最差占预算=0.915 (tol = 1.39×spacing(x)（中位等效倍数；= nulp×spacing + noise，noise 来源见调用点注释与 README §5.3）) | 常规 995 / 边界 1565（δ=noise；绝对界已覆盖方向翻转）
[check_ref] PASS S6 GU slot163 (t=4): n=5120 越界=0（非有限 0） | dev-ref| mean=5.551e-04 p50=3.662e-04 p90=1.465e-03 p99=3.029e-03 max=7.812e-03 | 最差占预算=0.572 (tol = 5.64×spacing(x)（中位等效倍数；= nulp×spacing + noise，noise 来源见调用点注释与 README §5.3）) | δ=noise ≥ spacing/2 ⇒ 全部 5120 个元素记为「边界元素」（非舍入噪声大于网格步长，分类退化）⇒ 判定用绝对界（网格项 + 非舍入项）
[check_ref] PASS S7 H_swiglu slot163: n=2560 越界=0（非有限 0） | dev-ref| mean=1.075e-04 p50=4.168e-05 p90=2.747e-04 p99=9.248e-04 max=2.500e-03 | 最差占预算=0.327 (tol = 3.85×spacing(x)（中位等效倍数；= nulp×spacing + noise，noise 来源见调用点注释与 README §5.3）) | δ=noise ≥ spacing/2 ⇒ 全部 2560 个元素记为「边界元素」（非舍入噪声大于网格步长，分类退化）⇒ 判定用绝对界（网格项 + 非舍入项）
[check_ref] PASS S8 Y slot163: n=10240 越界=0（非有限 0） | dev-ref| mean=4.840e-05 p50=3.052e-05 p90=1.221e-04 p99=2.441e-04 max=4.883e-04 | 最差占预算=0.924 (tol = 1.55×spacing(x)（中位等效倍数；= nulp×spacing + noise，noise 来源见调用点注释与 README §5.3）) | 常规 2109 / 边界 8131（δ=noise；绝对界已覆盖方向翻转）
[check_ref] PASS S6 GU slot167 (t=2): n=2560 越界=0（非有限 0） | dev-ref| mean=5.203e-04 p50=3.662e-04 p90=1.343e-03 p99=2.686e-03 max=3.906e-03 | 最差占预算=0.473 (tol = 5.44×spacing(x)（中位等效倍数；= nulp×spacing + noise，noise 来源见调用点注释与 README §5.3）) | δ=noise ≥ spacing/2 ⇒ 全部 2560 个元素记为「边界元素」（非舍入噪声大于网格步长，分类退化）⇒ 判定用绝对界（网格项 + 非舍入项）
[check_ref] PASS S7 H_swiglu slot167: n=1280 越界=0（非有限 0） | dev-ref| mean=9.822e-05 p50=3.789e-05 p90=2.372e-04 p99=8.177e-04 max=2.233e-03 | 最差占预算=0.330 (tol = 3.85×spacing(x)（中位等效倍数；= nulp×spacing + noise，noise 来源见调用点注释与 README §5.3）) | 常规 2 / 边界 1278（δ=noise；绝对界已覆盖方向翻转）
[check_ref] PASS S8 Y slot167: n=5120 越界=0（非有限 0） | dev-ref| mean=4.386e-05 p50=3.052e-05 p90=1.221e-04 p99=2.441e-04 max=4.883e-04 | 最差占预算=0.920 (tol = 1.48×spacing(x)（中位等效倍数；= nulp×spacing + noise，noise 来源见调用点注释与 README §5.3）) | 常规 1300 / 边界 3820（δ=noise；绝对界已覆盖方向翻转）
[check_ref] PASS S6 GU slot188 (t=1): n=1280 越界=0（非有限 0） | dev-ref| mean=5.491e-04 p50=3.662e-04 p90=1.465e-03 p99=2.930e-03 max=3.784e-03 | 最差占预算=0.499 (tol = 5.35×spacing(x)（中位等效倍数；= nulp×spacing + noise，noise 来源见调用点注释与 README §5.3）) | δ=noise ≥ spacing/2 ⇒ 全部 1280 个元素记为「边界元素」（非舍入噪声大于网格步长，分类退化）⇒ 判定用绝对界（网格项 + 非舍入项）
[check_ref] PASS S7 H_swiglu slot188: n=640 越界=0（非有限 0） | dev-ref| mean=1.295e-04 p50=4.074e-05 p90=3.210e-04 p99=1.428e-03 max=3.287e-03 | 最差占预算=0.328 (tol = 3.81×spacing(x)（中位等效倍数；= nulp×spacing + noise，noise 来源见调用点注释与 README §5.3）) | δ=noise ≥ spacing/2 ⇒ 全部 640 个元素记为「边界元素」（非舍入噪声大于网格步长，分类退化）⇒ 判定用绝对界（网格项 + 非舍入项）
[check_ref] PASS S8 Y slot188: n=2560 越界=0（非有限 0） | dev-ref| mean=5.352e-05 p50=6.104e-05 p90=1.221e-04 p99=2.441e-04 max=4.883e-04 | 最差占预算=0.906 (tol = 1.41×spacing(x)（中位等效倍数；= nulp×spacing + noise，noise 来源见调用点注释与 README §5.3）) | 常规 785 / 边界 1775（δ=noise；绝对界已覆盖方向翻转）
[check_ref] PASS S6 GU slot189 (t=1): n=1280 越界=0（非有限 0） | dev-ref| mean=5.722e-04 p50=3.662e-04 p90=1.465e-03 p99=3.444e-03 max=3.906e-03 | 最差占预算=0.479 (tol = 5.66×spacing(x)（中位等效倍数；= nulp×spacing + noise，noise 来源见调用点注释与 README §5.3）) | δ=noise ≥ spacing/2 ⇒ 全部 1280 个元素记为「边界元素」（非舍入噪声大于网格步长，分类退化）⇒ 判定用绝对界（网格项 + 非舍入项）
[check_ref] PASS S7 H_swiglu slot189: n=640 越界=0（非有限 0） | dev-ref| mean=1.203e-04 p50=4.110e-05 p90=2.545e-04 p99=9.724e-04 max=4.057e-03 | 最差占预算=0.319 (tol = 3.83×spacing(x)（中位等效倍数；= nulp×spacing + noise，noise 来源见调用点注释与 README §5.3）) | 常规 1 / 边界 639（δ=noise；绝对界已覆盖方向翻转）
[check_ref] PASS S8 Y slot189: n=2560 越界=0（非有限 0） | dev-ref| mean=6.515e-05 p50=6.104e-05 p90=1.831e-04 p99=3.177e-04 max=4.883e-04 | 最差占预算=0.923 (tol = 1.37×spacing(x)（中位等效倍数；= nulp×spacing + noise，noise 来源见调用点注释与 README §5.3）) | 常规 732 / 边界 1828（δ=noise；绝对界已覆盖方向翻转）
[check_ref] PASS S6 GU slot191 (t=1): n=1280 越界=0（非有限 0） | dev-ref| mean=4.911e-04 p50=2.441e-04 p90=1.221e-03 p99=1.953e-03 max=3.906e-03 | 最差占预算=0.486 (tol = 5.34×spacing(x)（中位等效倍数；= nulp×spacing + noise，noise 来源见调用点注释与 README §5.3）) | δ=noise ≥ spacing/2 ⇒ 全部 1280 个元素记为「边界元素」（非舍入噪声大于网格步长，分类退化）⇒ 判定用绝对界（网格项 + 非舍入项）
[check_ref] PASS S7 H_swiglu slot191: n=640 越界=0（非有限 0） | dev-ref| mean=8.775e-05 p50=3.434e-05 p90=2.303e-04 p99=7.028e-04 max=1.946e-03 | 最差占预算=0.331 (tol = 3.82×spacing(x)（中位等效倍数；= nulp×spacing + noise，noise 来源见调用点注释与 README §5.3）) | δ=noise ≥ spacing/2 ⇒ 全部 640 个元素记为「边界元素」（非舍入噪声大于网格步长，分类退化）⇒ 判定用绝对界（网格项 + 非舍入项）
[check_ref] PASS S8 Y slot191: n=2560 越界=0（非有限 0） | dev-ref| mean=3.110e-05 p50=3.052e-05 p90=9.155e-05 p99=1.831e-04 max=2.441e-04 | 最差占预算=0.912 (tol = 1.48×spacing(x)（中位等效倍数；= nulp×spacing + noise，noise 来源见调用点注释与 README §5.3）) | 常规 780 / 边界 1780（δ=noise；绝对界已覆盖方向翻转）
[check_ref] PASS S6 GU slot194 (t=1): n=1280 越界=0（非有限 0） | dev-ref| mean=5.806e-04 p50=3.662e-04 p90=1.465e-03 p99=3.296e-03 max=3.906e-03 | 最差占预算=0.471 (tol = 5.74×spacing(x)（中位等效倍数；= nulp×spacing + noise，noise 来源见调用点注释与 README §5.3）) | δ=noise ≥ spacing/2 ⇒ 全部 1280 个元素记为「边界元素」（非舍入噪声大于网格步长，分类退化）⇒ 判定用绝对界（网格项 + 非舍入项）
[check_ref] PASS S7 H_swiglu slot194: n=640 越界=0（非有限 0） | dev-ref| mean=1.389e-04 p50=4.637e-05 p90=3.572e-04 p99=1.479e-03 max=3.158e-03 | 最差占预算=0.327 (tol = 3.89×spacing(x)（中位等效倍数；= nulp×spacing + noise，noise 来源见调用点注释与 README §5.3）) | δ=noise ≥ spacing/2 ⇒ 全部 640 个元素记为「边界元素」（非舍入噪声大于网格步长，分类退化）⇒ 判定用绝对界（网格项 + 非舍入项）
[check_ref] PASS S8 Y slot194: n=2560 越界=0（非有限 0） | dev-ref| mean=7.567e-05 p50=6.104e-05 p90=1.831e-04 p99=4.272e-04 max=1.587e-03 | 最差占预算=0.906 (tol = 1.4×spacing(x)（中位等效倍数；= nulp×spacing + noise，noise 来源见调用点注释与 README §5.3）) | 常规 824 / 边界 1736（δ=noise；绝对界已覆盖方向翻转）
[check_ref] PASS S6 GU slot202 (t=1): n=1280 越界=0（非有限 0） | dev-ref| mean=4.733e-04 p50=2.441e-04 p90=1.221e-03 p99=2.441e-03 max=3.906e-03 | 最差占预算=0.498 (tol = 5.3×spacing(x)（中位等效倍数；= nulp×spacing + noise，noise 来源见调用点注释与 README §5.3）) | δ=noise ≥ spacing/2 ⇒ 全部 1280 个元素记为「边界元素」（非舍入噪声大于网格步长，分类退化）⇒ 判定用绝对界（网格项 + 非舍入项）
[check_ref] PASS S7 H_swiglu slot202: n=640 越界=0（非有限 0） | dev-ref| mean=8.783e-05 p50=3.361e-05 p90=2.006e-04 p99=8.775e-04 max=1.633e-03 | 最差占预算=0.322 (tol = 3.86×spacing(x)（中位等效倍数；= nulp×spacing + noise，noise 来源见调用点注释与 README §5.3）) | δ=noise ≥ spacing/2 ⇒ 全部 640 个元素记为「边界元素」（非舍入噪声大于网格步长，分类退化）⇒ 判定用绝对界（网格项 + 非舍入项）
[check_ref] PASS S8 Y slot202: n=2560 越界=0（非有限 0） | dev-ref| mean=3.178e-05 p50=1.526e-05 p90=9.155e-05 p99=1.678e-04 max=2.441e-04 | 最差占预算=0.893 (tol = 1.48×spacing(x)（中位等效倍数；= nulp×spacing + noise，noise 来源见调用点注释与 README §5.3）) | 常规 616 / 边界 1944（δ=noise；绝对界已覆盖方向翻转）
[check_ref] PASS S6 GU slot206 (t=1): n=1280 越界=0（非有限 0） | dev-ref| mean=5.726e-04 p50=3.662e-04 p90=1.465e-03 p99=3.174e-03 max=3.906e-03 | 最差占预算=0.476 (tol = 5.83×spacing(x)（中位等效倍数；= nulp×spacing + noise，noise 来源见调用点注释与 README §5.3）) | δ=noise ≥ spacing/2 ⇒ 全部 1280 个元素记为「边界元素」（非舍入噪声大于网格步长，分类退化）⇒ 判定用绝对界（网格项 + 非舍入项）
[check_ref] PASS S7 H_swiglu slot206: n=640 越界=0（非有限 0） | dev-ref| mean=1.245e-04 p50=4.762e-05 p90=3.465e-04 p99=9.547e-04 max=1.557e-03 | 最差占预算=0.314 (tol = 3.8×spacing(x)（中位等效倍数；= nulp×spacing + noise，noise 来源见调用点注释与 README §5.3）) | δ=noise ≥ spacing/2 ⇒ 全部 640 个元素记为「边界元素」（非舍入噪声大于网格步长，分类退化）⇒ 判定用绝对界（网格项 + 非舍入项）
[check_ref] PASS S8 Y slot206: n=2560 越界=0（非有限 0） | dev-ref| mean=5.276e-05 p50=3.052e-05 p90=1.221e-04 p99=2.441e-04 max=4.883e-04 | 最差占预算=0.922 (tol = 1.46×spacing(x)（中位等效倍数；= nulp×spacing + noise，noise 来源见调用点注释与 README §5.3）) | 常规 601 / 边界 1959（δ=noise；绝对界已覆盖方向翻转）
[check_ref] PASS S6 GU slot216 (t=1): n=1280 越界=0（非有限 0） | dev-ref| mean=5.190e-04 p50=3.662e-04 p90=1.343e-03 p99=2.711e-03 max=3.784e-03 | 最差占预算=0.494 (tol = 4.96×spacing(x)（中位等效倍数；= nulp×spacing + noise，noise 来源见调用点注释与 README §5.3）) | δ=noise ≥ spacing/2 ⇒ 全部 1280 个元素记为「边界元素」（非舍入噪声大于网格步长，分类退化）⇒ 判定用绝对界（网格项 + 非舍入项）
[check_ref] PASS S7 H_swiglu slot216: n=640 越界=0（非有限 0） | dev-ref| mean=9.605e-05 p50=3.622e-05 p90=2.311e-04 p99=7.919e-04 max=1.827e-03 | 最差占预算=0.319 (tol = 3.84×spacing(x)（中位等效倍数；= nulp×spacing + noise，noise 来源见调用点注释与 README §5.3）) | δ=noise ≥ spacing/2 ⇒ 全部 640 个元素记为「边界元素」（非舍入噪声大于网格步长，分类退化）⇒ 判定用绝对界（网格项 + 非舍入项）
[check_ref] PASS S8 Y slot216: n=2560 越界=0（非有限 0） | dev-ref| mean=4.628e-05 p50=3.052e-05 p90=1.221e-04 p99=2.136e-04 max=3.662e-04 | 最差占预算=0.892 (tol = 1.49×spacing(x)（中位等效倍数；= nulp×spacing + noise，noise 来源见调用点注释与 README §5.3）) | 常规 578 / 边界 1982（δ=noise；绝对界已覆盖方向翻转）
[check_ref] PASS S6 GU slot225 (t=1): n=1280 越界=0（非有限 0） | dev-ref| mean=5.915e-04 p50=4.883e-04 p90=1.465e-03 p99=3.174e-03 max=3.906e-03 | 最差占预算=0.476 (tol = 5.79×spacing(x)（中位等效倍数；= nulp×spacing + noise，noise 来源见调用点注释与 README §5.3）) | δ=noise ≥ spacing/2 ⇒ 全部 1280 个元素记为「边界元素」（非舍入噪声大于网格步长，分类退化）⇒ 判定用绝对界（网格项 + 非舍入项）
[check_ref] PASS S7 H_swiglu slot225: n=640 越界=0（非有限 0） | dev-ref| mean=1.741e-04 p50=4.444e-05 p90=4.171e-04 p99=1.970e-03 max=3.855e-03 | 最差占预算=0.328 (tol = 3.83×spacing(x)（中位等效倍数；= nulp×spacing + noise，noise 来源见调用点注释与 README §5.3）) | 常规 1 / 边界 639（δ=noise；绝对界已覆盖方向翻转）
[check_ref] PASS S8 Y slot225: n=2560 越界=0（非有限 0） | dev-ref| mean=8.460e-05 p50=6.104e-05 p90=2.136e-04 p99=4.578e-04 max=1.953e-03 | 最差占预算=0.914 (tol = 1.43×spacing(x)（中位等效倍数；= nulp×spacing + noise，noise 来源见调用点注释与 README §5.3）) | 常规 844 / 边界 1716（δ=noise；绝对界已覆盖方向翻转）
[check_ref] PASS S6 GU slot239 (t=1): n=1280 越界=0（非有限 0） | dev-ref| mean=5.850e-04 p50=3.662e-04 p90=1.465e-03 p99=3.199e-03 max=3.906e-03 | 最差占预算=0.451 (tol = 5.93×spacing(x)（中位等效倍数；= nulp×spacing + noise，noise 来源见调用点注释与 README §5.3）) | δ=noise ≥ spacing/2 ⇒ 全部 1280 个元素记为「边界元素」（非舍入噪声大于网格步长，分类退化）⇒ 判定用绝对界（网格项 + 非舍入项）
[check_ref] PASS S7 H_swiglu slot239: n=640 越界=0（非有限 0） | dev-ref| mean=1.283e-04 p50=4.338e-05 p90=3.357e-04 p99=1.148e-03 max=1.803e-03 | 最差占预算=0.324 (tol = 3.86×spacing(x)（中位等效倍数；= nulp×spacing + noise，noise 来源见调用点注释与 README §5.3）) | 常规 1 / 边界 639（δ=noise；绝对界已覆盖方向翻转）
[check_ref] PASS S8 Y slot239: n=2560 越界=0（非有限 0） | dev-ref| mean=6.884e-05 p50=6.104e-05 p90=1.831e-04 p99=3.662e-04 max=4.883e-04 | 最差占预算=0.917 (tol = 1.42×spacing(x)（中位等效倍数；= nulp×spacing + noise，noise 来源见调用点注释与 README §5.3）) | 常规 796 / 边界 1764（δ=noise；绝对界已覆盖方向翻转）
[check_ref] PASS S6 GU slot243 (t=1): n=1280 越界=0（非有限 0） | dev-ref| mean=5.520e-04 p50=3.662e-04 p90=1.465e-03 p99=2.686e-03 max=3.906e-03 | 最差占预算=0.475 (tol = 5.71×spacing(x)（中位等效倍数；= nulp×spacing + noise，noise 来源见调用点注释与 README §5.3）) | δ=noise ≥ spacing/2 ⇒ 全部 1280 个元素记为「边界元素」（非舍入噪声大于网格步长，分类退化）⇒ 判定用绝对界（网格项 + 非舍入项）
[check_ref] PASS S7 H_swiglu slot243: n=640 越界=0（非有限 0） | dev-ref| mean=1.161e-04 p50=4.620e-05 p90=3.195e-04 p99=8.825e-04 max=2.040e-03 | 最差占预算=0.329 (tol = 3.93×spacing(x)（中位等效倍数；= nulp×spacing + noise，noise 来源见调用点注释与 README §5.3）) | δ=noise ≥ spacing/2 ⇒ 全部 640 个元素记为「边界元素」（非舍入噪声大于网格步长，分类退化）⇒ 判定用绝对界（网格项 + 非舍入项）
[check_ref] PASS S8 Y slot243: n=2560 越界=0（非有限 0） | dev-ref| mean=5.082e-05 p50=3.052e-05 p90=1.221e-04 p99=2.441e-04 max=4.578e-04 | 最差占预算=0.867 (tol = 1.44×spacing(x)（中位等效倍数；= nulp×spacing + noise，noise 来源见调用点注释与 README §5.3）) | 常规 529 / 边界 2031（δ=noise；绝对界已覆盖方向翻转）
[check_ref] PASS S6 GU slot266 (t=1): n=1280 越界=0（非有限 0） | dev-ref| mean=5.142e-04 p50=2.441e-04 p90=1.343e-03 p99=2.249e-03 max=3.662e-03 | 最差占预算=0.464 (tol = 5.3×spacing(x)（中位等效倍数；= nulp×spacing + noise，noise 来源见调用点注释与 README §5.3）) | δ=noise ≥ spacing/2 ⇒ 全部 1280 个元素记为「边界元素」（非舍入噪声大于网格步长，分类退化）⇒ 判定用绝对界（网格项 + 非舍入项）
[check_ref] PASS S7 H_swiglu slot266: n=640 越界=0（非有限 0） | dev-ref| mean=8.800e-05 p50=3.495e-05 p90=2.179e-04 p99=8.090e-04 max=1.627e-03 | 最差占预算=0.331 (tol = 3.83×spacing(x)（中位等效倍数；= nulp×spacing + noise，noise 来源见调用点注释与 README §5.3）) | δ=noise ≥ spacing/2 ⇒ 全部 640 个元素记为「边界元素」（非舍入噪声大于网格步长，分类退化）⇒ 判定用绝对界（网格项 + 非舍入项）
[check_ref] PASS S8 Y slot266: n=2560 越界=0（非有限 0） | dev-ref| mean=4.302e-05 p50=3.052e-05 p90=1.221e-04 p99=2.136e-04 max=4.578e-04 | 最差占预算=0.898 (tol = 1.52×spacing(x)（中位等效倍数；= nulp×spacing + noise，noise 来源见调用点注释与 README §5.3）) | 常规 551 / 边界 2009（δ=noise；绝对界已覆盖方向翻转）
[check_ref] PASS S6 GU slot270 (t=1): n=1280 越界=0（非有限 0） | dev-ref| mean=5.301e-04 p50=2.441e-04 p90=1.343e-03 p99=3.199e-03 max=3.906e-03 | 最差占预算=0.486 (tol = 5.61×spacing(x)（中位等效倍数；= nulp×spacing + noise，noise 来源见调用点注释与 README §5.3）) | δ=noise ≥ spacing/2 ⇒ 全部 1280 个元素记为「边界元素」（非舍入噪声大于网格步长，分类退化）⇒ 判定用绝对界（网格项 + 非舍入项）
[check_ref] PASS S7 H_swiglu slot270: n=640 越界=0（非有限 0） | dev-ref| mean=1.007e-04 p50=4.117e-05 p90=2.362e-04 p99=8.687e-04 max=1.685e-03 | 最差占预算=0.315 (tol = 3.88×spacing(x)（中位等效倍数；= nulp×spacing + noise，noise 来源见调用点注释与 README §5.3）) | δ=noise ≥ spacing/2 ⇒ 全部 640 个元素记为「边界元素」（非舍入噪声大于网格步长，分类退化）⇒ 判定用绝对界（网格项 + 非舍入项）
[check_ref] PASS S8 Y slot270: n=2560 越界=0（非有限 0） | dev-ref| mean=4.120e-05 p50=3.052e-05 p90=1.221e-04 p99=2.441e-04 max=4.883e-04 | 最差占预算=0.920 (tol = 1.46×spacing(x)（中位等效倍数；= nulp×spacing + noise，noise 来源见调用点注释与 README §5.3）) | 常规 734 / 边界 1826（δ=noise；绝对界已覆盖方向翻转）
[check_ref] PASS S6 GU slot272 (t=1): n=1280 越界=0（非有限 0） | dev-ref| mean=5.646e-04 p50=2.441e-04 p90=1.465e-03 p99=2.930e-03 max=3.906e-03 | 最差占预算=0.447 (tol = 5.95×spacing(x)（中位等效倍数；= nulp×spacing + noise，noise 来源见调用点注释与 README §5.3）) | δ=noise ≥ spacing/2 ⇒ 全部 1280 个元素记为「边界元素」（非舍入噪声大于网格步长，分类退化）⇒ 判定用绝对界（网格项 + 非舍入项）
[check_ref] PASS S7 H_swiglu slot272: n=640 越界=0（非有限 0） | dev-ref| mean=1.189e-04 p50=4.983e-05 p90=3.143e-04 p99=9.034e-04 max=1.948e-03 | 最差占预算=0.323 (tol = 3.85×spacing(x)（中位等效倍数；= nulp×spacing + noise，noise 来源见调用点注释与 README §5.3）) | δ=noise ≥ spacing/2 ⇒ 全部 640 个元素记为「边界元素」（非舍入噪声大于网格步长，分类退化）⇒ 判定用绝对界（网格项 + 非舍入项）
[check_ref] PASS S8 Y slot272: n=2560 越界=0（非有限 0） | dev-ref| mean=4.796e-05 p50=3.052e-05 p90=1.221e-04 p99=2.441e-04 max=4.272e-04 | 最差占预算=0.894 (tol = 1.55×spacing(x)（中位等效倍数；= nulp×spacing + noise，noise 来源见调用点注释与 README §5.3）) | 常规 538 / 边界 2022（δ=noise；绝对界已覆盖方向翻转）
[check_ref] PASS S6 GU slot277 (t=1): n=1280 越界=0（非有限 0） | dev-ref| mean=5.313e-04 p50=3.662e-04 p90=1.343e-03 p99=1.953e-03 max=3.418e-03 | 最差占预算=0.422 (tol = 5.39×spacing(x)（中位等效倍数；= nulp×spacing + noise，noise 来源见调用点注释与 README §5.3）) | δ=noise ≥ spacing/2 ⇒ 全部 1280 个元素记为「边界元素」（非舍入噪声大于网格步长，分类退化）⇒ 判定用绝对界（网格项 + 非舍入项）
[check_ref] PASS S7 H_swiglu slot277: n=640 越界=0（非有限 0） | dev-ref| mean=1.111e-04 p50=4.795e-05 p90=2.847e-04 p99=8.335e-04 max=2.852e-03 | 最差占预算=0.317 (tol = 3.81×spacing(x)（中位等效倍数；= nulp×spacing + noise，noise 来源见调用点注释与 README §5.3）) | δ=noise ≥ spacing/2 ⇒ 全部 640 个元素记为「边界元素」（非舍入噪声大于网格步长，分类退化）⇒ 判定用绝对界（网格项 + 非舍入项）
[check_ref] PASS S8 Y slot277: n=2560 越界=0（非有限 0） | dev-ref| mean=4.231e-05 p50=3.052e-05 p90=1.221e-04 p99=2.136e-04 max=3.662e-04 | 最差占预算=0.897 (tol = 1.57×spacing(x)（中位等效倍数；= nulp×spacing + noise，noise 来源见调用点注释与 README §5.3）) | 常规 465 / 边界 2095（δ=noise；绝对界已覆盖方向翻转）
[check_ref] PASS S6 GU slot293 (t=1): n=1280 越界=0（非有限 0） | dev-ref| mean=5.639e-04 p50=4.883e-04 p90=1.465e-03 p99=2.981e-03 max=3.906e-03 | 最差占预算=0.473 (tol = 5.57×spacing(x)（中位等效倍数；= nulp×spacing + noise，noise 来源见调用点注释与 README §5.3）) | δ=noise ≥ spacing/2 ⇒ 全部 1280 个元素记为「边界元素」（非舍入噪声大于网格步长，分类退化）⇒ 判定用绝对界（网格项 + 非舍入项）
[check_ref] PASS S7 H_swiglu slot293: n=640 越界=0（非有限 0） | dev-ref| mean=1.197e-04 p50=4.748e-05 p90=2.990e-04 p99=9.460e-04 max=2.504e-03 | 最差占预算=0.317 (tol = 3.85×spacing(x)（中位等效倍数；= nulp×spacing + noise，noise 来源见调用点注释与 README §5.3）) | 常规 1 / 边界 639（δ=noise；绝对界已覆盖方向翻转）
[check_ref] PASS S8 Y slot293: n=2560 越界=0（非有限 0） | dev-ref| mean=5.239e-05 p50=3.052e-05 p90=1.221e-04 p99=2.441e-04 max=4.883e-04 | 最差占预算=0.937 (tol = 1.44×spacing(x)（中位等效倍数；= nulp×spacing + noise，noise 来源见调用点注释与 README §5.3）) | 常规 541 / 边界 2019（δ=noise；绝对界已覆盖方向翻转）
[check_ref] PASS S6 GU slot297 (t=1): n=1280 越界=0（非有限 0） | dev-ref| mean=5.740e-04 p50=3.662e-04 p90=1.465e-03 p99=2.808e-03 max=3.906e-03 | 最差占预算=0.460 (tol = 5.75×spacing(x)（中位等效倍数；= nulp×spacing + noise，noise 来源见调用点注释与 README §5.3）) | δ=noise ≥ spacing/2 ⇒ 全部 1280 个元素记为「边界元素」（非舍入噪声大于网格步长，分类退化）⇒ 判定用绝对界（网格项 + 非舍入项）
[check_ref] PASS S7 H_swiglu slot297: n=640 越界=0（非有限 0） | dev-ref| mean=1.118e-04 p50=4.362e-05 p90=3.068e-04 p99=8.739e-04 max=1.835e-03 | 最差占预算=0.320 (tol = 3.81×spacing(x)（中位等效倍数；= nulp×spacing + noise，noise 来源见调用点注释与 README §5.3）) | δ=noise ≥ spacing/2 ⇒ 全部 640 个元素记为「边界元素」（非舍入噪声大于网格步长，分类退化）⇒ 判定用绝对界（网格项 + 非舍入项）
[check_ref] PASS S8 Y slot297: n=2560 越界=0（非有限 0） | dev-ref| mean=5.080e-05 p50=3.052e-05 p90=1.221e-04 p99=2.441e-04 max=4.883e-04 | 最差占预算=0.900 (tol = 1.57×spacing(x)（中位等效倍数；= nulp×spacing + noise，noise 来源见调用点注释与 README §5.3）) | 常规 487 / 边界 2073（δ=noise；绝对界已覆盖方向翻转）
[check_ref] PASS S6 GU slot302 (t=2): n=2560 越界=0（非有限 0） | dev-ref| mean=5.484e-04 p50=3.662e-04 p90=1.465e-03 p99=2.686e-03 max=3.906e-03 | 最差占预算=0.490 (tol = 5.41×spacing(x)（中位等效倍数；= nulp×spacing + noise，noise 来源见调用点注释与 README §5.3）) | δ=noise ≥ spacing/2 ⇒ 全部 2560 个元素记为「边界元素」（非舍入噪声大于网格步长，分类退化）⇒ 判定用绝对界（网格项 + 非舍入项）
[check_ref] PASS S7 H_swiglu slot302: n=1280 越界=0（非有限 0） | dev-ref| mean=1.078e-04 p50=4.536e-05 p90=2.439e-04 p99=8.665e-04 max=3.172e-03 | 最差占预算=0.327 (tol = 3.88×spacing(x)（中位等效倍数；= nulp×spacing + noise，noise 来源见调用点注释与 README §5.3）) | δ=noise ≥ spacing/2 ⇒ 全部 1280 个元素记为「边界元素」（非舍入噪声大于网格步长，分类退化）⇒ 判定用绝对界（网格项 + 非舍入项）
[check_ref] PASS S8 Y slot302: n=5120 越界=0（非有限 0） | dev-ref| mean=4.344e-05 p50=3.052e-05 p90=1.221e-04 p99=2.136e-04 max=4.883e-04 | 最差占预算=0.924 (tol = 1.55×spacing(x)（中位等效倍数；= nulp×spacing + noise，noise 来源见调用点注释与 README §5.3）) | 常规 1015 / 边界 4105（δ=noise；绝对界已覆盖方向翻转）
[check_ref] PASS S6 GU slot312 (t=1): n=1280 越界=0（非有限 0） | dev-ref| mean=5.449e-04 p50=2.441e-04 p90=1.465e-03 p99=3.174e-03 max=3.906e-03 | 最差占预算=0.476 (tol = 5.57×spacing(x)（中位等效倍数；= nulp×spacing + noise，noise 来源见调用点注释与 README §5.3）) | δ=noise ≥ spacing/2 ⇒ 全部 1280 个元素记为「边界元素」（非舍入噪声大于网格步长，分类退化）⇒ 判定用绝对界（网格项 + 非舍入项）
[check_ref] PASS S7 H_swiglu slot312: n=640 越界=0（非有限 0） | dev-ref| mean=1.065e-04 p50=4.648e-05 p90=2.583e-04 p99=9.221e-04 max=1.714e-03 | 最差占预算=0.311 (tol = 3.87×spacing(x)（中位等效倍数；= nulp×spacing + noise，noise 来源见调用点注释与 README §5.3）) | δ=noise ≥ spacing/2 ⇒ 全部 640 个元素记为「边界元素」（非舍入噪声大于网格步长，分类退化）⇒ 判定用绝对界（网格项 + 非舍入项）
[check_ref] PASS S8 Y slot312: n=2560 越界=0（非有限 0） | dev-ref| mean=5.552e-05 p50=3.052e-05 p90=1.221e-04 p99=2.441e-04 max=4.883e-04 | 最差占预算=0.911 (tol = 1.42×spacing(x)（中位等效倍数；= nulp×spacing + noise，noise 来源见调用点注释与 README §5.3）) | 常规 595 / 边界 1965（δ=noise；绝对界已覆盖方向翻转）
[check_ref] PASS S6 GU slot316 (t=1): n=1280 越界=0（非有限 0） | dev-ref| mean=5.389e-04 p50=3.662e-04 p90=1.465e-03 p99=2.441e-03 max=3.784e-03 | 最差占预算=0.464 (tol = 5.53×spacing(x)（中位等效倍数；= nulp×spacing + noise，noise 来源见调用点注释与 README §5.3）) | δ=noise ≥ spacing/2 ⇒ 全部 1280 个元素记为「边界元素」（非舍入噪声大于网格步长，分类退化）⇒ 判定用绝对界（网格项 + 非舍入项）
[check_ref] PASS S7 H_swiglu slot316: n=640 越界=0（非有限 0） | dev-ref| mean=1.107e-04 p50=4.348e-05 p90=3.152e-04 p99=8.387e-04 max=1.935e-03 | 最差占预算=0.324 (tol = 3.81×spacing(x)（中位等效倍数；= nulp×spacing + noise，noise 来源见调用点注释与 README §5.3）) | 常规 1 / 边界 639（δ=noise；绝对界已覆盖方向翻转）
[check_ref] PASS S8 Y slot316: n=2560 越界=0（非有限 0） | dev-ref| mean=4.495e-05 p50=3.052e-05 p90=1.221e-04 p99=2.441e-04 max=4.883e-04 | 最差占预算=0.908 (tol = 1.54×spacing(x)（中位等效倍数；= nulp×spacing + noise，noise 来源见调用点注释与 README §5.3）) | 常规 477 / 边界 2083（δ=noise；绝对界已覆盖方向翻转）
[check_ref] PASS S6 GU slot320 (t=1): n=1280 越界=0（非有限 0） | dev-ref| mean=5.064e-04 p50=2.441e-04 p90=1.221e-03 p99=2.589e-03 max=3.906e-03 | 最差占预算=0.475 (tol = 5.4×spacing(x)（中位等效倍数；= nulp×spacing + noise，noise 来源见调用点注释与 README §5.3）) | δ=noise ≥ spacing/2 ⇒ 全部 1280 个元素记为「边界元素」（非舍入噪声大于网格步长，分类退化）⇒ 判定用绝对界（网格项 + 非舍入项）
[check_ref] PASS S7 H_swiglu slot320: n=640 越界=0（非有限 0） | dev-ref| mean=9.607e-05 p50=4.242e-05 p90=2.233e-04 p99=8.776e-04 max=1.576e-03 | 最差占预算=0.323 (tol = 3.87×spacing(x)（中位等效倍数；= nulp×spacing + noise，noise 来源见调用点注释与 README §5.3）) | δ=noise ≥ spacing/2 ⇒ 全部 640 个元素记为「边界元素」（非舍入噪声大于网格步长，分类退化）⇒ 判定用绝对界（网格项 + 非舍入项）
[check_ref] PASS S8 Y slot320: n=2560 越界=0（非有限 0） | dev-ref| mean=4.356e-05 p50=3.052e-05 p90=1.221e-04 p99=2.261e-04 max=4.578e-04 | 最差占预算=0.901 (tol = 1.52×spacing(x)（中位等效倍数；= nulp×spacing + noise，noise 来源见调用点注释与 README §5.3）) | 常规 542 / 边界 2018（δ=noise；绝对界已覆盖方向翻转）
[check_ref] PASS S6 GU slot322 (t=1): n=1280 越界=0（非有限 0） | dev-ref| mean=5.464e-04 p50=2.441e-04 p90=1.465e-03 p99=2.441e-03 max=3.906e-03 | 最差占预算=0.475 (tol = 5.56×spacing(x)（中位等效倍数；= nulp×spacing + noise，noise 来源见调用点注释与 README §5.3）) | δ=noise ≥ spacing/2 ⇒ 全部 1280 个元素记为「边界元素」（非舍入噪声大于网格步长，分类退化）⇒ 判定用绝对界（网格项 + 非舍入项）
[check_ref] PASS S7 H_swiglu slot322: n=640 越界=0（非有限 0） | dev-ref| mean=1.182e-04 p50=4.042e-05 p90=3.056e-04 p99=9.353e-04 max=2.909e-03 | 最差占预算=0.325 (tol = 3.84×spacing(x)（中位等效倍数；= nulp×spacing + noise，noise 来源见调用点注释与 README §5.3）) | 常规 1 / 边界 639（δ=noise；绝对界已覆盖方向翻转）
[check_ref] PASS S8 Y slot322: n=2560 越界=0（非有限 0） | dev-ref| mean=4.977e-05 p50=3.052e-05 p90=1.221e-04 p99=2.441e-04 max=6.104e-04 | 最差占预算=0.922 (tol = 1.49×spacing(x)（中位等效倍数；= nulp×spacing + noise，noise 来源见调用点注释与 README §5.3）) | 常规 794 / 边界 1766（δ=noise；绝对界已覆盖方向翻转）
[check_ref] PASS S6 GU slot360 (t=1): n=1280 越界=0（非有限 0） | dev-ref| mean=5.492e-04 p50=3.662e-04 p90=1.465e-03 p99=2.589e-03 max=3.906e-03 | 最差占预算=0.477 (tol = 5.5×spacing(x)（中位等效倍数；= nulp×spacing + noise，noise 来源见调用点注释与 README §5.3）) | δ=noise ≥ spacing/2 ⇒ 全部 1280 个元素记为「边界元素」（非舍入噪声大于网格步长，分类退化）⇒ 判定用绝对界（网格项 + 非舍入项）
[check_ref] PASS S7 H_swiglu slot360: n=640 越界=0（非有限 0） | dev-ref| mean=9.846e-05 p50=4.105e-05 p90=2.370e-04 p99=8.378e-04 max=1.684e-03 | 最差占预算=0.321 (tol = 3.85×spacing(x)（中位等效倍数；= nulp×spacing + noise，noise 来源见调用点注释与 README §5.3）) | δ=noise ≥ spacing/2 ⇒ 全部 640 个元素记为「边界元素」（非舍入噪声大于网格步长，分类退化）⇒ 判定用绝对界（网格项 + 非舍入项）
[check_ref] PASS S8 Y slot360: n=2560 越界=0（非有限 0） | dev-ref| mean=4.615e-05 p50=3.052e-05 p90=1.221e-04 p99=2.136e-04 max=4.578e-04 | 最差占预算=0.879 (tol = 1.53×spacing(x)（中位等效倍数；= nulp×spacing + noise，noise 来源见调用点注释与 README §5.3）) | 常规 462 / 边界 2098（δ=noise；绝对界已覆盖方向翻转）
[check_ref] PASS S6 GU slot383 (t=1): n=1280 越界=0（非有限 0） | dev-ref| mean=5.422e-04 p50=3.662e-04 p90=1.343e-03 p99=2.930e-03 max=3.906e-03 | 最差占预算=0.487 (tol = 5.16×spacing(x)（中位等效倍数；= nulp×spacing + noise，noise 来源见调用点注释与 README §5.3）) | δ=noise ≥ spacing/2 ⇒ 全部 1280 个元素记为「边界元素」（非舍入噪声大于网格步长，分类退化）⇒ 判定用绝对界（网格项 + 非舍入项）
[check_ref] PASS S7 H_swiglu slot383: n=640 越界=0（非有限 0） | dev-ref| mean=1.166e-04 p50=4.176e-05 p90=3.462e-04 p99=8.478e-04 max=1.689e-03 | 最差占预算=0.321 (tol = 3.84×spacing(x)（中位等效倍数；= nulp×spacing + noise，noise 来源见调用点注释与 README §5.3）) | 常规 1 / 边界 639（δ=noise；绝对界已覆盖方向翻转）
[check_ref] PASS S8 Y slot383: n=2560 越界=0（非有限 0） | dev-ref| mean=5.111e-05 p50=3.052e-05 p90=1.221e-04 p99=2.441e-04 max=4.883e-04 | 最差占预算=0.913 (tol = 1.54×spacing(x)（中位等效倍数；= nulp×spacing + noise，noise 来源见调用点注释与 README §5.3）) | 常规 580 / 边界 1980（δ=noise；绝对界已覆盖方向翻转）
[check_ref] PASS S6 GU slot392 (t=1): n=1280 越界=0（非有限 0） | dev-ref| mean=5.889e-04 p50=4.883e-04 p90=1.465e-03 p99=3.174e-03 max=3.906e-03 | 最差占预算=0.444 (tol = 5.76×spacing(x)（中位等效倍数；= nulp×spacing + noise，noise 来源见调用点注释与 README §5.3）) | δ=noise ≥ spacing/2 ⇒ 全部 1280 个元素记为「边界元素」（非舍入噪声大于网格步长，分类退化）⇒ 判定用绝对界（网格项 + 非舍入项）
[check_ref] PASS S7 H_swiglu slot392: n=640 越界=0（非有限 0） | dev-ref| mean=1.156e-04 p50=4.724e-05 p90=3.166e-04 p99=8.711e-04 max=9.464e-04 | 最差占预算=0.322 (tol = 3.81×spacing(x)（中位等效倍数；= nulp×spacing + noise，noise 来源见调用点注释与 README §5.3）) | 常规 1 / 边界 639（δ=noise；绝对界已覆盖方向翻转）
[check_ref] PASS S8 Y slot392: n=2560 越界=0（非有限 0） | dev-ref| mean=4.095e-05 p50=3.052e-05 p90=9.155e-05 p99=2.136e-04 max=4.883e-04 | 最差占预算=0.926 (tol = 1.59×spacing(x)（中位等效倍数；= nulp×spacing + noise，noise 来源见调用点注释与 README §5.3）) | 常规 427 / 边界 2133（δ=noise；绝对界已覆盖方向翻转）
[check_ref] PASS S6 GU slot399 (t=1): n=1280 越界=0（非有限 0） | dev-ref| mean=5.381e-04 p50=2.441e-04 p90=1.465e-03 p99=2.737e-03 max=3.906e-03 | 最差占预算=0.499 (tol = 5.46×spacing(x)（中位等效倍数；= nulp×spacing + noise，noise 来源见调用点注释与 README §5.3）) | δ=noise ≥ spacing/2 ⇒ 全部 1280 个元素记为「边界元素」（非舍入噪声大于网格步长，分类退化）⇒ 判定用绝对界（网格项 + 非舍入项）
[check_ref] PASS S7 H_swiglu slot399: n=640 越界=0（非有限 0） | dev-ref| mean=1.233e-04 p50=4.638e-05 p90=3.178e-04 p99=9.505e-04 max=2.469e-03 | 最差占预算=0.321 (tol = 3.81×spacing(x)（中位等效倍数；= nulp×spacing + noise，noise 来源见调用点注释与 README §5.3）) | δ=noise ≥ spacing/2 ⇒ 全部 640 个元素记为「边界元素」（非舍入噪声大于网格步长，分类退化）⇒ 判定用绝对界（网格项 + 非舍入项）
[check_ref] PASS S8 Y slot399: n=2560 越界=0（非有限 0） | dev-ref| mean=6.217e-05 p50=4.578e-05 p90=1.831e-04 p99=3.052e-04 max=6.104e-04 | 最差占预算=0.906 (tol = 1.42×spacing(x)（中位等效倍数；= nulp×spacing + noise，noise 来源见调用点注释与 README §5.3）) | 常规 728 / 边界 1832（δ=noise；绝对界已覆盖方向翻转）
[check_ref] PASS S6 GU slot410 (t=1): n=1280 越界=0（非有限 0） | dev-ref| mean=4.755e-04 p50=2.441e-04 p90=1.221e-03 p99=1.953e-03 max=3.418e-03 | 最差占预算=0.426 (tol = 5.34×spacing(x)（中位等效倍数；= nulp×spacing + noise，noise 来源见调用点注释与 README §5.3）) | δ=noise ≥ spacing/2 ⇒ 全部 1280 个元素记为「边界元素」（非舍入噪声大于网格步长，分类退化）⇒ 判定用绝对界（网格项 + 非舍入项）
[check_ref] PASS S7 H_swiglu slot410: n=640 越界=0（非有限 0） | dev-ref| mean=7.415e-05 p50=3.464e-05 p90=1.923e-04 p99=4.583e-04 max=8.983e-04 | 最差占预算=0.318 (tol = 3.78×spacing(x)（中位等效倍数；= nulp×spacing + noise，noise 来源见调用点注释与 README §5.3）) | δ=noise ≥ spacing/2 ⇒ 全部 640 个元素记为「边界元素」（非舍入噪声大于网格步长，分类退化）⇒ 判定用绝对界（网格项 + 非舍入项）
[check_ref] PASS S8 Y slot410: n=2560 越界=0（非有限 0） | dev-ref| mean=2.557e-05 p50=3.052e-05 p90=6.104e-05 p99=1.221e-04 max=2.441e-04 | 最差占预算=0.895 (tol = 1.5×spacing(x)（中位等效倍数；= nulp×spacing + noise，noise 来源见调用点注释与 README §5.3）) | 常规 731 / 边界 1829（δ=noise；绝对界已覆盖方向翻转）
[check_ref] PASS S6 GU slot426 (t=1): n=1280 越界=0（非有限 0） | dev-ref| mean=5.949e-04 p50=4.883e-04 p90=1.465e-03 p99=3.174e-03 max=3.906e-03 | 最差占预算=0.452 (tol = 6.02×spacing(x)（中位等效倍数；= nulp×spacing + noise，noise 来源见调用点注释与 README §5.3）) | δ=noise ≥ spacing/2 ⇒ 全部 1280 个元素记为「边界元素」（非舍入噪声大于网格步长，分类退化）⇒ 判定用绝对界（网格项 + 非舍入项）
[check_ref] PASS S7 H_swiglu slot426: n=640 越界=0（非有限 0） | dev-ref| mean=1.316e-04 p50=5.356e-05 p90=3.459e-04 p99=9.766e-04 max=1.933e-03 | 最差占预算=0.329 (tol = 3.81×spacing(x)（中位等效倍数；= nulp×spacing + noise，noise 来源见调用点注释与 README §5.3）) | δ=noise ≥ spacing/2 ⇒ 全部 640 个元素记为「边界元素」（非舍入噪声大于网格步长，分类退化）⇒ 判定用绝对界（网格项 + 非舍入项）
[check_ref] PASS S8 Y slot426: n=2560 越界=0（非有限 0） | dev-ref| mean=5.628e-05 p50=3.052e-05 p90=1.221e-04 p99=2.441e-04 max=8.545e-04 | 最差占预算=0.899 (tol = 1.44×spacing(x)（中位等效倍数；= nulp×spacing + noise，noise 来源见调用点注释与 README §5.3）) | 常规 646 / 边界 1914（δ=noise；绝对界已覆盖方向翻转）
[check_ref] PASS S6 GU slot433 (t=1): n=1280 越界=0（非有限 0） | dev-ref| mean=6.027e-04 p50=3.662e-04 p90=1.465e-03 p99=3.322e-03 max=3.906e-03 | 最差占预算=0.463 (tol = 5.71×spacing(x)（中位等效倍数；= nulp×spacing + noise，noise 来源见调用点注释与 README §5.3）) | δ=noise ≥ spacing/2 ⇒ 全部 1280 个元素记为「边界元素」（非舍入噪声大于网格步长，分类退化）⇒ 判定用绝对界（网格项 + 非舍入项）
[check_ref] PASS S7 H_swiglu slot433: n=640 越界=0（非有限 0） | dev-ref| mean=1.328e-04 p50=5.675e-05 p90=3.468e-04 p99=9.748e-04 max=1.906e-03 | 最差占预算=0.325 (tol = 3.8×spacing(x)（中位等效倍数；= nulp×spacing + noise，noise 来源见调用点注释与 README §5.3）) | δ=noise ≥ spacing/2 ⇒ 全部 640 个元素记为「边界元素」（非舍入噪声大于网格步长，分类退化）⇒ 判定用绝对界（网格项 + 非舍入项）
[check_ref] PASS S8 Y slot433: n=2560 越界=0（非有限 0） | dev-ref| mean=5.397e-05 p50=3.052e-05 p90=1.221e-04 p99=2.441e-04 max=4.883e-04 | 最差占预算=0.899 (tol = 1.46×spacing(x)（中位等效倍数；= nulp×spacing + noise，noise 来源见调用点注释与 README §5.3）) | 常规 610 / 边界 1950（δ=noise；绝对界已覆盖方向翻转）
[check_ref] PASS S6 GU slot440 (t=1): n=1280 越界=0（非有限 0） | dev-ref| mean=5.291e-04 p50=3.662e-04 p90=1.343e-03 p99=2.396e-03 max=3.784e-03 | 最差占预算=0.503 (tol = 5×spacing(x)（中位等效倍数；= nulp×spacing + noise，noise 来源见调用点注释与 README §5.3）) | δ=noise ≥ spacing/2 ⇒ 全部 1280 个元素记为「边界元素」（非舍入噪声大于网格步长，分类退化）⇒ 判定用绝对界（网格项 + 非舍入项）
[check_ref] PASS S7 H_swiglu slot440: n=640 越界=0（非有限 0） | dev-ref| mean=1.025e-04 p50=4.319e-05 p90=2.217e-04 p99=8.897e-04 max=1.659e-03 | 最差占预算=0.327 (tol = 3.77×spacing(x)（中位等效倍数；= nulp×spacing + noise，noise 来源见调用点注释与 README §5.3）) | δ=noise ≥ spacing/2 ⇒ 全部 640 个元素记为「边界元素」（非舍入噪声大于网格步长，分类退化）⇒ 判定用绝对界（网格项 + 非舍入项）
[check_ref] PASS S8 Y slot440: n=2560 越界=0（非有限 0） | dev-ref| mean=4.621e-05 p50=3.052e-05 p90=1.221e-04 p99=2.441e-04 max=5.798e-04 | 最差占预算=0.918 (tol = 1.43×spacing(x)（中位等效倍数；= nulp×spacing + noise，noise 来源见调用点注释与 README §5.3）) | 常规 725 / 边界 1835（δ=noise；绝对界已覆盖方向翻转）
[check_ref] PASS S6 GU slot441 (t=1): n=1280 越界=0（非有限 0） | dev-ref| mean=4.826e-04 p50=3.662e-04 p90=1.111e-03 p99=1.979e-03 max=3.906e-03 | 最差占预算=0.494 (tol = 5.12×spacing(x)（中位等效倍数；= nulp×spacing + noise，noise 来源见调用点注释与 README §5.3）) | δ=noise ≥ spacing/2 ⇒ 全部 1280 个元素记为「边界元素」（非舍入噪声大于网格步长，分类退化）⇒ 判定用绝对界（网格项 + 非舍入项）
[check_ref] PASS S7 H_swiglu slot441: n=640 越界=0（非有限 0） | dev-ref| mean=9.164e-05 p50=3.239e-05 p90=2.316e-04 p99=7.995e-04 max=1.393e-03 | 最差占预算=0.321 (tol = 3.78×spacing(x)（中位等效倍数；= nulp×spacing + noise，noise 来源见调用点注释与 README §5.3）) | δ=noise ≥ spacing/2 ⇒ 全部 640 个元素记为「边界元素」（非舍入噪声大于网格步长，分类退化）⇒ 判定用绝对界（网格项 + 非舍入项）
[check_ref] PASS S8 Y slot441: n=2560 越界=0（非有限 0） | dev-ref| mean=4.157e-05 p50=3.052e-05 p90=9.155e-05 p99=2.136e-04 max=6.714e-04 | 最差占预算=0.935 (tol = 1.45×spacing(x)（中位等效倍数；= nulp×spacing + noise，noise 来源见调用点注释与 README §5.3）) | 常规 724 / 边界 1836（δ=noise；绝对界已覆盖方向翻转）
[check_ref] PASS S6 GU slot444 (t=2): n=2560 越界=0（非有限 0） | dev-ref| mean=5.268e-04 p50=3.662e-04 p90=1.343e-03 p99=2.930e-03 max=3.906e-03 | 最差占预算=0.515 (tol = 5.29×spacing(x)（中位等效倍数；= nulp×spacing + noise，noise 来源见调用点注释与 README §5.3）) | δ=noise ≥ spacing/2 ⇒ 全部 2560 个元素记为「边界元素」（非舍入噪声大于网格步长，分类退化）⇒ 判定用绝对界（网格项 + 非舍入项）
[check_ref] PASS S7 H_swiglu slot444: n=1280 越界=0（非有限 0） | dev-ref| mean=1.038e-04 p50=4.135e-05 p90=2.370e-04 p99=8.099e-04 max=3.302e-03 | 最差占预算=0.325 (tol = 3.8×spacing(x)（中位等效倍数；= nulp×spacing + noise，noise 来源见调用点注释与 README §5.3）) | δ=noise ≥ spacing/2 ⇒ 全部 1280 个元素记为「边界元素」（非舍入噪声大于网格步长，分类退化）⇒ 判定用绝对界（网格项 + 非舍入项）
[check_ref] PASS S8 Y slot444: n=5120 越界=0（非有限 0） | dev-ref| mean=4.757e-05 p50=3.052e-05 p90=1.221e-04 p99=2.441e-04 max=4.883e-04 | 最差占预算=0.899 (tol = 1.53×spacing(x)（中位等效倍数；= nulp×spacing + noise，noise 来源见调用点注释与 README §5.3）) | 常规 1009 / 边界 4111（δ=noise；绝对界已覆盖方向翻转）
[check_ref] PASS S6 GU slot446 (t=1): n=1280 越界=0（非有限 0） | dev-ref| mean=5.426e-04 p50=3.662e-04 p90=1.355e-03 p99=2.711e-03 max=7.690e-03 | 最差占预算=0.620 (tol = 5.48×spacing(x)（中位等效倍数；= nulp×spacing + noise，noise 来源见调用点注释与 README §5.3）) | δ=noise ≥ spacing/2 ⇒ 全部 1280 个元素记为「边界元素」（非舍入噪声大于网格步长，分类退化）⇒ 判定用绝对界（网格项 + 非舍入项）
[check_ref] PASS S7 H_swiglu slot446: n=640 越界=0（非有限 0） | dev-ref| mean=1.095e-04 p50=3.761e-05 p90=2.302e-04 p99=9.783e-04 max=3.426e-03 | 最差占预算=0.319 (tol = 3.82×spacing(x)（中位等效倍数；= nulp×spacing + noise，noise 来源见调用点注释与 README §5.3）) | δ=noise ≥ spacing/2 ⇒ 全部 640 个元素记为「边界元素」（非舍入噪声大于网格步长，分类退化）⇒ 判定用绝对界（网格项 + 非舍入项）
[check_ref] PASS S8 Y slot446: n=2560 越界=0（非有限 0） | dev-ref| mean=5.432e-05 p50=6.104e-05 p90=1.221e-04 p99=2.441e-04 max=9.766e-04 | 最差占预算=0.957 (tol = 1.39×spacing(x)（中位等效倍数；= nulp×spacing + noise，noise 来源见调用点注释与 README §5.3）) | 常规 910 / 边界 1650（δ=noise；绝对界已覆盖方向翻转）
[check_ref] PASS S6 GU slot449 (t=1): n=1280 越界=0（非有限 0） | dev-ref| mean=5.762e-04 p50=2.441e-04 p90=1.465e-03 p99=3.174e-03 max=3.906e-03 | 最差占预算=0.463 (tol = 5.86×spacing(x)（中位等效倍数；= nulp×spacing + noise，noise 来源见调用点注释与 README §5.3）) | δ=noise ≥ spacing/2 ⇒ 全部 1280 个元素记为「边界元素」（非舍入噪声大于网格步长，分类退化）⇒ 判定用绝对界（网格项 + 非舍入项）
[check_ref] PASS S7 H_swiglu slot449: n=640 越界=0（非有限 0） | dev-ref| mean=1.397e-04 p50=5.315e-05 p90=3.503e-04 p99=1.427e-03 max=2.445e-03 | 最差占预算=0.320 (tol = 3.78×spacing(x)（中位等效倍数；= nulp×spacing + noise，noise 来源见调用点注释与 README §5.3）) | 常规 1 / 边界 639（δ=noise；绝对界已覆盖方向翻转）
[check_ref] PASS S8 Y slot449: n=2560 越界=0（非有限 0） | dev-ref| mean=6.510e-05 p50=6.104e-05 p90=1.831e-04 p99=3.662e-04 max=4.883e-04 | 最差占预算=0.914 (tol = 1.43×spacing(x)（中位等效倍数；= nulp×spacing + noise，noise 来源见调用点注释与 README §5.3）) | 常规 938 / 边界 1622（δ=noise；绝对界已覆盖方向翻转）
[check_ref] PASS S6 GU slot455 (t=1): n=1280 越界=0（非有限 0） | dev-ref| mean=5.490e-04 p50=2.441e-04 p90=1.465e-03 p99=2.930e-03 max=3.662e-03 | 最差占预算=0.430 (tol = 5.78×spacing(x)（中位等效倍数；= nulp×spacing + noise，noise 来源见调用点注释与 README §5.3）) | δ=noise ≥ spacing/2 ⇒ 全部 1280 个元素记为「边界元素」（非舍入噪声大于网格步长，分类退化）⇒ 判定用绝对界（网格项 + 非舍入项）
[check_ref] PASS S7 H_swiglu slot455: n=640 越界=0（非有限 0） | dev-ref| mean=1.234e-04 p50=4.446e-05 p90=3.439e-04 p99=8.756e-04 max=3.630e-03 | 最差占预算=0.318 (tol = 3.85×spacing(x)（中位等效倍数；= nulp×spacing + noise，noise 来源见调用点注释与 README §5.3）) | δ=noise ≥ spacing/2 ⇒ 全部 640 个元素记为「边界元素」（非舍入噪声大于网格步长，分类退化）⇒ 判定用绝对界（网格项 + 非舍入项）
[check_ref] PASS S8 Y slot455: n=2560 越界=0（非有限 0） | dev-ref| mean=4.798e-05 p50=3.052e-05 p90=1.221e-04 p99=2.441e-04 max=4.578e-04 | 最差占预算=0.880 (tol = 1.59×spacing(x)（中位等效倍数；= nulp×spacing + noise，noise 来源见调用点注释与 README §5.3）) | 常规 441 / 边界 2119（δ=noise；绝对界已覆盖方向翻转）
[check_ref] PASS S6 GU slot462 (t=1): n=1280 越界=0（非有限 0） | dev-ref| mean=5.426e-04 p50=3.662e-04 p90=1.465e-03 p99=2.930e-03 max=3.906e-03 | 最差占预算=0.477 (tol = 5.36×spacing(x)（中位等效倍数；= nulp×spacing + noise，noise 来源见调用点注释与 README §5.3）) | δ=noise ≥ spacing/2 ⇒ 全部 1280 个元素记为「边界元素」（非舍入噪声大于网格步长，分类退化）⇒ 判定用绝对界（网格项 + 非舍入项）
[check_ref] PASS S7 H_swiglu slot462: n=640 越界=0（非有限 0） | dev-ref| mean=1.029e-04 p50=3.975e-05 p90=2.462e-04 p99=8.309e-04 max=2.580e-03 | 最差占预算=0.331 (tol = 3.86×spacing(x)（中位等效倍数；= nulp×spacing + noise，noise 来源见调用点注释与 README §5.3）) | δ=noise ≥ spacing/2 ⇒ 全部 640 个元素记为「边界元素」（非舍入噪声大于网格步长，分类退化）⇒ 判定用绝对界（网格项 + 非舍入项）
[check_ref] PASS S8 Y slot462: n=2560 越界=0（非有限 0） | dev-ref| mean=4.660e-05 p50=3.052e-05 p90=1.221e-04 p99=2.441e-04 max=4.883e-04 | 最差占预算=0.922 (tol = 1.49×spacing(x)（中位等效倍数；= nulp×spacing + noise，noise 来源见调用点注释与 README §5.3）) | 常规 771 / 边界 1789（δ=noise；绝对界已覆盖方向翻转）
[check_ref] PASS S6 GU slot464 (t=1): n=1280 越界=0（非有限 0） | dev-ref| mean=5.258e-04 p50=2.441e-04 p90=1.221e-03 p99=2.686e-03 max=3.662e-03 | 最差占预算=0.447 (tol = 5.54×spacing(x)（中位等效倍数；= nulp×spacing + noise，noise 来源见调用点注释与 README §5.3）) | δ=noise ≥ spacing/2 ⇒ 全部 1280 个元素记为「边界元素」（非舍入噪声大于网格步长，分类退化）⇒ 判定用绝对界（网格项 + 非舍入项）
[check_ref] PASS S7 H_swiglu slot464: n=640 越界=0（非有限 0） | dev-ref| mean=1.200e-04 p50=4.301e-05 p90=3.154e-04 p99=9.414e-04 max=1.933e-03 | 最差占预算=0.328 (tol = 3.82×spacing(x)（中位等效倍数；= nulp×spacing + noise，noise 来源见调用点注释与 README §5.3）) | δ=noise ≥ spacing/2 ⇒ 全部 640 个元素记为「边界元素」（非舍入噪声大于网格步长，分类退化）⇒ 判定用绝对界（网格项 + 非舍入项）
[check_ref] PASS S8 Y slot464: n=2560 越界=0（非有限 0） | dev-ref| mean=5.571e-05 p50=3.052e-05 p90=1.221e-04 p99=2.441e-04 max=4.883e-04 | 最差占预算=0.926 (tol = 1.39×spacing(x)（中位等效倍数；= nulp×spacing + noise，noise 来源见调用点注释与 README §5.3）) | 常规 610 / 边界 1950（δ=noise；绝对界已覆盖方向翻转）
[check_ref] PASS S6 GU slot465 (t=1): n=1280 越界=0（非有限 0） | dev-ref| mean=5.482e-04 p50=3.662e-04 p90=1.465e-03 p99=2.955e-03 max=3.662e-03 | 最差占预算=0.434 (tol = 5.67×spacing(x)（中位等效倍数；= nulp×spacing + noise，noise 来源见调用点注释与 README §5.3）) | δ=noise ≥ spacing/2 ⇒ 全部 1280 个元素记为「边界元素」（非舍入噪声大于网格步长，分类退化）⇒ 判定用绝对界（网格项 + 非舍入项）
[check_ref] PASS S7 H_swiglu slot465: n=640 越界=0（非有限 0） | dev-ref| mean=1.187e-04 p50=4.513e-05 p90=2.980e-04 p99=1.376e-03 max=1.787e-03 | 最差占预算=0.332 (tol = 3.79×spacing(x)（中位等效倍数；= nulp×spacing + noise，noise 来源见调用点注释与 README §5.3）) | 常规 1 / 边界 639（δ=noise；绝对界已覆盖方向翻转）
[check_ref] PASS S8 Y slot465: n=2560 越界=0（非有限 0） | dev-ref| mean=6.149e-05 p50=3.052e-05 p90=1.526e-04 p99=2.441e-04 max=4.883e-04 | 最差占预算=0.918 (tol = 1.36×spacing(x)（中位等效倍数；= nulp×spacing + noise，noise 来源见调用点注释与 README §5.3）) | 常规 639 / 边界 1921（δ=noise；绝对界已覆盖方向翻转）
[check_ref] PASS S6 GU slot481 (t=1): n=1280 越界=0（非有限 0） | dev-ref| mean=5.525e-04 p50=4.883e-04 p90=1.465e-03 p99=2.300e-03 max=3.906e-03 | 最差占预算=0.470 (tol = 5.65×spacing(x)（中位等效倍数；= nulp×spacing + noise，noise 来源见调用点注释与 README §5.3）) | δ=noise ≥ spacing/2 ⇒ 全部 1280 个元素记为「边界元素」（非舍入噪声大于网格步长，分类退化）⇒ 判定用绝对界（网格项 + 非舍入项）
[check_ref] PASS S7 H_swiglu slot481: n=640 越界=0（非有限 0） | dev-ref| mean=1.094e-04 p50=4.182e-05 p90=2.784e-04 p99=9.221e-04 max=1.944e-03 | 最差占预算=0.311 (tol = 3.86×spacing(x)（中位等效倍数；= nulp×spacing + noise，noise 来源见调用点注释与 README §5.3）) | δ=noise ≥ spacing/2 ⇒ 全部 640 个元素记为「边界元素」（非舍入噪声大于网格步长，分类退化）⇒ 判定用绝对界（网格项 + 非舍入项）
[check_ref] PASS S8 Y slot481: n=2560 越界=0（非有限 0） | dev-ref| mean=4.948e-05 p50=3.052e-05 p90=1.221e-04 p99=2.289e-04 max=4.730e-04 | 最差占预算=0.891 (tol = 1.48×spacing(x)（中位等效倍数；= nulp×spacing + noise，noise 来源见调用点注释与 README §5.3）) | 常规 614 / 边界 1946（δ=noise；绝对界已覆盖方向翻转）
[check_ref] PASS S6 GU slot485 (t=1): n=1280 越界=0（非有限 0） | dev-ref| mean=5.762e-04 p50=3.662e-04 p90=1.465e-03 p99=3.077e-03 max=3.906e-03 | 最差占预算=0.467 (tol = 5.63×spacing(x)（中位等效倍数；= nulp×spacing + noise，noise 来源见调用点注释与 README §5.3）) | δ=noise ≥ spacing/2 ⇒ 全部 1280 个元素记为「边界元素」（非舍入噪声大于网格步长，分类退化）⇒ 判定用绝对界（网格项 + 非舍入项）
[check_ref] PASS S7 H_swiglu slot485: n=640 越界=0（非有限 0） | dev-ref| mean=1.266e-04 p50=4.501e-05 p90=3.304e-04 p99=9.632e-04 max=3.514e-03 | 最差占预算=0.317 (tol = 3.91×spacing(x)（中位等效倍数；= nulp×spacing + noise，noise 来源见调用点注释与 README §5.3）) | δ=noise ≥ spacing/2 ⇒ 全部 640 个元素记为「边界元素」（非舍入噪声大于网格步长，分类退化）⇒ 判定用绝对界（网格项 + 非舍入项）
[check_ref] PASS S8 Y slot485: n=2560 越界=0（非有限 0） | dev-ref| mean=5.068e-05 p50=3.052e-05 p90=1.221e-04 p99=2.441e-04 max=9.155e-04 | 最差占预算=0.899 (tol = 1.54×spacing(x)（中位等效倍数；= nulp×spacing + noise，noise 来源见调用点注释与 README §5.3）) | 常规 527 / 边界 2033（δ=noise；绝对界已覆盖方向翻转）
[check_ref] PASS S6 GU slot486 (t=1): n=1280 越界=0（非有限 0） | dev-ref| mean=4.896e-04 p50=2.441e-04 p90=1.221e-03 p99=2.737e-03 max=3.906e-03 | 最差占预算=0.481 (tol = 5.31×spacing(x)（中位等效倍数；= nulp×spacing + noise，noise 来源见调用点注释与 README §5.3）) | δ=noise ≥ spacing/2 ⇒ 全部 1280 个元素记为「边界元素」（非舍入噪声大于网格步长，分类退化）⇒ 判定用绝对界（网格项 + 非舍入项）
[check_ref] PASS S7 H_swiglu slot486: n=640 越界=0（非有限 0） | dev-ref| mean=8.710e-05 p50=3.287e-05 p90=2.215e-04 p99=7.813e-04 max=1.227e-03 | 最差占预算=0.321 (tol = 3.8×spacing(x)（中位等效倍数；= nulp×spacing + noise，noise 来源见调用点注释与 README §5.3）) | δ=noise ≥ spacing/2 ⇒ 全部 640 个元素记为「边界元素」（非舍入噪声大于网格步长，分类退化）⇒ 判定用绝对界（网格项 + 非舍入项）
[check_ref] PASS S8 Y slot486: n=2560 越界=0（非有限 0） | dev-ref| mean=3.169e-05 p50=3.052e-05 p90=9.155e-05 p99=1.831e-04 max=2.441e-04 | 最差占预算=0.900 (tol = 1.48×spacing(x)（中位等效倍数；= nulp×spacing + noise，noise 来源见调用点注释与 README §5.3）) | 常规 747 / 边界 1813（δ=noise；绝对界已覆盖方向翻转）
[check_ref] PASS S6 GU slot494 (t=2): n=2560 越界=0（非有限 0） | dev-ref| mean=5.458e-04 p50=3.662e-04 p90=1.465e-03 p99=2.441e-03 max=3.906e-03 | 最差占预算=0.442 (tol = 5.73×spacing(x)（中位等效倍数；= nulp×spacing + noise，noise 来源见调用点注释与 README §5.3）) | δ=noise ≥ spacing/2 ⇒ 全部 2560 个元素记为「边界元素」（非舍入噪声大于网格步长，分类退化）⇒ 判定用绝对界（网格项 + 非舍入项）
[check_ref] PASS S7 H_swiglu slot494: n=1280 越界=0（非有限 0） | dev-ref| mean=1.258e-04 p50=3.887e-05 p90=3.212e-04 p99=1.197e-03 max=3.767e-03 | 最差占预算=0.330 (tol = 3.86×spacing(x)（中位等效倍数；= nulp×spacing + noise，noise 来源见调用点注释与 README §5.3）) | 常规 1 / 边界 1279（δ=noise；绝对界已覆盖方向翻转）
[check_ref] PASS S8 Y slot494: n=5120 越界=0（非有限 0） | dev-ref| mean=5.991e-05 p50=3.052e-05 p90=1.526e-04 p99=2.441e-04 max=4.883e-04 | 最差占预算=0.924 (tol = 1.39×spacing(x)（中位等效倍数；= nulp×spacing + noise，noise 来源见调用点注释与 README §5.3）) | 常规 1276 / 边界 3844（δ=noise；绝对界已覆盖方向翻转）
[check_ref] PASS S6 GU slot504 (t=1): n=1280 越界=0（非有限 0） | dev-ref| mean=5.699e-04 p50=3.662e-04 p90=1.465e-03 p99=3.077e-03 max=3.906e-03 | 最差占预算=0.465 (tol = 5.78×spacing(x)（中位等效倍数；= nulp×spacing + noise，noise 来源见调用点注释与 README §5.3）) | δ=noise ≥ spacing/2 ⇒ 全部 1280 个元素记为「边界元素」（非舍入噪声大于网格步长，分类退化）⇒ 判定用绝对界（网格项 + 非舍入项）
[check_ref] PASS S7 H_swiglu slot504: n=640 越界=0（非有限 0） | dev-ref| mean=1.197e-04 p50=4.484e-05 p90=3.114e-04 p99=9.385e-04 max=3.045e-03 | 最差占预算=0.327 (tol = 3.88×spacing(x)（中位等效倍数；= nulp×spacing + noise，noise 来源见调用点注释与 README §5.3）) | δ=noise ≥ spacing/2 ⇒ 全部 640 个元素记为「边界元素」（非舍入噪声大于网格步长，分类退化）⇒ 判定用绝对界（网格项 + 非舍入项）
[check_ref] PASS S8 Y slot504: n=2560 越界=0（非有限 0） | dev-ref| mean=5.725e-05 p50=3.052e-05 p90=1.221e-04 p99=2.441e-04 max=8.545e-04 | 最差占预算=0.889 (tol = 1.42×spacing(x)（中位等效倍数；= nulp×spacing + noise，noise 来源见调用点注释与 README §5.3）) | 常规 699 / 边界 1861（δ=noise；绝对界已覆盖方向翻转）
[check_ref] PASS S6 GU slot505 (t=1): n=1280 越界=0（非有限 0） | dev-ref| mean=5.857e-04 p50=3.662e-04 p90=1.587e-03 p99=2.930e-03 max=3.906e-03 | 最差占预算=0.462 (tol = 5.72×spacing(x)（中位等效倍数；= nulp×spacing + noise，noise 来源见调用点注释与 README §5.3）) | δ=noise ≥ spacing/2 ⇒ 全部 1280 个元素记为「边界元素」（非舍入噪声大于网格步长，分类退化）⇒ 判定用绝对界（网格项 + 非舍入项）
[check_ref] PASS S7 H_swiglu slot505: n=640 越界=0（非有限 0） | dev-ref| mean=1.211e-04 p50=4.229e-05 p90=2.902e-04 p99=1.138e-03 max=2.601e-03 | 最差占预算=0.314 (tol = 3.87×spacing(x)（中位等效倍数；= nulp×spacing + noise，noise 来源见调用点注释与 README §5.3）) | δ=noise ≥ spacing/2 ⇒ 全部 640 个元素记为「边界元素」（非舍入噪声大于网格步长，分类退化）⇒ 判定用绝对界（网格项 + 非舍入项）
[check_ref] PASS S8 Y slot505: n=2560 越界=0（非有限 0） | dev-ref| mean=5.959e-05 p50=3.052e-05 p90=1.526e-04 p99=2.747e-04 max=4.883e-04 | 最差占预算=0.930 (tol = 1.42×spacing(x)（中位等效倍数；= nulp×spacing + noise，noise 来源见调用点注释与 README §5.3）) | 常规 689 / 边界 1871（δ=noise；绝对界已覆盖方向翻转）
[check_ref] PASS S6 GU slot507 (t=1): n=1280 越界=0（非有限 0） | dev-ref| mean=5.096e-04 p50=3.052e-04 p90=1.343e-03 p99=2.711e-03 max=3.662e-03 | 最差占预算=0.456 (tol = 5.09×spacing(x)（中位等效倍数；= nulp×spacing + noise，noise 来源见调用点注释与 README §5.3）) | δ=noise ≥ spacing/2 ⇒ 全部 1280 个元素记为「边界元素」（非舍入噪声大于网格步长，分类退化）⇒ 判定用绝对界（网格项 + 非舍入项）
[check_ref] PASS S7 H_swiglu slot507: n=640 越界=0（非有限 0） | dev-ref| mean=9.521e-05 p50=3.156e-05 p90=2.399e-04 p99=8.184e-04 max=1.419e-03 | 最差占预算=0.323 (tol = 3.84×spacing(x)（中位等效倍数；= nulp×spacing + noise，noise 来源见调用点注释与 README §5.3）) | δ=noise ≥ spacing/2 ⇒ 全部 640 个元素记为「边界元素」（非舍入噪声大于网格步长，分类退化）⇒ 判定用绝对界（网格项 + 非舍入项）
[check_ref] PASS S8 Y slot507: n=2560 越界=0（非有限 0） | dev-ref| mean=4.286e-05 p50=3.052e-05 p90=1.068e-04 p99=2.441e-04 max=3.967e-04 | 最差占预算=0.894 (tol = 1.45×spacing(x)（中位等效倍数；= nulp×spacing + noise，noise 来源见调用点注释与 README §5.3）) | 常规 674 / 边界 1886（δ=noise；绝对界已覆盖方向翻转）
[check_ref] PASS S6 GU slot508 (t=2): n=2560 越界=0（非有限 0） | dev-ref| mean=4.964e-04 p50=3.662e-04 p90=1.221e-03 p99=2.736e-03 max=3.784e-03 | 最差占预算=0.464 (tol = 5.36×spacing(x)（中位等效倍数；= nulp×spacing + noise，noise 来源见调用点注释与 README §5.3）) | δ=noise ≥ spacing/2 ⇒ 全部 2560 个元素记为「边界元素」（非舍入噪声大于网格步长，分类退化）⇒ 判定用绝对界（网格项 + 非舍入项）
[check_ref] PASS S7 H_swiglu slot508: n=1280 越界=0（非有限 0） | dev-ref| mean=9.521e-05 p50=3.628e-05 p90=2.288e-04 p99=8.631e-04 max=3.856e-03 | 最差占预算=0.328 (tol = 3.79×spacing(x)（中位等效倍数；= nulp×spacing + noise，noise 来源见调用点注释与 README §5.3）) | δ=noise ≥ spacing/2 ⇒ 全部 1280 个元素记为「边界元素」（非舍入噪声大于网格步长，分类退化）⇒ 判定用绝对界（网格项 + 非舍入项）
[check_ref] PASS S8 Y slot508: n=5120 越界=0（非有限 0） | dev-ref| mean=4.189e-05 p50=3.052e-05 p90=1.068e-04 p99=2.441e-04 max=4.883e-04 | 最差占预算=0.918 (tol = 1.47×spacing(x)（中位等效倍数；= nulp×spacing + noise，noise 来源见调用点注释与 README §5.3）) | 常规 1335 / 边界 3785（δ=noise；绝对界已覆盖方向翻转）
[check_ref] PASS S7 H_qx 逐字节 vs numpy(MxQuant 硬件规范): 0/25600 字节不符
[check_ref] PASS S7 H_scale 逐字节 vs numpy(MxQuant 硬件规范): 0/1600 字节不符
[check_ref] PASS S6 GU_shd (真实共享专家): n=10240 越界=0（非有限 0） | dev-ref| mean=4.261e-04 p50=2.441e-04 p90=9.766e-04 p99=2.075e-03 max=6.348e-03 | 最差占预算=0.566 (tol = 6.18×spacing(x)（中位等效倍数；= nulp×spacing + noise，noise 来源见调用点注释与 README §5.3）) | δ=noise ≥ spacing/2 ⇒ 全部 10240 个元素记为「边界元素」（非舍入噪声大于网格步长，分类退化）⇒ 判定用绝对界（网格项 + 非舍入项）
[check_ref] PASS S7 H_shd: n=5120 越界=0（非有限 0） | dev-ref| mean=7.189e-05 p50=2.406e-05 p90=1.766e-04 p99=7.590e-04 max=7.224e-03 | 最差占预算=0.327 (tol = 3.87×spacing(x)（中位等效倍数；= nulp×spacing + noise，noise 来源见调用点注释与 README §5.3）) | 常规 2 / 边界 5118（δ=noise；绝对界已覆盖方向翻转）
[check_ref] PASS S7 H_shd_qx 逐字节 vs numpy: 0/2560
[check_ref] PASS S7 H_shd_scale 逐字节 vs numpy: 0/160
[check_ref] PASS S8 Y_shd: n=20480 越界=0（非有限 0） | dev-ref| mean=2.598e-05 p50=1.526e-05 p90=6.104e-05 p99=1.678e-04 max=1.892e-03 | 最差占预算=0.932 (tol = 1.42×spacing(x)（中位等效倍数；= nulp×spacing + noise，noise 来源见调用点注释与 README §5.3）) | 常规 7317 / 边界 13163（δ=noise；绝对界已覆盖方向翻转）
[check_ref] PASS S9a routed_output (加权折叠): n=20480 越界=0（非有限 0） | dev-ref| mean=2.362e-05 p50=1.420e-05 p90=5.663e-05 p99=1.159e-04 max=2.441e-04 | 最差占预算=0.999 (tol = 1×spacing(x)（中位等效倍数；= nulp×spacing + noise，noise 来源见调用点注释与 README §5.3）) | 常规 20304 / 边界 176（δ=noise；绝对界已覆盖方向翻转）
[check_ref] PASS S9b shared_output (sigmoid(g)·Y_shd): n=20480 越界=0（非有限 0） | dev-ref| mean=1.070e-05 p50=5.469e-06 p90=2.689e-05 p99=5.972e-05 max=6.321e-04 | 最差占预算=0.320 (tol = 3.84×spacing(x)（中位等效倍数；= nulp×spacing + noise，noise 来源见调用点注释与 README §5.3）) | 常规 8 / 边界 20472（δ=noise；绝对界已覆盖方向翻转）
[check_ref] PASS S9b moe_output (routed + 未取整 gated shared): n=20480 越界=0（非有限 0） | dev-ref| mean=2.824e-05 p50=1.619e-05 p90=6.532e-05 p99=1.407e-04 max=6.492e-04 | 最差占预算=0.992 (tol = 2.26×spacing(x)（中位等效倍数；= nulp×spacing + noise，noise 来源见调用点注释与 README §5.3）) | 常规 2485 / 边界 17995（δ=noise；绝对界已覆盖方向翻转）
[check_ref] PASS S10 y_final (RMSNorm#2 over res2, gamma=真实 hc_norm): n=20480 越界=0（非有限 0） | dev-ref| mean=4.826e-04 p50=2.505e-04 p90=1.265e-03 p99=3.170e-03 max=1.506e-02 | 最差占预算=0.331 (tol = 3.83×spacing(x)（中位等效倍数；= nulp×spacing + noise，noise 来源见调用点注释与 README §5.3）) | 常规 6 / 边界 20474（δ=noise；绝对界已覆盖方向翻转）
[check_ref] PASS S10 res2 (fp32(res1+bf16(moe)) 逐位): 0/20480 不符
[check_ref] PASS e2e router ids == device topk_ids（链上重算）: 0/80 元素不符
[check_ref] PASS e2e counts == device counts: 0/512 元素不符
[check_ref] PASS e2e 链上量化字节 == device 字节（A_qx/A_scale/H_qx/H_scale）: 0/136000 字节不符（A 侧应 0：x_sorted 逐位一致；H 侧差异来自 GU 的舍入）
[check_ref] PASS e2e moe_output（A 链，输入=真实 x）: n=20480 越界=0（非有限 0） | dev-ref| mean=0.000e+00 p50=0.000e+00 p90=0.000e+00 p99=0.000e+00 max=0.000e+00 | 最差占预算=0.000 (tol = 3.83×spacing(x)（中位等效倍数；= nulp×spacing + noise，noise 来源见调用点注释与 README §5.3）) | δ=noise ≥ spacing/2 ⇒ 全部 20480 个元素记为「边界元素」（非舍入噪声大于网格步长，分类退化）⇒ 判定用绝对界（网格项 + 非舍入项）
[check_ref] PASS e2e y_final（A 链，输入=真实 x）: n=20480 越界=0（非有限 0） | dev-ref| mean=0.000e+00 p50=0.000e+00 p90=0.000e+00 p99=0.000e+00 max=0.000e+00 | 最差占预算=0.000 (tol = 3.83×spacing(x)（中位等效倍数；= nulp×spacing + noise，noise 来源见调用点注释与 README §5.3）) | 常规 6 / 边界 20474（δ=noise；绝对界已覆盖方向翻转）
[check_ref] PASS W1 量化规则方向定点（amax∈{0.5,1,2} ⇒ scale 字节 124/125/126、code 6、反量化回 amax；设备无关、规则不敏感）: quant_hw: byte=(124, 125, 126) code=(6, 6, 6) 反量化=(0.5, 1.0, 2.0) | quantize_ocp: byte=(124, 125, 126) code=(6, 6, 6) 反量化=(0.5, 1.0, 2.0)
[check_ref] PASS 自检-W2 负向对照：方向反的 legacy 规则必须在定点上分叉（code ≠ 6）: 方向反（x × 2^(byte−127)）：code=(0, 1, 2)，而 scale 字节与正确规则**逐字节相同** = (124, 125, 126) ⇒ 只比 scale 字节的 vf-probe 对 data 侧翻转完全无感（M59 §6 第 3 步）
[check_ref] PASS W3 角落平价：quant_hw == tools/golden::quantize_ocp（±Inf/NaN / 次正规 / 全零，逐字节；设备无关）: ±Inf/NaN 组: byte=(255, 255) code=((0, 0, 0, 0), (0, 0, 0, 0)) == quantize_ocp | 次正规/最小正规组: byte=(0, 0) code=((0, 0, 0, 0), (8, 0, 0, 0)) == quantize_ocp | 全零组: byte=(0,) code=((0, 0, 0, 0),) == quantize_ocp
[check_ref] PASS 自检-W3n 负向对照：M60 修复前的镜像必须在角落上与官方分叉: f0286f6:m17_moe_real/check_ref.py::quant_hw：与 quantize_ocp 失配 5/85 字节（+Inf 组给 scale 253/code 7，官方 255/code 0；`amax=2⁻¹²⁶` 组给 code 4，官方 code 0）⇒ M29 以来既有判据从未覆盖这两个角落（真实数据 0 个这样的组）
[check_ref] PASS W4 device 量化字节 == tools/golden::quantize_ocp（A/H routed + 共享，含 scale 与 nibble，逐字节；S1 输入 + 同源转录规则）: 0/149600 字节不符
[check_ref] PASS 自检-W4n 负向对照：方向反的 legacy 规则 vs device 字节必须失配: 131384/149600 字节不符 = 87.8%（M59 在 m3 上的归档同类读数 94.8%、在 m1 golden 上 44.2%）
[check_ref] PASS W5 设备侧方向定点：每个活动组的 |amax| 元素码必须 ∈ {6,7}（= 值 4.0/6.0）: 违反 0/8800 组（A/H routed + 共享；分母 = 全部活动组）
[check_ref] PASS 自检-W5n 负向对照：方向反的规则在同一统计上必须违反: 违反 8601/8800 组 ⇒ 该统计对方向翻转是活的
[check_ref] PASS W6 值域往返：|dequant(device H 字节) − h_ref| ≤ 2·scale + (1×spacing + EPS_FAST·|h_ref|)（h_ref = host double SwiGLU，**不由 device 字节反推**）: n=56320 越界=0 | |Δ| p50=8.819e-03 p99=7.640e-02 max=5.240e-01 | 预算 max=2.051e+00 最差占预算=0.955 | 相对误差（h_ref ≠ 0，p50/p99/max）=2.420e-01/1.000e+00/1.004e+00
[check_ref] PASS 自检-W6n 负向对照：方向反的编码在同一判据上必须越界: 越界=9047/56320 | 相对误差 p50/max=1.000e+00/1.000e+00（同口径下 M59 在 m3 上的归档读数 = p50 142 / max 5.79e76；本数据组的尺度更小，方向反后码被压到 0，相对误差饱和在 1.0 —— 这也是本判据用**绝对界 + 预算比**而不是相对误差作判定的原因）
[check_ref] ===== 判定项 251 条，251 PASS / 0 FAIL （分段 235 + e2e 5 + 量化规则见证 11，其中负向自检 5）=====
[check_ref][coverage] 本次实际比较：判定项 251（分段 235 + e2e 5 + 量化规则见证 11，其中负向自检 5）；guard 1（单列）
[check_ref][coverage]   全量比较：x_norm/res1/logits(全部 512 个专家)/topk_ids/topk_weights/perm_src/perm_expert/inv_slot/w_tk_packed/sgate/x_sorted(前 80 行)/routed/shared/moe/y_final/res2（m=8 行全部元素）
[check_ref][coverage]   部分比较：A/H 量化字节与 GU/h_swiglu/Y/共享四段只比**非空槽位的前 t_e 行**（活动槽 69/512，跳过 443 个空槽）
[check_ref][coverage]   不在本脚本范围（各由 host 不变量 / guard / device 日志见证）：counts 与 offsets 的前缀和一致性、t_e∈[0,64]、ids 范围与行内唯一、perm 分组有序、inv_slot 自洽、w_tk 低 16 位、全体有限、topk 行和≈1、offsets[E+1] 之后的诊断槽
[check_ref][coverage]   量化规则见证（M60）的三态分栏：**W1/W2/W3/W3n 设备无关**（只吃合成输入，不读 dump；可与装置无关地复跑）；**W0/W4/W4n/W5/W5n/W6/W6n 吃已归档 dump**（`W0` 读整段 `ws_*.bin` 的 sha256，其余读段内字节；身份与 `evidence/dump_manifest.md` 逐份核对），覆盖 = 全部 69 个活动槽（A/H routed + 共享）的**前 t_e 行**，即 149600 个 A/H 量化字节与 8800 个活动组 —— 计数与匹配器同源（同一循环，不另写数字）；**不在覆盖内**：空槽（443 个）与各行 padding、scale 行距尾部字节（`hs[:, :, 20:]` 等 device 不写或不用的槽位）、`W6` 的 h_ref 自身误差（由 S7 判据见证，本判据只把它的界并入预算）
[check_ref][coverage]   ⇒ **本脚本的 OK 不等于「整个 workspace 都比过了」**：空槽位/各段 padding 行/上述 host 侧项不在**内容**判据的比较范围（负向对照见 README §5.3.1：**在归档 dump 上篡改空槽位或行距尾部的字节 ⇒ 内容判据仍全 OK，但 `W0` 会因整段 sha 变化而 FAIL** —— 此时要按「**除 W0 外全 PASS**」读；内容是覆盖边界、不是漏判。历史口径：M29 时这条篡改只报「内容判据 OK」，M60 新增的 `W0`（整段身份 pin）把它变成「内容 OK + 身份 FAIL」，逐条对照见 README §5.3.1 的「M29 → M60 的一处行为变化」注）
[check_ref] RESULT: OK (251 条判定项全部比较通过：分段判据 235 + e2e 链 5 + 量化规则见证 11（含负向自检 5）；另有 1 条非空洞性 guard 单列、未计入)
exit=0

########## layer0_tok1000_m33 (/tmp/m17_accept) ##########
[check_ref] dump=/tmp/m17_accept tag=layer0_tok1000_m33
[check_ref] layer=0 token=1000 m=33
[check_ref] 真实权重装载完成（独立 safetensors 路径）：E=512 专家，gate_up packed 0.781 GiB
[check_ref][guard] 非空洞性：Σt_e=330 == m·topk=330；perm/counts/inv 数组非空
[check_ref][报告] e2e A/B 链差（S1 残差放大）：moe max=0.000e+00 y_final max=0.000e+00
[check_ref][报告] W6b 值域往返的 **S1-free 变体**：h_ref 取 §5.4 的 A 链（输入 = 真实 x，全程不取 device 中间量）⇒ n=232320 | |Δ| p50=8.911e-03 p99=7.812e-02 max=5.312e-01 | 同预算下最差占预算=0.947 越界=0/232320 | 相对误差 p50/max=2.426e-01/1.000e+00
[check_ref][报告] W6/W4/W5 的自指形态：W4/W5/W6 的**输入**都含 device 中间量（`x_sorted` / `bf16 GU` / `xnorm`）⇒ 按 M59 §1 记为 **S1（隔离判据）**，**不得计入「独立端到端」**；W4 的规则来自 `quantize_ocp` ⇒ **同源转录**（非两处独立）。规则不敏感的那一半是 W1/W5/W6 的「方向 + 值域」口径 —— 它们只引用 MXFP4 group32 的数学（量化实现只以「两份转写并列」的形式出现，不拿其一当基准）。
[check_ref][参考] A_qx(routed): device 字节 vs「golden 权重 ceil 规范」量化器 173870/422400 不同 = 41.2%
[check_ref][参考] A_scale(routed): device 字节 vs「golden 权重 ceil 规范」量化器 11220/26400 不同 = 42.5%
[check_ref][参考] IG 诊断槽(offsets[E+8]) = 0（0 = 无越界 ids）

[check_ref] PASS W0 dump 身份 pin：本轮的 ws_*.bin 整段 sha256 == evidence/dump_manifest.md: fd364638542d8d92ced2eacfa95ebff4c8f1d0ecba8ad06a3cb2156b3c1bf1f8 vs fd364638542d8d92ced2eacfa95ebff4c8f1d0ecba8ad06a3cb2156b3c1bf1f8（= 归档字节）
[check_ref] PASS S1 x_norm (RMSNorm#1, gamma=真实 hc_norm): n=84480 越界=0（非有限 0） | dev-ref| mean=7.450e-04 p50=4.037e-04 p90=1.823e-03 p99=3.908e-03 max=2.434e-02 | 最差占预算=0.332 (tol = 3.83×spacing(x)（中位等效倍数；= nulp×spacing + noise，noise 来源见调用点注释与 README §5.3）) | δ=noise ≥ spacing/2 ⇒ 全部 84480 个元素记为「边界元素」（非舍入噪声大于网格步长，分类退化）⇒ 判定用绝对界（网格项 + 非舍入项）
[check_ref] PASS S1 res1 (残差 = bf16 层输入, fp32 逐位): 0/84480 元素不符
[check_ref] PASS S2 logits (x_norm·Wᵀ, max-shift): n=16896 越界=0（非有限 0） | dev-ref| mean=1.958e-07 p50=1.547e-07 p90=4.276e-07 p99=7.007e-07 max=1.840e-06 | 最差占预算=0.020 (tol = 0.0144×spacing(x)（中位等效倍数；= nulp×spacing + noise，noise 来源见调用点注释与 README §5.3）) | 常规 16315 / 边界 581（δ=noise；绝对界已覆盖方向翻转）
[check_ref] PASS S2 topk_ids (降序/并列取小 id): 0/330 元素不符
[check_ref] PASS S2 topk_weights (renorm): n=330 越界=0（非有限 0） | dev-ref| mean=1.245e-08 p50=7.006e-09 p90=2.665e-08 p99=1.016e-07 max=1.743e-07 | 最差占预算=0.000 (tol = 3.73×spacing(x)（中位等效倍数；= nulp×spacing + noise，noise 来源见调用点注释与 README §5.3）) | δ=noise ≥ spacing/2 ⇒ 全部 330 个元素记为「边界元素」（非舍入噪声大于网格步长，分类退化）⇒ 判定用绝对界（网格项 + 非舍入项）
[check_ref] PASS S2 sgate (共享门裸点积): n=33 越界=0（非有限 0） | dev-ref| mean=1.661e-08 p50=1.207e-08 p90=3.434e-08 p99=4.786e-08 max=5.130e-08 | 最差占预算=0.002 (tol = 0.0642×spacing(x)（中位等效倍数；= nulp×spacing + noise，noise 来源见调用点注释与 README §5.3）) | 常规 26 / 边界 7（δ=noise；绝对界已覆盖方向翻转）
[check_ref] PASS S3 perm_src (计数排序, 稳定): 0/330 元素不符
[check_ref] PASS S3 perm_expert: 0/330 元素不符
[check_ref] PASS S3 counts: 0/512 元素不符
[check_ref] PASS S3 inv_slot (=e*M_MAX+槽位行号): 0/330 元素不符
[check_ref] PASS S3 w_tk_packed (低16位=bf16(权重)): 0/330 元素不符
[check_ref] PASS S4 x_sorted = gather(x_norm, perm_src): 0/844800 元素不符
[check_ref] PASS S5 A_qx 逐字节 vs numpy(MxQuant 硬件规范): 0/422400 字节不符
[check_ref] PASS S5 A_scale 逐字节 vs numpy(MxQuant 硬件规范): 0/26400 字节不符
[check_ref] PASS S5 A_shd_qx 逐字节 vs numpy: 0/42240
[check_ref] PASS S5 A_shd_scale 逐字节 vs numpy: 0/2640
[check_ref] PASS S6 GU slot0 (t=2): n=2560 越界=0（非有限 0） | dev-ref| mean=5.675e-04 p50=3.662e-04 p90=1.465e-03 p99=3.030e-03 max=3.906e-03 | 最差占预算=0.462 (tol = 5.69×spacing(x)（中位等效倍数；= nulp×spacing + noise，noise 来源见调用点注释与 README §5.3）) | δ=noise ≥ spacing/2 ⇒ 全部 2560 个元素记为「边界元素」（非舍入噪声大于网格步长，分类退化）⇒ 判定用绝对界（网格项 + 非舍入项）
[check_ref] PASS S7 H_swiglu slot0: n=1280 越界=0（非有限 0） | dev-ref| mean=1.148e-04 p50=4.421e-05 p90=2.996e-04 p99=9.070e-04 max=3.792e-03 | 最差占预算=0.321 (tol = 3.79×spacing(x)（中位等效倍数；= nulp×spacing + noise，noise 来源见调用点注释与 README §5.3）) | δ=noise ≥ spacing/2 ⇒ 全部 1280 个元素记为「边界元素」（非舍入噪声大于网格步长，分类退化）⇒ 判定用绝对界（网格项 + 非舍入项）
[check_ref] PASS S8 Y slot0: n=5120 越界=0（非有限 0） | dev-ref| mean=4.733e-05 p50=3.052e-05 p90=1.221e-04 p99=2.441e-04 max=6.104e-04 | 最差占预算=0.902 (tol = 1.49×spacing(x)（中位等效倍数；= nulp×spacing + noise，noise 来源见调用点注释与 README §5.3）) | 常规 1259 / 边界 3861（δ=noise；绝对界已覆盖方向翻转）
[check_ref] PASS S6 GU slot1 (t=1): n=1280 越界=0（非有限 0） | dev-ref| mean=6.089e-04 p50=4.883e-04 p90=1.465e-03 p99=3.418e-03 max=3.906e-03 | 最差占预算=0.487 (tol = 5.54×spacing(x)（中位等效倍数；= nulp×spacing + noise，noise 来源见调用点注释与 README §5.3）) | δ=noise ≥ spacing/2 ⇒ 全部 1280 个元素记为「边界元素」（非舍入噪声大于网格步长，分类退化）⇒ 判定用绝对界（网格项 + 非舍入项）
[check_ref] PASS S7 H_swiglu slot1: n=640 越界=0（非有限 0） | dev-ref| mean=1.452e-04 p50=4.819e-05 p90=3.820e-04 p99=1.579e-03 max=3.435e-03 | 最差占预算=0.322 (tol = 3.84×spacing(x)（中位等效倍数；= nulp×spacing + noise，noise 来源见调用点注释与 README §5.3）) | δ=noise ≥ spacing/2 ⇒ 全部 640 个元素记为「边界元素」（非舍入噪声大于网格步长，分类退化）⇒ 判定用绝对界（网格项 + 非舍入项）
[check_ref] PASS S8 Y slot1: n=2560 越界=0（非有限 0） | dev-ref| mean=7.493e-05 p50=6.104e-05 p90=1.831e-04 p99=4.272e-04 max=1.709e-03 | 最差占预算=0.924 (tol = 1.43×spacing(x)（中位等效倍数；= nulp×spacing + noise，noise 来源见调用点注释与 README §5.3）) | 常规 928 / 边界 1632（δ=noise；绝对界已覆盖方向翻转）
[check_ref] PASS S6 GU slot2 (t=1): n=1280 越界=0（非有限 0） | dev-ref| mean=5.415e-04 p50=2.441e-04 p90=1.465e-03 p99=2.930e-03 max=3.906e-03 | 最差占预算=0.456 (tol = 5.76×spacing(x)（中位等效倍数；= nulp×spacing + noise，noise 来源见调用点注释与 README §5.3）) | δ=noise ≥ spacing/2 ⇒ 全部 1280 个元素记为「边界元素」（非舍入噪声大于网格步长，分类退化）⇒ 判定用绝对界（网格项 + 非舍入项）
[check_ref] PASS S7 H_swiglu slot2: n=640 越界=0（非有限 0） | dev-ref| mean=9.727e-05 p50=3.972e-05 p90=2.339e-04 p99=7.625e-04 max=1.910e-03 | 最差占预算=0.328 (tol = 3.83×spacing(x)（中位等效倍数；= nulp×spacing + noise，noise 来源见调用点注释与 README §5.3）) | δ=noise ≥ spacing/2 ⇒ 全部 640 个元素记为「边界元素」（非舍入噪声大于网格步长，分类退化）⇒ 判定用绝对界（网格项 + 非舍入项）
[check_ref] PASS S8 Y slot2: n=2560 越界=0（非有限 0） | dev-ref| mean=4.277e-05 p50=3.052e-05 p90=1.221e-04 p99=2.136e-04 max=4.883e-04 | 最差占预算=0.908 (tol = 1.52×spacing(x)（中位等效倍数；= nulp×spacing + noise，noise 来源见调用点注释与 README §5.3）) | 常规 574 / 边界 1986（δ=noise；绝对界已覆盖方向翻转）
[check_ref] PASS S6 GU slot7 (t=1): n=1280 越界=0（非有限 0） | dev-ref| mean=5.273e-04 p50=2.441e-04 p90=1.465e-03 p99=2.930e-03 max=3.906e-03 | 最差占预算=0.462 (tol = 5.85×spacing(x)（中位等效倍数；= nulp×spacing + noise，noise 来源见调用点注释与 README §5.3）) | δ=noise ≥ spacing/2 ⇒ 全部 1280 个元素记为「边界元素」（非舍入噪声大于网格步长，分类退化）⇒ 判定用绝对界（网格项 + 非舍入项）
[check_ref] PASS S7 H_swiglu slot7: n=640 越界=0（非有限 0） | dev-ref| mean=1.191e-04 p50=4.058e-05 p90=3.022e-04 p99=1.152e-03 max=3.175e-03 | 最差占预算=0.325 (tol = 3.84×spacing(x)（中位等效倍数；= nulp×spacing + noise，noise 来源见调用点注释与 README §5.3）) | δ=noise ≥ spacing/2 ⇒ 全部 640 个元素记为「边界元素」（非舍入噪声大于网格步长，分类退化）⇒ 判定用绝对界（网格项 + 非舍入项）
[check_ref] PASS S8 Y slot7: n=2560 越界=0（非有限 0） | dev-ref| mean=4.804e-05 p50=3.052e-05 p90=1.221e-04 p99=2.441e-04 max=3.662e-04 | 最差占预算=0.884 (tol = 1.55×spacing(x)（中位等效倍数；= nulp×spacing + noise，noise 来源见调用点注释与 README §5.3）) | 常规 466 / 边界 2094（δ=noise；绝对界已覆盖方向翻转）
[check_ref] PASS S6 GU slot11 (t=1): n=1280 越界=0（非有限 0） | dev-ref| mean=5.754e-04 p50=4.883e-04 p90=1.465e-03 p99=3.418e-03 max=3.906e-03 | 最差占预算=0.465 (tol = 5.74×spacing(x)（中位等效倍数；= nulp×spacing + noise，noise 来源见调用点注释与 README §5.3）) | δ=noise ≥ spacing/2 ⇒ 全部 1280 个元素记为「边界元素」（非舍入噪声大于网格步长，分类退化）⇒ 判定用绝对界（网格项 + 非舍入项）
[check_ref] PASS S7 H_swiglu slot11: n=640 越界=0（非有限 0） | dev-ref| mean=1.280e-04 p50=4.755e-05 p90=3.644e-04 p99=9.799e-04 max=1.943e-03 | 最差占预算=0.321 (tol = 3.86×spacing(x)（中位等效倍数；= nulp×spacing + noise，noise 来源见调用点注释与 README §5.3）) | δ=noise ≥ spacing/2 ⇒ 全部 640 个元素记为「边界元素」（非舍入噪声大于网格步长，分类退化）⇒ 判定用绝对界（网格项 + 非舍入项）
[check_ref] PASS S8 Y slot11: n=2560 越界=0（非有限 0） | dev-ref| mean=5.128e-05 p50=3.052e-05 p90=1.221e-04 p99=2.441e-04 max=6.104e-04 | 最差占预算=0.915 (tol = 1.5×spacing(x)（中位等效倍数；= nulp×spacing + noise，noise 来源见调用点注释与 README §5.3）) | 常规 751 / 边界 1809（δ=noise；绝对界已覆盖方向翻转）
[check_ref] PASS S6 GU slot15 (t=2): n=2560 越界=0（非有限 0） | dev-ref| mean=5.614e-04 p50=2.441e-04 p90=1.465e-03 p99=3.174e-03 max=3.906e-03 | 最差占预算=0.478 (tol = 5.59×spacing(x)（中位等效倍数；= nulp×spacing + noise，noise 来源见调用点注释与 README §5.3）) | δ=noise ≥ spacing/2 ⇒ 全部 2560 个元素记为「边界元素」（非舍入噪声大于网格步长，分类退化）⇒ 判定用绝对界（网格项 + 非舍入项）
[check_ref] PASS S7 H_swiglu slot15: n=1280 越界=0（非有限 0） | dev-ref| mean=1.206e-04 p50=4.718e-05 p90=3.280e-04 p99=9.551e-04 max=3.726e-03 | 最差占预算=0.330 (tol = 3.87×spacing(x)（中位等效倍数；= nulp×spacing + noise，noise 来源见调用点注释与 README §5.3）) | 常规 2 / 边界 1278（δ=noise；绝对界已覆盖方向翻转）
[check_ref] PASS S8 Y slot15: n=5120 越界=0（非有限 0） | dev-ref| mean=5.519e-05 p50=3.052e-05 p90=1.221e-04 p99=2.441e-04 max=4.883e-04 | 最差占预算=0.920 (tol = 1.39×spacing(x)（中位等效倍数；= nulp×spacing + noise，noise 来源见调用点注释与 README §5.3）) | 常规 1405 / 边界 3715（δ=noise；绝对界已覆盖方向翻转）
[check_ref] PASS S6 GU slot17 (t=1): n=1280 越界=0（非有限 0） | dev-ref| mean=5.687e-04 p50=4.883e-04 p90=1.465e-03 p99=3.418e-03 max=3.906e-03 | 最差占预算=0.476 (tol = 5.79×spacing(x)（中位等效倍数；= nulp×spacing + noise，noise 来源见调用点注释与 README §5.3）) | δ=noise ≥ spacing/2 ⇒ 全部 1280 个元素记为「边界元素」（非舍入噪声大于网格步长，分类退化）⇒ 判定用绝对界（网格项 + 非舍入项）
[check_ref] PASS S7 H_swiglu slot17: n=640 越界=0（非有限 0） | dev-ref| mean=1.307e-04 p50=4.671e-05 p90=3.422e-04 p99=1.420e-03 max=3.468e-03 | 最差占预算=0.321 (tol = 3.84×spacing(x)（中位等效倍数；= nulp×spacing + noise，noise 来源见调用点注释与 README §5.3）) | δ=noise ≥ spacing/2 ⇒ 全部 640 个元素记为「边界元素」（非舍入噪声大于网格步长，分类退化）⇒ 判定用绝对界（网格项 + 非舍入项）
[check_ref] PASS S8 Y slot17: n=2560 越界=0（非有限 0） | dev-ref| mean=5.521e-05 p50=6.104e-05 p90=1.221e-04 p99=2.441e-04 max=4.883e-04 | 最差占预算=0.926 (tol = 1.4×spacing(x)（中位等效倍数；= nulp×spacing + noise，noise 来源见调用点注释与 README §5.3）) | 常规 874 / 边界 1686（δ=noise；绝对界已覆盖方向翻转）
[check_ref] PASS S6 GU slot19 (t=2): n=2560 越界=0（非有限 0） | dev-ref| mean=5.414e-04 p50=2.441e-04 p90=1.465e-03 p99=2.930e-03 max=3.906e-03 | 最差占预算=0.466 (tol = 5.71×spacing(x)（中位等效倍数；= nulp×spacing + noise，noise 来源见调用点注释与 README §5.3）) | δ=noise ≥ spacing/2 ⇒ 全部 2560 个元素记为「边界元素」（非舍入噪声大于网格步长，分类退化）⇒ 判定用绝对界（网格项 + 非舍入项）
[check_ref] PASS S7 H_swiglu slot19: n=1280 越界=0（非有限 0） | dev-ref| mean=1.120e-04 p50=4.675e-05 p90=2.911e-04 p99=9.189e-04 max=1.924e-03 | 最差占预算=0.329 (tol = 3.85×spacing(x)（中位等效倍数；= nulp×spacing + noise，noise 来源见调用点注释与 README §5.3）) | δ=noise ≥ spacing/2 ⇒ 全部 1280 个元素记为「边界元素」（非舍入噪声大于网格步长，分类退化）⇒ 判定用绝对界（网格项 + 非舍入项）
[check_ref] PASS S8 Y slot19: n=5120 越界=0（非有限 0） | dev-ref| mean=4.479e-05 p50=3.052e-05 p90=1.221e-04 p99=2.441e-04 max=4.883e-04 | 最差占预算=0.892 (tol = 1.52×spacing(x)（中位等效倍数；= nulp×spacing + noise，noise 来源见调用点注释与 README §5.3）) | 常规 1153 / 边界 3967（δ=noise；绝对界已覆盖方向翻转）
[check_ref] PASS S6 GU slot21 (t=1): n=1280 越界=0（非有限 0） | dev-ref| mean=5.378e-04 p50=2.441e-04 p90=1.465e-03 p99=2.930e-03 max=3.906e-03 | 最差占预算=0.466 (tol = 5.51×spacing(x)（中位等效倍数；= nulp×spacing + noise，noise 来源见调用点注释与 README §5.3）) | δ=noise ≥ spacing/2 ⇒ 全部 1280 个元素记为「边界元素」（非舍入噪声大于网格步长，分类退化）⇒ 判定用绝对界（网格项 + 非舍入项）
[check_ref] PASS S7 H_swiglu slot21: n=640 越界=0（非有限 0） | dev-ref| mean=1.180e-04 p50=4.642e-05 p90=2.703e-04 p99=1.362e-03 max=1.953e-03 | 最差占预算=0.330 (tol = 3.84×spacing(x)（中位等效倍数；= nulp×spacing + noise，noise 来源见调用点注释与 README §5.3）) | δ=noise ≥ spacing/2 ⇒ 全部 640 个元素记为「边界元素」（非舍入噪声大于网格步长，分类退化）⇒ 判定用绝对界（网格项 + 非舍入项）
[check_ref] PASS S8 Y slot21: n=2560 越界=0（非有限 0） | dev-ref| mean=5.292e-05 p50=3.052e-05 p90=1.221e-04 p99=2.441e-04 max=4.883e-04 | 最差占预算=0.891 (tol = 1.42×spacing(x)（中位等效倍数；= nulp×spacing + noise，noise 来源见调用点注释与 README §5.3）) | 常规 549 / 边界 2011（δ=noise；绝对界已覆盖方向翻转）
[check_ref] PASS S6 GU slot24 (t=1): n=1280 越界=0（非有限 0） | dev-ref| mean=5.267e-04 p50=2.441e-04 p90=1.343e-03 p99=2.563e-03 max=3.906e-03 | 最差占预算=0.474 (tol = 5.54×spacing(x)（中位等效倍数；= nulp×spacing + noise，noise 来源见调用点注释与 README §5.3）) | δ=noise ≥ spacing/2 ⇒ 全部 1280 个元素记为「边界元素」（非舍入噪声大于网格步长，分类退化）⇒ 判定用绝对界（网格项 + 非舍入项）
[check_ref] PASS S7 H_swiglu slot24: n=640 越界=0（非有限 0） | dev-ref| mean=1.058e-04 p50=4.245e-05 p90=2.403e-04 p99=9.257e-04 max=2.284e-03 | 最差占预算=0.322 (tol = 3.81×spacing(x)（中位等效倍数；= nulp×spacing + noise，noise 来源见调用点注释与 README §5.3）) | δ=noise ≥ spacing/2 ⇒ 全部 640 个元素记为「边界元素」（非舍入噪声大于网格步长，分类退化）⇒ 判定用绝对界（网格项 + 非舍入项）
[check_ref] PASS S8 Y slot24: n=2560 越界=0（非有限 0） | dev-ref| mean=4.720e-05 p50=3.052e-05 p90=1.221e-04 p99=2.441e-04 max=4.578e-04 | 最差占预算=0.904 (tol = 1.43×spacing(x)（中位等效倍数；= nulp×spacing + noise，noise 来源见调用点注释与 README §5.3）) | 常规 617 / 边界 1943（δ=noise；绝对界已覆盖方向翻转）
[check_ref] PASS S6 GU slot25 (t=1): n=1280 越界=0（非有限 0） | dev-ref| mean=5.869e-04 p50=4.883e-04 p90=1.465e-03 p99=3.225e-03 max=3.906e-03 | 最差占预算=0.454 (tol = 5.84×spacing(x)（中位等效倍数；= nulp×spacing + noise，noise 来源见调用点注释与 README §5.3）) | δ=noise ≥ spacing/2 ⇒ 全部 1280 个元素记为「边界元素」（非舍入噪声大于网格步长，分类退化）⇒ 判定用绝对界（网格项 + 非舍入项）
[check_ref] PASS S7 H_swiglu slot25: n=640 越界=0（非有限 0） | dev-ref| mean=1.245e-04 p50=4.915e-05 p90=3.003e-04 p99=1.013e-03 max=3.650e-03 | 最差占预算=0.318 (tol = 3.89×spacing(x)（中位等效倍数；= nulp×spacing + noise，noise 来源见调用点注释与 README §5.3）) | δ=noise ≥ spacing/2 ⇒ 全部 640 个元素记为「边界元素」（非舍入噪声大于网格步长，分类退化）⇒ 判定用绝对界（网格项 + 非舍入项）
[check_ref] PASS S8 Y slot25: n=2560 越界=0（非有限 0） | dev-ref| mean=5.571e-05 p50=3.052e-05 p90=1.221e-04 p99=2.441e-04 max=4.883e-04 | 最差占预算=0.912 (tol = 1.46×spacing(x)（中位等效倍数；= nulp×spacing + noise，noise 来源见调用点注释与 README §5.3）) | 常规 624 / 边界 1936（δ=noise；绝对界已覆盖方向翻转）
[check_ref] PASS S6 GU slot30 (t=1): n=1280 越界=0（非有限 0） | dev-ref| mean=5.553e-04 p50=4.883e-04 p90=1.465e-03 p99=2.686e-03 max=3.906e-03 | 最差占预算=0.464 (tol = 5.62×spacing(x)（中位等效倍数；= nulp×spacing + noise，noise 来源见调用点注释与 README §5.3）) | δ=noise ≥ spacing/2 ⇒ 全部 1280 个元素记为「边界元素」（非舍入噪声大于网格步长，分类退化）⇒ 判定用绝对界（网格项 + 非舍入项）
[check_ref] PASS S7 H_swiglu slot30: n=640 越界=0（非有限 0） | dev-ref| mean=1.101e-04 p50=4.940e-05 p90=2.490e-04 p99=9.299e-04 max=1.407e-03 | 最差占预算=0.325 (tol = 3.8×spacing(x)（中位等效倍数；= nulp×spacing + noise，noise 来源见调用点注释与 README §5.3）) | δ=noise ≥ spacing/2 ⇒ 全部 640 个元素记为「边界元素」（非舍入噪声大于网格步长，分类退化）⇒ 判定用绝对界（网格项 + 非舍入项）
[check_ref] PASS S8 Y slot30: n=2560 越界=0（非有限 0） | dev-ref| mean=4.754e-05 p50=3.052e-05 p90=1.221e-04 p99=2.441e-04 max=4.883e-04 | 最差占预算=0.911 (tol = 1.5×spacing(x)（中位等效倍数；= nulp×spacing + noise，noise 来源见调用点注释与 README §5.3）) | 常规 555 / 边界 2005（δ=noise；绝对界已覆盖方向翻转）
[check_ref] PASS S6 GU slot33 (t=2): n=2560 越界=0（非有限 0） | dev-ref| mean=5.448e-04 p50=3.662e-04 p90=1.465e-03 p99=3.174e-03 max=3.906e-03 | 最差占预算=0.480 (tol = 5.51×spacing(x)（中位等效倍数；= nulp×spacing + noise，noise 来源见调用点注释与 README §5.3）) | δ=noise ≥ spacing/2 ⇒ 全部 2560 个元素记为「边界元素」（非舍入噪声大于网格步长，分类退化）⇒ 判定用绝对界（网格项 + 非舍入项）
[check_ref] PASS S7 H_swiglu slot33: n=1280 越界=0（非有限 0） | dev-ref| mean=1.211e-04 p50=4.487e-05 p90=2.899e-04 p99=9.486e-04 max=3.889e-03 | 最差占预算=0.329 (tol = 3.83×spacing(x)（中位等效倍数；= nulp×spacing + noise，noise 来源见调用点注释与 README §5.3）) | 常规 1 / 边界 1279（δ=noise；绝对界已覆盖方向翻转）
[check_ref] PASS S8 Y slot33: n=5120 越界=0（非有限 0） | dev-ref| mean=5.459e-05 p50=3.052e-05 p90=1.221e-04 p99=2.441e-04 max=4.883e-04 | 最差占预算=0.908 (tol = 1.39×spacing(x)（中位等效倍数；= nulp×spacing + noise，noise 来源见调用点注释与 README §5.3）) | 常规 1149 / 边界 3971（δ=noise；绝对界已覆盖方向翻转）
[check_ref] PASS S6 GU slot35 (t=1): n=1280 越界=0（非有限 0） | dev-ref| mean=5.534e-04 p50=2.441e-04 p90=1.465e-03 p99=2.788e-03 max=3.906e-03 | 最差占预算=0.476 (tol = 5.73×spacing(x)（中位等效倍数；= nulp×spacing + noise，noise 来源见调用点注释与 README §5.3）) | δ=noise ≥ spacing/2 ⇒ 全部 1280 个元素记为「边界元素」（非舍入噪声大于网格步长，分类退化）⇒ 判定用绝对界（网格项 + 非舍入项）
[check_ref] PASS S7 H_swiglu slot35: n=640 越界=0（非有限 0） | dev-ref| mean=1.234e-04 p50=4.647e-05 p90=3.094e-04 p99=1.219e-03 max=2.866e-03 | 最差占预算=0.321 (tol = 3.83×spacing(x)（中位等效倍数；= nulp×spacing + noise，noise 来源见调用点注释与 README §5.3）) | δ=noise ≥ spacing/2 ⇒ 全部 640 个元素记为「边界元素」（非舍入噪声大于网格步长，分类退化）⇒ 判定用绝对界（网格项 + 非舍入项）
[check_ref] PASS S8 Y slot35: n=2560 越界=0（非有限 0） | dev-ref| mean=5.787e-05 p50=3.052e-05 p90=1.526e-04 p99=2.441e-04 max=4.883e-04 | 最差占预算=0.911 (tol = 1.4×spacing(x)（中位等效倍数；= nulp×spacing + noise，noise 来源见调用点注释与 README §5.3）) | 常规 669 / 边界 1891（δ=noise；绝对界已覆盖方向翻转）
[check_ref] PASS S6 GU slot36 (t=2): n=2560 越界=0（非有限 0） | dev-ref| mean=5.440e-04 p50=3.662e-04 p90=1.465e-03 p99=2.930e-03 max=3.906e-03 | 最差占预算=0.488 (tol = 5.55×spacing(x)（中位等效倍数；= nulp×spacing + noise，noise 来源见调用点注释与 README §5.3）) | δ=noise ≥ spacing/2 ⇒ 全部 2560 个元素记为「边界元素」（非舍入噪声大于网格步长，分类退化）⇒ 判定用绝对界（网格项 + 非舍入项）
[check_ref] PASS S7 H_swiglu slot36: n=1280 越界=0（非有限 0） | dev-ref| mean=1.299e-04 p50=4.686e-05 p90=3.332e-04 p99=1.325e-03 max=2.303e-03 | 最差占预算=0.327 (tol = 3.79×spacing(x)（中位等效倍数；= nulp×spacing + noise，noise 来源见调用点注释与 README §5.3）) | 常规 2 / 边界 1278（δ=noise；绝对界已覆盖方向翻转）
[check_ref] PASS S8 Y slot36: n=5120 越界=0（非有限 0） | dev-ref| mean=5.761e-05 p50=3.052e-05 p90=1.373e-04 p99=2.441e-04 max=4.883e-04 | 最差占预算=0.918 (tol = 1.39×spacing(x)（中位等效倍数；= nulp×spacing + noise，noise 来源见调用点注释与 README §5.3）) | 常规 1277 / 边界 3843（δ=noise；绝对界已覆盖方向翻转）
[check_ref] PASS S6 GU slot37 (t=3): n=3840 越界=0（非有限 0） | dev-ref| mean=5.452e-04 p50=2.441e-04 p90=1.465e-03 p99=2.930e-03 max=3.906e-03 | 最差占预算=0.490 (tol = 5.6×spacing(x)（中位等效倍数；= nulp×spacing + noise，noise 来源见调用点注释与 README §5.3）) | δ=noise ≥ spacing/2 ⇒ 全部 3840 个元素记为「边界元素」（非舍入噪声大于网格步长，分类退化）⇒ 判定用绝对界（网格项 + 非舍入项）
[check_ref] PASS S7 H_swiglu slot37: n=1920 越界=0（非有限 0） | dev-ref| mean=1.176e-04 p50=4.582e-05 p90=2.997e-04 p99=9.573e-04 max=2.873e-03 | 最差占预算=0.330 (tol = 3.82×spacing(x)（中位等效倍数；= nulp×spacing + noise，noise 来源见调用点注释与 README §5.3）) | 常规 2 / 边界 1918（δ=noise；绝对界已覆盖方向翻转）
[check_ref] PASS S8 Y slot37: n=7680 越界=0（非有限 0） | dev-ref| mean=5.064e-05 p50=3.052e-05 p90=1.221e-04 p99=2.441e-04 max=4.883e-04 | 最差占预算=0.931 (tol = 1.49×spacing(x)（中位等效倍数；= nulp×spacing + noise，noise 来源见调用点注释与 README §5.3）) | 常规 1735 / 边界 5945（δ=noise；绝对界已覆盖方向翻转）
[check_ref] PASS S6 GU slot38 (t=2): n=2560 越界=0（非有限 0） | dev-ref| mean=5.858e-04 p50=3.662e-04 p90=1.465e-03 p99=3.174e-03 max=3.906e-03 | 最差占预算=0.479 (tol = 5.69×spacing(x)（中位等效倍数；= nulp×spacing + noise，noise 来源见调用点注释与 README §5.3）) | δ=noise ≥ spacing/2 ⇒ 全部 2560 个元素记为「边界元素」（非舍入噪声大于网格步长，分类退化）⇒ 判定用绝对界（网格项 + 非舍入项）
[check_ref] PASS S7 H_swiglu slot38: n=1280 越界=0（非有限 0） | dev-ref| mean=1.336e-04 p50=4.435e-05 p90=3.557e-04 p99=1.061e-03 max=3.866e-03 | 最差占预算=0.327 (tol = 3.81×spacing(x)（中位等效倍数；= nulp×spacing + noise，noise 来源见调用点注释与 README §5.3）) | 常规 1 / 边界 1279（δ=noise；绝对界已覆盖方向翻转）
[check_ref] PASS S8 Y slot38: n=5120 越界=0（非有限 0） | dev-ref| mean=6.629e-05 p50=6.104e-05 p90=1.831e-04 p99=3.662e-04 max=5.493e-04 | 最差占预算=0.914 (tol = 1.4×spacing(x)（中位等效倍数；= nulp×spacing + noise，noise 来源见调用点注释与 README §5.3）) | 常规 1618 / 边界 3502（δ=noise；绝对界已覆盖方向翻转）
[check_ref] PASS S6 GU slot39 (t=1): n=1280 越界=0（非有限 0） | dev-ref| mean=5.589e-04 p50=4.883e-04 p90=1.465e-03 p99=2.737e-03 max=3.906e-03 | 最差占预算=0.477 (tol = 5.64×spacing(x)（中位等效倍数；= nulp×spacing + noise，noise 来源见调用点注释与 README §5.3）) | δ=noise ≥ spacing/2 ⇒ 全部 1280 个元素记为「边界元素」（非舍入噪声大于网格步长，分类退化）⇒ 判定用绝对界（网格项 + 非舍入项）
[check_ref] PASS S7 H_swiglu slot39: n=640 越界=0（非有限 0） | dev-ref| mean=1.344e-04 p50=4.996e-05 p90=3.202e-04 p99=1.503e-03 max=3.212e-03 | 最差占预算=0.323 (tol = 3.82×spacing(x)（中位等效倍数；= nulp×spacing + noise，noise 来源见调用点注释与 README §5.3）) | δ=noise ≥ spacing/2 ⇒ 全部 640 个元素记为「边界元素」（非舍入噪声大于网格步长，分类退化）⇒ 判定用绝对界（网格项 + 非舍入项）
[check_ref] PASS S8 Y slot39: n=2560 越界=0（非有限 0） | dev-ref| mean=5.877e-05 p50=3.052e-05 p90=1.526e-04 p99=2.747e-04 max=4.883e-04 | 最差占预算=0.910 (tol = 1.44×spacing(x)（中位等效倍数；= nulp×spacing + noise，noise 来源见调用点注释与 README §5.3）) | 常规 628 / 边界 1932（δ=noise；绝对界已覆盖方向翻转）
[check_ref] PASS S6 GU slot40 (t=1): n=1280 越界=0（非有限 0） | dev-ref| mean=4.908e-04 p50=2.441e-04 p90=1.221e-03 p99=2.249e-03 max=3.906e-03 | 最差占预算=0.460 (tol = 5.73×spacing(x)（中位等效倍数；= nulp×spacing + noise，noise 来源见调用点注释与 README §5.3）) | δ=noise ≥ spacing/2 ⇒ 全部 1280 个元素记为「边界元素」（非舍入噪声大于网格步长，分类退化）⇒ 判定用绝对界（网格项 + 非舍入项）
[check_ref] PASS S7 H_swiglu slot40: n=640 越界=0（非有限 0） | dev-ref| mean=1.053e-04 p50=4.105e-05 p90=2.549e-04 p99=8.622e-04 max=3.278e-03 | 最差占预算=0.329 (tol = 3.89×spacing(x)（中位等效倍数；= nulp×spacing + noise，noise 来源见调用点注释与 README §5.3）) | δ=noise ≥ spacing/2 ⇒ 全部 640 个元素记为「边界元素」（非舍入噪声大于网格步长，分类退化）⇒ 判定用绝对界（网格项 + 非舍入项）
[check_ref] PASS S8 Y slot40: n=2560 越界=0（非有限 0） | dev-ref| mean=4.722e-05 p50=3.052e-05 p90=1.221e-04 p99=2.441e-04 max=4.883e-04 | 最差占预算=0.915 (tol = 1.5×spacing(x)（中位等效倍数；= nulp×spacing + noise，noise 来源见调用点注释与 README §5.3）) | 常规 633 / 边界 1927（δ=noise；绝对界已覆盖方向翻转）
[check_ref] PASS S6 GU slot41 (t=2): n=2560 越界=0（非有限 0） | dev-ref| mean=5.577e-04 p50=3.662e-04 p90=1.465e-03 p99=2.980e-03 max=3.906e-03 | 最差占预算=0.478 (tol = 5.43×spacing(x)（中位等效倍数；= nulp×spacing + noise，noise 来源见调用点注释与 README §5.3）) | δ=noise ≥ spacing/2 ⇒ 全部 2560 个元素记为「边界元素」（非舍入噪声大于网格步长，分类退化）⇒ 判定用绝对界（网格项 + 非舍入项）
[check_ref] PASS S7 H_swiglu slot41: n=1280 越界=0（非有限 0） | dev-ref| mean=1.078e-04 p50=4.233e-05 p90=2.460e-04 p99=9.056e-04 max=1.713e-03 | 最差占预算=0.320 (tol = 3.84×spacing(x)（中位等效倍数；= nulp×spacing + noise，noise 来源见调用点注释与 README §5.3）) | 常规 2 / 边界 1278（δ=noise；绝对界已覆盖方向翻转）
[check_ref] PASS S8 Y slot41: n=5120 越界=0（非有限 0） | dev-ref| mean=5.409e-05 p50=3.052e-05 p90=1.221e-04 p99=2.441e-04 max=8.545e-04 | 最差占预算=0.911 (tol = 1.44×spacing(x)（中位等效倍数；= nulp×spacing + noise，noise 来源见调用点注释与 README §5.3）) | 常规 1360 / 边界 3760（δ=noise；绝对界已覆盖方向翻转）
[check_ref] PASS S6 GU slot46 (t=2): n=2560 越界=0（非有限 0） | dev-ref| mean=5.517e-04 p50=3.662e-04 p90=1.465e-03 p99=3.174e-03 max=3.906e-03 | 最差占预算=0.483 (tol = 5.63×spacing(x)（中位等效倍数；= nulp×spacing + noise，noise 来源见调用点注释与 README §5.3）) | δ=noise ≥ spacing/2 ⇒ 全部 2560 个元素记为「边界元素」（非舍入噪声大于网格步长，分类退化）⇒ 判定用绝对界（网格项 + 非舍入项）
[check_ref] PASS S7 H_swiglu slot46: n=1280 越界=0（非有限 0） | dev-ref| mean=1.156e-04 p50=4.362e-05 p90=3.079e-04 p99=9.532e-04 max=1.921e-03 | 最差占预算=0.317 (tol = 3.83×spacing(x)（中位等效倍数；= nulp×spacing + noise，noise 来源见调用点注释与 README §5.3）) | δ=noise ≥ spacing/2 ⇒ 全部 1280 个元素记为「边界元素」（非舍入噪声大于网格步长，分类退化）⇒ 判定用绝对界（网格项 + 非舍入项）
[check_ref] PASS S8 Y slot46: n=5120 越界=0（非有限 0） | dev-ref| mean=4.964e-05 p50=3.052e-05 p90=1.221e-04 p99=2.441e-04 max=7.324e-04 | 最差占预算=0.892 (tol = 1.52×spacing(x)（中位等效倍数；= nulp×spacing + noise，noise 来源见调用点注释与 README §5.3）) | 常规 1010 / 边界 4110（δ=noise；绝对界已覆盖方向翻转）
[check_ref] PASS S6 GU slot48 (t=2): n=2560 越界=0（非有限 0） | dev-ref| mean=5.600e-04 p50=3.662e-04 p90=1.465e-03 p99=2.930e-03 max=3.906e-03 | 最差占预算=0.464 (tol = 5.67×spacing(x)（中位等效倍数；= nulp×spacing + noise，noise 来源见调用点注释与 README §5.3）) | δ=noise ≥ spacing/2 ⇒ 全部 2560 个元素记为「边界元素」（非舍入噪声大于网格步长，分类退化）⇒ 判定用绝对界（网格项 + 非舍入项）
[check_ref] PASS S7 H_swiglu slot48: n=1280 越界=0（非有限 0） | dev-ref| mean=1.163e-04 p50=4.482e-05 p90=3.080e-04 p99=9.013e-04 max=2.997e-03 | 最差占预算=0.330 (tol = 3.83×spacing(x)（中位等效倍数；= nulp×spacing + noise，noise 来源见调用点注释与 README §5.3）) | δ=noise ≥ spacing/2 ⇒ 全部 1280 个元素记为「边界元素」（非舍入噪声大于网格步长，分类退化）⇒ 判定用绝对界（网格项 + 非舍入项）
[check_ref] PASS S8 Y slot48: n=5120 越界=0（非有限 0） | dev-ref| mean=4.895e-05 p50=3.052e-05 p90=1.221e-04 p99=2.441e-04 max=4.883e-04 | 最差占预算=0.898 (tol = 1.53×spacing(x)（中位等效倍数；= nulp×spacing + noise，noise 来源见调用点注释与 README §5.3）) | 常规 1091 / 边界 4029（δ=noise；绝对界已覆盖方向翻转）
[check_ref] PASS S6 GU slot52 (t=3): n=3840 越界=0（非有限 0） | dev-ref| mean=5.373e-04 p50=2.441e-04 p90=1.465e-03 p99=2.686e-03 max=3.906e-03 | 最差占预算=0.465 (tol = 5.74×spacing(x)（中位等效倍数；= nulp×spacing + noise，noise 来源见调用点注释与 README §5.3）) | δ=noise ≥ spacing/2 ⇒ 全部 3840 个元素记为「边界元素」（非舍入噪声大于网格步长，分类退化）⇒ 判定用绝对界（网格项 + 非舍入项）
[check_ref] PASS S7 H_swiglu slot52: n=1920 越界=0（非有限 0） | dev-ref| mean=1.048e-04 p50=4.017e-05 p90=2.468e-04 p99=8.856e-04 max=1.866e-03 | 最差占预算=0.326 (tol = 3.84×spacing(x)（中位等效倍数；= nulp×spacing + noise，noise 来源见调用点注释与 README §5.3）) | δ=noise ≥ spacing/2 ⇒ 全部 1920 个元素记为「边界元素」（非舍入噪声大于网格步长，分类退化）⇒ 判定用绝对界（网格项 + 非舍入项）
[check_ref] PASS S8 Y slot52: n=7680 越界=0（非有限 0） | dev-ref| mean=4.478e-05 p50=3.052e-05 p90=1.221e-04 p99=2.200e-04 max=4.578e-04 | 最差占预算=0.885 (tol = 1.56×spacing(x)（中位等效倍数；= nulp×spacing + noise，noise 来源见调用点注释与 README §5.3）) | 常规 1521 / 边界 6159（δ=noise；绝对界已覆盖方向翻转）
[check_ref] PASS S6 GU slot66 (t=1): n=1280 越界=0（非有限 0） | dev-ref| mean=5.584e-04 p50=4.883e-04 p90=1.465e-03 p99=3.174e-03 max=3.662e-03 | 最差占预算=0.448 (tol = 5.54×spacing(x)（中位等效倍数；= nulp×spacing + noise，noise 来源见调用点注释与 README §5.3）) | δ=noise ≥ spacing/2 ⇒ 全部 1280 个元素记为「边界元素」（非舍入噪声大于网格步长，分类退化）⇒ 判定用绝对界（网格项 + 非舍入项）
[check_ref] PASS S7 H_swiglu slot66: n=640 越界=0（非有限 0） | dev-ref| mean=1.046e-04 p50=4.636e-05 p90=2.374e-04 p99=8.276e-04 max=1.557e-03 | 最差占预算=0.319 (tol = 3.9×spacing(x)（中位等效倍数；= nulp×spacing + noise，noise 来源见调用点注释与 README §5.3）) | δ=noise ≥ spacing/2 ⇒ 全部 640 个元素记为「边界元素」（非舍入噪声大于网格步长，分类退化）⇒ 判定用绝对界（网格项 + 非舍入项）
[check_ref] PASS S8 Y slot66: n=2560 越界=0（非有限 0） | dev-ref| mean=4.308e-05 p50=3.052e-05 p90=1.221e-04 p99=2.136e-04 max=4.272e-04 | 最差占预算=0.883 (tol = 1.54×spacing(x)（中位等效倍数；= nulp×spacing + noise，noise 来源见调用点注释与 README §5.3）) | 常规 515 / 边界 2045（δ=noise；绝对界已覆盖方向翻转）
[check_ref] PASS S6 GU slot72 (t=2): n=2560 越界=0（非有限 0） | dev-ref| mean=5.910e-04 p50=3.662e-04 p90=1.465e-03 p99=3.418e-03 max=5.859e-03 | 最差占预算=0.473 (tol = 5.69×spacing(x)（中位等效倍数；= nulp×spacing + noise，noise 来源见调用点注释与 README §5.3）) | δ=noise ≥ spacing/2 ⇒ 全部 2560 个元素记为「边界元素」（非舍入噪声大于网格步长，分类退化）⇒ 判定用绝对界（网格项 + 非舍入项）
[check_ref] PASS S7 H_swiglu slot72: n=1280 越界=0（非有限 0） | dev-ref| mean=1.310e-04 p50=4.914e-05 p90=3.650e-04 p99=1.022e-03 max=2.881e-03 | 最差占预算=0.331 (tol = 3.84×spacing(x)（中位等效倍数；= nulp×spacing + noise，noise 来源见调用点注释与 README §5.3）) | δ=noise ≥ spacing/2 ⇒ 全部 1280 个元素记为「边界元素」（非舍入噪声大于网格步长，分类退化）⇒ 判定用绝对界（网格项 + 非舍入项）
[check_ref] PASS S8 Y slot72: n=5120 越界=0（非有限 0） | dev-ref| mean=4.985e-05 p50=3.052e-05 p90=1.221e-04 p99=2.441e-04 max=9.766e-04 | 最差占预算=0.924 (tol = 1.62×spacing(x)（中位等效倍数；= nulp×spacing + noise，noise 来源见调用点注释与 README §5.3）) | 常规 1073 / 边界 4047（δ=noise；绝对界已覆盖方向翻转）
[check_ref] PASS S6 GU slot73 (t=3): n=3840 越界=0（非有限 0） | dev-ref| mean=5.211e-04 p50=2.441e-04 p90=1.465e-03 p99=2.686e-03 max=3.906e-03 | 最差占预算=0.483 (tol = 5.57×spacing(x)（中位等效倍数；= nulp×spacing + noise，noise 来源见调用点注释与 README §5.3）) | δ=noise ≥ spacing/2 ⇒ 全部 3840 个元素记为「边界元素」（非舍入噪声大于网格步长，分类退化）⇒ 判定用绝对界（网格项 + 非舍入项）
[check_ref] PASS S7 H_swiglu slot73: n=1920 越界=0（非有限 0） | dev-ref| mean=1.076e-04 p50=3.852e-05 p90=2.685e-04 p99=9.360e-04 max=1.893e-03 | 最差占预算=0.328 (tol = 3.83×spacing(x)（中位等效倍数；= nulp×spacing + noise，noise 来源见调用点注释与 README §5.3）) | δ=noise ≥ spacing/2 ⇒ 全部 1920 个元素记为「边界元素」（非舍入噪声大于网格步长，分类退化）⇒ 判定用绝对界（网格项 + 非舍入项）
[check_ref] PASS S8 Y slot73: n=7680 越界=0（非有限 0） | dev-ref| mean=4.213e-05 p50=3.052e-05 p90=1.221e-04 p99=2.441e-04 max=4.883e-04 | 最差占预算=0.918 (tol = 1.47×spacing(x)（中位等效倍数；= nulp×spacing + noise，noise 来源见调用点注释与 README §5.3）) | 常规 2218 / 边界 5462（δ=noise；绝对界已覆盖方向翻转）
[check_ref] PASS S6 GU slot74 (t=1): n=1280 越界=0（非有限 0） | dev-ref| mean=5.357e-04 p50=3.662e-04 p90=1.343e-03 p99=2.493e-03 max=3.662e-03 | 最差占预算=0.442 (tol = 5.37×spacing(x)（中位等效倍数；= nulp×spacing + noise，noise 来源见调用点注释与 README §5.3）) | δ=noise ≥ spacing/2 ⇒ 全部 1280 个元素记为「边界元素」（非舍入噪声大于网格步长，分类退化）⇒ 判定用绝对界（网格项 + 非舍入项）
[check_ref] PASS S7 H_swiglu slot74: n=640 越界=0（非有限 0） | dev-ref| mean=1.291e-04 p50=4.170e-05 p90=3.341e-04 p99=1.337e-03 max=2.873e-03 | 最差占预算=0.328 (tol = 3.91×spacing(x)（中位等效倍数；= nulp×spacing + noise，noise 来源见调用点注释与 README §5.3）) | δ=noise ≥ spacing/2 ⇒ 全部 640 个元素记为「边界元素」（非舍入噪声大于网格步长，分类退化）⇒ 判定用绝对界（网格项 + 非舍入项）
[check_ref] PASS S8 Y slot74: n=2560 越界=0（非有限 0） | dev-ref| mean=6.074e-05 p50=3.052e-05 p90=1.526e-04 p99=2.692e-04 max=7.935e-04 | 最差占预算=0.903 (tol = 1.42×spacing(x)（中位等效倍数；= nulp×spacing + noise，noise 来源见调用点注释与 README §5.3）) | 常规 698 / 边界 1862（δ=noise；绝对界已覆盖方向翻转）
[check_ref] PASS S6 GU slot77 (t=2): n=2560 越界=0（非有限 0） | dev-ref| mean=5.873e-04 p50=4.883e-04 p90=1.465e-03 p99=3.174e-03 max=6.592e-03 | 最差占预算=0.523 (tol = 5.92×spacing(x)（中位等效倍数；= nulp×spacing + noise，noise 来源见调用点注释与 README §5.3）) | δ=noise ≥ spacing/2 ⇒ 全部 2560 个元素记为「边界元素」（非舍入噪声大于网格步长，分类退化）⇒ 判定用绝对界（网格项 + 非舍入项）
[check_ref] PASS S7 H_swiglu slot77: n=1280 越界=0（非有限 0） | dev-ref| mean=1.276e-04 p50=4.855e-05 p90=3.323e-04 p99=9.271e-04 max=3.891e-03 | 最差占预算=0.322 (tol = 3.83×spacing(x)（中位等效倍数；= nulp×spacing + noise，noise 来源见调用点注释与 README §5.3）) | δ=noise ≥ spacing/2 ⇒ 全部 1280 个元素记为「边界元素」（非舍入噪声大于网格步长，分类退化）⇒ 判定用绝对界（网格项 + 非舍入项）
[check_ref] PASS S8 Y slot77: n=5120 越界=0（非有限 0） | dev-ref| mean=6.080e-05 p50=3.052e-05 p90=1.526e-04 p99=3.604e-04 max=4.883e-04 | 最差占预算=0.923 (tol = 1.44×spacing(x)（中位等效倍数；= nulp×spacing + noise，noise 来源见调用点注释与 README §5.3）) | 常规 1306 / 边界 3814（δ=noise；绝对界已覆盖方向翻转）
[check_ref] PASS S6 GU slot79 (t=1): n=1280 越界=0（非有限 0） | dev-ref| mean=5.798e-04 p50=3.662e-04 p90=1.465e-03 p99=3.077e-03 max=3.784e-03 | 最差占预算=0.477 (tol = 5.45×spacing(x)（中位等效倍数；= nulp×spacing + noise，noise 来源见调用点注释与 README §5.3）) | δ=noise ≥ spacing/2 ⇒ 全部 1280 个元素记为「边界元素」（非舍入噪声大于网格步长，分类退化）⇒ 判定用绝对界（网格项 + 非舍入项）
[check_ref] PASS S7 H_swiglu slot79: n=640 越界=0（非有限 0） | dev-ref| mean=1.238e-04 p50=5.184e-05 p90=3.404e-04 p99=9.543e-04 max=1.866e-03 | 最差占预算=0.321 (tol = 3.85×spacing(x)（中位等效倍数；= nulp×spacing + noise，noise 来源见调用点注释与 README §5.3）) | δ=noise ≥ spacing/2 ⇒ 全部 640 个元素记为「边界元素」（非舍入噪声大于网格步长，分类退化）⇒ 判定用绝对界（网格项 + 非舍入项）
[check_ref] PASS S8 Y slot79: n=2560 越界=0（非有限 0） | dev-ref| mean=5.252e-05 p50=3.052e-05 p90=1.221e-04 p99=2.441e-04 max=4.272e-04 | 最差占预算=0.875 (tol = 1.51×spacing(x)（中位等效倍数；= nulp×spacing + noise，noise 来源见调用点注释与 README §5.3）) | 常规 560 / 边界 2000（δ=noise；绝对界已覆盖方向翻转）
[check_ref] PASS S6 GU slot82 (t=2): n=2560 越界=0（非有限 0） | dev-ref| mean=5.497e-04 p50=2.441e-04 p90=1.465e-03 p99=3.174e-03 max=3.906e-03 | 最差占预算=0.460 (tol = 5.69×spacing(x)（中位等效倍数；= nulp×spacing + noise，noise 来源见调用点注释与 README §5.3）) | δ=noise ≥ spacing/2 ⇒ 全部 2560 个元素记为「边界元素」（非舍入噪声大于网格步长，分类退化）⇒ 判定用绝对界（网格项 + 非舍入项）
[check_ref] PASS S7 H_swiglu slot82: n=1280 越界=0（非有限 0） | dev-ref| mean=1.309e-04 p50=4.766e-05 p90=3.440e-04 p99=1.253e-03 max=3.862e-03 | 最差占预算=0.323 (tol = 3.77×spacing(x)（中位等效倍数；= nulp×spacing + noise，noise 来源见调用点注释与 README §5.3）) | δ=noise ≥ spacing/2 ⇒ 全部 1280 个元素记为「边界元素」（非舍入噪声大于网格步长，分类退化）⇒ 判定用绝对界（网格项 + 非舍入项）
[check_ref] PASS S8 Y slot82: n=5120 越界=0（非有限 0） | dev-ref| mean=5.165e-05 p50=3.052e-05 p90=1.221e-04 p99=2.441e-04 max=4.883e-04 | 最差占预算=0.927 (tol = 1.54×spacing(x)（中位等效倍数；= nulp×spacing + noise，noise 来源见调用点注释与 README §5.3）) | 常规 1143 / 边界 3977（δ=noise；绝对界已覆盖方向翻转）
[check_ref] PASS S6 GU slot84 (t=1): n=1280 越界=0（非有限 0） | dev-ref| mean=5.562e-04 p50=2.441e-04 p90=1.465e-03 p99=3.052e-03 max=3.906e-03 | 最差占预算=0.457 (tol = 5.52×spacing(x)（中位等效倍数；= nulp×spacing + noise，noise 来源见调用点注释与 README §5.3）) | δ=noise ≥ spacing/2 ⇒ 全部 1280 个元素记为「边界元素」（非舍入噪声大于网格步长，分类退化）⇒ 判定用绝对界（网格项 + 非舍入项）
[check_ref] PASS S7 H_swiglu slot84: n=640 越界=0（非有限 0） | dev-ref| mean=1.409e-04 p50=4.504e-05 p90=3.566e-04 p99=1.850e-03 max=2.345e-03 | 最差占预算=0.320 (tol = 3.78×spacing(x)（中位等效倍数；= nulp×spacing + noise，noise 来源见调用点注释与 README §5.3）) | δ=noise ≥ spacing/2 ⇒ 全部 640 个元素记为「边界元素」（非舍入噪声大于网格步长，分类退化）⇒ 判定用绝对界（网格项 + 非舍入项）
[check_ref] PASS S8 Y slot84: n=2560 越界=0（非有限 0） | dev-ref| mean=5.853e-05 p50=6.104e-05 p90=1.221e-04 p99=3.052e-04 max=4.883e-04 | 最差占预算=0.919 (tol = 1.4×spacing(x)（中位等效倍数；= nulp×spacing + noise，noise 来源见调用点注释与 README §5.3）) | 常规 910 / 边界 1650（δ=noise；绝对界已覆盖方向翻转）
[check_ref] PASS S6 GU slot85 (t=1): n=1280 越界=0（非有限 0） | dev-ref| mean=6.167e-04 p50=4.883e-04 p90=1.465e-03 p99=3.225e-03 max=3.906e-03 | 最差占预算=0.447 (tol = 5.91×spacing(x)（中位等效倍数；= nulp×spacing + noise，noise 来源见调用点注释与 README §5.3）) | δ=noise ≥ spacing/2 ⇒ 全部 1280 个元素记为「边界元素」（非舍入噪声大于网格步长，分类退化）⇒ 判定用绝对界（网格项 + 非舍入项）
[check_ref] PASS S7 H_swiglu slot85: n=640 越界=0（非有限 0） | dev-ref| mean=1.535e-04 p50=5.602e-05 p90=3.935e-04 p99=1.646e-03 max=2.688e-03 | 最差占预算=0.325 (tol = 3.83×spacing(x)（中位等效倍数；= nulp×spacing + noise，noise 来源见调用点注释与 README §5.3）) | δ=noise ≥ spacing/2 ⇒ 全部 640 个元素记为「边界元素」（非舍入噪声大于网格步长，分类退化）⇒ 判定用绝对界（网格项 + 非舍入项）
[check_ref] PASS S8 Y slot85: n=2560 越界=0（非有限 0） | dev-ref| mean=6.607e-05 p50=6.104e-05 p90=1.831e-04 p99=3.662e-04 max=8.545e-04 | 最差占预算=0.918 (tol = 1.41×spacing(x)（中位等效倍数；= nulp×spacing + noise，noise 来源见调用点注释与 README §5.3）) | 常规 878 / 边界 1682（δ=noise；绝对界已覆盖方向翻转）
[check_ref] PASS S6 GU slot91 (t=1): n=1280 越界=0（非有限 0） | dev-ref| mean=5.687e-04 p50=4.883e-04 p90=1.465e-03 p99=2.930e-03 max=3.906e-03 | 最差占预算=0.456 (tol = 5.65×spacing(x)（中位等效倍数；= nulp×spacing + noise，noise 来源见调用点注释与 README §5.3）) | δ=noise ≥ spacing/2 ⇒ 全部 1280 个元素记为「边界元素」（非舍入噪声大于网格步长，分类退化）⇒ 判定用绝对界（网格项 + 非舍入项）
[check_ref] PASS S7 H_swiglu slot91: n=640 越界=0（非有限 0） | dev-ref| mean=1.398e-04 p50=4.889e-05 p90=3.679e-04 p99=1.471e-03 max=2.922e-03 | 最差占预算=0.326 (tol = 3.79×spacing(x)（中位等效倍数；= nulp×spacing + noise，noise 来源见调用点注释与 README §5.3）) | δ=noise ≥ spacing/2 ⇒ 全部 640 个元素记为「边界元素」（非舍入噪声大于网格步长，分类退化）⇒ 判定用绝对界（网格项 + 非舍入项）
[check_ref] PASS S8 Y slot91: n=2560 越界=0（非有限 0） | dev-ref| mean=5.206e-05 p50=6.104e-05 p90=1.221e-04 p99=2.441e-04 max=4.883e-04 | 最差占预算=0.894 (tol = 1.47×spacing(x)（中位等效倍数；= nulp×spacing + noise，noise 来源见调用点注释与 README §5.3）) | 常规 762 / 边界 1798（δ=noise；绝对界已覆盖方向翻转）
[check_ref] PASS S6 GU slot93 (t=1): n=1280 越界=0（非有限 0） | dev-ref| mean=5.795e-04 p50=2.441e-04 p90=1.465e-03 p99=3.418e-03 max=3.906e-03 | 最差占预算=0.468 (tol = 5.88×spacing(x)（中位等效倍数；= nulp×spacing + noise，noise 来源见调用点注释与 README §5.3）) | δ=noise ≥ spacing/2 ⇒ 全部 1280 个元素记为「边界元素」（非舍入噪声大于网格步长，分类退化）⇒ 判定用绝对界（网格项 + 非舍入项）
[check_ref] PASS S7 H_swiglu slot93: n=640 越界=0（非有限 0） | dev-ref| mean=1.291e-04 p50=5.144e-05 p90=3.480e-04 p99=1.193e-03 max=1.602e-03 | 最差占预算=0.320 (tol = 3.8×spacing(x)（中位等效倍数；= nulp×spacing + noise，noise 来源见调用点注释与 README §5.3）) | δ=noise ≥ spacing/2 ⇒ 全部 640 个元素记为「边界元素」（非舍入噪声大于网格步长，分类退化）⇒ 判定用绝对界（网格项 + 非舍入项）
[check_ref] PASS S8 Y slot93: n=2560 越界=0（非有限 0） | dev-ref| mean=5.611e-05 p50=3.052e-05 p90=1.221e-04 p99=2.441e-04 max=1.404e-03 | 最差占预算=0.898 (tol = 1.44×spacing(x)（中位等效倍数；= nulp×spacing + noise，noise 来源见调用点注释与 README §5.3）) | 常规 582 / 边界 1978（δ=noise；绝对界已覆盖方向翻转）
[check_ref] PASS S6 GU slot97 (t=2): n=2560 越界=0（非有限 0） | dev-ref| mean=5.325e-04 p50=2.441e-04 p90=1.465e-03 p99=2.686e-03 max=3.906e-03 | 最差占预算=0.472 (tol = 5.74×spacing(x)（中位等效倍数；= nulp×spacing + noise，noise 来源见调用点注释与 README §5.3）) | δ=noise ≥ spacing/2 ⇒ 全部 2560 个元素记为「边界元素」（非舍入噪声大于网格步长，分类退化）⇒ 判定用绝对界（网格项 + 非舍入项）
[check_ref] PASS S7 H_swiglu slot97: n=1280 越界=0（非有限 0） | dev-ref| mean=1.096e-04 p50=4.359e-05 p90=3.010e-04 p99=8.443e-04 max=3.108e-03 | 最差占预算=0.325 (tol = 3.86×spacing(x)（中位等效倍数；= nulp×spacing + noise，noise 来源见调用点注释与 README §5.3）) | δ=noise ≥ spacing/2 ⇒ 全部 1280 个元素记为「边界元素」（非舍入噪声大于网格步长，分类退化）⇒ 判定用绝对界（网格项 + 非舍入项）
[check_ref] PASS S8 Y slot97: n=5120 越界=0（非有限 0） | dev-ref| mean=4.464e-05 p50=3.052e-05 p90=1.221e-04 p99=2.441e-04 max=5.798e-04 | 最差占预算=0.906 (tol = 1.48×spacing(x)（中位等效倍数；= nulp×spacing + noise，noise 来源见调用点注释与 README §5.3）) | 常规 1197 / 边界 3923（δ=noise；绝对界已覆盖方向翻转）
[check_ref] PASS S6 GU slot98 (t=1): n=1280 越界=0（非有限 0） | dev-ref| mean=5.403e-04 p50=4.883e-04 p90=1.221e-03 p99=2.441e-03 max=3.906e-03 | 最差占预算=0.475 (tol = 5.64×spacing(x)（中位等效倍数；= nulp×spacing + noise，noise 来源见调用点注释与 README §5.3）) | δ=noise ≥ spacing/2 ⇒ 全部 1280 个元素记为「边界元素」（非舍入噪声大于网格步长，分类退化）⇒ 判定用绝对界（网格项 + 非舍入项）
[check_ref] PASS S7 H_swiglu slot98: n=640 越界=0（非有限 0） | dev-ref| mean=1.098e-04 p50=4.002e-05 p90=2.516e-04 p99=9.999e-04 max=2.673e-03 | 最差占预算=0.327 (tol = 3.86×spacing(x)（中位等效倍数；= nulp×spacing + noise，noise 来源见调用点注释与 README §5.3）) | δ=noise ≥ spacing/2 ⇒ 全部 640 个元素记为「边界元素」（非舍入噪声大于网格步长，分类退化）⇒ 判定用绝对界（网格项 + 非舍入项）
[check_ref] PASS S8 Y slot98: n=2560 越界=0（非有限 0） | dev-ref| mean=5.834e-05 p50=3.052e-05 p90=1.526e-04 p99=2.441e-04 max=4.883e-04 | 最差占预算=0.930 (tol = 1.37×spacing(x)（中位等效倍数；= nulp×spacing + noise，noise 来源见调用点注释与 README §5.3）) | 常规 754 / 边界 1806（δ=noise；绝对界已覆盖方向翻转）
[check_ref] PASS S6 GU slot103 (t=1): n=1280 越界=0（非有限 0） | dev-ref| mean=5.139e-04 p50=2.441e-04 p90=1.221e-03 p99=2.930e-03 max=3.662e-03 | 最差占预算=0.445 (tol = 5.73×spacing(x)（中位等效倍数；= nulp×spacing + noise，noise 来源见调用点注释与 README §5.3）) | δ=noise ≥ spacing/2 ⇒ 全部 1280 个元素记为「边界元素」（非舍入噪声大于网格步长，分类退化）⇒ 判定用绝对界（网格项 + 非舍入项）
[check_ref] PASS S7 H_swiglu slot103: n=640 越界=0（非有限 0） | dev-ref| mean=1.083e-04 p50=3.936e-05 p90=2.682e-04 p99=9.623e-04 max=3.641e-03 | 最差占预算=0.322 (tol = 3.81×spacing(x)（中位等效倍数；= nulp×spacing + noise，noise 来源见调用点注释与 README §5.3）) | 常规 3 / 边界 637（δ=noise；绝对界已覆盖方向翻转）
[check_ref] PASS S8 Y slot103: n=2560 越界=0（非有限 0） | dev-ref| mean=5.574e-05 p50=3.052e-05 p90=1.221e-04 p99=2.747e-04 max=4.883e-04 | 最差占预算=0.934 (tol = 1.38×spacing(x)（中位等效倍数；= nulp×spacing + noise，noise 来源见调用点注释与 README §5.3）) | 常规 860 / 边界 1700（δ=noise；绝对界已覆盖方向翻转）
[check_ref] PASS S6 GU slot106 (t=1): n=1280 越界=0（非有限 0） | dev-ref| mean=5.617e-04 p50=2.441e-04 p90=1.465e-03 p99=3.174e-03 max=3.906e-03 | 最差占预算=0.462 (tol = 5.66×spacing(x)（中位等效倍数；= nulp×spacing + noise，noise 来源见调用点注释与 README §5.3）) | δ=noise ≥ spacing/2 ⇒ 全部 1280 个元素记为「边界元素」（非舍入噪声大于网格步长，分类退化）⇒ 判定用绝对界（网格项 + 非舍入项）
[check_ref] PASS S7 H_swiglu slot106: n=640 越界=0（非有限 0） | dev-ref| mean=1.287e-04 p50=4.598e-05 p90=3.084e-04 p99=9.561e-04 max=3.342e-03 | 最差占预算=0.320 (tol = 3.87×spacing(x)（中位等效倍数；= nulp×spacing + noise，noise 来源见调用点注释与 README §5.3）) | 常规 1 / 边界 639（δ=noise；绝对界已覆盖方向翻转）
[check_ref] PASS S8 Y slot106: n=2560 越界=0（非有限 0） | dev-ref| mean=5.842e-05 p50=3.052e-05 p90=1.526e-04 p99=2.441e-04 max=4.883e-04 | 最差占预算=0.908 (tol = 1.43×spacing(x)（中位等效倍数；= nulp×spacing + noise，noise 来源见调用点注释与 README §5.3）) | 常规 685 / 边界 1875（δ=noise；绝对界已覆盖方向翻转）
[check_ref] PASS S6 GU slot108 (t=2): n=2560 越界=0（非有限 0） | dev-ref| mean=5.963e-04 p50=4.883e-04 p90=1.465e-03 p99=3.418e-03 max=3.906e-03 | 最差占预算=0.465 (tol = 5.78×spacing(x)（中位等效倍数；= nulp×spacing + noise，noise 来源见调用点注释与 README §5.3）) | δ=noise ≥ spacing/2 ⇒ 全部 2560 个元素记为「边界元素」（非舍入噪声大于网格步长，分类退化）⇒ 判定用绝对界（网格项 + 非舍入项）
[check_ref] PASS S7 H_swiglu slot108: n=1280 越界=0（非有限 0） | dev-ref| mean=1.292e-04 p50=4.702e-05 p90=3.343e-04 p99=1.253e-03 max=4.285e-03 | 最差占预算=0.324 (tol = 3.79×spacing(x)（中位等效倍数；= nulp×spacing + noise，noise 来源见调用点注释与 README §5.3）) | δ=noise ≥ spacing/2 ⇒ 全部 1280 个元素记为「边界元素」（非舍入噪声大于网格步长，分类退化）⇒ 判定用绝对界（网格项 + 非舍入项）
[check_ref] PASS S8 Y slot108: n=5120 越界=0（非有限 0） | dev-ref| mean=6.551e-05 p50=6.104e-05 p90=1.831e-04 p99=3.662e-04 max=8.545e-04 | 最差占预算=0.934 (tol = 1.4×spacing(x)（中位等效倍数；= nulp×spacing + noise，noise 来源见调用点注释与 README §5.3）) | 常规 1483 / 边界 3637（δ=noise；绝对界已覆盖方向翻转）
[check_ref] PASS S6 GU slot113 (t=1): n=1280 越界=0（非有限 0） | dev-ref| mean=5.709e-04 p50=4.883e-04 p90=1.465e-03 p99=3.225e-03 max=3.906e-03 | 最差占预算=0.448 (tol = 5.71×spacing(x)（中位等效倍数；= nulp×spacing + noise，noise 来源见调用点注释与 README §5.3）) | δ=noise ≥ spacing/2 ⇒ 全部 1280 个元素记为「边界元素」（非舍入噪声大于网格步长，分类退化）⇒ 判定用绝对界（网格项 + 非舍入项）
[check_ref] PASS S7 H_swiglu slot113: n=640 越界=0（非有限 0） | dev-ref| mean=1.145e-04 p50=5.201e-05 p90=2.497e-04 p99=9.959e-04 max=1.941e-03 | 最差占预算=0.318 (tol = 3.86×spacing(x)（中位等效倍数；= nulp×spacing + noise，noise 来源见调用点注释与 README §5.3）) | δ=noise ≥ spacing/2 ⇒ 全部 640 个元素记为「边界元素」（非舍入噪声大于网格步长，分类退化）⇒ 判定用绝对界（网格项 + 非舍入项）
[check_ref] PASS S8 Y slot113: n=2560 越界=0（非有限 0） | dev-ref| mean=5.366e-05 p50=3.052e-05 p90=1.221e-04 p99=2.441e-04 max=4.883e-04 | 最差占预算=0.909 (tol = 1.44×spacing(x)（中位等效倍数；= nulp×spacing + noise，noise 来源见调用点注释与 README §5.3）) | 常规 669 / 边界 1891（δ=noise；绝对界已覆盖方向翻转）
[check_ref] PASS S6 GU slot116 (t=5): n=6400 越界=0（非有限 0） | dev-ref| mean=5.388e-04 p50=3.662e-04 p90=1.465e-03 p99=2.930e-03 max=3.906e-03 | 最差占预算=0.482 (tol = 5.63×spacing(x)（中位等效倍数；= nulp×spacing + noise，noise 来源见调用点注释与 README §5.3）) | δ=noise ≥ spacing/2 ⇒ 全部 6400 个元素记为「边界元素」（非舍入噪声大于网格步长，分类退化）⇒ 判定用绝对界（网格项 + 非舍入项）
[check_ref] PASS S7 H_swiglu slot116: n=3200 越界=0（非有限 0） | dev-ref| mean=1.181e-04 p50=4.065e-05 p90=3.161e-04 p99=1.022e-03 max=3.499e-03 | 最差占预算=0.328 (tol = 3.84×spacing(x)（中位等效倍数；= nulp×spacing + noise，noise 来源见调用点注释与 README §5.3）) | 常规 2 / 边界 3198（δ=noise；绝对界已覆盖方向翻转）
[check_ref] PASS S8 Y slot116: n=12800 越界=0（非有限 0） | dev-ref| mean=5.595e-05 p50=3.052e-05 p90=1.221e-04 p99=2.441e-04 max=7.935e-04 | 最差占预算=0.929 (tol = 1.41×spacing(x)（中位等效倍数；= nulp×spacing + noise，noise 来源见调用点注释与 README §5.3）) | 常规 3011 / 边界 9789（δ=noise；绝对界已覆盖方向翻转）
[check_ref] PASS S6 GU slot120 (t=1): n=1280 越界=0（非有限 0） | dev-ref| mean=5.451e-04 p50=2.441e-04 p90=1.465e-03 p99=2.249e-03 max=3.906e-03 | 最差占预算=0.467 (tol = 5.7×spacing(x)（中位等效倍数；= nulp×spacing + noise，noise 来源见调用点注释与 README §5.3）) | δ=noise ≥ spacing/2 ⇒ 全部 1280 个元素记为「边界元素」（非舍入噪声大于网格步长，分类退化）⇒ 判定用绝对界（网格项 + 非舍入项）
[check_ref] PASS S7 H_swiglu slot120: n=640 越界=0（非有限 0） | dev-ref| mean=1.222e-04 p50=4.651e-05 p90=2.878e-04 p99=9.907e-04 max=2.738e-03 | 最差占预算=0.308 (tol = 3.83×spacing(x)（中位等效倍数；= nulp×spacing + noise，noise 来源见调用点注释与 README §5.3）) | 常规 1 / 边界 639（δ=noise；绝对界已覆盖方向翻转）
[check_ref] PASS S8 Y slot120: n=2560 越界=0（非有限 0） | dev-ref| mean=5.558e-05 p50=3.052e-05 p90=1.221e-04 p99=2.441e-04 max=4.883e-04 | 最差占预算=0.912 (tol = 1.42×spacing(x)（中位等效倍数；= nulp×spacing + noise，noise 来源见调用点注释与 README §5.3）) | 常规 642 / 边界 1918（δ=noise；绝对界已覆盖方向翻转）
[check_ref] PASS S6 GU slot122 (t=1): n=1280 越界=0（非有限 0） | dev-ref| mean=5.552e-04 p50=2.441e-04 p90=1.465e-03 p99=3.174e-03 max=3.906e-03 | 最差占预算=0.487 (tol = 5.58×spacing(x)（中位等效倍数；= nulp×spacing + noise，noise 来源见调用点注释与 README §5.3）) | δ=noise ≥ spacing/2 ⇒ 全部 1280 个元素记为「边界元素」（非舍入噪声大于网格步长，分类退化）⇒ 判定用绝对界（网格项 + 非舍入项）
[check_ref] PASS S7 H_swiglu slot122: n=640 越界=0（非有限 0） | dev-ref| mean=1.176e-04 p50=4.754e-05 p90=2.916e-04 p99=9.205e-04 max=1.874e-03 | 最差占预算=0.321 (tol = 3.87×spacing(x)（中位等效倍数；= nulp×spacing + noise，noise 来源见调用点注释与 README §5.3）) | δ=noise ≥ spacing/2 ⇒ 全部 640 个元素记为「边界元素」（非舍入噪声大于网格步长，分类退化）⇒ 判定用绝对界（网格项 + 非舍入项）
[check_ref] PASS S8 Y slot122: n=2560 越界=0（非有限 0） | dev-ref| mean=5.313e-05 p50=3.052e-05 p90=1.221e-04 p99=2.441e-04 max=4.883e-04 | 最差占预算=0.899 (tol = 1.45×spacing(x)（中位等效倍数；= nulp×spacing + noise，noise 来源见调用点注释与 README §5.3）) | 常规 621 / 边界 1939（δ=noise；绝对界已覆盖方向翻转）
[check_ref] PASS S6 GU slot123 (t=1): n=1280 越界=0（非有限 0） | dev-ref| mean=5.140e-04 p50=2.441e-04 p90=1.221e-03 p99=2.493e-03 max=3.906e-03 | 最差占预算=0.462 (tol = 5.66×spacing(x)（中位等效倍数；= nulp×spacing + noise，noise 来源见调用点注释与 README §5.3）) | δ=noise ≥ spacing/2 ⇒ 全部 1280 个元素记为「边界元素」（非舍入噪声大于网格步长，分类退化）⇒ 判定用绝对界（网格项 + 非舍入项）
[check_ref] PASS S7 H_swiglu slot123: n=640 越界=0（非有限 0） | dev-ref| mean=1.085e-04 p50=4.015e-05 p90=3.009e-04 p99=9.203e-04 max=1.779e-03 | 最差占预算=0.319 (tol = 3.87×spacing(x)（中位等效倍数；= nulp×spacing + noise，noise 来源见调用点注释与 README §5.3）) | δ=noise ≥ spacing/2 ⇒ 全部 640 个元素记为「边界元素」（非舍入噪声大于网格步长，分类退化）⇒ 判定用绝对界（网格项 + 非舍入项）
[check_ref] PASS S8 Y slot123: n=2560 越界=0（非有限 0） | dev-ref| mean=4.074e-05 p50=3.052e-05 p90=9.155e-05 p99=2.136e-04 max=3.662e-04 | 最差占预算=0.880 (tol = 1.55×spacing(x)（中位等效倍数；= nulp×spacing + noise，noise 来源见调用点注释与 README §5.3）) | 常规 464 / 边界 2096（δ=noise；绝对界已覆盖方向翻转）
[check_ref] PASS S6 GU slot128 (t=1): n=1280 越界=0（非有限 0） | dev-ref| mean=5.408e-04 p50=2.441e-04 p90=1.465e-03 p99=2.589e-03 max=3.662e-03 | 最差占预算=0.410 (tol = 5.51×spacing(x)（中位等效倍数；= nulp×spacing + noise，noise 来源见调用点注释与 README §5.3）) | δ=noise ≥ spacing/2 ⇒ 全部 1280 个元素记为「边界元素」（非舍入噪声大于网格步长，分类退化）⇒ 判定用绝对界（网格项 + 非舍入项）
[check_ref] PASS S7 H_swiglu slot128: n=640 越界=0（非有限 0） | dev-ref| mean=1.158e-04 p50=3.762e-05 p90=2.810e-04 p99=1.139e-03 max=3.310e-03 | 最差占预算=0.328 (tol = 3.79×spacing(x)（中位等效倍数；= nulp×spacing + noise，noise 来源见调用点注释与 README §5.3）) | δ=noise ≥ spacing/2 ⇒ 全部 640 个元素记为「边界元素」（非舍入噪声大于网格步长，分类退化）⇒ 判定用绝对界（网格项 + 非舍入项）
[check_ref] PASS S8 Y slot128: n=2560 越界=0（非有限 0） | dev-ref| mean=5.025e-05 p50=3.052e-05 p90=1.221e-04 p99=2.441e-04 max=4.883e-04 | 最差占预算=0.905 (tol = 1.46×spacing(x)（中位等效倍数；= nulp×spacing + noise，noise 来源见调用点注释与 README §5.3）) | 常规 576 / 边界 1984（δ=noise；绝对界已覆盖方向翻转）
[check_ref] PASS S6 GU slot129 (t=1): n=1280 越界=0（非有限 0） | dev-ref| mean=5.088e-04 p50=3.662e-04 p90=1.343e-03 p99=2.686e-03 max=3.906e-03 | 最差占预算=0.482 (tol = 5.57×spacing(x)（中位等效倍数；= nulp×spacing + noise，noise 来源见调用点注释与 README §5.3）) | δ=noise ≥ spacing/2 ⇒ 全部 1280 个元素记为「边界元素」（非舍入噪声大于网格步长，分类退化）⇒ 判定用绝对界（网格项 + 非舍入项）
[check_ref] PASS S7 H_swiglu slot129: n=640 越界=0（非有限 0） | dev-ref| mean=9.666e-05 p50=3.555e-05 p90=2.347e-04 p99=8.162e-04 max=3.338e-03 | 最差占预算=0.320 (tol = 3.85×spacing(x)（中位等效倍数；= nulp×spacing + noise，noise 来源见调用点注释与 README §5.3）) | 常规 1 / 边界 639（δ=noise；绝对界已覆盖方向翻转）
[check_ref] PASS S8 Y slot129: n=2560 越界=0（非有限 0） | dev-ref| mean=4.424e-05 p50=3.052e-05 p90=1.221e-04 p99=2.441e-04 max=4.578e-04 | 最差占预算=0.907 (tol = 1.47×spacing(x)（中位等效倍数；= nulp×spacing + noise，noise 来源见调用点注释与 README §5.3）) | 常规 657 / 边界 1903（δ=noise；绝对界已覆盖方向翻转）
[check_ref] PASS S6 GU slot132 (t=1): n=1280 越界=0（非有限 0） | dev-ref| mean=5.512e-04 p50=2.441e-04 p90=1.465e-03 p99=3.225e-03 max=3.906e-03 | 最差占预算=0.478 (tol = 5.54×spacing(x)（中位等效倍数；= nulp×spacing + noise，noise 来源见调用点注释与 README §5.3）) | δ=noise ≥ spacing/2 ⇒ 全部 1280 个元素记为「边界元素」（非舍入噪声大于网格步长，分类退化）⇒ 判定用绝对界（网格项 + 非舍入项）
[check_ref] PASS S7 H_swiglu slot132: n=640 越界=0（非有限 0） | dev-ref| mean=1.279e-04 p50=4.685e-05 p90=2.825e-04 p99=1.369e-03 max=3.523e-03 | 最差占预算=0.327 (tol = 3.86×spacing(x)（中位等效倍数；= nulp×spacing + noise，noise 来源见调用点注释与 README §5.3）) | δ=noise ≥ spacing/2 ⇒ 全部 640 个元素记为「边界元素」（非舍入噪声大于网格步长，分类退化）⇒ 判定用绝对界（网格项 + 非舍入项）
[check_ref] PASS S8 Y slot132: n=2560 越界=0（非有限 0） | dev-ref| mean=5.206e-05 p50=3.052e-05 p90=1.221e-04 p99=2.441e-04 max=4.578e-04 | 最差占预算=0.888 (tol = 1.51×spacing(x)（中位等效倍数；= nulp×spacing + noise，noise 来源见调用点注释与 README §5.3）) | 常规 588 / 边界 1972（δ=noise；绝对界已覆盖方向翻转）
[check_ref] PASS S6 GU slot134 (t=5): n=6400 越界=0（非有限 0） | dev-ref| mean=5.556e-04 p50=2.441e-04 p90=1.465e-03 p99=2.930e-03 max=6.104e-03 | 最差占预算=0.481 (tol = 5.8×spacing(x)（中位等效倍数；= nulp×spacing + noise，noise 来源见调用点注释与 README §5.3）) | δ=noise ≥ spacing/2 ⇒ 全部 6400 个元素记为「边界元素」（非舍入噪声大于网格步长，分类退化）⇒ 判定用绝对界（网格项 + 非舍入项）
[check_ref] PASS S7 H_swiglu slot134: n=3200 越界=0（非有限 0） | dev-ref| mean=1.206e-04 p50=4.308e-05 p90=3.098e-04 p99=1.103e-03 max=3.212e-03 | 最差占预算=0.326 (tol = 3.84×spacing(x)（中位等效倍数；= nulp×spacing + noise，noise 来源见调用点注释与 README §5.3）) | δ=noise ≥ spacing/2 ⇒ 全部 3200 个元素记为「边界元素」（非舍入噪声大于网格步长，分类退化）⇒ 判定用绝对界（网格项 + 非舍入项）
[check_ref] PASS S8 Y slot134: n=12800 越界=0（非有限 0） | dev-ref| mean=5.521e-05 p50=3.052e-05 p90=1.221e-04 p99=2.441e-04 max=8.545e-04 | 最差占预算=0.928 (tol = 1.42×spacing(x)（中位等效倍数；= nulp×spacing + noise，noise 来源见调用点注释与 README §5.3）) | 常规 3239 / 边界 9561（δ=noise；绝对界已覆盖方向翻转）
[check_ref] PASS S6 GU slot136 (t=1): n=1280 越界=0（非有限 0） | dev-ref| mean=5.906e-04 p50=4.883e-04 p90=1.465e-03 p99=3.174e-03 max=3.906e-03 | 最差占预算=0.456 (tol = 5.8×spacing(x)（中位等效倍数；= nulp×spacing + noise，noise 来源见调用点注释与 README §5.3）) | δ=noise ≥ spacing/2 ⇒ 全部 1280 个元素记为「边界元素」（非舍入噪声大于网格步长，分类退化）⇒ 判定用绝对界（网格项 + 非舍入项）
[check_ref] PASS S7 H_swiglu slot136: n=640 越界=0（非有限 0） | dev-ref| mean=1.328e-04 p50=4.599e-05 p90=3.797e-04 p99=1.288e-03 max=1.925e-03 | 最差占预算=0.322 (tol = 3.86×spacing(x)（中位等效倍数；= nulp×spacing + noise，noise 来源见调用点注释与 README §5.3）) | 常规 1 / 边界 639（δ=noise；绝对界已覆盖方向翻转）
[check_ref] PASS S8 Y slot136: n=2560 越界=0（非有限 0） | dev-ref| mean=5.877e-05 p50=3.052e-05 p90=1.526e-04 p99=2.567e-04 max=4.883e-04 | 最差占预算=0.917 (tol = 1.43×spacing(x)（中位等效倍数；= nulp×spacing + noise，noise 来源见调用点注释与 README §5.3）) | 常规 689 / 边界 1871（δ=noise；绝对界已覆盖方向翻转）
[check_ref] PASS S6 GU slot138 (t=1): n=1280 越界=0（非有限 0） | dev-ref| mean=4.946e-04 p50=2.441e-04 p90=1.221e-03 p99=2.686e-03 max=3.906e-03 | 最差占预算=0.482 (tol = 5.31×spacing(x)（中位等效倍数；= nulp×spacing + noise，noise 来源见调用点注释与 README §5.3）) | δ=noise ≥ spacing/2 ⇒ 全部 1280 个元素记为「边界元素」（非舍入噪声大于网格步长，分类退化）⇒ 判定用绝对界（网格项 + 非舍入项）
[check_ref] PASS S7 H_swiglu slot138: n=640 越界=0（非有限 0） | dev-ref| mean=8.681e-05 p50=3.399e-05 p90=2.251e-04 p99=5.144e-04 max=2.209e-03 | 最差占预算=0.327 (tol = 3.9×spacing(x)（中位等效倍数；= nulp×spacing + noise，noise 来源见调用点注释与 README §5.3）) | δ=noise ≥ spacing/2 ⇒ 全部 640 个元素记为「边界元素」（非舍入噪声大于网格步长，分类退化）⇒ 判定用绝对界（网格项 + 非舍入项）
[check_ref] PASS S8 Y slot138: n=2560 越界=0（非有限 0） | dev-ref| mean=4.275e-05 p50=3.052e-05 p90=1.083e-04 p99=2.199e-04 max=3.967e-04 | 最差占预算=0.887 (tol = 1.49×spacing(x)（中位等效倍数；= nulp×spacing + noise，noise 来源见调用点注释与 README §5.3）) | 常规 631 / 边界 1929（δ=noise；绝对界已覆盖方向翻转）
[check_ref] PASS S6 GU slot139 (t=3): n=3840 越界=0（非有限 0） | dev-ref| mean=5.263e-04 p50=2.441e-04 p90=1.343e-03 p99=2.686e-03 max=3.906e-03 | 最差占预算=0.499 (tol = 5.41×spacing(x)（中位等效倍数；= nulp×spacing + noise，noise 来源见调用点注释与 README §5.3）) | δ=noise ≥ spacing/2 ⇒ 全部 3840 个元素记为「边界元素」（非舍入噪声大于网格步长，分类退化）⇒ 判定用绝对界（网格项 + 非舍入项）
[check_ref] PASS S7 H_swiglu slot139: n=1920 越界=0（非有限 0） | dev-ref| mean=9.979e-05 p50=3.850e-05 p90=2.378e-04 p99=8.495e-04 max=1.987e-03 | 最差占预算=0.328 (tol = 3.82×spacing(x)（中位等效倍数；= nulp×spacing + noise，noise 来源见调用点注释与 README §5.3）) | 常规 1 / 边界 1919（δ=noise；绝对界已覆盖方向翻转）
[check_ref] PASS S8 Y slot139: n=7680 越界=0（非有限 0） | dev-ref| mean=4.578e-05 p50=3.052e-05 p90=1.221e-04 p99=2.441e-04 max=4.883e-04 | 最差占预算=0.935 (tol = 1.44×spacing(x)（中位等效倍数；= nulp×spacing + noise，noise 来源见调用点注释与 README §5.3）) | 常规 2042 / 边界 5638（δ=noise；绝对界已覆盖方向翻转）
[check_ref] PASS S6 GU slot142 (t=2): n=2560 越界=0（非有限 0） | dev-ref| mean=5.564e-04 p50=2.441e-04 p90=1.465e-03 p99=2.930e-03 max=3.906e-03 | 最差占预算=0.467 (tol = 5.83×spacing(x)（中位等效倍数；= nulp×spacing + noise，noise 来源见调用点注释与 README §5.3）) | δ=noise ≥ spacing/2 ⇒ 全部 2560 个元素记为「边界元素」（非舍入噪声大于网格步长，分类退化）⇒ 判定用绝对界（网格项 + 非舍入项）
[check_ref] PASS S7 H_swiglu slot142: n=1280 越界=0（非有限 0） | dev-ref| mean=1.139e-04 p50=4.563e-05 p90=2.951e-04 p99=9.454e-04 max=1.887e-03 | 最差占预算=0.321 (tol = 3.8×spacing(x)（中位等效倍数；= nulp×spacing + noise，noise 来源见调用点注释与 README §5.3）) | δ=noise ≥ spacing/2 ⇒ 全部 1280 个元素记为「边界元素」（非舍入噪声大于网格步长，分类退化）⇒ 判定用绝对界（网格项 + 非舍入项）
[check_ref] PASS S8 Y slot142: n=5120 越界=0（非有限 0） | dev-ref| mean=5.359e-05 p50=3.052e-05 p90=1.221e-04 p99=2.441e-04 max=4.883e-04 | 最差占预算=0.917 (tol = 1.45×spacing(x)（中位等效倍数；= nulp×spacing + noise，noise 来源见调用点注释与 README §5.3）) | 常规 1197 / 边界 3923（δ=noise；绝对界已覆盖方向翻转）
[check_ref] PASS S6 GU slot145 (t=2): n=2560 越界=0（非有限 0） | dev-ref| mean=5.551e-04 p50=3.662e-04 p90=1.465e-03 p99=2.808e-03 max=3.784e-03 | 最差占预算=0.452 (tol = 5.64×spacing(x)（中位等效倍数；= nulp×spacing + noise，noise 来源见调用点注释与 README §5.3）) | δ=noise ≥ spacing/2 ⇒ 全部 2560 个元素记为「边界元素」（非舍入噪声大于网格步长，分类退化）⇒ 判定用绝对界（网格项 + 非舍入项）
[check_ref] PASS S7 H_swiglu slot145: n=1280 越界=0（非有限 0） | dev-ref| mean=1.274e-04 p50=4.923e-05 p90=3.749e-04 p99=9.616e-04 max=3.273e-03 | 最差占预算=0.325 (tol = 3.83×spacing(x)（中位等效倍数；= nulp×spacing + noise，noise 来源见调用点注释与 README §5.3）) | 常规 2 / 边界 1278（δ=noise；绝对界已覆盖方向翻转）
[check_ref] PASS S8 Y slot145: n=5120 越界=0（非有限 0） | dev-ref| mean=5.955e-05 p50=5.341e-05 p90=1.526e-04 p99=3.662e-04 max=4.883e-04 | 最差占预算=0.925 (tol = 1.42×spacing(x)（中位等效倍数；= nulp×spacing + noise，noise 来源见调用点注释与 README §5.3）) | 常规 1474 / 边界 3646（δ=noise；绝对界已覆盖方向翻转）
[check_ref] PASS S6 GU slot147 (t=1): n=1280 越界=0（非有限 0） | dev-ref| mean=5.619e-04 p50=4.883e-04 p90=1.465e-03 p99=3.174e-03 max=3.906e-03 | 最差占预算=0.435 (tol = 5.7×spacing(x)（中位等效倍数；= nulp×spacing + noise，noise 来源见调用点注释与 README §5.3）) | δ=noise ≥ spacing/2 ⇒ 全部 1280 个元素记为「边界元素」（非舍入噪声大于网格步长，分类退化）⇒ 判定用绝对界（网格项 + 非舍入项）
[check_ref] PASS S7 H_swiglu slot147: n=640 越界=0（非有限 0） | dev-ref| mean=1.185e-04 p50=4.483e-05 p90=3.022e-04 p99=9.233e-04 max=1.379e-03 | 最差占预算=0.320 (tol = 3.84×spacing(x)（中位等效倍数；= nulp×spacing + noise，noise 来源见调用点注释与 README §5.3）) | δ=noise ≥ spacing/2 ⇒ 全部 640 个元素记为「边界元素」（非舍入噪声大于网格步长，分类退化）⇒ 判定用绝对界（网格项 + 非舍入项）
[check_ref] PASS S8 Y slot147: n=2560 越界=0（非有限 0） | dev-ref| mean=4.854e-05 p50=3.052e-05 p90=1.221e-04 p99=2.441e-04 max=4.272e-04 | 最差占预算=0.886 (tol = 1.47×spacing(x)（中位等效倍数；= nulp×spacing + noise，noise 来源见调用点注释与 README §5.3）) | 常规 600 / 边界 1960（δ=noise；绝对界已覆盖方向翻转）
[check_ref] PASS S6 GU slot149 (t=3): n=3840 越界=0（非有限 0） | dev-ref| mean=5.725e-04 p50=3.662e-04 p90=1.465e-03 p99=3.126e-03 max=7.324e-03 | 最差占预算=0.580 (tol = 5.61×spacing(x)（中位等效倍数；= nulp×spacing + noise，noise 来源见调用点注释与 README §5.3）) | δ=noise ≥ spacing/2 ⇒ 全部 3840 个元素记为「边界元素」（非舍入噪声大于网格步长，分类退化）⇒ 判定用绝对界（网格项 + 非舍入项）
[check_ref] PASS S7 H_swiglu slot149: n=1920 越界=0（非有限 0） | dev-ref| mean=1.160e-04 p50=4.527e-05 p90=2.846e-04 p99=9.632e-04 max=2.678e-03 | 最差占预算=0.325 (tol = 3.83×spacing(x)（中位等效倍数；= nulp×spacing + noise，noise 来源见调用点注释与 README §5.3）) | δ=noise ≥ spacing/2 ⇒ 全部 1920 个元素记为「边界元素」（非舍入噪声大于网格步长，分类退化）⇒ 判定用绝对界（网格项 + 非舍入项）
[check_ref] PASS S8 Y slot149: n=7680 越界=0（非有限 0） | dev-ref| mean=5.198e-05 p50=3.052e-05 p90=1.221e-04 p99=2.441e-04 max=4.883e-04 | 最差占预算=0.913 (tol = 1.51×spacing(x)（中位等效倍数；= nulp×spacing + noise，noise 来源见调用点注释与 README §5.3）) | 常规 1669 / 边界 6011（δ=noise；绝对界已覆盖方向翻转）
[check_ref] PASS S6 GU slot150 (t=2): n=2560 越界=0（非有限 0） | dev-ref| mean=5.426e-04 p50=2.441e-04 p90=1.465e-03 p99=2.125e-03 max=3.906e-03 | 最差占预算=0.483 (tol = 5.52×spacing(x)（中位等效倍数；= nulp×spacing + noise，noise 来源见调用点注释与 README §5.3）) | δ=noise ≥ spacing/2 ⇒ 全部 2560 个元素记为「边界元素」（非舍入噪声大于网格步长，分类退化）⇒ 判定用绝对界（网格项 + 非舍入项）
[check_ref] PASS S7 H_swiglu slot150: n=1280 越界=0（非有限 0） | dev-ref| mean=1.131e-04 p50=4.648e-05 p90=2.668e-04 p99=9.445e-04 max=1.869e-03 | 最差占预算=0.328 (tol = 3.86×spacing(x)（中位等效倍数；= nulp×spacing + noise，noise 来源见调用点注释与 README §5.3）) | δ=noise ≥ spacing/2 ⇒ 全部 1280 个元素记为「边界元素」（非舍入噪声大于网格步长，分类退化）⇒ 判定用绝对界（网格项 + 非舍入项）
[check_ref] PASS S8 Y slot150: n=5120 越界=0（非有限 0） | dev-ref| mean=4.803e-05 p50=3.052e-05 p90=1.221e-04 p99=2.441e-04 max=4.883e-04 | 最差占预算=0.914 (tol = 1.54×spacing(x)（中位等效倍数；= nulp×spacing + noise，noise 来源见调用点注释与 README §5.3）) | 常规 1081 / 边界 4039（δ=noise；绝对界已覆盖方向翻转）
[check_ref] PASS S6 GU slot159 (t=2): n=2560 越界=0（非有限 0） | dev-ref| mean=5.587e-04 p50=4.883e-04 p90=1.465e-03 p99=2.542e-03 max=3.906e-03 | 最差占预算=0.470 (tol = 5.61×spacing(x)（中位等效倍数；= nulp×spacing + noise，noise 来源见调用点注释与 README §5.3）) | δ=noise ≥ spacing/2 ⇒ 全部 2560 个元素记为「边界元素」（非舍入噪声大于网格步长，分类退化）⇒ 判定用绝对界（网格项 + 非舍入项）
[check_ref] PASS S7 H_swiglu slot159: n=1280 越界=0（非有限 0） | dev-ref| mean=1.278e-04 p50=4.330e-05 p90=3.521e-04 p99=1.236e-03 max=2.615e-03 | 最差占预算=0.330 (tol = 3.82×spacing(x)（中位等效倍数；= nulp×spacing + noise，noise 来源见调用点注释与 README §5.3）) | δ=noise ≥ spacing/2 ⇒ 全部 1280 个元素记为「边界元素」（非舍入噪声大于网格步长，分类退化）⇒ 判定用绝对界（网格项 + 非舍入项）
[check_ref] PASS S8 Y slot159: n=5120 越界=0（非有限 0） | dev-ref| mean=6.388e-05 p50=6.104e-05 p90=1.831e-04 p99=3.662e-04 max=7.935e-04 | 最差占预算=0.915 (tol = 1.4×spacing(x)（中位等效倍数；= nulp×spacing + noise，noise 来源见调用点注释与 README §5.3）) | 常规 1611 / 边界 3509（δ=noise；绝对界已覆盖方向翻转）
[check_ref] PASS S6 GU slot160 (t=1): n=1280 越界=0（非有限 0） | dev-ref| mean=5.653e-04 p50=3.052e-04 p90=1.465e-03 p99=2.930e-03 max=3.906e-03 | 最差占预算=0.472 (tol = 5.51×spacing(x)（中位等效倍数；= nulp×spacing + noise，noise 来源见调用点注释与 README §5.3）) | δ=noise ≥ spacing/2 ⇒ 全部 1280 个元素记为「边界元素」（非舍入噪声大于网格步长，分类退化）⇒ 判定用绝对界（网格项 + 非舍入项）
[check_ref] PASS S7 H_swiglu slot160: n=640 越界=0（非有限 0） | dev-ref| mean=1.413e-04 p50=5.071e-05 p90=3.604e-04 p99=1.318e-03 max=2.873e-03 | 最差占预算=0.327 (tol = 3.89×spacing(x)（中位等效倍数；= nulp×spacing + noise，noise 来源见调用点注释与 README §5.3）) | δ=noise ≥ spacing/2 ⇒ 全部 640 个元素记为「边界元素」（非舍入噪声大于网格步长，分类退化）⇒ 判定用绝对界（网格项 + 非舍入项）
[check_ref] PASS S8 Y slot160: n=2560 越界=0（非有限 0） | dev-ref| mean=6.247e-05 p50=6.104e-05 p90=1.831e-04 p99=3.662e-04 max=7.324e-04 | 最差占预算=0.913 (tol = 1.41×spacing(x)（中位等效倍数；= nulp×spacing + noise，noise 来源见调用点注释与 README §5.3）) | 常规 896 / 边界 1664（δ=noise；绝对界已覆盖方向翻转）
[check_ref] PASS S6 GU slot161 (t=1): n=1280 越界=0（非有限 0） | dev-ref| mean=5.481e-04 p50=2.441e-04 p90=1.465e-03 p99=3.174e-03 max=3.906e-03 | 最差占预算=0.456 (tol = 5.77×spacing(x)（中位等效倍数；= nulp×spacing + noise，noise 来源见调用点注释与 README §5.3）) | δ=noise ≥ spacing/2 ⇒ 全部 1280 个元素记为「边界元素」（非舍入噪声大于网格步长，分类退化）⇒ 判定用绝对界（网格项 + 非舍入项）
[check_ref] PASS S7 H_swiglu slot161: n=640 越界=0（非有限 0） | dev-ref| mean=1.299e-04 p50=5.198e-05 p90=3.239e-04 p99=9.613e-04 max=3.679e-03 | 最差占预算=0.326 (tol = 3.84×spacing(x)（中位等效倍数；= nulp×spacing + noise，noise 来源见调用点注释与 README §5.3）) | δ=noise ≥ spacing/2 ⇒ 全部 640 个元素记为「边界元素」（非舍入噪声大于网格步长，分类退化）⇒ 判定用绝对界（网格项 + 非舍入项）
[check_ref] PASS S8 Y slot161: n=2560 越界=0（非有限 0） | dev-ref| mean=5.066e-05 p50=3.052e-05 p90=1.221e-04 p99=2.441e-04 max=4.883e-04 | 最差占预算=0.910 (tol = 1.51×spacing(x)（中位等效倍数；= nulp×spacing + noise，noise 来源见调用点注释与 README §5.3）) | 常规 560 / 边界 2000（δ=noise；绝对界已覆盖方向翻转）
[check_ref] PASS S6 GU slot163 (t=14): n=17920 越界=0（非有限 0） | dev-ref| mean=5.484e-04 p50=3.662e-04 p90=1.465e-03 p99=3.052e-03 max=7.812e-03 | 最差占预算=0.572 (tol = 5.58×spacing(x)（中位等效倍数；= nulp×spacing + noise，noise 来源见调用点注释与 README §5.3）) | δ=noise ≥ spacing/2 ⇒ 全部 17920 个元素记为「边界元素」（非舍入噪声大于网格步长，分类退化）⇒ 判定用绝对界（网格项 + 非舍入项）
[check_ref] PASS S7 H_swiglu slot163: n=8960 越界=0（非有限 0） | dev-ref| mean=1.123e-04 p50=4.240e-05 p90=2.843e-04 p99=9.417e-04 max=3.744e-03 | 最差占预算=0.331 (tol = 3.84×spacing(x)（中位等效倍数；= nulp×spacing + noise，noise 来源见调用点注释与 README §5.3）) | 常规 1 / 边界 8959（δ=noise；绝对界已覆盖方向翻转）
[check_ref] PASS S8 Y slot163: n=35840 越界=0（非有限 0） | dev-ref| mean=5.190e-05 p50=3.052e-05 p90=1.221e-04 p99=2.441e-04 max=7.629e-04 | 最差占预算=0.924 (tol = 1.49×spacing(x)（中位等效倍数；= nulp×spacing + noise，noise 来源见调用点注释与 README §5.3）) | 常规 8567 / 边界 27273（δ=noise；绝对界已覆盖方向翻转）
[check_ref] PASS S6 GU slot167 (t=3): n=3840 越界=0（非有限 0） | dev-ref| mean=5.339e-04 p50=3.662e-04 p90=1.465e-03 p99=2.686e-03 max=3.906e-03 | 最差占预算=0.473 (tol = 5.55×spacing(x)（中位等效倍数；= nulp×spacing + noise，noise 来源见调用点注释与 README §5.3）) | δ=noise ≥ spacing/2 ⇒ 全部 3840 个元素记为「边界元素」（非舍入噪声大于网格步长，分类退化）⇒ 判定用绝对界（网格项 + 非舍入项）
[check_ref] PASS S7 H_swiglu slot167: n=1920 越界=0（非有限 0） | dev-ref| mean=1.058e-04 p50=3.873e-05 p90=2.556e-04 p99=8.972e-04 max=2.546e-03 | 最差占预算=0.330 (tol = 3.84×spacing(x)（中位等效倍数；= nulp×spacing + noise，noise 来源见调用点注释与 README §5.3）) | 常规 2 / 边界 1918（δ=noise；绝对界已覆盖方向翻转）
[check_ref] PASS S8 Y slot167: n=7680 越界=0（非有限 0） | dev-ref| mean=4.836e-05 p50=3.052e-05 p90=1.221e-04 p99=2.441e-04 max=4.883e-04 | 最差占预算=0.920 (tol = 1.45×spacing(x)（中位等效倍数；= nulp×spacing + noise，noise 来源见调用点注释与 README §5.3）) | 常规 2010 / 边界 5670（δ=noise；绝对界已覆盖方向翻转）
[check_ref] PASS S6 GU slot171 (t=2): n=2560 越界=0（非有限 0） | dev-ref| mean=5.632e-04 p50=4.883e-04 p90=1.465e-03 p99=2.930e-03 max=3.906e-03 | 最差占预算=0.466 (tol = 5.86×spacing(x)（中位等效倍数；= nulp×spacing + noise，noise 来源见调用点注释与 README §5.3）) | δ=noise ≥ spacing/2 ⇒ 全部 2560 个元素记为「边界元素」（非舍入噪声大于网格步长，分类退化）⇒ 判定用绝对界（网格项 + 非舍入项）
[check_ref] PASS S7 H_swiglu slot171: n=1280 越界=0（非有限 0） | dev-ref| mean=1.197e-04 p50=4.739e-05 p90=2.866e-04 p99=1.005e-03 max=1.919e-03 | 最差占预算=0.322 (tol = 3.82×spacing(x)（中位等效倍数；= nulp×spacing + noise，noise 来源见调用点注释与 README §5.3）) | δ=noise ≥ spacing/2 ⇒ 全部 1280 个元素记为「边界元素」（非舍入噪声大于网格步长，分类退化）⇒ 判定用绝对界（网格项 + 非舍入项）
[check_ref] PASS S8 Y slot171: n=5120 越界=0（非有限 0） | dev-ref| mean=5.147e-05 p50=3.052e-05 p90=1.221e-04 p99=2.441e-04 max=4.578e-04 | 最差占预算=0.886 (tol = 1.48×spacing(x)（中位等效倍数；= nulp×spacing + noise，noise 来源见调用点注释与 README §5.3）) | 常规 1116 / 边界 4004（δ=noise；绝对界已覆盖方向翻转）
[check_ref] PASS S6 GU slot172 (t=1): n=1280 越界=0（非有限 0） | dev-ref| mean=5.744e-04 p50=3.662e-04 p90=1.465e-03 p99=3.174e-03 max=3.906e-03 | 最差占预算=0.459 (tol = 5.84×spacing(x)（中位等效倍数；= nulp×spacing + noise，noise 来源见调用点注释与 README §5.3）) | δ=noise ≥ spacing/2 ⇒ 全部 1280 个元素记为「边界元素」（非舍入噪声大于网格步长，分类退化）⇒ 判定用绝对界（网格项 + 非舍入项）
[check_ref] PASS S7 H_swiglu slot172: n=640 越界=0（非有限 0） | dev-ref| mean=1.422e-04 p50=5.022e-05 p90=3.420e-04 p99=1.621e-03 max=3.323e-03 | 最差占预算=0.329 (tol = 3.77×spacing(x)（中位等效倍数；= nulp×spacing + noise，noise 来源见调用点注释与 README §5.3）) | δ=noise ≥ spacing/2 ⇒ 全部 640 个元素记为「边界元素」（非舍入噪声大于网格步长，分类退化）⇒ 判定用绝对界（网格项 + 非舍入项）
[check_ref] PASS S8 Y slot172: n=2560 越界=0（非有限 0） | dev-ref| mean=6.606e-05 p50=3.052e-05 p90=1.831e-04 p99=3.482e-04 max=9.766e-04 | 最差占预算=0.919 (tol = 1.41×spacing(x)（中位等效倍数；= nulp×spacing + noise，noise 来源见调用点注释与 README §5.3）) | 常规 683 / 边界 1877（δ=noise；绝对界已覆盖方向翻转）
[check_ref] PASS S6 GU slot173 (t=5): n=6400 越界=0（非有限 0） | dev-ref| mean=5.023e-04 p50=2.441e-04 p90=1.221e-03 p99=2.443e-03 max=6.836e-03 | 最差占预算=0.555 (tol = 5.56×spacing(x)（中位等效倍数；= nulp×spacing + noise，noise 来源见调用点注释与 README §5.3）) | δ=noise ≥ spacing/2 ⇒ 全部 6400 个元素记为「边界元素」（非舍入噪声大于网格步长，分类退化）⇒ 判定用绝对界（网格项 + 非舍入项）
[check_ref] PASS S7 H_swiglu slot173: n=3200 越界=0（非有限 0） | dev-ref| mean=1.012e-04 p50=3.904e-05 p90=2.358e-04 p99=8.814e-04 max=3.302e-03 | 最差占预算=0.326 (tol = 3.82×spacing(x)（中位等效倍数；= nulp×spacing + noise，noise 来源见调用点注释与 README §5.3）) | δ=noise ≥ spacing/2 ⇒ 全部 3200 个元素记为「边界元素」（非舍入噪声大于网格步长，分类退化）⇒ 判定用绝对界（网格项 + 非舍入项）
[check_ref] PASS S8 Y slot173: n=12800 越界=0（非有限 0） | dev-ref| mean=4.314e-05 p50=3.052e-05 p90=1.221e-04 p99=2.441e-04 max=4.883e-04 | 最差占预算=0.933 (tol = 1.47×spacing(x)（中位等效倍数；= nulp×spacing + noise，noise 来源见调用点注释与 README §5.3）) | 常规 3473 / 边界 9327（δ=noise；绝对界已覆盖方向翻转）
[check_ref] PASS S6 GU slot186 (t=1): n=1280 越界=0（非有限 0） | dev-ref| mean=5.323e-04 p50=2.441e-04 p90=1.465e-03 p99=2.737e-03 max=3.906e-03 | 最差占预算=0.477 (tol = 5.55×spacing(x)（中位等效倍数；= nulp×spacing + noise，noise 来源见调用点注释与 README §5.3）) | δ=noise ≥ spacing/2 ⇒ 全部 1280 个元素记为「边界元素」（非舍入噪声大于网格步长，分类退化）⇒ 判定用绝对界（网格项 + 非舍入项）
[check_ref] PASS S7 H_swiglu slot186: n=640 越界=0（非有限 0） | dev-ref| mean=1.136e-04 p50=4.172e-05 p90=2.810e-04 p99=1.023e-03 max=1.739e-03 | 最差占预算=0.322 (tol = 3.78×spacing(x)（中位等效倍数；= nulp×spacing + noise，noise 来源见调用点注释与 README §5.3）) | δ=noise ≥ spacing/2 ⇒ 全部 640 个元素记为「边界元素」（非舍入噪声大于网格步长，分类退化）⇒ 判定用绝对界（网格项 + 非舍入项）
[check_ref] PASS S8 Y slot186: n=2560 越界=0（非有限 0） | dev-ref| mean=4.829e-05 p50=6.104e-05 p90=1.221e-04 p99=2.441e-04 max=4.883e-04 | 最差占预算=0.931 (tol = 1.53×spacing(x)（中位等效倍数；= nulp×spacing + noise，noise 来源见调用点注释与 README §5.3）) | 常规 700 / 边界 1860（δ=noise；绝对界已覆盖方向翻转）
[check_ref] PASS S6 GU slot188 (t=1): n=1280 越界=0（非有限 0） | dev-ref| mean=5.491e-04 p50=3.662e-04 p90=1.465e-03 p99=2.930e-03 max=3.784e-03 | 最差占预算=0.499 (tol = 5.35×spacing(x)（中位等效倍数；= nulp×spacing + noise，noise 来源见调用点注释与 README §5.3）) | δ=noise ≥ spacing/2 ⇒ 全部 1280 个元素记为「边界元素」（非舍入噪声大于网格步长，分类退化）⇒ 判定用绝对界（网格项 + 非舍入项）
[check_ref] PASS S7 H_swiglu slot188: n=640 越界=0（非有限 0） | dev-ref| mean=1.295e-04 p50=4.074e-05 p90=3.210e-04 p99=1.428e-03 max=3.287e-03 | 最差占预算=0.328 (tol = 3.81×spacing(x)（中位等效倍数；= nulp×spacing + noise，noise 来源见调用点注释与 README §5.3）) | δ=noise ≥ spacing/2 ⇒ 全部 640 个元素记为「边界元素」（非舍入噪声大于网格步长，分类退化）⇒ 判定用绝对界（网格项 + 非舍入项）
[check_ref] PASS S8 Y slot188: n=2560 越界=0（非有限 0） | dev-ref| mean=5.352e-05 p50=6.104e-05 p90=1.221e-04 p99=2.441e-04 max=4.883e-04 | 最差占预算=0.906 (tol = 1.41×spacing(x)（中位等效倍数；= nulp×spacing + noise，noise 来源见调用点注释与 README §5.3）) | 常规 785 / 边界 1775（δ=noise；绝对界已覆盖方向翻转）
[check_ref] PASS S6 GU slot189 (t=2): n=2560 越界=0（非有限 0） | dev-ref| mean=5.655e-04 p50=3.662e-04 p90=1.465e-03 p99=3.174e-03 max=3.906e-03 | 最差占预算=0.479 (tol = 5.64×spacing(x)（中位等效倍数；= nulp×spacing + noise，noise 来源见调用点注释与 README §5.3）) | δ=noise ≥ spacing/2 ⇒ 全部 2560 个元素记为「边界元素」（非舍入噪声大于网格步长，分类退化）⇒ 判定用绝对界（网格项 + 非舍入项）
[check_ref] PASS S7 H_swiglu slot189: n=1280 越界=0（非有限 0） | dev-ref| mean=1.246e-04 p50=4.267e-05 p90=2.923e-04 p99=9.665e-04 max=4.057e-03 | 最差占预算=0.323 (tol = 3.83×spacing(x)（中位等效倍数；= nulp×spacing + noise，noise 来源见调用点注释与 README §5.3）) | 常规 1 / 边界 1279（δ=noise；绝对界已覆盖方向翻转）
[check_ref] PASS S8 Y slot189: n=5120 越界=0（非有限 0） | dev-ref| mean=6.419e-05 p50=3.052e-05 p90=1.831e-04 p99=3.357e-04 max=4.883e-04 | 最差占预算=0.923 (tol = 1.38×spacing(x)（中位等效倍数；= nulp×spacing + noise，noise 来源见调用点注释与 README §5.3）) | 常规 1427 / 边界 3693（δ=noise；绝对界已覆盖方向翻转）
[check_ref] PASS S6 GU slot190 (t=1): n=1280 越界=0（非有限 0） | dev-ref| mean=5.405e-04 p50=2.441e-04 p90=1.465e-03 p99=2.930e-03 max=3.906e-03 | 最差占预算=0.457 (tol = 5.74×spacing(x)（中位等效倍数；= nulp×spacing + noise，noise 来源见调用点注释与 README §5.3）) | δ=noise ≥ spacing/2 ⇒ 全部 1280 个元素记为「边界元素」（非舍入噪声大于网格步长，分类退化）⇒ 判定用绝对界（网格项 + 非舍入项）
[check_ref] PASS S7 H_swiglu slot190: n=640 越界=0（非有限 0） | dev-ref| mean=1.090e-04 p50=4.004e-05 p90=3.047e-04 p99=7.957e-04 max=1.222e-03 | 最差占预算=0.326 (tol = 3.8×spacing(x)（中位等效倍数；= nulp×spacing + noise，noise 来源见调用点注释与 README §5.3）) | 常规 1 / 边界 639（δ=noise；绝对界已覆盖方向翻转）
[check_ref] PASS S8 Y slot190: n=2560 越界=0（非有限 0） | dev-ref| mean=4.741e-05 p50=3.052e-05 p90=1.221e-04 p99=2.441e-04 max=4.883e-04 | 最差占预算=0.915 (tol = 1.55×spacing(x)（中位等效倍数；= nulp×spacing + noise，noise 来源见调用点注释与 README §5.3）) | 常规 503 / 边界 2057（δ=noise；绝对界已覆盖方向翻转）
[check_ref] PASS S6 GU slot191 (t=1): n=1280 越界=0（非有限 0） | dev-ref| mean=4.911e-04 p50=2.441e-04 p90=1.221e-03 p99=1.953e-03 max=3.906e-03 | 最差占预算=0.486 (tol = 5.34×spacing(x)（中位等效倍数；= nulp×spacing + noise，noise 来源见调用点注释与 README §5.3）) | δ=noise ≥ spacing/2 ⇒ 全部 1280 个元素记为「边界元素」（非舍入噪声大于网格步长，分类退化）⇒ 判定用绝对界（网格项 + 非舍入项）
[check_ref] PASS S7 H_swiglu slot191: n=640 越界=0（非有限 0） | dev-ref| mean=8.775e-05 p50=3.434e-05 p90=2.303e-04 p99=7.028e-04 max=1.946e-03 | 最差占预算=0.331 (tol = 3.82×spacing(x)（中位等效倍数；= nulp×spacing + noise，noise 来源见调用点注释与 README §5.3）) | δ=noise ≥ spacing/2 ⇒ 全部 640 个元素记为「边界元素」（非舍入噪声大于网格步长，分类退化）⇒ 判定用绝对界（网格项 + 非舍入项）
[check_ref] PASS S8 Y slot191: n=2560 越界=0（非有限 0） | dev-ref| mean=3.110e-05 p50=3.052e-05 p90=9.155e-05 p99=1.831e-04 max=2.441e-04 | 最差占预算=0.912 (tol = 1.48×spacing(x)（中位等效倍数；= nulp×spacing + noise，noise 来源见调用点注释与 README §5.3）) | 常规 780 / 边界 1780（δ=noise；绝对界已覆盖方向翻转）
[check_ref] PASS S6 GU slot194 (t=2): n=2560 越界=0（非有限 0） | dev-ref| mean=5.621e-04 p50=3.662e-04 p90=1.465e-03 p99=3.052e-03 max=3.906e-03 | 最差占预算=0.472 (tol = 5.64×spacing(x)（中位等效倍数；= nulp×spacing + noise，noise 来源见调用点注释与 README §5.3）) | δ=noise ≥ spacing/2 ⇒ 全部 2560 个元素记为「边界元素」（非舍入噪声大于网格步长，分类退化）⇒ 判定用绝对界（网格项 + 非舍入项）
[check_ref] PASS S7 H_swiglu slot194: n=1280 越界=0（非有限 0） | dev-ref| mean=1.308e-04 p50=4.279e-05 p90=3.547e-04 p99=1.277e-03 max=3.158e-03 | 最差占预算=0.327 (tol = 3.86×spacing(x)（中位等效倍数；= nulp×spacing + noise，noise 来源见调用点注释与 README §5.3）) | δ=noise ≥ spacing/2 ⇒ 全部 1280 个元素记为「边界元素」（非舍入噪声大于网格步长，分类退化）⇒ 判定用绝对界（网格项 + 非舍入项）
[check_ref] PASS S8 Y slot194: n=5120 越界=0（非有限 0） | dev-ref| mean=6.672e-05 p50=6.104e-05 p90=1.831e-04 p99=3.662e-04 max=1.587e-03 | 最差占预算=0.906 (tol = 1.39×spacing(x)（中位等效倍数；= nulp×spacing + noise，noise 来源见调用点注释与 README §5.3）) | 常规 1497 / 边界 3623（δ=noise；绝对界已覆盖方向翻转）
[check_ref] PASS S6 GU slot195 (t=1): n=1280 越界=0（非有限 0） | dev-ref| mean=5.726e-04 p50=4.883e-04 p90=1.465e-03 p99=3.225e-03 max=3.906e-03 | 最差占预算=0.444 (tol = 5.89×spacing(x)（中位等效倍数；= nulp×spacing + noise，noise 来源见调用点注释与 README §5.3）) | δ=noise ≥ spacing/2 ⇒ 全部 1280 个元素记为「边界元素」（非舍入噪声大于网格步长，分类退化）⇒ 判定用绝对界（网格项 + 非舍入项）
[check_ref] PASS S7 H_swiglu slot195: n=640 越界=0（非有限 0） | dev-ref| mean=1.112e-04 p50=4.789e-05 p90=2.647e-04 p99=8.783e-04 max=1.734e-03 | 最差占预算=0.323 (tol = 3.86×spacing(x)（中位等效倍数；= nulp×spacing + noise，noise 来源见调用点注释与 README §5.3）) | δ=noise ≥ spacing/2 ⇒ 全部 640 个元素记为「边界元素」（非舍入噪声大于网格步长，分类退化）⇒ 判定用绝对界（网格项 + 非舍入项）
[check_ref] PASS S8 Y slot195: n=2560 越界=0（非有限 0） | dev-ref| mean=4.827e-05 p50=3.052e-05 p90=1.221e-04 p99=2.441e-04 max=4.883e-04 | 最差占预算=0.897 (tol = 1.57×spacing(x)（中位等效倍数；= nulp×spacing + noise，noise 来源见调用点注释与 README §5.3）) | 常规 514 / 边界 2046（δ=noise；绝对界已覆盖方向翻转）
[check_ref] PASS S6 GU slot201 (t=4): n=5120 越界=0（非有限 0） | dev-ref| mean=5.247e-04 p50=2.441e-04 p90=1.343e-03 p99=2.686e-03 max=3.906e-03 | 最差占预算=0.475 (tol = 5.69×spacing(x)（中位等效倍数；= nulp×spacing + noise，noise 来源见调用点注释与 README §5.3）) | δ=noise ≥ spacing/2 ⇒ 全部 5120 个元素记为「边界元素」（非舍入噪声大于网格步长，分类退化）⇒ 判定用绝对界（网格项 + 非舍入项）
[check_ref] PASS S7 H_swiglu slot201: n=2560 越界=0（非有限 0） | dev-ref| mean=1.037e-04 p50=3.948e-05 p90=2.473e-04 p99=9.140e-04 max=1.823e-03 | 最差占预算=0.330 (tol = 3.81×spacing(x)（中位等效倍数；= nulp×spacing + noise，noise 来源见调用点注释与 README §5.3）) | 常规 2 / 边界 2558（δ=noise；绝对界已覆盖方向翻转）
[check_ref] PASS S8 Y slot201: n=10240 越界=0（非有限 0） | dev-ref| mean=4.765e-05 p50=3.052e-05 p90=1.221e-04 p99=2.441e-04 max=4.883e-04 | 最差占预算=0.928 (tol = 1.5×spacing(x)（中位等效倍数；= nulp×spacing + noise，noise 来源见调用点注释与 README §5.3）) | 常规 2252 / 边界 7988（δ=noise；绝对界已覆盖方向翻转）
[check_ref] PASS S6 GU slot202 (t=1): n=1280 越界=0（非有限 0） | dev-ref| mean=4.733e-04 p50=2.441e-04 p90=1.221e-03 p99=2.441e-03 max=3.906e-03 | 最差占预算=0.498 (tol = 5.3×spacing(x)（中位等效倍数；= nulp×spacing + noise，noise 来源见调用点注释与 README §5.3）) | δ=noise ≥ spacing/2 ⇒ 全部 1280 个元素记为「边界元素」（非舍入噪声大于网格步长，分类退化）⇒ 判定用绝对界（网格项 + 非舍入项）
[check_ref] PASS S7 H_swiglu slot202: n=640 越界=0（非有限 0） | dev-ref| mean=8.783e-05 p50=3.361e-05 p90=2.006e-04 p99=8.775e-04 max=1.633e-03 | 最差占预算=0.322 (tol = 3.86×spacing(x)（中位等效倍数；= nulp×spacing + noise，noise 来源见调用点注释与 README §5.3）) | δ=noise ≥ spacing/2 ⇒ 全部 640 个元素记为「边界元素」（非舍入噪声大于网格步长，分类退化）⇒ 判定用绝对界（网格项 + 非舍入项）
[check_ref] PASS S8 Y slot202: n=2560 越界=0（非有限 0） | dev-ref| mean=3.178e-05 p50=1.526e-05 p90=9.155e-05 p99=1.678e-04 max=2.441e-04 | 最差占预算=0.893 (tol = 1.48×spacing(x)（中位等效倍数；= nulp×spacing + noise，noise 来源见调用点注释与 README §5.3）) | 常规 616 / 边界 1944（δ=noise；绝对界已覆盖方向翻转）
[check_ref] PASS S6 GU slot203 (t=5): n=6400 越界=0（非有限 0） | dev-ref| mean=5.514e-04 p50=2.441e-04 p90=1.465e-03 p99=2.930e-03 max=3.906e-03 | 最差占预算=0.474 (tol = 5.73×spacing(x)（中位等效倍数；= nulp×spacing + noise，noise 来源见调用点注释与 README §5.3）) | δ=noise ≥ spacing/2 ⇒ 全部 6400 个元素记为「边界元素」（非舍入噪声大于网格步长，分类退化）⇒ 判定用绝对界（网格项 + 非舍入项）
[check_ref] PASS S7 H_swiglu slot203: n=3200 越界=0（非有限 0） | dev-ref| mean=1.137e-04 p50=4.218e-05 p90=2.879e-04 p99=9.519e-04 max=7.470e-03 | 最差占预算=0.331 (tol = 3.84×spacing(x)（中位等效倍数；= nulp×spacing + noise，noise 来源见调用点注释与 README §5.3）) | 常规 1 / 边界 3199（δ=noise；绝对界已覆盖方向翻转）
[check_ref] PASS S8 Y slot203: n=12800 越界=0（非有限 0） | dev-ref| mean=5.359e-05 p50=3.052e-05 p90=1.221e-04 p99=2.441e-04 max=4.883e-04 | 最差占预算=0.930 (tol = 1.41×spacing(x)（中位等效倍数；= nulp×spacing + noise，noise 来源见调用点注释与 README §5.3）) | 常规 3080 / 边界 9720（δ=noise；绝对界已覆盖方向翻转）
[check_ref] PASS S6 GU slot205 (t=1): n=1280 越界=0（非有限 0） | dev-ref| mean=5.450e-04 p50=2.441e-04 p90=1.465e-03 p99=2.833e-03 max=3.906e-03 | 最差占预算=0.462 (tol = 5.45×spacing(x)（中位等效倍数；= nulp×spacing + noise，noise 来源见调用点注释与 README §5.3）) | δ=noise ≥ spacing/2 ⇒ 全部 1280 个元素记为「边界元素」（非舍入噪声大于网格步长，分类退化）⇒ 判定用绝对界（网格项 + 非舍入项）
[check_ref] PASS S7 H_swiglu slot205: n=640 越界=0（非有限 0） | dev-ref| mean=1.203e-04 p50=4.571e-05 p90=3.068e-04 p99=9.436e-04 max=3.260e-03 | 最差占预算=0.322 (tol = 3.84×spacing(x)（中位等效倍数；= nulp×spacing + noise，noise 来源见调用点注释与 README §5.3）) | δ=noise ≥ spacing/2 ⇒ 全部 640 个元素记为「边界元素」（非舍入噪声大于网格步长，分类退化）⇒ 判定用绝对界（网格项 + 非舍入项）
[check_ref] PASS S8 Y slot205: n=2560 越界=0（非有限 0） | dev-ref| mean=5.503e-05 p50=3.052e-05 p90=1.221e-04 p99=2.441e-04 max=4.578e-04 | 最差占预算=0.877 (tol = 1.39×spacing(x)（中位等效倍数；= nulp×spacing + noise，noise 来源见调用点注释与 README §5.3）) | 常规 672 / 边界 1888（δ=noise；绝对界已覆盖方向翻转）
[check_ref] PASS S6 GU slot206 (t=4): n=5120 越界=0（非有限 0） | dev-ref| mean=5.851e-04 p50=3.662e-04 p90=1.465e-03 p99=3.174e-03 max=6.836e-03 | 最差占预算=0.528 (tol = 5.85×spacing(x)（中位等效倍数；= nulp×spacing + noise，noise 来源见调用点注释与 README §5.3）) | δ=noise ≥ spacing/2 ⇒ 全部 5120 个元素记为「边界元素」（非舍入噪声大于网格步长，分类退化）⇒ 判定用绝对界（网格项 + 非舍入项）
[check_ref] PASS S7 H_swiglu slot206: n=2560 越界=0（非有限 0） | dev-ref| mean=1.321e-04 p50=4.643e-05 p90=3.448e-04 p99=1.193e-03 max=3.569e-03 | 最差占预算=0.328 (tol = 3.81×spacing(x)（中位等效倍数；= nulp×spacing + noise，noise 来源见调用点注释与 README §5.3）) | δ=noise ≥ spacing/2 ⇒ 全部 2560 个元素记为「边界元素」（非舍入噪声大于网格步长，分类退化）⇒ 判定用绝对界（网格项 + 非舍入项）
[check_ref] PASS S8 Y slot206: n=10240 越界=0（非有限 0） | dev-ref| mean=6.624e-05 p50=6.104e-05 p90=1.831e-04 p99=3.662e-04 max=8.545e-04 | 最差占预算=0.922 (tol = 1.43×spacing(x)（中位等效倍数；= nulp×spacing + noise，noise 来源见调用点注释与 README §5.3）) | 常规 3030 / 边界 7210（δ=noise；绝对界已覆盖方向翻转）
[check_ref] PASS S6 GU slot211 (t=2): n=2560 越界=0（非有限 0） | dev-ref| mean=5.359e-04 p50=2.441e-04 p90=1.465e-03 p99=2.686e-03 max=3.906e-03 | 最差占预算=0.480 (tol = 5.68×spacing(x)（中位等效倍数；= nulp×spacing + noise，noise 来源见调用点注释与 README §5.3）) | δ=noise ≥ spacing/2 ⇒ 全部 2560 个元素记为「边界元素」（非舍入噪声大于网格步长，分类退化）⇒ 判定用绝对界（网格项 + 非舍入项）
[check_ref] PASS S7 H_swiglu slot211: n=1280 越界=0（非有限 0） | dev-ref| mean=1.113e-04 p50=4.089e-05 p90=2.773e-04 p99=8.742e-04 max=3.889e-03 | 最差占预算=0.327 (tol = 3.85×spacing(x)（中位等效倍数；= nulp×spacing + noise，noise 来源见调用点注释与 README §5.3）) | δ=noise ≥ spacing/2 ⇒ 全部 1280 个元素记为「边界元素」（非舍入噪声大于网格步长，分类退化）⇒ 判定用绝对界（网格项 + 非舍入项）
[check_ref] PASS S8 Y slot211: n=5120 越界=0（非有限 0） | dev-ref| mean=4.580e-05 p50=3.052e-05 p90=1.221e-04 p99=2.441e-04 max=4.883e-04 | 最差占预算=0.916 (tol = 1.51×spacing(x)（中位等效倍数；= nulp×spacing + noise，noise 来源见调用点注释与 README §5.3）) | 常规 1168 / 边界 3952（δ=noise；绝对界已覆盖方向翻转）
[check_ref] PASS S6 GU slot216 (t=1): n=1280 越界=0（非有限 0） | dev-ref| mean=5.190e-04 p50=3.662e-04 p90=1.343e-03 p99=2.711e-03 max=3.784e-03 | 最差占预算=0.494 (tol = 4.96×spacing(x)（中位等效倍数；= nulp×spacing + noise，noise 来源见调用点注释与 README §5.3）) | δ=noise ≥ spacing/2 ⇒ 全部 1280 个元素记为「边界元素」（非舍入噪声大于网格步长，分类退化）⇒ 判定用绝对界（网格项 + 非舍入项）
[check_ref] PASS S7 H_swiglu slot216: n=640 越界=0（非有限 0） | dev-ref| mean=9.605e-05 p50=3.622e-05 p90=2.311e-04 p99=7.919e-04 max=1.827e-03 | 最差占预算=0.319 (tol = 3.84×spacing(x)（中位等效倍数；= nulp×spacing + noise，noise 来源见调用点注释与 README §5.3）) | δ=noise ≥ spacing/2 ⇒ 全部 640 个元素记为「边界元素」（非舍入噪声大于网格步长，分类退化）⇒ 判定用绝对界（网格项 + 非舍入项）
[check_ref] PASS S8 Y slot216: n=2560 越界=0（非有限 0） | dev-ref| mean=4.628e-05 p50=3.052e-05 p90=1.221e-04 p99=2.136e-04 max=3.662e-04 | 最差占预算=0.892 (tol = 1.49×spacing(x)（中位等效倍数；= nulp×spacing + noise，noise 来源见调用点注释与 README §5.3）) | 常规 578 / 边界 1982（δ=noise；绝对界已覆盖方向翻转）
[check_ref] PASS S6 GU slot220 (t=2): n=2560 越界=0（非有限 0） | dev-ref| mean=5.677e-04 p50=3.662e-04 p90=1.465e-03 p99=3.174e-03 max=6.104e-03 | 最差占预算=0.479 (tol = 5.7×spacing(x)（中位等效倍数；= nulp×spacing + noise，noise 来源见调用点注释与 README §5.3）) | δ=noise ≥ spacing/2 ⇒ 全部 2560 个元素记为「边界元素」（非舍入噪声大于网格步长，分类退化）⇒ 判定用绝对界（网格项 + 非舍入项）
[check_ref] PASS S7 H_swiglu slot220: n=1280 越界=0（非有限 0） | dev-ref| mean=1.347e-04 p50=4.468e-05 p90=3.627e-04 p99=1.276e-03 max=6.610e-03 | 最差占预算=0.326 (tol = 3.82×spacing(x)（中位等效倍数；= nulp×spacing + noise，noise 来源见调用点注释与 README §5.3）) | δ=noise ≥ spacing/2 ⇒ 全部 1280 个元素记为「边界元素」（非舍入噪声大于网格步长，分类退化）⇒ 判定用绝对界（网格项 + 非舍入项）
[check_ref] PASS S8 Y slot220: n=5120 越界=0（非有限 0） | dev-ref| mean=6.493e-05 p50=6.104e-05 p90=1.831e-04 p99=3.662e-04 max=6.714e-04 | 最差占预算=0.921 (tol = 1.4×spacing(x)（中位等效倍数；= nulp×spacing + noise，noise 来源见调用点注释与 README §5.3）) | 常规 1601 / 边界 3519（δ=noise；绝对界已覆盖方向翻转）
[check_ref] PASS S6 GU slot224 (t=1): n=1280 越界=0（非有限 0） | dev-ref| mean=5.329e-04 p50=2.441e-04 p90=1.465e-03 p99=2.930e-03 max=3.906e-03 | 最差占预算=0.461 (tol = 5.73×spacing(x)（中位等效倍数；= nulp×spacing + noise，noise 来源见调用点注释与 README §5.3）) | δ=noise ≥ spacing/2 ⇒ 全部 1280 个元素记为「边界元素」（非舍入噪声大于网格步长，分类退化）⇒ 判定用绝对界（网格项 + 非舍入项）
[check_ref] PASS S7 H_swiglu slot224: n=640 越界=0（非有限 0） | dev-ref| mean=1.080e-04 p50=4.329e-05 p90=2.421e-04 p99=8.891e-04 max=1.879e-03 | 最差占预算=0.318 (tol = 3.86×spacing(x)（中位等效倍数；= nulp×spacing + noise，noise 来源见调用点注释与 README §5.3）) | δ=noise ≥ spacing/2 ⇒ 全部 640 个元素记为「边界元素」（非舍入噪声大于网格步长，分类退化）⇒ 判定用绝对界（网格项 + 非舍入项）
[check_ref] PASS S8 Y slot224: n=2560 越界=0（非有限 0） | dev-ref| mean=4.385e-05 p50=3.052e-05 p90=1.221e-04 p99=2.136e-04 max=4.883e-04 | 最差占预算=0.920 (tol = 1.54×spacing(x)（中位等效倍数；= nulp×spacing + noise，noise 来源见调用点注释与 README §5.3）) | 常规 476 / 边界 2084（δ=noise；绝对界已覆盖方向翻转）
[check_ref] PASS S6 GU slot225 (t=1): n=1280 越界=0（非有限 0） | dev-ref| mean=5.915e-04 p50=4.883e-04 p90=1.465e-03 p99=3.174e-03 max=3.906e-03 | 最差占预算=0.476 (tol = 5.79×spacing(x)（中位等效倍数；= nulp×spacing + noise，noise 来源见调用点注释与 README §5.3）) | δ=noise ≥ spacing/2 ⇒ 全部 1280 个元素记为「边界元素」（非舍入噪声大于网格步长，分类退化）⇒ 判定用绝对界（网格项 + 非舍入项）
[check_ref] PASS S7 H_swiglu slot225: n=640 越界=0（非有限 0） | dev-ref| mean=1.741e-04 p50=4.444e-05 p90=4.171e-04 p99=1.970e-03 max=3.855e-03 | 最差占预算=0.328 (tol = 3.83×spacing(x)（中位等效倍数；= nulp×spacing + noise，noise 来源见调用点注释与 README §5.3）) | 常规 1 / 边界 639（δ=noise；绝对界已覆盖方向翻转）
[check_ref] PASS S8 Y slot225: n=2560 越界=0（非有限 0） | dev-ref| mean=8.460e-05 p50=6.104e-05 p90=2.136e-04 p99=4.578e-04 max=1.953e-03 | 最差占预算=0.914 (tol = 1.43×spacing(x)（中位等效倍数；= nulp×spacing + noise，noise 来源见调用点注释与 README §5.3）) | 常规 844 / 边界 1716（δ=noise；绝对界已覆盖方向翻转）
[check_ref] PASS S6 GU slot226 (t=1): n=1280 越界=0（非有限 0） | dev-ref| mean=5.346e-04 p50=2.441e-04 p90=1.465e-03 p99=2.711e-03 max=3.906e-03 | 最差占预算=0.465 (tol = 5.58×spacing(x)（中位等效倍数；= nulp×spacing + noise，noise 来源见调用点注释与 README §5.3）) | δ=noise ≥ spacing/2 ⇒ 全部 1280 个元素记为「边界元素」（非舍入噪声大于网格步长，分类退化）⇒ 判定用绝对界（网格项 + 非舍入项）
[check_ref] PASS S7 H_swiglu slot226: n=640 越界=0（非有限 0） | dev-ref| mean=1.012e-04 p50=3.967e-05 p90=2.438e-04 p99=7.590e-04 max=1.729e-03 | 最差占预算=0.331 (tol = 3.82×spacing(x)（中位等效倍数；= nulp×spacing + noise，noise 来源见调用点注释与 README §5.3）) | δ=noise ≥ spacing/2 ⇒ 全部 640 个元素记为「边界元素」（非舍入噪声大于网格步长，分类退化）⇒ 判定用绝对界（网格项 + 非舍入项）
[check_ref] PASS S8 Y slot226: n=2560 越界=0（非有限 0） | dev-ref| mean=5.457e-05 p50=3.052e-05 p90=1.221e-04 p99=2.441e-04 max=4.883e-04 | 最差占预算=0.926 (tol = 1.32×spacing(x)（中位等效倍数；= nulp×spacing + noise，noise 来源见调用点注释与 README §5.3）) | 常规 694 / 边界 1866（δ=noise；绝对界已覆盖方向翻转）
[check_ref] PASS S6 GU slot230 (t=1): n=1280 越界=0（非有限 0） | dev-ref| mean=5.595e-04 p50=4.883e-04 p90=1.465e-03 p99=2.930e-03 max=3.906e-03 | 最差占预算=0.496 (tol = 5.42×spacing(x)（中位等效倍数；= nulp×spacing + noise，noise 来源见调用点注释与 README §5.3）) | δ=noise ≥ spacing/2 ⇒ 全部 1280 个元素记为「边界元素」（非舍入噪声大于网格步长，分类退化）⇒ 判定用绝对界（网格项 + 非舍入项）
[check_ref] PASS S7 H_swiglu slot230: n=640 越界=0（非有限 0） | dev-ref| mean=1.415e-04 p50=5.421e-05 p90=3.784e-04 p99=1.401e-03 max=3.090e-03 | 最差占预算=0.323 (tol = 3.78×spacing(x)（中位等效倍数；= nulp×spacing + noise，noise 来源见调用点注释与 README §5.3）) | δ=noise ≥ spacing/2 ⇒ 全部 640 个元素记为「边界元素」（非舍入噪声大于网格步长，分类退化）⇒ 判定用绝对界（网格项 + 非舍入项）
[check_ref] PASS S8 Y slot230: n=2560 越界=0（非有限 0） | dev-ref| mean=7.100e-05 p50=6.104e-05 p90=1.831e-04 p99=3.912e-04 max=4.883e-04 | 最差占预算=0.915 (tol = 1.4×spacing(x)（中位等效倍数；= nulp×spacing + noise，noise 来源见调用点注释与 README §5.3）) | 常规 992 / 边界 1568（δ=noise；绝对界已覆盖方向翻转）
[check_ref] PASS S6 GU slot232 (t=2): n=2560 越界=0（非有限 0） | dev-ref| mean=5.179e-04 p50=2.441e-04 p90=1.465e-03 p99=2.686e-03 max=3.906e-03 | 最差占预算=0.486 (tol = 5.54×spacing(x)（中位等效倍数；= nulp×spacing + noise，noise 来源见调用点注释与 README §5.3）) | δ=noise ≥ spacing/2 ⇒ 全部 2560 个元素记为「边界元素」（非舍入噪声大于网格步长，分类退化）⇒ 判定用绝对界（网格项 + 非舍入项）
[check_ref] PASS S7 H_swiglu slot232: n=1280 越界=0（非有限 0） | dev-ref| mean=9.700e-05 p50=3.841e-05 p90=2.309e-04 p99=8.120e-04 max=3.242e-03 | 最差占预算=0.318 (tol = 3.85×spacing(x)（中位等效倍数；= nulp×spacing + noise，noise 来源见调用点注释与 README §5.3）) | δ=noise ≥ spacing/2 ⇒ 全部 1280 个元素记为「边界元素」（非舍入噪声大于网格步长，分类退化）⇒ 判定用绝对界（网格项 + 非舍入项）
[check_ref] PASS S8 Y slot232: n=5120 越界=0（非有限 0） | dev-ref| mean=4.557e-05 p50=3.052e-05 p90=1.221e-04 p99=2.441e-04 max=4.883e-04 | 最差占预算=0.929 (tol = 1.48×spacing(x)（中位等效倍数；= nulp×spacing + noise，noise 来源见调用点注释与 README §5.3）) | 常规 1321 / 边界 3799（δ=noise；绝对界已覆盖方向翻转）
[check_ref] PASS S6 GU slot239 (t=1): n=1280 越界=0（非有限 0） | dev-ref| mean=5.850e-04 p50=3.662e-04 p90=1.465e-03 p99=3.199e-03 max=3.906e-03 | 最差占预算=0.451 (tol = 5.93×spacing(x)（中位等效倍数；= nulp×spacing + noise，noise 来源见调用点注释与 README §5.3）) | δ=noise ≥ spacing/2 ⇒ 全部 1280 个元素记为「边界元素」（非舍入噪声大于网格步长，分类退化）⇒ 判定用绝对界（网格项 + 非舍入项）
[check_ref] PASS S7 H_swiglu slot239: n=640 越界=0（非有限 0） | dev-ref| mean=1.283e-04 p50=4.338e-05 p90=3.357e-04 p99=1.148e-03 max=1.803e-03 | 最差占预算=0.324 (tol = 3.86×spacing(x)（中位等效倍数；= nulp×spacing + noise，noise 来源见调用点注释与 README §5.3）) | 常规 1 / 边界 639（δ=noise；绝对界已覆盖方向翻转）
[check_ref] PASS S8 Y slot239: n=2560 越界=0（非有限 0） | dev-ref| mean=6.884e-05 p50=6.104e-05 p90=1.831e-04 p99=3.662e-04 max=4.883e-04 | 最差占预算=0.917 (tol = 1.42×spacing(x)（中位等效倍数；= nulp×spacing + noise，noise 来源见调用点注释与 README §5.3）) | 常规 796 / 边界 1764（δ=noise；绝对界已覆盖方向翻转）
[check_ref] PASS S6 GU slot242 (t=2): n=2560 越界=0（非有限 0） | dev-ref| mean=5.294e-04 p50=2.441e-04 p90=1.465e-03 p99=2.930e-03 max=3.906e-03 | 最差占预算=0.481 (tol = 5.59×spacing(x)（中位等效倍数；= nulp×spacing + noise，noise 来源见调用点注释与 README §5.3）) | δ=noise ≥ spacing/2 ⇒ 全部 2560 个元素记为「边界元素」（非舍入噪声大于网格步长，分类退化）⇒ 判定用绝对界（网格项 + 非舍入项）
[check_ref] PASS S7 H_swiglu slot242: n=1280 越界=0（非有限 0） | dev-ref| mean=9.781e-05 p50=4.068e-05 p90=2.372e-04 p99=8.024e-04 max=1.744e-03 | 最差占预算=0.311 (tol = 3.8×spacing(x)（中位等效倍数；= nulp×spacing + noise，noise 来源见调用点注释与 README §5.3）) | δ=noise ≥ spacing/2 ⇒ 全部 1280 个元素记为「边界元素」（非舍入噪声大于网格步长，分类退化）⇒ 判定用绝对界（网格项 + 非舍入项）
[check_ref] PASS S8 Y slot242: n=5120 越界=0（非有限 0） | dev-ref| mean=4.250e-05 p50=3.052e-05 p90=1.221e-04 p99=2.136e-04 max=4.578e-04 | 最差占预算=0.891 (tol = 1.52×spacing(x)（中位等效倍数；= nulp×spacing + noise，noise 来源见调用点注释与 README §5.3）) | 常规 1168 / 边界 3952（δ=noise；绝对界已覆盖方向翻转）
[check_ref] PASS S6 GU slot243 (t=1): n=1280 越界=0（非有限 0） | dev-ref| mean=5.520e-04 p50=3.662e-04 p90=1.465e-03 p99=2.686e-03 max=3.906e-03 | 最差占预算=0.475 (tol = 5.71×spacing(x)（中位等效倍数；= nulp×spacing + noise，noise 来源见调用点注释与 README §5.3）) | δ=noise ≥ spacing/2 ⇒ 全部 1280 个元素记为「边界元素」（非舍入噪声大于网格步长，分类退化）⇒ 判定用绝对界（网格项 + 非舍入项）
[check_ref] PASS S7 H_swiglu slot243: n=640 越界=0（非有限 0） | dev-ref| mean=1.161e-04 p50=4.620e-05 p90=3.195e-04 p99=8.825e-04 max=2.040e-03 | 最差占预算=0.329 (tol = 3.93×spacing(x)（中位等效倍数；= nulp×spacing + noise，noise 来源见调用点注释与 README §5.3）) | δ=noise ≥ spacing/2 ⇒ 全部 640 个元素记为「边界元素」（非舍入噪声大于网格步长，分类退化）⇒ 判定用绝对界（网格项 + 非舍入项）
[check_ref] PASS S8 Y slot243: n=2560 越界=0（非有限 0） | dev-ref| mean=5.082e-05 p50=3.052e-05 p90=1.221e-04 p99=2.441e-04 max=4.578e-04 | 最差占预算=0.867 (tol = 1.44×spacing(x)（中位等效倍数；= nulp×spacing + noise，noise 来源见调用点注释与 README §5.3）) | 常规 529 / 边界 2031（δ=noise；绝对界已覆盖方向翻转）
[check_ref] PASS S6 GU slot247 (t=2): n=2560 越界=0（非有限 0） | dev-ref| mean=5.335e-04 p50=2.441e-04 p90=1.245e-03 p99=2.930e-03 max=3.906e-03 | 最差占预算=0.453 (tol = 5.62×spacing(x)（中位等效倍数；= nulp×spacing + noise，noise 来源见调用点注释与 README §5.3）) | δ=noise ≥ spacing/2 ⇒ 全部 2560 个元素记为「边界元素」（非舍入噪声大于网格步长，分类退化）⇒ 判定用绝对界（网格项 + 非舍入项）
[check_ref] PASS S7 H_swiglu slot247: n=1280 越界=0（非有限 0） | dev-ref| mean=1.100e-04 p50=4.356e-05 p90=2.947e-04 p99=8.397e-04 max=2.235e-03 | 最差占预算=0.320 (tol = 3.87×spacing(x)（中位等效倍数；= nulp×spacing + noise，noise 来源见调用点注释与 README §5.3）) | 常规 1 / 边界 1279（δ=noise；绝对界已覆盖方向翻转）
[check_ref] PASS S8 Y slot247: n=5120 越界=0（非有限 0） | dev-ref| mean=4.880e-05 p50=3.052e-05 p90=1.221e-04 p99=2.441e-04 max=4.883e-04 | 最差占预算=0.934 (tol = 1.45×spacing(x)（中位等效倍数；= nulp×spacing + noise，noise 来源见调用点注释与 README §5.3）) | 常规 1368 / 边界 3752（δ=noise；绝对界已覆盖方向翻转）
[check_ref] PASS S6 GU slot255 (t=1): n=1280 越界=0（非有限 0） | dev-ref| mean=5.332e-04 p50=2.441e-04 p90=1.233e-03 p99=3.174e-03 max=3.906e-03 | 最差占预算=0.456 (tol = 5.67×spacing(x)（中位等效倍数；= nulp×spacing + noise，noise 来源见调用点注释与 README §5.3）) | δ=noise ≥ spacing/2 ⇒ 全部 1280 个元素记为「边界元素」（非舍入噪声大于网格步长，分类退化）⇒ 判定用绝对界（网格项 + 非舍入项）
[check_ref] PASS S7 H_swiglu slot255: n=640 越界=0（非有限 0） | dev-ref| mean=1.135e-04 p50=4.481e-05 p90=2.966e-04 p99=8.370e-04 max=1.950e-03 | 最差占预算=0.315 (tol = 3.78×spacing(x)（中位等效倍数；= nulp×spacing + noise，noise 来源见调用点注释与 README §5.3）) | δ=noise ≥ spacing/2 ⇒ 全部 640 个元素记为「边界元素」（非舍入噪声大于网格步长，分类退化）⇒ 判定用绝对界（网格项 + 非舍入项）
[check_ref] PASS S8 Y slot255: n=2560 越界=0（非有限 0） | dev-ref| mean=5.211e-05 p50=3.052e-05 p90=1.221e-04 p99=2.441e-04 max=6.104e-04 | 最差占预算=0.913 (tol = 1.47×spacing(x)（中位等效倍数；= nulp×spacing + noise，noise 来源见调用点注释与 README §5.3）) | 常规 646 / 边界 1914（δ=noise；绝对界已覆盖方向翻转）
[check_ref] PASS S6 GU slot266 (t=1): n=1280 越界=0（非有限 0） | dev-ref| mean=5.142e-04 p50=2.441e-04 p90=1.343e-03 p99=2.249e-03 max=3.662e-03 | 最差占预算=0.464 (tol = 5.3×spacing(x)（中位等效倍数；= nulp×spacing + noise，noise 来源见调用点注释与 README §5.3）) | δ=noise ≥ spacing/2 ⇒ 全部 1280 个元素记为「边界元素」（非舍入噪声大于网格步长，分类退化）⇒ 判定用绝对界（网格项 + 非舍入项）
[check_ref] PASS S7 H_swiglu slot266: n=640 越界=0（非有限 0） | dev-ref| mean=8.800e-05 p50=3.495e-05 p90=2.179e-04 p99=8.090e-04 max=1.627e-03 | 最差占预算=0.331 (tol = 3.83×spacing(x)（中位等效倍数；= nulp×spacing + noise，noise 来源见调用点注释与 README §5.3）) | δ=noise ≥ spacing/2 ⇒ 全部 640 个元素记为「边界元素」（非舍入噪声大于网格步长，分类退化）⇒ 判定用绝对界（网格项 + 非舍入项）
[check_ref] PASS S8 Y slot266: n=2560 越界=0（非有限 0） | dev-ref| mean=4.302e-05 p50=3.052e-05 p90=1.221e-04 p99=2.136e-04 max=4.578e-04 | 最差占预算=0.898 (tol = 1.52×spacing(x)（中位等效倍数；= nulp×spacing + noise，noise 来源见调用点注释与 README §5.3）) | 常规 551 / 边界 2009（δ=noise；绝对界已覆盖方向翻转）
[check_ref] PASS S6 GU slot268 (t=2): n=2560 越界=0（非有限 0） | dev-ref| mean=5.332e-04 p50=2.441e-04 p90=1.221e-03 p99=2.930e-03 max=3.906e-03 | 最差占预算=0.497 (tol = 5.34×spacing(x)（中位等效倍数；= nulp×spacing + noise，noise 来源见调用点注释与 README §5.3）) | δ=noise ≥ spacing/2 ⇒ 全部 2560 个元素记为「边界元素」（非舍入噪声大于网格步长，分类退化）⇒ 判定用绝对界（网格项 + 非舍入项）
[check_ref] PASS S7 H_swiglu slot268: n=1280 越界=0（非有限 0） | dev-ref| mean=1.144e-04 p50=4.254e-05 p90=2.726e-04 p99=9.710e-04 max=3.755e-03 | 最差占预算=0.330 (tol = 3.84×spacing(x)（中位等效倍数；= nulp×spacing + noise，noise 来源见调用点注释与 README §5.3）) | δ=noise ≥ spacing/2 ⇒ 全部 1280 个元素记为「边界元素」（非舍入噪声大于网格步长，分类退化）⇒ 判定用绝对界（网格项 + 非舍入项）
[check_ref] PASS S8 Y slot268: n=5120 越界=0（非有限 0） | dev-ref| mean=5.377e-05 p50=3.052e-05 p90=1.221e-04 p99=2.441e-04 max=4.883e-04 | 最差占预算=0.906 (tol = 1.42×spacing(x)（中位等效倍数；= nulp×spacing + noise，noise 来源见调用点注释与 README §5.3）) | 常规 1168 / 边界 3952（δ=noise；绝对界已覆盖方向翻转）
[check_ref] PASS S6 GU slot270 (t=13): n=16640 越界=0（非有限 0） | dev-ref| mean=5.158e-04 p50=2.441e-04 p90=1.343e-03 p99=2.686e-03 max=3.906e-03 | 最差占预算=0.508 (tol = 5.53×spacing(x)（中位等效倍数；= nulp×spacing + noise，noise 来源见调用点注释与 README §5.3）) | δ=noise ≥ spacing/2 ⇒ 全部 16640 个元素记为「边界元素」（非舍入噪声大于网格步长，分类退化）⇒ 判定用绝对界（网格项 + 非舍入项）
[check_ref] PASS S7 H_swiglu slot270: n=8320 越界=0（非有限 0） | dev-ref| mean=9.759e-05 p50=3.886e-05 p90=2.362e-04 p99=8.363e-04 max=3.245e-03 | 最差占预算=0.332 (tol = 3.84×spacing(x)（中位等效倍数；= nulp×spacing + noise，noise 来源见调用点注释与 README §5.3）) | 常规 4 / 边界 8316（δ=noise；绝对界已覆盖方向翻转）
[check_ref] PASS S8 Y slot270: n=33280 越界=0（非有限 0） | dev-ref| mean=4.292e-05 p50=3.052e-05 p90=1.221e-04 p99=2.441e-04 max=7.019e-04 | 最差占预算=0.932 (tol = 1.47×spacing(x)（中位等效倍数；= nulp×spacing + noise，noise 来源见调用点注释与 README §5.3）) | 常规 8846 / 边界 24434（δ=noise；绝对界已覆盖方向翻转）
[check_ref] PASS S6 GU slot272 (t=3): n=3840 越界=0（非有限 0） | dev-ref| mean=5.711e-04 p50=2.441e-04 p90=1.465e-03 p99=3.174e-03 max=6.836e-03 | 最差占预算=0.482 (tol = 5.89×spacing(x)（中位等效倍数；= nulp×spacing + noise，noise 来源见调用点注释与 README §5.3）) | δ=noise ≥ spacing/2 ⇒ 全部 3840 个元素记为「边界元素」（非舍入噪声大于网格步长，分类退化）⇒ 判定用绝对界（网格项 + 非舍入项）
[check_ref] PASS S7 H_swiglu slot272: n=1920 越界=0（非有限 0） | dev-ref| mean=1.206e-04 p50=5.115e-05 p90=3.115e-04 p99=9.205e-04 max=3.816e-03 | 最差占预算=0.330 (tol = 3.83×spacing(x)（中位等效倍数；= nulp×spacing + noise，noise 来源见调用点注释与 README §5.3）) | δ=noise ≥ spacing/2 ⇒ 全部 1920 个元素记为「边界元素」（非舍入噪声大于网格步长，分类退化）⇒ 判定用绝对界（网格项 + 非舍入项）
[check_ref] PASS S8 Y slot272: n=7680 越界=0（非有限 0） | dev-ref| mean=4.896e-05 p50=3.052e-05 p90=1.221e-04 p99=2.441e-04 max=4.883e-04 | 最差占预算=0.911 (tol = 1.57×spacing(x)（中位等效倍数；= nulp×spacing + noise，noise 来源见调用点注释与 README §5.3）) | 常规 1662 / 边界 6018（δ=noise；绝对界已覆盖方向翻转）
[check_ref] PASS S6 GU slot277 (t=1): n=1280 越界=0（非有限 0） | dev-ref| mean=5.313e-04 p50=3.662e-04 p90=1.343e-03 p99=1.953e-03 max=3.418e-03 | 最差占预算=0.422 (tol = 5.39×spacing(x)（中位等效倍数；= nulp×spacing + noise，noise 来源见调用点注释与 README §5.3）) | δ=noise ≥ spacing/2 ⇒ 全部 1280 个元素记为「边界元素」（非舍入噪声大于网格步长，分类退化）⇒ 判定用绝对界（网格项 + 非舍入项）
[check_ref] PASS S7 H_swiglu slot277: n=640 越界=0（非有限 0） | dev-ref| mean=1.111e-04 p50=4.795e-05 p90=2.847e-04 p99=8.335e-04 max=2.852e-03 | 最差占预算=0.317 (tol = 3.81×spacing(x)（中位等效倍数；= nulp×spacing + noise，noise 来源见调用点注释与 README §5.3）) | δ=noise ≥ spacing/2 ⇒ 全部 640 个元素记为「边界元素」（非舍入噪声大于网格步长，分类退化）⇒ 判定用绝对界（网格项 + 非舍入项）
[check_ref] PASS S8 Y slot277: n=2560 越界=0（非有限 0） | dev-ref| mean=4.231e-05 p50=3.052e-05 p90=1.221e-04 p99=2.136e-04 max=3.662e-04 | 最差占预算=0.897 (tol = 1.57×spacing(x)（中位等效倍数；= nulp×spacing + noise，noise 来源见调用点注释与 README §5.3）) | 常规 465 / 边界 2095（δ=noise；绝对界已覆盖方向翻转）
[check_ref] PASS S6 GU slot278 (t=2): n=2560 越界=0（非有限 0） | dev-ref| mean=5.652e-04 p50=3.662e-04 p90=1.465e-03 p99=2.930e-03 max=7.202e-03 | 最差占预算=0.590 (tol = 5.47×spacing(x)（中位等效倍数；= nulp×spacing + noise，noise 来源见调用点注释与 README §5.3）) | δ=noise ≥ spacing/2 ⇒ 全部 2560 个元素记为「边界元素」（非舍入噪声大于网格步长，分类退化）⇒ 判定用绝对界（网格项 + 非舍入项）
[check_ref] PASS S7 H_swiglu slot278: n=1280 越界=0（非有限 0） | dev-ref| mean=1.281e-04 p50=4.584e-05 p90=3.356e-04 p99=1.418e-03 max=3.822e-03 | 最差占预算=0.320 (tol = 3.83×spacing(x)（中位等效倍数；= nulp×spacing + noise，noise 来源见调用点注释与 README §5.3）) | 常规 1 / 边界 1279（δ=noise；绝对界已覆盖方向翻转）
[check_ref] PASS S8 Y slot278: n=5120 越界=0（非有限 0） | dev-ref| mean=7.077e-05 p50=6.104e-05 p90=1.831e-04 p99=3.967e-04 max=6.409e-04 | 最差占预算=0.925 (tol = 1.38×spacing(x)（中位等效倍数；= nulp×spacing + noise，noise 来源见调用点注释与 README §5.3）) | 常规 1455 / 边界 3665（δ=noise；绝对界已覆盖方向翻转）
[check_ref] PASS S6 GU slot283 (t=1): n=1280 越界=0（非有限 0） | dev-ref| mean=5.222e-04 p50=3.052e-04 p90=1.465e-03 p99=2.441e-03 max=3.662e-03 | 最差占预算=0.441 (tol = 5.57×spacing(x)（中位等效倍数；= nulp×spacing + noise，noise 来源见调用点注释与 README §5.3）) | δ=noise ≥ spacing/2 ⇒ 全部 1280 个元素记为「边界元素」（非舍入噪声大于网格步长，分类退化）⇒ 判定用绝对界（网格项 + 非舍入项）
[check_ref] PASS S7 H_swiglu slot283: n=640 越界=0（非有限 0） | dev-ref| mean=9.719e-05 p50=4.137e-05 p90=2.390e-04 p99=7.117e-04 max=1.599e-03 | 最差占预算=0.330 (tol = 3.86×spacing(x)（中位等效倍数；= nulp×spacing + noise，noise 来源见调用点注释与 README §5.3）) | δ=noise ≥ spacing/2 ⇒ 全部 640 个元素记为「边界元素」（非舍入噪声大于网格步长，分类退化）⇒ 判定用绝对界（网格项 + 非舍入项）
[check_ref] PASS S8 Y slot283: n=2560 越界=0（非有限 0） | dev-ref| mean=3.626e-05 p50=3.052e-05 p90=9.155e-05 p99=2.136e-04 max=4.272e-04 | 最差占预算=0.887 (tol = 1.54×spacing(x)（中位等效倍数；= nulp×spacing + noise，noise 来源见调用点注释与 README §5.3）) | 常规 458 / 边界 2102（δ=noise；绝对界已覆盖方向翻转）
[check_ref] PASS S6 GU slot287 (t=1): n=1280 越界=0（非有限 0） | dev-ref| mean=5.370e-04 p50=2.441e-04 p90=1.465e-03 p99=2.441e-03 max=3.662e-03 | 最差占预算=0.452 (tol = 5.49×spacing(x)（中位等效倍数；= nulp×spacing + noise，noise 来源见调用点注释与 README §5.3）) | δ=noise ≥ spacing/2 ⇒ 全部 1280 个元素记为「边界元素」（非舍入噪声大于网格步长，分类退化）⇒ 判定用绝对界（网格项 + 非舍入项）
[check_ref] PASS S7 H_swiglu slot287: n=640 越界=0（非有限 0） | dev-ref| mean=1.222e-04 p50=3.710e-05 p90=3.339e-04 p99=1.225e-03 max=2.653e-03 | 最差占预算=0.323 (tol = 3.87×spacing(x)（中位等效倍数；= nulp×spacing + noise，noise 来源见调用点注释与 README §5.3）) | 常规 1 / 边界 639（δ=noise；绝对界已覆盖方向翻转）
[check_ref] PASS S8 Y slot287: n=2560 越界=0（非有限 0） | dev-ref| mean=5.748e-05 p50=3.052e-05 p90=1.526e-04 p99=2.441e-04 max=4.883e-04 | 最差占预算=0.917 (tol = 1.4×spacing(x)（中位等效倍数；= nulp×spacing + noise，noise 来源见调用点注释与 README §5.3）) | 常规 686 / 边界 1874（δ=noise；绝对界已覆盖方向翻转）
[check_ref] PASS S6 GU slot289 (t=1): n=1280 越界=0（非有限 0） | dev-ref| mean=5.514e-04 p50=2.441e-04 p90=1.465e-03 p99=3.174e-03 max=3.906e-03 | 最差占预算=0.468 (tol = 5.83×spacing(x)（中位等效倍数；= nulp×spacing + noise，noise 来源见调用点注释与 README §5.3）) | δ=noise ≥ spacing/2 ⇒ 全部 1280 个元素记为「边界元素」（非舍入噪声大于网格步长，分类退化）⇒ 判定用绝对界（网格项 + 非舍入项）
[check_ref] PASS S7 H_swiglu slot289: n=640 越界=0（非有限 0） | dev-ref| mean=1.139e-04 p50=4.277e-05 p90=3.262e-04 p99=9.607e-04 max=1.387e-03 | 最差占预算=0.324 (tol = 3.8×spacing(x)（中位等效倍数；= nulp×spacing + noise，noise 来源见调用点注释与 README §5.3）) | δ=noise ≥ spacing/2 ⇒ 全部 640 个元素记为「边界元素」（非舍入噪声大于网格步长，分类退化）⇒ 判定用绝对界（网格项 + 非舍入项）
[check_ref] PASS S8 Y slot289: n=2560 越界=0（非有限 0） | dev-ref| mean=5.184e-05 p50=3.052e-05 p90=1.221e-04 p99=2.441e-04 max=4.883e-04 | 最差占预算=0.916 (tol = 1.43×spacing(x)（中位等效倍数；= nulp×spacing + noise，noise 来源见调用点注释与 README §5.3）) | 常规 641 / 边界 1919（δ=noise；绝对界已覆盖方向翻转）
[check_ref] PASS S6 GU slot290 (t=1): n=1280 越界=0（非有限 0） | dev-ref| mean=5.637e-04 p50=3.662e-04 p90=1.465e-03 p99=2.955e-03 max=3.906e-03 | 最差占预算=0.456 (tol = 5.74×spacing(x)（中位等效倍数；= nulp×spacing + noise，noise 来源见调用点注释与 README §5.3）) | δ=noise ≥ spacing/2 ⇒ 全部 1280 个元素记为「边界元素」（非舍入噪声大于网格步长，分类退化）⇒ 判定用绝对界（网格项 + 非舍入项）
[check_ref] PASS S7 H_swiglu slot290: n=640 越界=0（非有限 0） | dev-ref| mean=1.145e-04 p50=4.489e-05 p90=3.274e-04 p99=8.475e-04 max=2.657e-03 | 最差占预算=0.319 (tol = 3.83×spacing(x)（中位等效倍数；= nulp×spacing + noise，noise 来源见调用点注释与 README §5.3）) | 常规 1 / 边界 639（δ=noise；绝对界已覆盖方向翻转）
[check_ref] PASS S8 Y slot290: n=2560 越界=0（非有限 0） | dev-ref| mean=4.677e-05 p50=3.052e-05 p90=1.221e-04 p99=2.441e-04 max=4.883e-04 | 最差占预算=0.896 (tol = 1.54×spacing(x)（中位等效倍数；= nulp×spacing + noise，noise 来源见调用点注释与 README §5.3）) | 常规 485 / 边界 2075（δ=noise；绝对界已覆盖方向翻转）
[check_ref] PASS S6 GU slot291 (t=1): n=1280 越界=0（非有限 0） | dev-ref| mean=5.509e-04 p50=4.883e-04 p90=1.465e-03 p99=2.930e-03 max=3.906e-03 | 最差占预算=0.468 (tol = 5.56×spacing(x)（中位等效倍数；= nulp×spacing + noise，noise 来源见调用点注释与 README §5.3）) | δ=noise ≥ spacing/2 ⇒ 全部 1280 个元素记为「边界元素」（非舍入噪声大于网格步长，分类退化）⇒ 判定用绝对界（网格项 + 非舍入项）
[check_ref] PASS S7 H_swiglu slot291: n=640 越界=0（非有限 0） | dev-ref| mean=1.239e-04 p50=4.433e-05 p90=3.353e-04 p99=9.016e-04 max=3.239e-03 | 最差占预算=0.327 (tol = 3.87×spacing(x)（中位等效倍数；= nulp×spacing + noise，noise 来源见调用点注释与 README §5.3）) | δ=noise ≥ spacing/2 ⇒ 全部 640 个元素记为「边界元素」（非舍入噪声大于网格步长，分类退化）⇒ 判定用绝对界（网格项 + 非舍入项）
[check_ref] PASS S8 Y slot291: n=2560 越界=0（非有限 0） | dev-ref| mean=5.295e-05 p50=3.052e-05 p90=1.221e-04 p99=2.441e-04 max=4.883e-04 | 最差占预算=0.920 (tol = 1.45×spacing(x)（中位等效倍数；= nulp×spacing + noise，noise 来源见调用点注释与 README §5.3）) | 常规 596 / 边界 1964（δ=noise；绝对界已覆盖方向翻转）
[check_ref] PASS S6 GU slot293 (t=3): n=3840 越界=0（非有限 0） | dev-ref| mean=5.398e-04 p50=2.441e-04 p90=1.465e-03 p99=2.686e-03 max=3.906e-03 | 最差占预算=0.473 (tol = 5.69×spacing(x)（中位等效倍数；= nulp×spacing + noise，noise 来源见调用点注释与 README §5.3）) | δ=noise ≥ spacing/2 ⇒ 全部 3840 个元素记为「边界元素」（非舍入噪声大于网格步长，分类退化）⇒ 判定用绝对界（网格项 + 非舍入项）
[check_ref] PASS S7 H_swiglu slot293: n=1920 越界=0（非有限 0） | dev-ref| mean=1.065e-04 p50=4.335e-05 p90=2.517e-04 p99=9.094e-04 max=2.646e-03 | 最差占预算=0.323 (tol = 3.84×spacing(x)（中位等效倍数；= nulp×spacing + noise，noise 来源见调用点注释与 README §5.3）) | 常规 2 / 边界 1918（δ=noise；绝对界已覆盖方向翻转）
[check_ref] PASS S8 Y slot293: n=7680 越界=0（非有限 0） | dev-ref| mean=4.704e-05 p50=3.052e-05 p90=1.221e-04 p99=2.441e-04 max=4.883e-04 | 最差占预算=0.937 (tol = 1.5×spacing(x)（中位等效倍数；= nulp×spacing + noise，noise 来源见调用点注释与 README §5.3）) | 常规 1766 / 边界 5914（δ=noise；绝对界已覆盖方向翻转）
[check_ref] PASS S6 GU slot295 (t=1): n=1280 越界=0（非有限 0） | dev-ref| mean=5.384e-04 p50=2.441e-04 p90=1.221e-03 p99=3.174e-03 max=3.906e-03 | 最差占预算=0.463 (tol = 5.75×spacing(x)（中位等效倍数；= nulp×spacing + noise，noise 来源见调用点注释与 README §5.3）) | δ=noise ≥ spacing/2 ⇒ 全部 1280 个元素记为「边界元素」（非舍入噪声大于网格步长，分类退化）⇒ 判定用绝对界（网格项 + 非舍入项）
[check_ref] PASS S7 H_swiglu slot295: n=640 越界=0（非有限 0） | dev-ref| mean=1.084e-04 p50=4.401e-05 p90=2.678e-04 p99=8.801e-04 max=1.825e-03 | 最差占预算=0.318 (tol = 3.81×spacing(x)（中位等效倍数；= nulp×spacing + noise，noise 来源见调用点注释与 README §5.3）) | 常规 1 / 边界 639（δ=noise；绝对界已覆盖方向翻转）
[check_ref] PASS S8 Y slot295: n=2560 越界=0（非有限 0） | dev-ref| mean=5.493e-05 p50=3.052e-05 p90=1.221e-04 p99=2.441e-04 max=4.578e-04 | 最差占预算=0.880 (tol = 1.39×spacing(x)（中位等效倍数；= nulp×spacing + noise，noise 来源见调用点注释与 README §5.3）) | 常规 612 / 边界 1948（δ=noise；绝对界已覆盖方向翻转）
[check_ref] PASS S6 GU slot297 (t=1): n=1280 越界=0（非有限 0） | dev-ref| mean=5.740e-04 p50=3.662e-04 p90=1.465e-03 p99=2.808e-03 max=3.906e-03 | 最差占预算=0.460 (tol = 5.75×spacing(x)（中位等效倍数；= nulp×spacing + noise，noise 来源见调用点注释与 README §5.3）) | δ=noise ≥ spacing/2 ⇒ 全部 1280 个元素记为「边界元素」（非舍入噪声大于网格步长，分类退化）⇒ 判定用绝对界（网格项 + 非舍入项）
[check_ref] PASS S7 H_swiglu slot297: n=640 越界=0（非有限 0） | dev-ref| mean=1.118e-04 p50=4.362e-05 p90=3.068e-04 p99=8.739e-04 max=1.835e-03 | 最差占预算=0.320 (tol = 3.81×spacing(x)（中位等效倍数；= nulp×spacing + noise，noise 来源见调用点注释与 README §5.3）) | δ=noise ≥ spacing/2 ⇒ 全部 640 个元素记为「边界元素」（非舍入噪声大于网格步长，分类退化）⇒ 判定用绝对界（网格项 + 非舍入项）
[check_ref] PASS S8 Y slot297: n=2560 越界=0（非有限 0） | dev-ref| mean=5.080e-05 p50=3.052e-05 p90=1.221e-04 p99=2.441e-04 max=4.883e-04 | 最差占预算=0.900 (tol = 1.57×spacing(x)（中位等效倍数；= nulp×spacing + noise，noise 来源见调用点注释与 README §5.3）) | 常规 487 / 边界 2073（δ=noise；绝对界已覆盖方向翻转）
[check_ref] PASS S6 GU slot302 (t=6): n=7680 越界=0（非有限 0） | dev-ref| mean=5.500e-04 p50=3.662e-04 p90=1.465e-03 p99=2.930e-03 max=3.906e-03 | 最差占预算=0.490 (tol = 5.6×spacing(x)（中位等效倍数；= nulp×spacing + noise，noise 来源见调用点注释与 README §5.3）) | δ=noise ≥ spacing/2 ⇒ 全部 7680 个元素记为「边界元素」（非舍入噪声大于网格步长，分类退化）⇒ 判定用绝对界（网格项 + 非舍入项）
[check_ref] PASS S7 H_swiglu slot302: n=3840 越界=0（非有限 0） | dev-ref| mean=1.128e-04 p50=4.529e-05 p90=2.684e-04 p99=9.376e-04 max=7.249e-03 | 最差占预算=0.327 (tol = 3.85×spacing(x)（中位等效倍数；= nulp×spacing + noise，noise 来源见调用点注释与 README §5.3）) | 常规 1 / 边界 3839（δ=noise；绝对界已覆盖方向翻转）
[check_ref] PASS S8 Y slot302: n=15360 越界=0（非有限 0） | dev-ref| mean=4.939e-05 p50=3.052e-05 p90=1.221e-04 p99=2.441e-04 max=8.545e-04 | 最差占预算=0.925 (tol = 1.52×spacing(x)（中位等效倍数；= nulp×spacing + noise，noise 来源见调用点注释与 README §5.3）) | 常规 3528 / 边界 11832（δ=noise；绝对界已覆盖方向翻转）
[check_ref] PASS S6 GU slot310 (t=1): n=1280 越界=0（非有限 0） | dev-ref| mean=5.379e-04 p50=2.441e-04 p90=1.221e-03 p99=2.737e-03 max=3.906e-03 | 最差占预算=0.453 (tol = 5.81×spacing(x)（中位等效倍数；= nulp×spacing + noise，noise 来源见调用点注释与 README §5.3）) | δ=noise ≥ spacing/2 ⇒ 全部 1280 个元素记为「边界元素」（非舍入噪声大于网格步长，分类退化）⇒ 判定用绝对界（网格项 + 非舍入项）
[check_ref] PASS S7 H_swiglu slot310: n=640 越界=0（非有限 0） | dev-ref| mean=1.001e-04 p50=4.920e-05 p90=2.365e-04 p99=7.544e-04 max=1.849e-03 | 最差占预算=0.312 (tol = 3.86×spacing(x)（中位等效倍数；= nulp×spacing + noise，noise 来源见调用点注释与 README §5.3）) | 常规 1 / 边界 639（δ=noise；绝对界已覆盖方向翻转）
[check_ref] PASS S8 Y slot310: n=2560 越界=0（非有限 0） | dev-ref| mean=4.026e-05 p50=3.052e-05 p90=9.155e-05 p99=2.136e-04 max=3.662e-04 | 最差占预算=0.877 (tol = 1.56×spacing(x)（中位等效倍数；= nulp×spacing + noise，noise 来源见调用点注释与 README §5.3）) | 常规 441 / 边界 2119（δ=noise；绝对界已覆盖方向翻转）
[check_ref] PASS S6 GU slot312 (t=1): n=1280 越界=0（非有限 0） | dev-ref| mean=5.449e-04 p50=2.441e-04 p90=1.465e-03 p99=3.174e-03 max=3.906e-03 | 最差占预算=0.476 (tol = 5.57×spacing(x)（中位等效倍数；= nulp×spacing + noise，noise 来源见调用点注释与 README §5.3）) | δ=noise ≥ spacing/2 ⇒ 全部 1280 个元素记为「边界元素」（非舍入噪声大于网格步长，分类退化）⇒ 判定用绝对界（网格项 + 非舍入项）
[check_ref] PASS S7 H_swiglu slot312: n=640 越界=0（非有限 0） | dev-ref| mean=1.065e-04 p50=4.648e-05 p90=2.583e-04 p99=9.221e-04 max=1.714e-03 | 最差占预算=0.311 (tol = 3.87×spacing(x)（中位等效倍数；= nulp×spacing + noise，noise 来源见调用点注释与 README §5.3）) | δ=noise ≥ spacing/2 ⇒ 全部 640 个元素记为「边界元素」（非舍入噪声大于网格步长，分类退化）⇒ 判定用绝对界（网格项 + 非舍入项）
[check_ref] PASS S8 Y slot312: n=2560 越界=0（非有限 0） | dev-ref| mean=5.552e-05 p50=3.052e-05 p90=1.221e-04 p99=2.441e-04 max=4.883e-04 | 最差占预算=0.911 (tol = 1.42×spacing(x)（中位等效倍数；= nulp×spacing + noise，noise 来源见调用点注释与 README §5.3）) | 常规 595 / 边界 1965（δ=noise；绝对界已覆盖方向翻转）
[check_ref] PASS S6 GU slot316 (t=3): n=3840 越界=0（非有限 0） | dev-ref| mean=5.421e-04 p50=3.662e-04 p90=1.465e-03 p99=2.882e-03 max=7.568e-03 | 最差占预算=0.603 (tol = 5.52×spacing(x)（中位等效倍数；= nulp×spacing + noise，noise 来源见调用点注释与 README §5.3）) | δ=noise ≥ spacing/2 ⇒ 全部 3840 个元素记为「边界元素」（非舍入噪声大于网格步长，分类退化）⇒ 判定用绝对界（网格项 + 非舍入项）
[check_ref] PASS S7 H_swiglu slot316: n=1920 越界=0（非有限 0） | dev-ref| mean=1.083e-04 p50=4.456e-05 p90=2.794e-04 p99=8.779e-04 max=3.124e-03 | 最差占预算=0.324 (tol = 3.85×spacing(x)（中位等效倍数；= nulp×spacing + noise，noise 来源见调用点注释与 README §5.3）) | 常规 2 / 边界 1918（δ=noise；绝对界已覆盖方向翻转）
[check_ref] PASS S8 Y slot316: n=7680 越界=0（非有限 0） | dev-ref| mean=4.574e-05 p50=3.052e-05 p90=1.221e-04 p99=2.441e-04 max=4.883e-04 | 最差占预算=0.928 (tol = 1.53×spacing(x)（中位等效倍数；= nulp×spacing + noise，noise 来源见调用点注释与 README §5.3）) | 常规 1595 / 边界 6085（δ=noise；绝对界已覆盖方向翻转）
[check_ref] PASS S6 GU slot320 (t=1): n=1280 越界=0（非有限 0） | dev-ref| mean=5.064e-04 p50=2.441e-04 p90=1.221e-03 p99=2.589e-03 max=3.906e-03 | 最差占预算=0.475 (tol = 5.4×spacing(x)（中位等效倍数；= nulp×spacing + noise，noise 来源见调用点注释与 README §5.3）) | δ=noise ≥ spacing/2 ⇒ 全部 1280 个元素记为「边界元素」（非舍入噪声大于网格步长，分类退化）⇒ 判定用绝对界（网格项 + 非舍入项）
[check_ref] PASS S7 H_swiglu slot320: n=640 越界=0（非有限 0） | dev-ref| mean=9.607e-05 p50=4.242e-05 p90=2.233e-04 p99=8.776e-04 max=1.576e-03 | 最差占预算=0.323 (tol = 3.87×spacing(x)（中位等效倍数；= nulp×spacing + noise，noise 来源见调用点注释与 README §5.3）) | δ=noise ≥ spacing/2 ⇒ 全部 640 个元素记为「边界元素」（非舍入噪声大于网格步长，分类退化）⇒ 判定用绝对界（网格项 + 非舍入项）
[check_ref] PASS S8 Y slot320: n=2560 越界=0（非有限 0） | dev-ref| mean=4.356e-05 p50=3.052e-05 p90=1.221e-04 p99=2.261e-04 max=4.578e-04 | 最差占预算=0.901 (tol = 1.52×spacing(x)（中位等效倍数；= nulp×spacing + noise，noise 来源见调用点注释与 README §5.3）) | 常规 542 / 边界 2018（δ=noise；绝对界已覆盖方向翻转）
[check_ref] PASS S6 GU slot322 (t=9): n=11520 越界=0（非有限 0） | dev-ref| mean=5.520e-04 p50=2.441e-04 p90=1.465e-03 p99=2.930e-03 max=3.906e-03 | 最差占预算=0.482 (tol = 5.66×spacing(x)（中位等效倍数；= nulp×spacing + noise，noise 来源见调用点注释与 README §5.3）) | δ=noise ≥ spacing/2 ⇒ 全部 11520 个元素记为「边界元素」（非舍入噪声大于网格步长，分类退化）⇒ 判定用绝对界（网格项 + 非舍入项）
[check_ref] PASS S7 H_swiglu slot322: n=5760 越界=0（非有限 0） | dev-ref| mean=1.200e-04 p50=4.462e-05 p90=3.102e-04 p99=9.682e-04 max=3.758e-03 | 最差占预算=0.330 (tol = 3.84×spacing(x)（中位等效倍数；= nulp×spacing + noise，noise 来源见调用点注释与 README §5.3）) | 常规 2 / 边界 5758（δ=noise；绝对界已覆盖方向翻转）
[check_ref] PASS S8 Y slot322: n=23040 越界=0（非有限 0） | dev-ref| mean=5.221e-05 p50=3.052e-05 p90=1.221e-04 p99=2.441e-04 max=7.324e-04 | 最差占预算=0.922 (tol = 1.48×spacing(x)（中位等效倍数；= nulp×spacing + noise，noise 来源见调用点注释与 README §5.3）) | 常规 5454 / 边界 17586（δ=noise；绝对界已覆盖方向翻转）
[check_ref] PASS S6 GU slot337 (t=1): n=1280 越界=0（非有限 0） | dev-ref| mean=5.639e-04 p50=2.441e-04 p90=1.465e-03 p99=2.981e-03 max=3.906e-03 | 最差占预算=0.467 (tol = 5.87×spacing(x)（中位等效倍数；= nulp×spacing + noise，noise 来源见调用点注释与 README §5.3）) | δ=noise ≥ spacing/2 ⇒ 全部 1280 个元素记为「边界元素」（非舍入噪声大于网格步长，分类退化）⇒ 判定用绝对界（网格项 + 非舍入项）
[check_ref] PASS S7 H_swiglu slot337: n=640 越界=0（非有限 0） | dev-ref| mean=1.169e-04 p50=4.319e-05 p90=2.583e-04 p99=9.507e-04 max=3.310e-03 | 最差占预算=0.316 (tol = 3.87×spacing(x)（中位等效倍数；= nulp×spacing + noise，noise 来源见调用点注释与 README §5.3）) | δ=noise ≥ spacing/2 ⇒ 全部 640 个元素记为「边界元素」（非舍入噪声大于网格步长，分类退化）⇒ 判定用绝对界（网格项 + 非舍入项）
[check_ref] PASS S8 Y slot337: n=2560 越界=0（非有限 0） | dev-ref| mean=5.190e-05 p50=3.052e-05 p90=1.221e-04 p99=2.441e-04 max=4.578e-04 | 最差占预算=0.878 (tol = 1.44×spacing(x)（中位等效倍数；= nulp×spacing + noise，noise 来源见调用点注释与 README §5.3）) | 常规 580 / 边界 1980（δ=noise；绝对界已覆盖方向翻转）
[check_ref] PASS S6 GU slot338 (t=3): n=3840 越界=0（非有限 0） | dev-ref| mean=5.533e-04 p50=3.052e-04 p90=1.465e-03 p99=2.930e-03 max=3.906e-03 | 最差占预算=0.460 (tol = 5.77×spacing(x)（中位等效倍数；= nulp×spacing + noise，noise 来源见调用点注释与 README §5.3）) | δ=noise ≥ spacing/2 ⇒ 全部 3840 个元素记为「边界元素」（非舍入噪声大于网格步长，分类退化）⇒ 判定用绝对界（网格项 + 非舍入项）
[check_ref] PASS S7 H_swiglu slot338: n=1920 越界=0（非有限 0） | dev-ref| mean=1.142e-04 p50=4.606e-05 p90=2.851e-04 p99=8.147e-04 max=5.254e-03 | 最差占预算=0.327 (tol = 3.78×spacing(x)（中位等效倍数；= nulp×spacing + noise，noise 来源见调用点注释与 README §5.3）) | δ=noise ≥ spacing/2 ⇒ 全部 1920 个元素记为「边界元素」（非舍入噪声大于网格步长，分类退化）⇒ 判定用绝对界（网格项 + 非舍入项）
[check_ref] PASS S8 Y slot338: n=7680 越界=0（非有限 0） | dev-ref| mean=4.962e-05 p50=3.052e-05 p90=1.221e-04 p99=2.441e-04 max=4.883e-04 | 最差占预算=0.902 (tol = 1.52×spacing(x)（中位等效倍数；= nulp×spacing + noise，noise 来源见调用点注释与 README §5.3）) | 常规 1519 / 边界 6161（δ=noise；绝对界已覆盖方向翻转）
[check_ref] PASS S6 GU slot339 (t=2): n=2560 越界=0（非有限 0） | dev-ref| mean=5.604e-04 p50=3.662e-04 p90=1.465e-03 p99=3.174e-03 max=3.906e-03 | 最差占预算=0.480 (tol = 5.67×spacing(x)（中位等效倍数；= nulp×spacing + noise，noise 来源见调用点注释与 README §5.3）) | δ=noise ≥ spacing/2 ⇒ 全部 2560 个元素记为「边界元素」（非舍入噪声大于网格步长，分类退化）⇒ 判定用绝对界（网格项 + 非舍入项）
[check_ref] PASS S7 H_swiglu slot339: n=1280 越界=0（非有限 0） | dev-ref| mean=1.189e-04 p50=4.325e-05 p90=2.923e-04 p99=1.024e-03 max=3.771e-03 | 最差占预算=0.321 (tol = 3.83×spacing(x)（中位等效倍数；= nulp×spacing + noise，noise 来源见调用点注释与 README §5.3）) | 常规 2 / 边界 1278（δ=noise；绝对界已覆盖方向翻转）
[check_ref] PASS S8 Y slot339: n=5120 越界=0（非有限 0） | dev-ref| mean=5.186e-05 p50=3.052e-05 p90=1.221e-04 p99=2.441e-04 max=4.883e-04 | 最差占预算=0.905 (tol = 1.45×spacing(x)（中位等效倍数；= nulp×spacing + noise，noise 来源见调用点注释与 README §5.3）) | 常规 1313 / 边界 3807（δ=noise；绝对界已覆盖方向翻转）
[check_ref] PASS S6 GU slot342 (t=1): n=1280 越界=0（非有限 0） | dev-ref| mean=5.344e-04 p50=2.441e-04 p90=1.465e-03 p99=2.981e-03 max=3.906e-03 | 最差占预算=0.473 (tol = 5.75×spacing(x)（中位等效倍数；= nulp×spacing + noise，noise 来源见调用点注释与 README §5.3）) | δ=noise ≥ spacing/2 ⇒ 全部 1280 个元素记为「边界元素」（非舍入噪声大于网格步长，分类退化）⇒ 判定用绝对界（网格项 + 非舍入项）
[check_ref] PASS S7 H_swiglu slot342: n=640 越界=0（非有限 0） | dev-ref| mean=1.226e-04 p50=4.308e-05 p90=3.319e-04 p99=1.082e-03 max=2.185e-03 | 最差占预算=0.327 (tol = 3.81×spacing(x)（中位等效倍数；= nulp×spacing + noise，noise 来源见调用点注释与 README §5.3）) | 常规 1 / 边界 639（δ=noise；绝对界已覆盖方向翻转）
[check_ref] PASS S8 Y slot342: n=2560 越界=0（非有限 0） | dev-ref| mean=5.678e-05 p50=3.052e-05 p90=1.221e-04 p99=2.441e-04 max=4.578e-04 | 最差占预算=0.878 (tol = 1.38×spacing(x)（中位等效倍数；= nulp×spacing + noise，noise 来源见调用点注释与 README §5.3）) | 常规 536 / 边界 2024（δ=noise；绝对界已覆盖方向翻转）
[check_ref] PASS S6 GU slot353 (t=1): n=1280 越界=0（非有限 0） | dev-ref| mean=5.354e-04 p50=2.441e-04 p90=1.221e-03 p99=2.686e-03 max=3.906e-03 | 最差占预算=0.468 (tol = 5.51×spacing(x)（中位等效倍数；= nulp×spacing + noise，noise 来源见调用点注释与 README §5.3）) | δ=noise ≥ spacing/2 ⇒ 全部 1280 个元素记为「边界元素」（非舍入噪声大于网格步长，分类退化）⇒ 判定用绝对界（网格项 + 非舍入项）
[check_ref] PASS S7 H_swiglu slot353: n=640 越界=0（非有限 0） | dev-ref| mean=1.138e-04 p50=4.384e-05 p90=2.435e-04 p99=9.568e-04 max=3.238e-03 | 最差占预算=0.323 (tol = 3.82×spacing(x)（中位等效倍数；= nulp×spacing + noise，noise 来源见调用点注释与 README §5.3）) | δ=noise ≥ spacing/2 ⇒ 全部 640 个元素记为「边界元素」（非舍入噪声大于网格步长，分类退化）⇒ 判定用绝对界（网格项 + 非舍入项）
[check_ref] PASS S8 Y slot353: n=2560 越界=0（非有限 0） | dev-ref| mean=5.663e-05 p50=3.052e-05 p90=1.526e-04 p99=3.052e-04 max=4.883e-04 | 最差占预算=0.913 (tol = 1.41×spacing(x)（中位等效倍数；= nulp×spacing + noise，noise 来源见调用点注释与 README §5.3）) | 常规 596 / 边界 1964（δ=noise；绝对界已覆盖方向翻转）
[check_ref] PASS S6 GU slot358 (t=3): n=3840 越界=0（非有限 0） | dev-ref| mean=5.322e-04 p50=2.441e-04 p90=1.465e-03 p99=2.686e-03 max=3.906e-03 | 最差占预算=0.475 (tol = 5.61×spacing(x)（中位等效倍数；= nulp×spacing + noise，noise 来源见调用点注释与 README §5.3）) | δ=noise ≥ spacing/2 ⇒ 全部 3840 个元素记为「边界元素」（非舍入噪声大于网格步长，分类退化）⇒ 判定用绝对界（网格项 + 非舍入项）
[check_ref] PASS S7 H_swiglu slot358: n=1920 越界=0（非有限 0） | dev-ref| mean=1.042e-04 p50=4.240e-05 p90=2.396e-04 p99=8.787e-04 max=1.979e-03 | 最差占预算=0.330 (tol = 3.82×spacing(x)（中位等效倍数；= nulp×spacing + noise，noise 来源见调用点注释与 README §5.3）) | δ=noise ≥ spacing/2 ⇒ 全部 1920 个元素记为「边界元素」（非舍入噪声大于网格步长，分类退化）⇒ 判定用绝对界（网格项 + 非舍入项）
[check_ref] PASS S8 Y slot358: n=7680 越界=0（非有限 0） | dev-ref| mean=4.658e-05 p50=3.052e-05 p90=1.221e-04 p99=2.441e-04 max=4.883e-04 | 最差占预算=0.925 (tol = 1.52×spacing(x)（中位等效倍数；= nulp×spacing + noise，noise 来源见调用点注释与 README §5.3）) | 常规 1664 / 边界 6016（δ=noise；绝对界已覆盖方向翻转）
[check_ref] PASS S6 GU slot360 (t=3): n=3840 越界=0（非有限 0） | dev-ref| mean=5.440e-04 p50=2.441e-04 p90=1.465e-03 p99=2.760e-03 max=3.906e-03 | 最差占预算=0.477 (tol = 5.6×spacing(x)（中位等效倍数；= nulp×spacing + noise，noise 来源见调用点注释与 README §5.3）) | δ=noise ≥ spacing/2 ⇒ 全部 3840 个元素记为「边界元素」（非舍入噪声大于网格步长，分类退化）⇒ 判定用绝对界（网格项 + 非舍入项）
[check_ref] PASS S7 H_swiglu slot360: n=1920 越界=0（非有限 0） | dev-ref| mean=1.048e-04 p50=4.062e-05 p90=2.448e-04 p99=8.883e-04 max=1.926e-03 | 最差占预算=0.324 (tol = 3.81×spacing(x)（中位等效倍数；= nulp×spacing + noise，noise 来源见调用点注释与 README §5.3）) | δ=noise ≥ spacing/2 ⇒ 全部 1920 个元素记为「边界元素」（非舍入噪声大于网格步长，分类退化）⇒ 判定用绝对界（网格项 + 非舍入项）
[check_ref] PASS S8 Y slot360: n=7680 越界=0（非有限 0） | dev-ref| mean=4.437e-05 p50=3.052e-05 p90=1.221e-04 p99=2.136e-04 max=4.578e-04 | 最差占预算=0.899 (tol = 1.54×spacing(x)（中位等效倍数；= nulp×spacing + noise，noise 来源见调用点注释与 README §5.3）) | 常规 1405 / 边界 6275（δ=noise；绝对界已覆盖方向翻转）
[check_ref] PASS S6 GU slot363 (t=1): n=1280 越界=0（非有限 0） | dev-ref| mean=5.916e-04 p50=4.883e-04 p90=1.709e-03 p99=2.686e-03 max=3.906e-03 | 最差占预算=0.437 (tol = 5.76×spacing(x)（中位等效倍数；= nulp×spacing + noise，noise 来源见调用点注释与 README §5.3）) | δ=noise ≥ spacing/2 ⇒ 全部 1280 个元素记为「边界元素」（非舍入噪声大于网格步长，分类退化）⇒ 判定用绝对界（网格项 + 非舍入项）
[check_ref] PASS S7 H_swiglu slot363: n=640 越界=0（非有限 0） | dev-ref| mean=1.256e-04 p50=4.941e-05 p90=3.175e-04 p99=9.598e-04 max=1.944e-03 | 最差占预算=0.320 (tol = 3.84×spacing(x)（中位等效倍数；= nulp×spacing + noise，noise 来源见调用点注释与 README §5.3）) | δ=noise ≥ spacing/2 ⇒ 全部 640 个元素记为「边界元素」（非舍入噪声大于网格步长，分类退化）⇒ 判定用绝对界（网格项 + 非舍入项）
[check_ref] PASS S8 Y slot363: n=2560 越界=0（非有限 0） | dev-ref| mean=5.907e-05 p50=3.052e-05 p90=1.526e-04 p99=3.052e-04 max=4.883e-04 | 最差占预算=0.920 (tol = 1.43×spacing(x)（中位等效倍数；= nulp×spacing + noise，noise 来源见调用点注释与 README §5.3）) | 常规 665 / 边界 1895（δ=noise；绝对界已覆盖方向翻转）
[check_ref] PASS S6 GU slot369 (t=2): n=2560 越界=0（非有限 0） | dev-ref| mean=5.487e-04 p50=3.662e-04 p90=1.465e-03 p99=2.930e-03 max=3.906e-03 | 最差占预算=0.477 (tol = 5.6×spacing(x)（中位等效倍数；= nulp×spacing + noise，noise 来源见调用点注释与 README §5.3）) | δ=noise ≥ spacing/2 ⇒ 全部 2560 个元素记为「边界元素」（非舍入噪声大于网格步长，分类退化）⇒ 判定用绝对界（网格项 + 非舍入项）
[check_ref] PASS S7 H_swiglu slot369: n=1280 越界=0（非有限 0） | dev-ref| mean=1.188e-04 p50=4.583e-05 p90=2.827e-04 p99=1.075e-03 max=1.937e-03 | 最差占预算=0.328 (tol = 3.86×spacing(x)（中位等效倍数；= nulp×spacing + noise，noise 来源见调用点注释与 README §5.3）) | δ=noise ≥ spacing/2 ⇒ 全部 1280 个元素记为「边界元素」（非舍入噪声大于网格步长，分类退化）⇒ 判定用绝对界（网格项 + 非舍入项）
[check_ref] PASS S8 Y slot369: n=5120 越界=0（非有限 0） | dev-ref| mean=5.856e-05 p50=3.052e-05 p90=1.526e-04 p99=2.747e-04 max=9.155e-04 | 最差占预算=0.912 (tol = 1.41×spacing(x)（中位等效倍数；= nulp×spacing + noise，noise 来源见调用点注释与 README §5.3）) | 常规 1296 / 边界 3824（δ=noise；绝对界已覆盖方向翻转）
[check_ref] PASS S6 GU slot380 (t=1): n=1280 越界=0（非有限 0） | dev-ref| mean=6.035e-04 p50=4.272e-04 p90=1.465e-03 p99=3.174e-03 max=3.906e-03 | 最差占预算=0.457 (tol = 5.68×spacing(x)（中位等效倍数；= nulp×spacing + noise，noise 来源见调用点注释与 README §5.3）) | δ=noise ≥ spacing/2 ⇒ 全部 1280 个元素记为「边界元素」（非舍入噪声大于网格步长，分类退化）⇒ 判定用绝对界（网格项 + 非舍入项）
[check_ref] PASS S7 H_swiglu slot380: n=640 越界=0（非有限 0） | dev-ref| mean=1.771e-04 p50=5.227e-05 p90=4.173e-04 p99=1.735e-03 max=3.906e-03 | 最差占预算=0.328 (tol = 3.82×spacing(x)（中位等效倍数；= nulp×spacing + noise，noise 来源见调用点注释与 README §5.3）) | δ=noise ≥ spacing/2 ⇒ 全部 640 个元素记为「边界元素」（非舍入噪声大于网格步长，分类退化）⇒ 判定用绝对界（网格项 + 非舍入项）
[check_ref] PASS S8 Y slot380: n=2560 越界=0（非有限 0） | dev-ref| mean=7.532e-05 p50=6.104e-05 p90=1.831e-04 p99=4.272e-04 max=9.155e-04 | 最差占预算=0.905 (tol = 1.46×spacing(x)（中位等效倍数；= nulp×spacing + noise，noise 来源见调用点注释与 README §5.3）) | 常规 705 / 边界 1855（δ=noise；绝对界已覆盖方向翻转）
[check_ref] PASS S6 GU slot383 (t=4): n=5120 越界=0（非有限 0） | dev-ref| mean=5.608e-04 p50=3.662e-04 p90=1.465e-03 p99=3.174e-03 max=3.906e-03 | 最差占预算=0.487 (tol = 5.55×spacing(x)（中位等效倍数；= nulp×spacing + noise，noise 来源见调用点注释与 README §5.3）) | δ=noise ≥ spacing/2 ⇒ 全部 5120 个元素记为「边界元素」（非舍入噪声大于网格步长，分类退化）⇒ 判定用绝对界（网格项 + 非舍入项）
[check_ref] PASS S7 H_swiglu slot383: n=2560 越界=0（非有限 0） | dev-ref| mean=1.304e-04 p50=4.374e-05 p90=3.419e-04 p99=1.319e-03 max=6.735e-03 | 最差占预算=0.328 (tol = 3.82×spacing(x)（中位等效倍数；= nulp×spacing + noise，noise 来源见调用点注释与 README §5.3）) | 常规 2 / 边界 2558（δ=noise；绝对界已覆盖方向翻转）
[check_ref] PASS S8 Y slot383: n=10240 越界=0（非有限 0） | dev-ref| mean=6.073e-05 p50=3.052e-05 p90=1.526e-04 p99=3.238e-04 max=9.766e-04 | 最差占预算=0.943 (tol = 1.4×spacing(x)（中位等效倍数；= nulp×spacing + noise，noise 来源见调用点注释与 README §5.3）) | 常规 2755 / 边界 7485（δ=noise；绝对界已覆盖方向翻转）
[check_ref] PASS S6 GU slot384 (t=1): n=1280 越界=0（非有限 0） | dev-ref| mean=5.577e-04 p50=3.662e-04 p90=1.465e-03 p99=2.981e-03 max=3.906e-03 | 最差占预算=0.460 (tol = 5.71×spacing(x)（中位等效倍数；= nulp×spacing + noise，noise 来源见调用点注释与 README §5.3）) | δ=noise ≥ spacing/2 ⇒ 全部 1280 个元素记为「边界元素」（非舍入噪声大于网格步长，分类退化）⇒ 判定用绝对界（网格项 + 非舍入项）
[check_ref] PASS S7 H_swiglu slot384: n=640 越界=0（非有限 0） | dev-ref| mean=1.267e-04 p50=4.875e-05 p90=3.624e-04 p99=9.268e-04 max=1.821e-03 | 最差占预算=0.330 (tol = 3.78×spacing(x)（中位等效倍数；= nulp×spacing + noise，noise 来源见调用点注释与 README §5.3）) | 常规 1 / 边界 639（δ=noise；绝对界已覆盖方向翻转）
[check_ref] PASS S8 Y slot384: n=2560 越界=0（非有限 0） | dev-ref| mean=5.022e-05 p50=3.052e-05 p90=1.221e-04 p99=2.441e-04 max=4.883e-04 | 最差占预算=0.916 (tol = 1.54×spacing(x)（中位等效倍数；= nulp×spacing + noise，noise 来源见调用点注释与 README §5.3）) | 常规 510 / 边界 2050（δ=noise；绝对界已覆盖方向翻转）
[check_ref] PASS S6 GU slot385 (t=1): n=1280 越界=0（非有限 0） | dev-ref| mean=5.359e-04 p50=2.441e-04 p90=1.465e-03 p99=2.686e-03 max=3.906e-03 | 最差占预算=0.470 (tol = 5.52×spacing(x)（中位等效倍数；= nulp×spacing + noise，noise 来源见调用点注释与 README §5.3）) | δ=noise ≥ spacing/2 ⇒ 全部 1280 个元素记为「边界元素」（非舍入噪声大于网格步长，分类退化）⇒ 判定用绝对界（网格项 + 非舍入项）
[check_ref] PASS S7 H_swiglu slot385: n=640 越界=0（非有限 0） | dev-ref| mean=1.062e-04 p50=4.153e-05 p90=2.353e-04 p99=7.475e-04 max=3.506e-03 | 最差占预算=0.321 (tol = 3.82×spacing(x)（中位等效倍数；= nulp×spacing + noise，noise 来源见调用点注释与 README §5.3）) | δ=noise ≥ spacing/2 ⇒ 全部 640 个元素记为「边界元素」（非舍入噪声大于网格步长，分类退化）⇒ 判定用绝对界（网格项 + 非舍入项）
[check_ref] PASS S8 Y slot385: n=2560 越界=0（非有限 0） | dev-ref| mean=5.843e-05 p50=3.052e-05 p90=1.526e-04 p99=2.441e-04 max=6.104e-04 | 最差占预算=0.930 (tol = 1.36×spacing(x)（中位等效倍数；= nulp×spacing + noise，noise 来源见调用点注释与 README §5.3）) | 常规 588 / 边界 1972（δ=noise；绝对界已覆盖方向翻转）
[check_ref] PASS S6 GU slot386 (t=1): n=1280 越界=0（非有限 0） | dev-ref| mean=5.629e-04 p50=2.441e-04 p90=1.465e-03 p99=3.174e-03 max=3.906e-03 | 最差占预算=0.457 (tol = 5.86×spacing(x)（中位等效倍数；= nulp×spacing + noise，noise 来源见调用点注释与 README §5.3）) | δ=noise ≥ spacing/2 ⇒ 全部 1280 个元素记为「边界元素」（非舍入噪声大于网格步长，分类退化）⇒ 判定用绝对界（网格项 + 非舍入项）
[check_ref] PASS S7 H_swiglu slot386: n=640 越界=0（非有限 0） | dev-ref| mean=1.018e-04 p50=4.057e-05 p90=2.672e-04 p99=8.236e-04 max=1.915e-03 | 最差占预算=0.314 (tol = 3.89×spacing(x)（中位等效倍数；= nulp×spacing + noise，noise 来源见调用点注释与 README §5.3）) | δ=noise ≥ spacing/2 ⇒ 全部 640 个元素记为「边界元素」（非舍入噪声大于网格步长，分类退化）⇒ 判定用绝对界（网格项 + 非舍入项）
[check_ref] PASS S8 Y slot386: n=2560 越界=0（非有限 0） | dev-ref| mean=4.417e-05 p50=3.052e-05 p90=1.221e-04 p99=2.136e-04 max=4.883e-04 | 最差占预算=0.921 (tol = 1.53×spacing(x)（中位等效倍数；= nulp×spacing + noise，noise 来源见调用点注释与 README §5.3）) | 常规 495 / 边界 2065（δ=noise；绝对界已覆盖方向翻转）
[check_ref] PASS S6 GU slot390 (t=1): n=1280 越界=0（非有限 0） | dev-ref| mean=6.347e-04 p50=4.883e-04 p90=1.709e-03 p99=3.174e-03 max=3.906e-03 | 最差占预算=0.447 (tol = 5.64×spacing(x)（中位等效倍数；= nulp×spacing + noise，noise 来源见调用点注释与 README §5.3）) | δ=noise ≥ spacing/2 ⇒ 全部 1280 个元素记为「边界元素」（非舍入噪声大于网格步长，分类退化）⇒ 判定用绝对界（网格项 + 非舍入项）
[check_ref] PASS S7 H_swiglu slot390: n=640 越界=0（非有限 0） | dev-ref| mean=1.669e-04 p50=5.876e-05 p90=4.450e-04 p99=1.300e-03 max=2.889e-03 | 最差占预算=0.316 (tol = 3.83×spacing(x)（中位等效倍数；= nulp×spacing + noise，noise 来源见调用点注释与 README §5.3）) | δ=noise ≥ spacing/2 ⇒ 全部 640 个元素记为「边界元素」（非舍入噪声大于网格步长，分类退化）⇒ 判定用绝对界（网格项 + 非舍入项）
[check_ref] PASS S8 Y slot390: n=2560 越界=0（非有限 0） | dev-ref| mean=7.323e-05 p50=6.104e-05 p90=1.831e-04 p99=4.272e-04 max=9.766e-04 | 最差占预算=0.942 (tol = 1.48×spacing(x)（中位等效倍数；= nulp×spacing + noise，noise 来源见调用点注释与 README §5.3）) | 常规 807 / 边界 1753（δ=noise；绝对界已覆盖方向翻转）
[check_ref] PASS S6 GU slot392 (t=2): n=2560 越界=0（非有限 0） | dev-ref| mean=5.637e-04 p50=3.662e-04 p90=1.465e-03 p99=2.930e-03 max=3.906e-03 | 最差占预算=0.463 (tol = 5.7×spacing(x)（中位等效倍数；= nulp×spacing + noise，noise 来源见调用点注释与 README §5.3）) | δ=noise ≥ spacing/2 ⇒ 全部 2560 个元素记为「边界元素」（非舍入噪声大于网格步长，分类退化）⇒ 判定用绝对界（网格项 + 非舍入项）
[check_ref] PASS S7 H_swiglu slot392: n=1280 越界=0（非有限 0） | dev-ref| mean=1.087e-04 p50=4.506e-05 p90=2.821e-04 p99=8.553e-04 max=1.893e-03 | 最差占预算=0.322 (tol = 3.84×spacing(x)（中位等效倍数；= nulp×spacing + noise，noise 来源见调用点注释与 README §5.3）) | 常规 1 / 边界 1279（δ=noise；绝对界已覆盖方向翻转）
[check_ref] PASS S8 Y slot392: n=5120 越界=0（非有限 0） | dev-ref| mean=4.255e-05 p50=3.052e-05 p90=1.221e-04 p99=2.136e-04 max=4.883e-04 | 最差占预算=0.926 (tol = 1.56×spacing(x)（中位等效倍数；= nulp×spacing + noise，noise 来源见调用点注释与 README §5.3）) | 常规 971 / 边界 4149（δ=noise；绝对界已覆盖方向翻转）
[check_ref] PASS S6 GU slot393 (t=1): n=1280 越界=0（非有限 0） | dev-ref| mean=5.795e-04 p50=3.662e-04 p90=1.465e-03 p99=2.981e-03 max=3.906e-03 | 最差占预算=0.486 (tol = 5.56×spacing(x)（中位等效倍数；= nulp×spacing + noise，noise 来源见调用点注释与 README §5.3）) | δ=noise ≥ spacing/2 ⇒ 全部 1280 个元素记为「边界元素」（非舍入噪声大于网格步长，分类退化）⇒ 判定用绝对界（网格项 + 非舍入项）
[check_ref] PASS S7 H_swiglu slot393: n=640 越界=0（非有限 0） | dev-ref| mean=1.244e-04 p50=4.943e-05 p90=2.890e-04 p99=1.404e-03 max=2.654e-03 | 最差占预算=0.328 (tol = 3.81×spacing(x)（中位等效倍数；= nulp×spacing + noise，noise 来源见调用点注释与 README §5.3）) | δ=noise ≥ spacing/2 ⇒ 全部 640 个元素记为「边界元素」（非舍入噪声大于网格步长，分类退化）⇒ 判定用绝对界（网格项 + 非舍入项）
[check_ref] PASS S8 Y slot393: n=2560 越界=0（非有限 0） | dev-ref| mean=5.615e-05 p50=3.052e-05 p90=1.221e-04 p99=2.441e-04 max=4.883e-04 | 最差占预算=0.897 (tol = 1.42×spacing(x)（中位等效倍数；= nulp×spacing + noise，noise 来源见调用点注释与 README §5.3）) | 常规 548 / 边界 2012（δ=noise；绝对界已覆盖方向翻转）
[check_ref] PASS S6 GU slot399 (t=1): n=1280 越界=0（非有限 0） | dev-ref| mean=5.381e-04 p50=2.441e-04 p90=1.465e-03 p99=2.737e-03 max=3.906e-03 | 最差占预算=0.499 (tol = 5.46×spacing(x)（中位等效倍数；= nulp×spacing + noise，noise 来源见调用点注释与 README §5.3）) | δ=noise ≥ spacing/2 ⇒ 全部 1280 个元素记为「边界元素」（非舍入噪声大于网格步长，分类退化）⇒ 判定用绝对界（网格项 + 非舍入项）
[check_ref] PASS S7 H_swiglu slot399: n=640 越界=0（非有限 0） | dev-ref| mean=1.233e-04 p50=4.638e-05 p90=3.178e-04 p99=9.505e-04 max=2.469e-03 | 最差占预算=0.321 (tol = 3.81×spacing(x)（中位等效倍数；= nulp×spacing + noise，noise 来源见调用点注释与 README §5.3）) | δ=noise ≥ spacing/2 ⇒ 全部 640 个元素记为「边界元素」（非舍入噪声大于网格步长，分类退化）⇒ 判定用绝对界（网格项 + 非舍入项）
[check_ref] PASS S8 Y slot399: n=2560 越界=0（非有限 0） | dev-ref| mean=6.217e-05 p50=4.578e-05 p90=1.831e-04 p99=3.052e-04 max=6.104e-04 | 最差占预算=0.906 (tol = 1.42×spacing(x)（中位等效倍数；= nulp×spacing + noise，noise 来源见调用点注释与 README §5.3）) | 常规 728 / 边界 1832（δ=noise；绝对界已覆盖方向翻转）
[check_ref] PASS S6 GU slot401 (t=1): n=1280 越界=0（非有限 0） | dev-ref| mean=4.938e-04 p50=2.441e-04 p90=1.465e-03 p99=2.441e-03 max=3.906e-03 | 最差占预算=0.473 (tol = 5.66×spacing(x)（中位等效倍数；= nulp×spacing + noise，noise 来源见调用点注释与 README §5.3）) | δ=noise ≥ spacing/2 ⇒ 全部 1280 个元素记为「边界元素」（非舍入噪声大于网格步长，分类退化）⇒ 判定用绝对界（网格项 + 非舍入项）
[check_ref] PASS S7 H_swiglu slot401: n=640 越界=0（非有限 0） | dev-ref| mean=7.870e-05 p50=3.432e-05 p90=2.131e-04 p99=4.914e-04 max=9.649e-04 | 最差占预算=0.326 (tol = 3.82×spacing(x)（中位等效倍数；= nulp×spacing + noise，noise 来源见调用点注释与 README §5.3）) | δ=noise ≥ spacing/2 ⇒ 全部 640 个元素记为「边界元素」（非舍入噪声大于网格步长，分类退化）⇒ 判定用绝对界（网格项 + 非舍入项）
[check_ref] PASS S8 Y slot401: n=2560 越界=0（非有限 0） | dev-ref| mean=3.479e-05 p50=3.052e-05 p90=9.155e-05 p99=2.136e-04 max=4.578e-04 | 最差占预算=0.899 (tol = 1.5×spacing(x)（中位等效倍数；= nulp×spacing + noise，noise 来源见调用点注释与 README §5.3）) | 常规 696 / 边界 1864（δ=noise；绝对界已覆盖方向翻转）
[check_ref] PASS S6 GU slot403 (t=2): n=2560 越界=0（非有限 0） | dev-ref| mean=5.621e-04 p50=3.662e-04 p90=1.465e-03 p99=3.174e-03 max=3.906e-03 | 最差占预算=0.460 (tol = 5.78×spacing(x)（中位等效倍数；= nulp×spacing + noise，noise 来源见调用点注释与 README §5.3）) | δ=noise ≥ spacing/2 ⇒ 全部 2560 个元素记为「边界元素」（非舍入噪声大于网格步长，分类退化）⇒ 判定用绝对界（网格项 + 非舍入项）
[check_ref] PASS S7 H_swiglu slot403: n=1280 越界=0（非有限 0） | dev-ref| mean=1.151e-04 p50=4.756e-05 p90=3.001e-04 p99=9.346e-04 max=1.900e-03 | 最差占预算=0.323 (tol = 3.84×spacing(x)（中位等效倍数；= nulp×spacing + noise，noise 来源见调用点注释与 README §5.3）) | δ=noise ≥ spacing/2 ⇒ 全部 1280 个元素记为「边界元素」（非舍入噪声大于网格步长，分类退化）⇒ 判定用绝对界（网格项 + 非舍入项）
[check_ref] PASS S8 Y slot403: n=5120 越界=0（非有限 0） | dev-ref| mean=4.620e-05 p50=3.052e-05 p90=1.221e-04 p99=2.441e-04 max=1.160e-03 | 最差占预算=0.905 (tol = 1.57×spacing(x)（中位等效倍数；= nulp×spacing + noise，noise 来源见调用点注释与 README §5.3）) | 常规 1000 / 边界 4120（δ=noise；绝对界已覆盖方向翻转）
[check_ref] PASS S6 GU slot410 (t=1): n=1280 越界=0（非有限 0） | dev-ref| mean=4.755e-04 p50=2.441e-04 p90=1.221e-03 p99=1.953e-03 max=3.418e-03 | 最差占预算=0.426 (tol = 5.34×spacing(x)（中位等效倍数；= nulp×spacing + noise，noise 来源见调用点注释与 README §5.3）) | δ=noise ≥ spacing/2 ⇒ 全部 1280 个元素记为「边界元素」（非舍入噪声大于网格步长，分类退化）⇒ 判定用绝对界（网格项 + 非舍入项）
[check_ref] PASS S7 H_swiglu slot410: n=640 越界=0（非有限 0） | dev-ref| mean=7.415e-05 p50=3.464e-05 p90=1.923e-04 p99=4.583e-04 max=8.983e-04 | 最差占预算=0.318 (tol = 3.78×spacing(x)（中位等效倍数；= nulp×spacing + noise，noise 来源见调用点注释与 README §5.3）) | δ=noise ≥ spacing/2 ⇒ 全部 640 个元素记为「边界元素」（非舍入噪声大于网格步长，分类退化）⇒ 判定用绝对界（网格项 + 非舍入项）
[check_ref] PASS S8 Y slot410: n=2560 越界=0（非有限 0） | dev-ref| mean=2.557e-05 p50=3.052e-05 p90=6.104e-05 p99=1.221e-04 max=2.441e-04 | 最差占预算=0.895 (tol = 1.5×spacing(x)（中位等效倍数；= nulp×spacing + noise，noise 来源见调用点注释与 README §5.3）) | 常规 731 / 边界 1829（δ=noise；绝对界已覆盖方向翻转）
[check_ref] PASS S6 GU slot412 (t=1): n=1280 越界=0（非有限 0） | dev-ref| mean=5.506e-04 p50=2.441e-04 p90=1.465e-03 p99=3.174e-03 max=6.104e-03 | 最差占预算=0.489 (tol = 5.57×spacing(x)（中位等效倍数；= nulp×spacing + noise，noise 来源见调用点注释与 README §5.3）) | δ=noise ≥ spacing/2 ⇒ 全部 1280 个元素记为「边界元素」（非舍入噪声大于网格步长，分类退化）⇒ 判定用绝对界（网格项 + 非舍入项）
[check_ref] PASS S7 H_swiglu slot412: n=640 越界=0（非有限 0） | dev-ref| mean=1.135e-04 p50=4.105e-05 p90=2.739e-04 p99=9.585e-04 max=3.616e-03 | 最差占预算=0.320 (tol = 3.79×spacing(x)（中位等效倍数；= nulp×spacing + noise，noise 来源见调用点注释与 README §5.3）) | δ=noise ≥ spacing/2 ⇒ 全部 640 个元素记为「边界元素」（非舍入噪声大于网格步长，分类退化）⇒ 判定用绝对界（网格项 + 非舍入项）
[check_ref] PASS S8 Y slot412: n=2560 越界=0（非有限 0） | dev-ref| mean=4.777e-05 p50=3.052e-05 p90=1.221e-04 p99=2.441e-04 max=4.883e-04 | 最差占预算=0.905 (tol = 1.54×spacing(x)（中位等效倍数；= nulp×spacing + noise，noise 来源见调用点注释与 README §5.3）) | 常规 548 / 边界 2012（δ=noise；绝对界已覆盖方向翻转）
[check_ref] PASS S6 GU slot414 (t=1): n=1280 越界=0（非有限 0） | dev-ref| mean=5.258e-04 p50=2.441e-04 p90=1.465e-03 p99=2.493e-03 max=3.662e-03 | 最差占预算=0.422 (tol = 5.71×spacing(x)（中位等效倍数；= nulp×spacing + noise，noise 来源见调用点注释与 README §5.3）) | δ=noise ≥ spacing/2 ⇒ 全部 1280 个元素记为「边界元素」（非舍入噪声大于网格步长，分类退化）⇒ 判定用绝对界（网格项 + 非舍入项）
[check_ref] PASS S7 H_swiglu slot414: n=640 越界=0（非有限 0） | dev-ref| mean=9.940e-05 p50=3.854e-05 p90=2.548e-04 p99=8.069e-04 max=1.722e-03 | 最差占预算=0.314 (tol = 3.87×spacing(x)（中位等效倍数；= nulp×spacing + noise，noise 来源见调用点注释与 README §5.3）) | δ=noise ≥ spacing/2 ⇒ 全部 640 个元素记为「边界元素」（非舍入噪声大于网格步长，分类退化）⇒ 判定用绝对界（网格项 + 非舍入项）
[check_ref] PASS S8 Y slot414: n=2560 越界=0（非有限 0） | dev-ref| mean=3.842e-05 p50=3.052e-05 p90=9.155e-05 p99=2.136e-04 max=4.578e-04 | 最差占预算=0.897 (tol = 1.55×spacing(x)（中位等效倍数；= nulp×spacing + noise，noise 来源见调用点注释与 README §5.3）) | 常规 529 / 边界 2031（δ=noise；绝对界已覆盖方向翻转）
[check_ref] PASS S6 GU slot416 (t=1): n=1280 越界=0（非有限 0） | dev-ref| mean=5.392e-04 p50=2.441e-04 p90=1.465e-03 p99=3.174e-03 max=3.906e-03 | 最差占预算=0.466 (tol = 5.73×spacing(x)（中位等效倍数；= nulp×spacing + noise，noise 来源见调用点注释与 README §5.3）) | δ=noise ≥ spacing/2 ⇒ 全部 1280 个元素记为「边界元素」（非舍入噪声大于网格步长，分类退化）⇒ 判定用绝对界（网格项 + 非舍入项）
[check_ref] PASS S7 H_swiglu slot416: n=640 越界=0（非有限 0） | dev-ref| mean=1.329e-04 p50=5.026e-05 p90=3.345e-04 p99=1.229e-03 max=3.848e-03 | 最差占预算=0.322 (tol = 3.84×spacing(x)（中位等效倍数；= nulp×spacing + noise，noise 来源见调用点注释与 README §5.3）) | δ=noise ≥ spacing/2 ⇒ 全部 640 个元素记为「边界元素」（非舍入噪声大于网格步长，分类退化）⇒ 判定用绝对界（网格项 + 非舍入项）
[check_ref] PASS S8 Y slot416: n=2560 越界=0（非有限 0） | dev-ref| mean=5.782e-05 p50=3.052e-05 p90=1.526e-04 p99=2.441e-04 max=7.324e-04 | 最差占预算=0.915 (tol = 1.43×spacing(x)（中位等效倍数；= nulp×spacing + noise，noise 来源见调用点注释与 README §5.3）) | 常规 576 / 边界 1984（δ=noise；绝对界已覆盖方向翻转）
[check_ref] PASS S6 GU slot419 (t=1): n=1280 越界=0（非有限 0） | dev-ref| mean=5.976e-04 p50=4.883e-04 p90=1.465e-03 p99=3.418e-03 max=3.906e-03 | 最差占预算=0.457 (tol = 5.72×spacing(x)（中位等效倍数；= nulp×spacing + noise，noise 来源见调用点注释与 README §5.3）) | δ=noise ≥ spacing/2 ⇒ 全部 1280 个元素记为「边界元素」（非舍入噪声大于网格步长，分类退化）⇒ 判定用绝对界（网格项 + 非舍入项）
[check_ref] PASS S7 H_swiglu slot419: n=640 越界=0（非有限 0） | dev-ref| mean=1.370e-04 p50=4.292e-05 p90=3.358e-04 p99=1.655e-03 max=2.242e-03 | 最差占预算=0.325 (tol = 3.92×spacing(x)（中位等效倍数；= nulp×spacing + noise，noise 来源见调用点注释与 README §5.3）) | δ=noise ≥ spacing/2 ⇒ 全部 640 个元素记为「边界元素」（非舍入噪声大于网格步长，分类退化）⇒ 判定用绝对界（网格项 + 非舍入项）
[check_ref] PASS S8 Y slot419: n=2560 越界=0（非有限 0） | dev-ref| mean=5.838e-05 p50=3.052e-05 p90=1.251e-04 p99=2.747e-04 max=4.883e-04 | 最差占预算=0.889 (tol = 1.42×spacing(x)（中位等效倍数；= nulp×spacing + noise，noise 来源见调用点注释与 README §5.3）) | 常规 676 / 边界 1884（δ=noise；绝对界已覆盖方向翻转）
[check_ref] PASS S6 GU slot423 (t=1): n=1280 越界=0（非有限 0） | dev-ref| mean=5.709e-04 p50=4.883e-04 p90=1.465e-03 p99=2.930e-03 max=3.906e-03 | 最差占预算=0.461 (tol = 5.64×spacing(x)（中位等效倍数；= nulp×spacing + noise，noise 来源见调用点注释与 README §5.3）) | δ=noise ≥ spacing/2 ⇒ 全部 1280 个元素记为「边界元素」（非舍入噪声大于网格步长，分类退化）⇒ 判定用绝对界（网格项 + 非舍入项）
[check_ref] PASS S7 H_swiglu slot423: n=640 越界=0（非有限 0） | dev-ref| mean=1.350e-04 p50=4.821e-05 p90=3.295e-04 p99=1.411e-03 max=3.660e-03 | 最差占预算=0.314 (tol = 3.87×spacing(x)（中位等效倍数；= nulp×spacing + noise，noise 来源见调用点注释与 README §5.3）) | δ=noise ≥ spacing/2 ⇒ 全部 640 个元素记为「边界元素」（非舍入噪声大于网格步长，分类退化）⇒ 判定用绝对界（网格项 + 非舍入项）
[check_ref] PASS S8 Y slot423: n=2560 越界=0（非有限 0） | dev-ref| mean=6.604e-05 p50=3.052e-05 p90=1.831e-04 p99=3.662e-04 max=4.883e-04 | 最差占预算=0.913 (tol = 1.41×spacing(x)（中位等效倍数；= nulp×spacing + noise，noise 来源见调用点注释与 README §5.3）) | 常规 800 / 边界 1760（δ=noise；绝对界已覆盖方向翻转）
[check_ref] PASS S6 GU slot426 (t=3): n=3840 越界=0（非有限 0） | dev-ref| mean=6.050e-04 p50=4.883e-04 p90=1.465e-03 p99=3.418e-03 max=6.836e-03 | 最差占预算=0.481 (tol = 5.99×spacing(x)（中位等效倍数；= nulp×spacing + noise，noise 来源见调用点注释与 README §5.3）) | δ=noise ≥ spacing/2 ⇒ 全部 3840 个元素记为「边界元素」（非舍入噪声大于网格步长，分类退化）⇒ 判定用绝对界（网格项 + 非舍入项）
[check_ref] PASS S7 H_swiglu slot426: n=1920 越界=0（非有限 0） | dev-ref| mean=1.397e-04 p50=5.338e-05 p90=3.823e-04 p99=1.199e-03 max=5.014e-03 | 最差占预算=0.329 (tol = 3.83×spacing(x)（中位等效倍数；= nulp×spacing + noise，noise 来源见调用点注释与 README §5.3）) | δ=noise ≥ spacing/2 ⇒ 全部 1920 个元素记为「边界元素」（非舍入噪声大于网格步长，分类退化）⇒ 判定用绝对界（网格项 + 非舍入项）
[check_ref] PASS S8 Y slot426: n=7680 越界=0（非有限 0） | dev-ref| mean=6.043e-05 p50=3.052e-05 p90=1.526e-04 p99=3.052e-04 max=1.953e-03 | 最差占预算=0.913 (tol = 1.45×spacing(x)（中位等效倍数；= nulp×spacing + noise，noise 来源见调用点注释与 README §5.3）) | 常规 2073 / 边界 5607（δ=noise；绝对界已覆盖方向翻转）
[check_ref] PASS S6 GU slot427 (t=1): n=1280 越界=0（非有限 0） | dev-ref| mean=5.392e-04 p50=2.441e-04 p90=1.465e-03 p99=2.981e-03 max=3.906e-03 | 最差占预算=0.470 (tol = 5.73×spacing(x)（中位等效倍数；= nulp×spacing + noise，noise 来源见调用点注释与 README §5.3）) | δ=noise ≥ spacing/2 ⇒ 全部 1280 个元素记为「边界元素」（非舍入噪声大于网格步长，分类退化）⇒ 判定用绝对界（网格项 + 非舍入项）
[check_ref] PASS S7 H_swiglu slot427: n=640 越界=0（非有限 0） | dev-ref| mean=1.167e-04 p50=4.571e-05 p90=3.386e-04 p99=9.040e-04 max=1.988e-03 | 最差占预算=0.314 (tol = 3.81×spacing(x)（中位等效倍数；= nulp×spacing + noise，noise 来源见调用点注释与 README §5.3）) | δ=noise ≥ spacing/2 ⇒ 全部 640 个元素记为「边界元素」（非舍入噪声大于网格步长，分类退化）⇒ 判定用绝对界（网格项 + 非舍入项）
[check_ref] PASS S8 Y slot427: n=2560 越界=0（非有限 0） | dev-ref| mean=5.150e-05 p50=3.052e-05 p90=1.221e-04 p99=2.441e-04 max=4.883e-04 | 最差占预算=0.920 (tol = 1.47×spacing(x)（中位等效倍数；= nulp×spacing + noise，noise 来源见调用点注释与 README §5.3）) | 常规 649 / 边界 1911（δ=noise；绝对界已覆盖方向翻转）
[check_ref] PASS S6 GU slot433 (t=3): n=3840 越界=0（非有限 0） | dev-ref| mean=5.504e-04 p50=2.441e-04 p90=1.465e-03 p99=3.174e-03 max=3.906e-03 | 最差占预算=0.484 (tol = 5.62×spacing(x)（中位等效倍数；= nulp×spacing + noise，noise 来源见调用点注释与 README §5.3）) | δ=noise ≥ spacing/2 ⇒ 全部 3840 个元素记为「边界元素」（非舍入噪声大于网格步长，分类退化）⇒ 判定用绝对界（网格项 + 非舍入项）
[check_ref] PASS S7 H_swiglu slot433: n=1920 越界=0（非有限 0） | dev-ref| mean=1.186e-04 p50=4.374e-05 p90=3.075e-04 p99=9.495e-04 max=5.245e-03 | 最差占预算=0.325 (tol = 3.83×spacing(x)（中位等效倍数；= nulp×spacing + noise，noise 来源见调用点注释与 README §5.3）) | δ=noise ≥ spacing/2 ⇒ 全部 1920 个元素记为「边界元素」（非舍入噪声大于网格步长，分类退化）⇒ 判定用绝对界（网格项 + 非舍入项）
[check_ref] PASS S8 Y slot433: n=7680 越界=0（非有限 0） | dev-ref| mean=5.636e-05 p50=3.052e-05 p90=1.221e-04 p99=2.441e-04 max=1.831e-03 | 最差占预算=0.926 (tol = 1.39×spacing(x)（中位等效倍数；= nulp×spacing + noise，noise 来源见调用点注释与 README §5.3）) | 常规 1878 / 边界 5802（δ=noise；绝对界已覆盖方向翻转）
[check_ref] PASS S6 GU slot439 (t=1): n=1280 越界=0（非有限 0） | dev-ref| mean=6.416e-04 p50=4.883e-04 p90=1.709e-03 p99=3.469e-03 max=4.883e-03 | 最差占预算=0.466 (tol = 5.68×spacing(x)（中位等效倍数；= nulp×spacing + noise，noise 来源见调用点注释与 README §5.3）) | δ=noise ≥ spacing/2 ⇒ 全部 1280 个元素记为「边界元素」（非舍入噪声大于网格步长，分类退化）⇒ 判定用绝对界（网格项 + 非舍入项）
[check_ref] PASS S7 H_swiglu slot439: n=640 越界=0（非有限 0） | dev-ref| mean=1.665e-04 p50=5.982e-05 p90=4.437e-04 p99=1.693e-03 max=2.977e-03 | 最差占预算=0.327 (tol = 3.88×spacing(x)（中位等效倍数；= nulp×spacing + noise，noise 来源见调用点注释与 README §5.3）) | δ=noise ≥ spacing/2 ⇒ 全部 640 个元素记为「边界元素」（非舍入噪声大于网格步长，分类退化）⇒ 判定用绝对界（网格项 + 非舍入项）
[check_ref] PASS S8 Y slot439: n=2560 越界=0（非有限 0） | dev-ref| mean=7.957e-05 p50=6.104e-05 p90=1.831e-04 p99=4.272e-04 max=9.766e-04 | 最差占预算=0.903 (tol = 1.44×spacing(x)（中位等效倍数；= nulp×spacing + noise，noise 来源见调用点注释与 README §5.3）) | 常规 812 / 边界 1748（δ=noise；绝对界已覆盖方向翻转）
[check_ref] PASS S6 GU slot440 (t=6): n=7680 越界=0（非有限 0） | dev-ref| mean=5.218e-04 p50=2.441e-04 p90=1.221e-03 p99=2.686e-03 max=3.906e-03 | 最差占预算=0.504 (tol = 5.46×spacing(x)（中位等效倍数；= nulp×spacing + noise，noise 来源见调用点注释与 README §5.3）) | δ=noise ≥ spacing/2 ⇒ 全部 7680 个元素记为「边界元素」（非舍入噪声大于网格步长，分类退化）⇒ 判定用绝对界（网格项 + 非舍入项）
[check_ref] PASS S7 H_swiglu slot440: n=3840 越界=0（非有限 0） | dev-ref| mean=1.118e-04 p50=4.163e-05 p90=2.517e-04 p99=9.513e-04 max=3.837e-03 | 最差占预算=0.327 (tol = 3.82×spacing(x)（中位等效倍数；= nulp×spacing + noise，noise 来源见调用点注释与 README §5.3）) | 常规 2 / 边界 3838（δ=noise；绝对界已覆盖方向翻转）
[check_ref] PASS S8 Y slot440: n=15360 越界=0（非有限 0） | dev-ref| mean=5.245e-05 p50=3.052e-05 p90=1.221e-04 p99=2.441e-04 max=7.935e-04 | 最差占预算=0.924 (tol = 1.4×spacing(x)（中位等效倍数；= nulp×spacing + noise，noise 来源见调用点注释与 README §5.3）) | 常规 4502 / 边界 10858（δ=noise；绝对界已覆盖方向翻转）
[check_ref] PASS S6 GU slot441 (t=2): n=2560 越界=0（非有限 0） | dev-ref| mean=5.008e-04 p50=3.662e-04 p90=1.221e-03 p99=2.441e-03 max=3.906e-03 | 最差占预算=0.494 (tol = 5.41×spacing(x)（中位等效倍数；= nulp×spacing + noise，noise 来源见调用点注释与 README §5.3）) | δ=noise ≥ spacing/2 ⇒ 全部 2560 个元素记为「边界元素」（非舍入噪声大于网格步长，分类退化）⇒ 判定用绝对界（网格项 + 非舍入项）
[check_ref] PASS S7 H_swiglu slot441: n=1280 越界=0（非有限 0） | dev-ref| mean=1.012e-04 p50=3.684e-05 p90=2.411e-04 p99=8.382e-04 max=3.190e-03 | 最差占预算=0.328 (tol = 3.79×spacing(x)（中位等效倍数；= nulp×spacing + noise，noise 来源见调用点注释与 README §5.3）) | δ=noise ≥ spacing/2 ⇒ 全部 1280 个元素记为「边界元素」（非舍入噪声大于网格步长，分类退化）⇒ 判定用绝对界（网格项 + 非舍入项）
[check_ref] PASS S8 Y slot441: n=5120 越界=0（非有限 0） | dev-ref| mean=4.463e-05 p50=3.052e-05 p90=1.221e-04 p99=2.441e-04 max=7.629e-04 | 最差占预算=0.935 (tol = 1.44×spacing(x)（中位等效倍数；= nulp×spacing + noise，noise 来源见调用点注释与 README §5.3）) | 常规 1383 / 边界 3737（δ=noise；绝对界已覆盖方向翻转）
[check_ref] PASS S6 GU slot444 (t=3): n=3840 越界=0（非有限 0） | dev-ref| mean=5.368e-04 p50=3.662e-04 p90=1.465e-03 p99=2.808e-03 max=3.906e-03 | 最差占预算=0.515 (tol = 5.38×spacing(x)（中位等效倍数；= nulp×spacing + noise，noise 来源见调用点注释与 README §5.3）) | δ=noise ≥ spacing/2 ⇒ 全部 3840 个元素记为「边界元素」（非舍入噪声大于网格步长，分类退化）⇒ 判定用绝对界（网格项 + 非舍入项）
[check_ref] PASS S7 H_swiglu slot444: n=1920 越界=0（非有限 0） | dev-ref| mean=1.086e-04 p50=4.179e-05 p90=2.466e-04 p99=8.841e-04 max=3.302e-03 | 最差占预算=0.325 (tol = 3.8×spacing(x)（中位等效倍数；= nulp×spacing + noise，noise 来源见调用点注释与 README §5.3）) | δ=noise ≥ spacing/2 ⇒ 全部 1920 个元素记为「边界元素」（非舍入噪声大于网格步长，分类退化）⇒ 判定用绝对界（网格项 + 非舍入项）
[check_ref] PASS S8 Y slot444: n=7680 越界=0（非有限 0） | dev-ref| mean=4.941e-05 p50=3.052e-05 p90=1.221e-04 p99=2.441e-04 max=4.883e-04 | 最差占预算=0.917 (tol = 1.52×spacing(x)（中位等效倍数；= nulp×spacing + noise，noise 来源见调用点注释与 README §5.3）) | 常规 1557 / 边界 6123（δ=noise；绝对界已覆盖方向翻转）
[check_ref] PASS S6 GU slot445 (t=1): n=1280 越界=0（非有限 0） | dev-ref| mean=5.003e-04 p50=2.441e-04 p90=1.221e-03 p99=2.737e-03 max=3.906e-03 | 最差占预算=0.460 (tol = 5.6×spacing(x)（中位等效倍数；= nulp×spacing + noise，noise 来源见调用点注释与 README §5.3）) | δ=noise ≥ spacing/2 ⇒ 全部 1280 个元素记为「边界元素」（非舍入噪声大于网格步长，分类退化）⇒ 判定用绝对界（网格项 + 非舍入项）
[check_ref] PASS S7 H_swiglu slot445: n=640 越界=0（非有限 0） | dev-ref| mean=1.008e-04 p50=4.048e-05 p90=2.422e-04 p99=9.162e-04 max=1.679e-03 | 最差占预算=0.331 (tol = 3.87×spacing(x)（中位等效倍数；= nulp×spacing + noise，noise 来源见调用点注释与 README §5.3）) | 常规 1 / 边界 639（δ=noise；绝对界已覆盖方向翻转）
[check_ref] PASS S8 Y slot445: n=2560 越界=0（非有限 0） | dev-ref| mean=4.296e-05 p50=3.052e-05 p90=1.221e-04 p99=2.441e-04 max=8.545e-04 | 最差占预算=0.887 (tol = 1.53×spacing(x)（中位等效倍数；= nulp×spacing + noise，noise 来源见调用点注释与 README §5.3）) | 常规 513 / 边界 2047（δ=noise；绝对界已覆盖方向翻转）
[check_ref] PASS S6 GU slot446 (t=5): n=6400 越界=0（非有限 0） | dev-ref| mean=5.234e-04 p50=2.441e-04 p90=1.343e-03 p99=2.686e-03 max=7.690e-03 | 最差占预算=0.620 (tol = 5.51×spacing(x)（中位等效倍数；= nulp×spacing + noise，noise 来源见调用点注释与 README §5.3）) | δ=noise ≥ spacing/2 ⇒ 全部 6400 个元素记为「边界元素」（非舍入噪声大于网格步长，分类退化）⇒ 判定用绝对界（网格项 + 非舍入项）
[check_ref] PASS S7 H_swiglu slot446: n=3200 越界=0（非有限 0） | dev-ref| mean=1.022e-04 p50=3.701e-05 p90=2.393e-04 p99=9.086e-04 max=3.426e-03 | 最差占预算=0.327 (tol = 3.8×spacing(x)（中位等效倍数；= nulp×spacing + noise，noise 来源见调用点注释与 README §5.3）) | 常规 1 / 边界 3199（δ=noise；绝对界已覆盖方向翻转）
[check_ref] PASS S8 Y slot446: n=12800 越界=0（非有限 0） | dev-ref| mean=4.817e-05 p50=3.052e-05 p90=1.221e-04 p99=2.441e-04 max=9.766e-04 | 最差占预算=0.957 (tol = 1.42×spacing(x)（中位等效倍数；= nulp×spacing + noise，noise 来源见调用点注释与 README §5.3）) | 常规 3861 / 边界 8939（δ=noise；绝对界已覆盖方向翻转）
[check_ref] PASS S6 GU slot449 (t=1): n=1280 越界=0（非有限 0） | dev-ref| mean=5.762e-04 p50=2.441e-04 p90=1.465e-03 p99=3.174e-03 max=3.906e-03 | 最差占预算=0.463 (tol = 5.86×spacing(x)（中位等效倍数；= nulp×spacing + noise，noise 来源见调用点注释与 README §5.3）) | δ=noise ≥ spacing/2 ⇒ 全部 1280 个元素记为「边界元素」（非舍入噪声大于网格步长，分类退化）⇒ 判定用绝对界（网格项 + 非舍入项）
[check_ref] PASS S7 H_swiglu slot449: n=640 越界=0（非有限 0） | dev-ref| mean=1.397e-04 p50=5.315e-05 p90=3.503e-04 p99=1.427e-03 max=2.445e-03 | 最差占预算=0.320 (tol = 3.78×spacing(x)（中位等效倍数；= nulp×spacing + noise，noise 来源见调用点注释与 README §5.3）) | 常规 1 / 边界 639（δ=noise；绝对界已覆盖方向翻转）
[check_ref] PASS S8 Y slot449: n=2560 越界=0（非有限 0） | dev-ref| mean=6.510e-05 p50=6.104e-05 p90=1.831e-04 p99=3.662e-04 max=4.883e-04 | 最差占预算=0.914 (tol = 1.43×spacing(x)（中位等效倍数；= nulp×spacing + noise，noise 来源见调用点注释与 README §5.3）) | 常规 938 / 边界 1622（δ=noise；绝对界已覆盖方向翻转）
[check_ref] PASS S6 GU slot450 (t=1): n=1280 越界=0（非有限 0） | dev-ref| mean=5.364e-04 p50=2.441e-04 p90=1.465e-03 p99=3.174e-03 max=3.662e-03 | 最差占预算=0.430 (tol = 5.88×spacing(x)（中位等效倍数；= nulp×spacing + noise，noise 来源见调用点注释与 README §5.3）) | δ=noise ≥ spacing/2 ⇒ 全部 1280 个元素记为「边界元素」（非舍入噪声大于网格步长，分类退化）⇒ 判定用绝对界（网格项 + 非舍入项）
[check_ref] PASS S7 H_swiglu slot450: n=640 越界=0（非有限 0） | dev-ref| mean=1.122e-04 p50=4.079e-05 p90=2.784e-04 p99=9.211e-04 max=1.689e-03 | 最差占预算=0.321 (tol = 3.77×spacing(x)（中位等效倍数；= nulp×spacing + noise，noise 来源见调用点注释与 README §5.3）) | 常规 1 / 边界 639（δ=noise；绝对界已覆盖方向翻转）
[check_ref] PASS S8 Y slot450: n=2560 越界=0（非有限 0） | dev-ref| mean=4.301e-05 p50=0.000e+00 p90=1.221e-04 p99=2.441e-04 max=4.883e-04 | 最差占预算=0.886 (tol = 1.56×spacing(x)（中位等效倍数；= nulp×spacing + noise，noise 来源见调用点注释与 README §5.3）) | 常规 658 / 边界 1902（δ=noise；绝对界已覆盖方向翻转）
[check_ref] PASS S6 GU slot455 (t=4): n=5120 越界=0（非有限 0） | dev-ref| mean=5.751e-04 p50=3.662e-04 p90=1.465e-03 p99=3.174e-03 max=5.615e-03 | 最差占预算=0.483 (tol = 5.68×spacing(x)（中位等效倍数；= nulp×spacing + noise，noise 来源见调用点注释与 README §5.3）) | δ=noise ≥ spacing/2 ⇒ 全部 5120 个元素记为「边界元素」（非舍入噪声大于网格步长，分类退化）⇒ 判定用绝对界（网格项 + 非舍入项）
[check_ref] PASS S7 H_swiglu slot455: n=2560 越界=0（非有限 0） | dev-ref| mean=1.228e-04 p50=4.935e-05 p90=3.378e-04 p99=9.252e-04 max=3.630e-03 | 最差占预算=0.320 (tol = 3.81×spacing(x)（中位等效倍数；= nulp×spacing + noise，noise 来源见调用点注释与 README §5.3）) | 常规 1 / 边界 2559（δ=noise；绝对界已覆盖方向翻转）
[check_ref] PASS S8 Y slot455: n=10240 越界=0（非有限 0） | dev-ref| mean=4.742e-05 p50=3.052e-05 p90=1.221e-04 p99=2.441e-04 max=3.418e-03 | 最差占预算=0.912 (tol = 1.61×spacing(x)（中位等效倍数；= nulp×spacing + noise，noise 来源见调用点注释与 README §5.3）) | 常规 2185 / 边界 8055（δ=noise；绝对界已覆盖方向翻转）
[check_ref] PASS S6 GU slot460 (t=3): n=3840 越界=0（非有限 0） | dev-ref| mean=5.503e-04 p50=2.441e-04 p90=1.465e-03 p99=2.930e-03 max=3.906e-03 | 最差占预算=0.465 (tol = 5.77×spacing(x)（中位等效倍数；= nulp×spacing + noise，noise 来源见调用点注释与 README §5.3）) | δ=noise ≥ spacing/2 ⇒ 全部 3840 个元素记为「边界元素」（非舍入噪声大于网格步长，分类退化）⇒ 判定用绝对界（网格项 + 非舍入项）
[check_ref] PASS S7 H_swiglu slot460: n=1920 越界=0（非有限 0） | dev-ref| mean=1.074e-04 p50=4.371e-05 p90=2.661e-04 p99=8.950e-04 max=2.021e-03 | 最差占预算=0.330 (tol = 3.83×spacing(x)（中位等效倍数；= nulp×spacing + noise，noise 来源见调用点注释与 README §5.3）) | δ=noise ≥ spacing/2 ⇒ 全部 1920 个元素记为「边界元素」（非舍入噪声大于网格步长，分类退化）⇒ 判定用绝对界（网格项 + 非舍入项）
[check_ref] PASS S8 Y slot460: n=7680 越界=0（非有限 0） | dev-ref| mean=5.073e-05 p50=3.052e-05 p90=1.221e-04 p99=2.441e-04 max=6.714e-04 | 最差占预算=0.916 (tol = 1.5×spacing(x)（中位等效倍数；= nulp×spacing + noise，noise 来源见调用点注释与 README §5.3）) | 常规 1657 / 边界 6023（δ=noise；绝对界已覆盖方向翻转）
[check_ref] PASS S6 GU slot462 (t=1): n=1280 越界=0（非有限 0） | dev-ref| mean=5.426e-04 p50=3.662e-04 p90=1.465e-03 p99=2.930e-03 max=3.906e-03 | 最差占预算=0.477 (tol = 5.36×spacing(x)（中位等效倍数；= nulp×spacing + noise，noise 来源见调用点注释与 README §5.3）) | δ=noise ≥ spacing/2 ⇒ 全部 1280 个元素记为「边界元素」（非舍入噪声大于网格步长，分类退化）⇒ 判定用绝对界（网格项 + 非舍入项）
[check_ref] PASS S7 H_swiglu slot462: n=640 越界=0（非有限 0） | dev-ref| mean=1.029e-04 p50=3.975e-05 p90=2.462e-04 p99=8.309e-04 max=2.580e-03 | 最差占预算=0.331 (tol = 3.86×spacing(x)（中位等效倍数；= nulp×spacing + noise，noise 来源见调用点注释与 README §5.3）) | δ=noise ≥ spacing/2 ⇒ 全部 640 个元素记为「边界元素」（非舍入噪声大于网格步长，分类退化）⇒ 判定用绝对界（网格项 + 非舍入项）
[check_ref] PASS S8 Y slot462: n=2560 越界=0（非有限 0） | dev-ref| mean=4.660e-05 p50=3.052e-05 p90=1.221e-04 p99=2.441e-04 max=4.883e-04 | 最差占预算=0.922 (tol = 1.49×spacing(x)（中位等效倍数；= nulp×spacing + noise，noise 来源见调用点注释与 README §5.3）) | 常规 771 / 边界 1789（δ=noise；绝对界已覆盖方向翻转）
[check_ref] PASS S6 GU slot464 (t=3): n=3840 越界=0（非有限 0） | dev-ref| mean=5.160e-04 p50=2.441e-04 p90=1.221e-03 p99=2.686e-03 max=3.906e-03 | 最差占预算=0.481 (tol = 5.44×spacing(x)（中位等效倍数；= nulp×spacing + noise，noise 来源见调用点注释与 README §5.3）) | δ=noise ≥ spacing/2 ⇒ 全部 3840 个元素记为「边界元素」（非舍入噪声大于网格步长，分类退化）⇒ 判定用绝对界（网格项 + 非舍入项）
[check_ref] PASS S7 H_swiglu slot464: n=1920 越界=0（非有限 0） | dev-ref| mean=1.058e-04 p50=4.112e-05 p90=2.530e-04 p99=8.755e-04 max=3.370e-03 | 最差占预算=0.328 (tol = 3.82×spacing(x)（中位等效倍数；= nulp×spacing + noise，noise 来源见调用点注释与 README §5.3）) | δ=noise ≥ spacing/2 ⇒ 全部 1920 个元素记为「边界元素」（非舍入噪声大于网格步长，分类退化）⇒ 判定用绝对界（网格项 + 非舍入项）
[check_ref] PASS S8 Y slot464: n=7680 越界=0（非有限 0） | dev-ref| mean=5.029e-05 p50=3.052e-05 p90=1.221e-04 p99=2.441e-04 max=4.883e-04 | 最差占预算=0.926 (tol = 1.48×spacing(x)（中位等效倍数；= nulp×spacing + noise，noise 来源见调用点注释与 README §5.3）) | 常规 1695 / 边界 5985（δ=noise；绝对界已覆盖方向翻转）
[check_ref] PASS S6 GU slot465 (t=1): n=1280 越界=0（非有限 0） | dev-ref| mean=5.482e-04 p50=3.662e-04 p90=1.465e-03 p99=2.955e-03 max=3.662e-03 | 最差占预算=0.434 (tol = 5.67×spacing(x)（中位等效倍数；= nulp×spacing + noise，noise 来源见调用点注释与 README §5.3）) | δ=noise ≥ spacing/2 ⇒ 全部 1280 个元素记为「边界元素」（非舍入噪声大于网格步长，分类退化）⇒ 判定用绝对界（网格项 + 非舍入项）
[check_ref] PASS S7 H_swiglu slot465: n=640 越界=0（非有限 0） | dev-ref| mean=1.187e-04 p50=4.513e-05 p90=2.980e-04 p99=1.376e-03 max=1.787e-03 | 最差占预算=0.332 (tol = 3.79×spacing(x)（中位等效倍数；= nulp×spacing + noise，noise 来源见调用点注释与 README §5.3）) | 常规 1 / 边界 639（δ=noise；绝对界已覆盖方向翻转）
[check_ref] PASS S8 Y slot465: n=2560 越界=0（非有限 0） | dev-ref| mean=6.149e-05 p50=3.052e-05 p90=1.526e-04 p99=2.441e-04 max=4.883e-04 | 最差占预算=0.918 (tol = 1.36×spacing(x)（中位等效倍数；= nulp×spacing + noise，noise 来源见调用点注释与 README §5.3）) | 常规 639 / 边界 1921（δ=noise；绝对界已覆盖方向翻转）
[check_ref] PASS S6 GU slot470 (t=4): n=5120 越界=0（非有限 0） | dev-ref| mean=5.659e-04 p50=3.662e-04 p90=1.465e-03 p99=2.930e-03 max=3.906e-03 | 最差占预算=0.462 (tol = 5.85×spacing(x)（中位等效倍数；= nulp×spacing + noise，noise 来源见调用点注释与 README §5.3）) | δ=noise ≥ spacing/2 ⇒ 全部 5120 个元素记为「边界元素」（非舍入噪声大于网格步长，分类退化）⇒ 判定用绝对界（网格项 + 非舍入项）
[check_ref] PASS S7 H_swiglu slot470: n=2560 越界=0（非有限 0） | dev-ref| mean=1.251e-04 p50=4.650e-05 p90=3.285e-04 p99=1.041e-03 max=3.737e-03 | 最差占预算=0.328 (tol = 3.84×spacing(x)（中位等效倍数；= nulp×spacing + noise，noise 来源见调用点注释与 README §5.3）) | 常规 1 / 边界 2559（δ=noise；绝对界已覆盖方向翻转）
[check_ref] PASS S8 Y slot470: n=10240 越界=0（非有限 0） | dev-ref| mean=5.599e-05 p50=3.052e-05 p90=1.221e-04 p99=2.441e-04 max=8.545e-04 | 最差占预算=0.919 (tol = 1.41×spacing(x)（中位等效倍数；= nulp×spacing + noise，noise 来源见调用点注释与 README §5.3）) | 常规 2486 / 边界 7754（δ=noise；绝对界已覆盖方向翻转）
[check_ref] PASS S6 GU slot474 (t=1): n=1280 越界=0（非有限 0） | dev-ref| mean=6.032e-04 p50=4.883e-04 p90=1.465e-03 p99=3.418e-03 max=3.906e-03 | 最差占预算=0.474 (tol = 5.7×spacing(x)（中位等效倍数；= nulp×spacing + noise，noise 来源见调用点注释与 README §5.3）) | δ=noise ≥ spacing/2 ⇒ 全部 1280 个元素记为「边界元素」（非舍入噪声大于网格步长，分类退化）⇒ 判定用绝对界（网格项 + 非舍入项）
[check_ref] PASS S7 H_swiglu slot474: n=640 越界=0（非有限 0） | dev-ref| mean=1.181e-04 p50=4.940e-05 p90=3.226e-04 p99=8.369e-04 max=2.917e-03 | 最差占预算=0.328 (tol = 3.87×spacing(x)（中位等效倍数；= nulp×spacing + noise，noise 来源见调用点注释与 README §5.3）) | δ=noise ≥ spacing/2 ⇒ 全部 640 个元素记为「边界元素」（非舍入噪声大于网格步长，分类退化）⇒ 判定用绝对界（网格项 + 非舍入项）
[check_ref] PASS S8 Y slot474: n=2560 越界=0（非有限 0） | dev-ref| mean=4.902e-05 p50=6.104e-05 p90=1.221e-04 p99=2.441e-04 max=4.883e-04 | 最差占预算=0.906 (tol = 1.52×spacing(x)（中位等效倍数；= nulp×spacing + noise，noise 来源见调用点注释与 README §5.3）) | 常规 746 / 边界 1814（δ=noise；绝对界已覆盖方向翻转）
[check_ref] PASS S6 GU slot481 (t=2): n=2560 越界=0（非有限 0） | dev-ref| mean=5.543e-04 p50=3.662e-04 p90=1.465e-03 p99=2.930e-03 max=3.906e-03 | 最差占预算=0.474 (tol = 5.63×spacing(x)（中位等效倍数；= nulp×spacing + noise，noise 来源见调用点注释与 README §5.3）) | δ=noise ≥ spacing/2 ⇒ 全部 2560 个元素记为「边界元素」（非舍入噪声大于网格步长，分类退化）⇒ 判定用绝对界（网格项 + 非舍入项）
[check_ref] PASS S7 H_swiglu slot481: n=1280 越界=0（非有限 0） | dev-ref| mean=1.105e-04 p50=4.331e-05 p90=2.616e-04 p99=9.456e-04 max=1.944e-03 | 最差占预算=0.312 (tol = 3.84×spacing(x)（中位等效倍数；= nulp×spacing + noise，noise 来源见调用点注释与 README §5.3）) | 常规 1 / 边界 1279（δ=noise；绝对界已覆盖方向翻转）
[check_ref] PASS S8 Y slot481: n=5120 越界=0（非有限 0） | dev-ref| mean=4.749e-05 p50=3.052e-05 p90=1.221e-04 p99=2.289e-04 max=8.545e-04 | 最差占预算=0.892 (tol = 1.54×spacing(x)（中位等效倍数；= nulp×spacing + noise，noise 来源见调用点注释与 README §5.3）) | 常规 1105 / 边界 4015（δ=noise；绝对界已覆盖方向翻转）
[check_ref] PASS S6 GU slot483 (t=2): n=2560 越界=0（非有限 0） | dev-ref| mean=5.479e-04 p50=4.883e-04 p90=1.465e-03 p99=2.686e-03 max=3.906e-03 | 最差占预算=0.468 (tol = 5.74×spacing(x)（中位等效倍数；= nulp×spacing + noise，noise 来源见调用点注释与 README §5.3）) | δ=noise ≥ spacing/2 ⇒ 全部 2560 个元素记为「边界元素」（非舍入噪声大于网格步长，分类退化）⇒ 判定用绝对界（网格项 + 非舍入项）
[check_ref] PASS S7 H_swiglu slot483: n=1280 越界=0（非有限 0） | dev-ref| mean=1.160e-04 p50=4.404e-05 p90=2.980e-04 p99=1.023e-03 max=1.905e-03 | 最差占预算=0.330 (tol = 3.79×spacing(x)（中位等效倍数；= nulp×spacing + noise，noise 来源见调用点注释与 README §5.3）) | δ=noise ≥ spacing/2 ⇒ 全部 1280 个元素记为「边界元素」（非舍入噪声大于网格步长，分类退化）⇒ 判定用绝对界（网格项 + 非舍入项）
[check_ref] PASS S8 Y slot483: n=5120 越界=0（非有限 0） | dev-ref| mean=5.694e-05 p50=3.052e-05 p90=1.221e-04 p99=2.441e-04 max=4.883e-04 | 最差占预算=0.924 (tol = 1.4×spacing(x)（中位等效倍数；= nulp×spacing + noise，noise 来源见调用点注释与 README §5.3）) | 常规 1404 / 边界 3716（δ=noise；绝对界已覆盖方向翻转）
[check_ref] PASS S6 GU slot485 (t=3): n=3840 越界=0（非有限 0） | dev-ref| mean=5.629e-04 p50=3.662e-04 p90=1.465e-03 p99=2.930e-03 max=6.836e-03 | 最差占预算=0.552 (tol = 5.6×spacing(x)（中位等效倍数；= nulp×spacing + noise，noise 来源见调用点注释与 README §5.3）) | δ=noise ≥ spacing/2 ⇒ 全部 3840 个元素记为「边界元素」（非舍入噪声大于网格步长，分类退化）⇒ 判定用绝对界（网格项 + 非舍入项）
[check_ref] PASS S7 H_swiglu slot485: n=1920 越界=0（非有限 0） | dev-ref| mean=1.232e-04 p50=4.558e-05 p90=3.304e-04 p99=9.659e-04 max=3.514e-03 | 最差占预算=0.324 (tol = 3.86×spacing(x)（中位等效倍数；= nulp×spacing + noise，noise 来源见调用点注释与 README §5.3）) | 常规 1 / 边界 1919（δ=noise；绝对界已覆盖方向翻转）
[check_ref] PASS S8 Y slot485: n=7680 越界=0（非有限 0） | dev-ref| mean=5.226e-05 p50=3.052e-05 p90=1.221e-04 p99=2.441e-04 max=9.155e-04 | 最差占预算=0.899 (tol = 1.48×spacing(x)（中位等效倍数；= nulp×spacing + noise，noise 来源见调用点注释与 README §5.3）) | 常规 1759 / 边界 5921（δ=noise；绝对界已覆盖方向翻转）
[check_ref] PASS S6 GU slot486 (t=1): n=1280 越界=0（非有限 0） | dev-ref| mean=4.896e-04 p50=2.441e-04 p90=1.221e-03 p99=2.737e-03 max=3.906e-03 | 最差占预算=0.481 (tol = 5.31×spacing(x)（中位等效倍数；= nulp×spacing + noise，noise 来源见调用点注释与 README §5.3）) | δ=noise ≥ spacing/2 ⇒ 全部 1280 个元素记为「边界元素」（非舍入噪声大于网格步长，分类退化）⇒ 判定用绝对界（网格项 + 非舍入项）
[check_ref] PASS S7 H_swiglu slot486: n=640 越界=0（非有限 0） | dev-ref| mean=8.710e-05 p50=3.287e-05 p90=2.215e-04 p99=7.813e-04 max=1.227e-03 | 最差占预算=0.321 (tol = 3.8×spacing(x)（中位等效倍数；= nulp×spacing + noise，noise 来源见调用点注释与 README §5.3）) | δ=noise ≥ spacing/2 ⇒ 全部 640 个元素记为「边界元素」（非舍入噪声大于网格步长，分类退化）⇒ 判定用绝对界（网格项 + 非舍入项）
[check_ref] PASS S8 Y slot486: n=2560 越界=0（非有限 0） | dev-ref| mean=3.169e-05 p50=3.052e-05 p90=9.155e-05 p99=1.831e-04 max=2.441e-04 | 最差占预算=0.900 (tol = 1.48×spacing(x)（中位等效倍数；= nulp×spacing + noise，noise 来源见调用点注释与 README §5.3）) | 常规 747 / 边界 1813（δ=noise；绝对界已覆盖方向翻转）
[check_ref] PASS S6 GU slot494 (t=5): n=6400 越界=0（非有限 0） | dev-ref| mean=5.394e-04 p50=2.441e-04 p90=1.465e-03 p99=2.930e-03 max=3.906e-03 | 最差占预算=0.481 (tol = 5.67×spacing(x)（中位等效倍数；= nulp×spacing + noise，noise 来源见调用点注释与 README §5.3）) | δ=noise ≥ spacing/2 ⇒ 全部 6400 个元素记为「边界元素」（非舍入噪声大于网格步长，分类退化）⇒ 判定用绝对界（网格项 + 非舍入项）
[check_ref] PASS S7 H_swiglu slot494: n=3200 越界=0（非有限 0） | dev-ref| mean=1.167e-04 p50=3.937e-05 p90=2.979e-04 p99=1.104e-03 max=3.767e-03 | 最差占预算=0.330 (tol = 3.86×spacing(x)（中位等效倍数；= nulp×spacing + noise，noise 来源见调用点注释与 README §5.3）) | 常规 1 / 边界 3199（δ=noise；绝对界已覆盖方向翻转）
[check_ref] PASS S8 Y slot494: n=12800 越界=0（非有限 0） | dev-ref| mean=5.305e-05 p50=3.052e-05 p90=1.221e-04 p99=2.441e-04 max=7.019e-04 | 最差占预算=0.924 (tol = 1.45×spacing(x)（中位等效倍数；= nulp×spacing + noise，noise 来源见调用点注释与 README §5.3）) | 常规 3015 / 边界 9785（δ=noise；绝对界已覆盖方向翻转）
[check_ref] PASS S6 GU slot496 (t=3): n=3840 越界=0（非有限 0） | dev-ref| mean=5.439e-04 p50=3.662e-04 p90=1.465e-03 p99=2.930e-03 max=3.906e-03 | 最差占预算=0.475 (tol = 5.55×spacing(x)（中位等效倍数；= nulp×spacing + noise，noise 来源见调用点注释与 README §5.3）) | δ=noise ≥ spacing/2 ⇒ 全部 3840 个元素记为「边界元素」（非舍入噪声大于网格步长，分类退化）⇒ 判定用绝对界（网格项 + 非舍入项）
[check_ref] PASS S7 H_swiglu slot496: n=1920 越界=0（非有限 0） | dev-ref| mean=1.103e-04 p50=4.122e-05 p90=2.776e-04 p99=9.586e-04 max=3.351e-03 | 最差占预算=0.324 (tol = 3.84×spacing(x)（中位等效倍数；= nulp×spacing + noise，noise 来源见调用点注释与 README §5.3）) | δ=noise ≥ spacing/2 ⇒ 全部 1920 个元素记为「边界元素」（非舍入噪声大于网格步长，分类退化）⇒ 判定用绝对界（网格项 + 非舍入项）
[check_ref] PASS S8 Y slot496: n=7680 越界=0（非有限 0） | dev-ref| mean=5.969e-05 p50=3.052e-05 p90=1.526e-04 p99=3.052e-04 max=9.155e-04 | 最差占预算=0.927 (tol = 1.4×spacing(x)（中位等效倍数；= nulp×spacing + noise，noise 来源见调用点注释与 README §5.3）) | 常规 2106 / 边界 5574（δ=noise；绝对界已覆盖方向翻转）
[check_ref] PASS S6 GU slot500 (t=2): n=2560 越界=0（非有限 0） | dev-ref| mean=5.421e-04 p50=3.662e-04 p90=1.465e-03 p99=2.930e-03 max=3.906e-03 | 最差占预算=0.477 (tol = 5.63×spacing(x)（中位等效倍数；= nulp×spacing + noise，noise 来源见调用点注释与 README §5.3）) | δ=noise ≥ spacing/2 ⇒ 全部 2560 个元素记为「边界元素」（非舍入噪声大于网格步长，分类退化）⇒ 判定用绝对界（网格项 + 非舍入项）
[check_ref] PASS S7 H_swiglu slot500: n=1280 越界=0（非有限 0） | dev-ref| mean=1.022e-04 p50=4.694e-05 p90=2.386e-04 p99=7.986e-04 max=3.008e-03 | 最差占预算=0.330 (tol = 3.87×spacing(x)（中位等效倍数；= nulp×spacing + noise，noise 来源见调用点注释与 README §5.3）) | 常规 1 / 边界 1279（δ=noise；绝对界已覆盖方向翻转）
[check_ref] PASS S8 Y slot500: n=5120 越界=0（非有限 0） | dev-ref| mean=4.394e-05 p50=3.052e-05 p90=1.221e-04 p99=2.441e-04 max=4.883e-04 | 最差占预算=0.916 (tol = 1.51×spacing(x)（中位等效倍数；= nulp×spacing + noise，noise 来源见调用点注释与 README §5.3）) | 常规 1089 / 边界 4031（δ=noise；绝对界已覆盖方向翻转）
[check_ref] PASS S6 GU slot501 (t=1): n=1280 越界=0（非有限 0） | dev-ref| mean=5.611e-04 p50=4.883e-04 p90=1.245e-03 p99=2.930e-03 max=3.906e-03 | 最差占预算=0.456 (tol = 5.74×spacing(x)（中位等效倍数；= nulp×spacing + noise，noise 来源见调用点注释与 README §5.3）) | δ=noise ≥ spacing/2 ⇒ 全部 1280 个元素记为「边界元素」（非舍入噪声大于网格步长，分类退化）⇒ 判定用绝对界（网格项 + 非舍入项）
[check_ref] PASS S7 H_swiglu slot501: n=640 越界=0（非有限 0） | dev-ref| mean=1.158e-04 p50=4.411e-05 p90=2.717e-04 p99=8.811e-04 max=2.054e-03 | 最差占预算=0.327 (tol = 3.91×spacing(x)（中位等效倍数；= nulp×spacing + noise，noise 来源见调用点注释与 README §5.3）) | δ=noise ≥ spacing/2 ⇒ 全部 640 个元素记为「边界元素」（非舍入噪声大于网格步长，分类退化）⇒ 判定用绝对界（网格项 + 非舍入项）
[check_ref] PASS S8 Y slot501: n=2560 越界=0（非有限 0） | dev-ref| mean=4.798e-05 p50=3.052e-05 p90=1.221e-04 p99=2.441e-04 max=4.883e-04 | 最差占预算=0.914 (tol = 1.53×spacing(x)（中位等效倍数；= nulp×spacing + noise，noise 来源见调用点注释与 README §5.3）) | 常规 523 / 边界 2037（δ=noise；绝对界已覆盖方向翻转）
[check_ref] PASS S6 GU slot504 (t=3): n=3840 越界=0（非有限 0） | dev-ref| mean=5.534e-04 p50=2.441e-04 p90=1.465e-03 p99=3.174e-03 max=3.906e-03 | 最差占预算=0.481 (tol = 5.75×spacing(x)（中位等效倍数；= nulp×spacing + noise，noise 来源见调用点注释与 README §5.3）) | δ=noise ≥ spacing/2 ⇒ 全部 3840 个元素记为「边界元素」（非舍入噪声大于网格步长，分类退化）⇒ 判定用绝对界（网格项 + 非舍入项）
[check_ref] PASS S7 H_swiglu slot504: n=1920 越界=0（非有限 0） | dev-ref| mean=1.149e-04 p50=4.262e-05 p90=2.825e-04 p99=9.439e-04 max=3.545e-03 | 最差占预算=0.332 (tol = 3.88×spacing(x)（中位等效倍数；= nulp×spacing + noise，noise 来源见调用点注释与 README §5.3）) | 常规 1 / 边界 1919（δ=noise；绝对界已覆盖方向翻转）
[check_ref] PASS S8 Y slot504: n=7680 越界=0（非有限 0） | dev-ref| mean=5.318e-05 p50=3.052e-05 p90=1.221e-04 p99=2.441e-04 max=8.545e-04 | 最差占预算=0.889 (tol = 1.44×spacing(x)（中位等效倍数；= nulp×spacing + noise，noise 来源见调用点注释与 README §5.3）) | 常规 1764 / 边界 5916（δ=noise；绝对界已覆盖方向翻转）
[check_ref] PASS S6 GU slot505 (t=2): n=2560 越界=0（非有限 0） | dev-ref| mean=5.703e-04 p50=3.662e-04 p90=1.465e-03 p99=3.102e-03 max=3.906e-03 | 最差占预算=0.462 (tol = 5.68×spacing(x)（中位等效倍数；= nulp×spacing + noise，noise 来源见调用点注释与 README §5.3）) | δ=noise ≥ spacing/2 ⇒ 全部 2560 个元素记为「边界元素」（非舍入噪声大于网格步长，分类退化）⇒ 判定用绝对界（网格项 + 非舍入项）
[check_ref] PASS S7 H_swiglu slot505: n=1280 越界=0（非有限 0） | dev-ref| mean=1.225e-04 p50=4.174e-05 p90=3.228e-04 p99=1.240e-03 max=2.601e-03 | 最差占预算=0.326 (tol = 3.84×spacing(x)（中位等效倍数；= nulp×spacing + noise，noise 来源见调用点注释与 README §5.3）) | δ=noise ≥ spacing/2 ⇒ 全部 1280 个元素记为「边界元素」（非舍入噪声大于网格步长，分类退化）⇒ 判定用绝对界（网格项 + 非舍入项）
[check_ref] PASS S8 Y slot505: n=5120 越界=0（非有限 0） | dev-ref| mean=5.701e-05 p50=3.052e-05 p90=1.221e-04 p99=2.747e-04 max=4.883e-04 | 最差占预算=0.930 (tol = 1.43×spacing(x)（中位等效倍数；= nulp×spacing + noise，noise 来源见调用点注释与 README §5.3）) | 常规 1358 / 边界 3762（δ=noise；绝对界已覆盖方向翻转）
[check_ref] PASS S6 GU slot506 (t=1): n=1280 越界=0（非有限 0） | dev-ref| mean=5.821e-04 p50=2.441e-04 p90=1.465e-03 p99=2.930e-03 max=3.906e-03 | 最差占预算=0.476 (tol = 5.76×spacing(x)（中位等效倍数；= nulp×spacing + noise，noise 来源见调用点注释与 README §5.3）) | δ=noise ≥ spacing/2 ⇒ 全部 1280 个元素记为「边界元素」（非舍入噪声大于网格步长，分类退化）⇒ 判定用绝对界（网格项 + 非舍入项）
[check_ref] PASS S7 H_swiglu slot506: n=640 越界=0（非有限 0） | dev-ref| mean=1.385e-04 p50=4.461e-05 p90=3.301e-04 p99=9.368e-04 max=7.453e-03 | 最差占预算=0.317 (tol = 3.81×spacing(x)（中位等效倍数；= nulp×spacing + noise，noise 来源见调用点注释与 README §5.3）) | δ=noise ≥ spacing/2 ⇒ 全部 640 个元素记为「边界元素」（非舍入噪声大于网格步长，分类退化）⇒ 判定用绝对界（网格项 + 非舍入项）
[check_ref] PASS S8 Y slot506: n=2560 越界=0（非有限 0） | dev-ref| mean=6.261e-05 p50=3.052e-05 p90=1.526e-04 p99=3.662e-04 max=4.883e-04 | 最差占预算=0.911 (tol = 1.39×spacing(x)（中位等效倍数；= nulp×spacing + noise，noise 来源见调用点注释与 README §5.3）) | 常规 692 / 边界 1868（δ=noise；绝对界已覆盖方向翻转）
[check_ref] PASS S6 GU slot507 (t=2): n=2560 越界=0（非有限 0） | dev-ref| mean=5.172e-04 p50=3.662e-04 p90=1.343e-03 p99=2.808e-03 max=3.784e-03 | 最差占预算=0.477 (tol = 5.44×spacing(x)（中位等效倍数；= nulp×spacing + noise，noise 来源见调用点注释与 README §5.3）) | δ=noise ≥ spacing/2 ⇒ 全部 2560 个元素记为「边界元素」（非舍入噪声大于网格步长，分类退化）⇒ 判定用绝对界（网格项 + 非舍入项）
[check_ref] PASS S7 H_swiglu slot507: n=1280 越界=0（非有限 0） | dev-ref| mean=1.011e-04 p50=3.626e-05 p90=2.433e-04 p99=9.002e-04 max=1.952e-03 | 最差占预算=0.323 (tol = 3.84×spacing(x)（中位等效倍数；= nulp×spacing + noise，noise 来源见调用点注释与 README §5.3）) | δ=noise ≥ spacing/2 ⇒ 全部 1280 个元素记为「边界元素」（非舍入噪声大于网格步长，分类退化）⇒ 判定用绝对界（网格项 + 非舍入项）
[check_ref] PASS S8 Y slot507: n=5120 越界=0（非有限 0） | dev-ref| mean=4.482e-05 p50=3.052e-05 p90=1.221e-04 p99=2.441e-04 max=7.935e-04 | 最差占预算=0.926 (tol = 1.45×spacing(x)（中位等效倍数；= nulp×spacing + noise，noise 来源见调用点注释与 README §5.3）) | 常规 1369 / 边界 3751（δ=noise；绝对界已覆盖方向翻转）
[check_ref] PASS S6 GU slot508 (t=4): n=5120 越界=0（非有限 0） | dev-ref| mean=5.029e-04 p50=2.441e-04 p90=1.221e-03 p99=2.686e-03 max=3.784e-03 | 最差占预算=0.464 (tol = 5.49×spacing(x)（中位等效倍数；= nulp×spacing + noise，noise 来源见调用点注释与 README §5.3）) | δ=noise ≥ spacing/2 ⇒ 全部 5120 个元素记为「边界元素」（非舍入噪声大于网格步长，分类退化）⇒ 判定用绝对界（网格项 + 非舍入项）
[check_ref] PASS S7 H_swiglu slot508: n=2560 越界=0（非有限 0） | dev-ref| mean=9.744e-05 p50=3.621e-05 p90=2.326e-04 p99=8.552e-04 max=3.856e-03 | 最差占预算=0.328 (tol = 3.82×spacing(x)（中位等效倍数；= nulp×spacing + noise，noise 来源见调用点注释与 README §5.3）) | 常规 2 / 边界 2558（δ=noise；绝对界已覆盖方向翻转）
[check_ref] PASS S8 Y slot508: n=10240 越界=0（非有限 0） | dev-ref| mean=4.349e-05 p50=3.052e-05 p90=1.221e-04 p99=2.441e-04 max=4.883e-04 | 最差占预算=0.918 (tol = 1.46×spacing(x)（中位等效倍数；= nulp×spacing + noise，noise 来源见调用点注释与 README §5.3）) | 常规 2714 / 边界 7526（δ=noise；绝对界已覆盖方向翻转）
[check_ref] PASS S6 GU slot511 (t=1): n=1280 越界=0（非有限 0） | dev-ref| mean=4.715e-04 p50=2.441e-04 p90=1.221e-03 p99=1.953e-03 max=3.540e-03 | 最差占预算=0.442 (tol = 5.29×spacing(x)（中位等效倍数；= nulp×spacing + noise，noise 来源见调用点注释与 README §5.3）) | δ=noise ≥ spacing/2 ⇒ 全部 1280 个元素记为「边界元素」（非舍入噪声大于网格步长，分类退化）⇒ 判定用绝对界（网格项 + 非舍入项）
[check_ref] PASS S7 H_swiglu slot511: n=640 越界=0（非有限 0） | dev-ref| mean=7.930e-05 p50=3.447e-05 p90=2.123e-04 p99=5.989e-04 max=9.668e-04 | 最差占预算=0.331 (tol = 3.86×spacing(x)（中位等效倍数；= nulp×spacing + noise，noise 来源见调用点注释与 README §5.3）) | δ=noise ≥ spacing/2 ⇒ 全部 640 个元素记为「边界元素」（非舍入噪声大于网格步长，分类退化）⇒ 判定用绝对界（网格项 + 非舍入项）
[check_ref] PASS S8 Y slot511: n=2560 越界=0（非有限 0） | dev-ref| mean=2.862e-05 p50=3.052e-05 p90=6.104e-05 p99=1.526e-04 max=2.441e-04 | 最差占预算=0.909 (tol = 1.48×spacing(x)（中位等效倍数；= nulp×spacing + noise，noise 来源见调用点注释与 README §5.3）) | 常规 784 / 边界 1776（δ=noise；绝对界已覆盖方向翻转）
[check_ref] PASS S7 H_qx 逐字节 vs numpy(MxQuant 硬件规范): 0/105600 字节不符
[check_ref] PASS S7 H_scale 逐字节 vs numpy(MxQuant 硬件规范): 0/6600 字节不符
[check_ref] PASS S6 GU_shd (真实共享专家): n=42240 越界=0（非有限 0） | dev-ref| mean=4.242e-04 p50=2.441e-04 p90=9.766e-04 p99=1.953e-03 max=7.568e-03 | 最差占预算=0.716 (tol = 6.32×spacing(x)（中位等效倍数；= nulp×spacing + noise，noise 来源见调用点注释与 README §5.3）) | 常规 2 / 边界 42238（δ=noise；绝对界已覆盖方向翻转）
[check_ref] PASS S7 H_shd: n=21120 越界=0（非有限 0） | dev-ref| mean=7.074e-05 p50=2.381e-05 p90=1.781e-04 p99=7.324e-04 max=7.224e-03 | 最差占预算=0.331 (tol = 3.86×spacing(x)（中位等效倍数；= nulp×spacing + noise，noise 来源见调用点注释与 README §5.3）) | 常规 6 / 边界 21114（δ=noise；绝对界已覆盖方向翻转）
[check_ref] PASS S7 H_shd_qx 逐字节 vs numpy: 0/10560
[check_ref] PASS S7 H_shd_scale 逐字节 vs numpy: 0/660
[check_ref] PASS S8 Y_shd: n=84480 越界=0（非有限 0） | dev-ref| mean=2.429e-05 p50=1.526e-05 p90=6.104e-05 p99=1.221e-04 max=1.892e-03 | 最差占预算=0.943 (tol = 1.42×spacing(x)（中位等效倍数；= nulp×spacing + noise，noise 来源见调用点注释与 README §5.3）) | 常规 29807 / 边界 54673（δ=noise；绝对界已覆盖方向翻转）
[check_ref] PASS S9a routed_output (加权折叠): n=84480 越界=0（非有限 0） | dev-ref| mean=2.166e-05 p50=1.340e-05 p90=5.314e-05 p99=1.125e-04 max=4.541e-04 | 最差占预算=0.999 (tol = 1×spacing(x)（中位等效倍数；= nulp×spacing + noise，noise 来源见调用点注释与 README §5.3）) | 常规 83646 / 边界 834（δ=noise；绝对界已覆盖方向翻转）
[check_ref] PASS S9b shared_output (sigmoid(g)·Y_shd): n=84480 越界=0（非有限 0） | dev-ref| mean=1.177e-05 p50=6.563e-06 p90=2.782e-05 p99=6.055e-05 max=1.173e-03 | 最差占预算=0.322 (tol = 3.84×spacing(x)（中位等效倍数；= nulp×spacing + noise，noise 来源见调用点注释与 README §5.3）) | 常规 27 / 边界 84453（δ=noise；绝对界已覆盖方向翻转）
[check_ref] PASS S9b moe_output (routed + 未取整 gated shared): n=84480 越界=0（非有限 0） | dev-ref| mean=2.592e-05 p50=1.535e-05 p90=5.933e-05 p99=1.203e-04 max=1.710e-03 | 最差占预算=0.992 (tol = 2.28×spacing(x)（中位等效倍数；= nulp×spacing + noise，noise 来源见调用点注释与 README §5.3）) | 常规 9736 / 边界 74744（δ=noise；绝对界已覆盖方向翻转）
[check_ref] PASS S10 y_final (RMSNorm#2 over res2, gamma=真实 hc_norm): n=84480 越界=0（非有限 0） | dev-ref| mean=4.878e-04 p50=2.563e-04 p90=1.265e-03 p99=3.187e-03 max=2.841e-02 | 最差占预算=0.332 (tol = 3.84×spacing(x)（中位等效倍数；= nulp×spacing + noise，noise 来源见调用点注释与 README §5.3）) | 常规 36 / 边界 84444（δ=noise；绝对界已覆盖方向翻转）
[check_ref] PASS S10 res2 (fp32(res1+bf16(moe)) 逐位): 0/84480 不符
[check_ref] PASS e2e router ids == device topk_ids（链上重算）: 0/330 元素不符
[check_ref] PASS e2e counts == device counts: 0/512 元素不符
[check_ref] PASS e2e 链上量化字节 == device 字节（A_qx/A_scale/H_qx/H_scale）: 0/561000 字节不符（A 侧应 0：x_sorted 逐位一致；H 侧差异来自 GU 的舍入）
[check_ref] PASS e2e moe_output（A 链，输入=真实 x）: n=84480 越界=0（非有限 0） | dev-ref| mean=4.516e-11 p50=0.000e+00 p90=0.000e+00 p99=0.000e+00 max=1.907e-06 | 最差占预算=0.527 (tol = 3.83×spacing(x)（中位等效倍数；= nulp×spacing + noise，noise 来源见调用点注释与 README §5.3）) | δ=noise ≥ spacing/2 ⇒ 全部 84480 个元素记为「边界元素」（非舍入噪声大于网格步长，分类退化）⇒ 判定用绝对界（网格项 + 非舍入项）
[check_ref] PASS e2e y_final（A 链，输入=真实 x）: n=84480 越界=0（非有限 0） | dev-ref| mean=4.624e-08 p50=0.000e+00 p90=0.000e+00 p99=0.000e+00 max=3.906e-03 | 最差占预算=0.584 (tol = 3.83×spacing(x)（中位等效倍数；= nulp×spacing + noise，noise 来源见调用点注释与 README §5.3）) | 常规 36 / 边界 84444（δ=noise；绝对界已覆盖方向翻转）
[check_ref] PASS W1 量化规则方向定点（amax∈{0.5,1,2} ⇒ scale 字节 124/125/126、code 6、反量化回 amax；设备无关、规则不敏感）: quant_hw: byte=(124, 125, 126) code=(6, 6, 6) 反量化=(0.5, 1.0, 2.0) | quantize_ocp: byte=(124, 125, 126) code=(6, 6, 6) 反量化=(0.5, 1.0, 2.0)
[check_ref] PASS 自检-W2 负向对照：方向反的 legacy 规则必须在定点上分叉（code ≠ 6）: 方向反（x × 2^(byte−127)）：code=(0, 1, 2)，而 scale 字节与正确规则**逐字节相同** = (124, 125, 126) ⇒ 只比 scale 字节的 vf-probe 对 data 侧翻转完全无感（M59 §6 第 3 步）
[check_ref] PASS W3 角落平价：quant_hw == tools/golden::quantize_ocp（±Inf/NaN / 次正规 / 全零，逐字节；设备无关）: ±Inf/NaN 组: byte=(255, 255) code=((0, 0, 0, 0), (0, 0, 0, 0)) == quantize_ocp | 次正规/最小正规组: byte=(0, 0) code=((0, 0, 0, 0), (8, 0, 0, 0)) == quantize_ocp | 全零组: byte=(0,) code=((0, 0, 0, 0),) == quantize_ocp
[check_ref] PASS 自检-W3n 负向对照：M60 修复前的镜像必须在角落上与官方分叉: f0286f6:m17_moe_real/check_ref.py::quant_hw：与 quantize_ocp 失配 5/85 字节（+Inf 组给 scale 253/code 7，官方 255/code 0；`amax=2⁻¹²⁶` 组给 code 4，官方 code 0）⇒ M29 以来既有判据从未覆盖这两个角落（真实数据 0 个这样的组）
[check_ref] PASS W4 device 量化字节 == tools/golden::quantize_ocp（A/H routed + 共享，含 scale 与 nibble，逐字节；S1 输入 + 同源转录规则）: 0/617100 字节不符
[check_ref] PASS 自检-W4n 负向对照：方向反的 legacy 规则 vs device 字节必须失配: 545160/617100 字节不符 = 88.3%（M59 在 m3 上的归档同类读数 94.8%、在 m1 golden 上 44.2%）
[check_ref] PASS W5 设备侧方向定点：每个活动组的 |amax| 元素码必须 ∈ {6,7}（= 值 4.0/6.0）: 违反 0/36300 组（A/H routed + 共享；分母 = 全部活动组）
[check_ref] PASS 自检-W5n 负向对照：方向反的规则在同一统计上必须违反: 违反 35716/36300 组 ⇒ 该统计对方向翻转是活的
[check_ref] PASS W6 值域往返：|dequant(device H 字节) − h_ref| ≤ 2·scale + (1×spacing + EPS_FAST·|h_ref|)（h_ref = host double SwiGLU，**不由 device 字节反推**）: n=232320 越界=0 | |Δ| p50=8.977e-03 p99=7.711e-02 max=5.240e-01 | 预算 max=2.051e+00 最差占预算=0.955 | 相对误差（h_ref ≠ 0，p50/p99/max）=2.403e-01/1.000e+00/1.004e+00
[check_ref] PASS 自检-W6n 负向对照：方向反的编码在同一判据上必须越界: 越界=37159/232320 | 相对误差 p50/max=1.000e+00/1.000e+00（同口径下 M59 在 m3 上的归档读数 = p50 142 / max 5.79e76；本数据组的尺度更小，方向反后码被压到 0，相对误差饱和在 1.0 —— 这也是本判据用**绝对界 + 预算比**而不是相对误差作判定的原因）
[check_ref] ===== 判定项 545 条，545 PASS / 0 FAIL （分段 529 + e2e 5 + 量化规则见证 11，其中负向自检 5）=====
[check_ref][coverage] 本次实际比较：判定项 545（分段 529 + e2e 5 + 量化规则见证 11，其中负向自检 5）；guard 1（单列）
[check_ref][coverage]   全量比较：x_norm/res1/logits(全部 512 个专家)/topk_ids/topk_weights/perm_src/perm_expert/inv_slot/w_tk_packed/sgate/x_sorted(前 330 行)/routed/shared/moe/y_final/res2（m=33 行全部元素）
[check_ref][coverage]   部分比较：A/H 量化字节与 GU/h_swiglu/Y/共享四段只比**非空槽位的前 t_e 行**（活动槽 167/512，跳过 345 个空槽）
[check_ref][coverage]   不在本脚本范围（各由 host 不变量 / guard / device 日志见证）：counts 与 offsets 的前缀和一致性、t_e∈[0,64]、ids 范围与行内唯一、perm 分组有序、inv_slot 自洽、w_tk 低 16 位、全体有限、topk 行和≈1、offsets[E+1] 之后的诊断槽
[check_ref][coverage]   量化规则见证（M60）的三态分栏：**W1/W2/W3/W3n 设备无关**（只吃合成输入，不读 dump；可与装置无关地复跑）；**W0/W4/W4n/W5/W5n/W6/W6n 吃已归档 dump**（`W0` 读整段 `ws_*.bin` 的 sha256，其余读段内字节；身份与 `evidence/dump_manifest.md` 逐份核对），覆盖 = 全部 167 个活动槽（A/H routed + 共享）的**前 t_e 行**，即 617100 个 A/H 量化字节与 36300 个活动组 —— 计数与匹配器同源（同一循环，不另写数字）；**不在覆盖内**：空槽（345 个）与各行 padding、scale 行距尾部字节（`hs[:, :, 20:]` 等 device 不写或不用的槽位）、`W6` 的 h_ref 自身误差（由 S7 判据见证，本判据只把它的界并入预算）
[check_ref][coverage]   ⇒ **本脚本的 OK 不等于「整个 workspace 都比过了」**：空槽位/各段 padding 行/上述 host 侧项不在**内容**判据的比较范围（负向对照见 README §5.3.1：**在归档 dump 上篡改空槽位或行距尾部的字节 ⇒ 内容判据仍全 OK，但 `W0` 会因整段 sha 变化而 FAIL** —— 此时要按「**除 W0 外全 PASS**」读；内容是覆盖边界、不是漏判。历史口径：M29 时这条篡改只报「内容判据 OK」，M60 新增的 `W0`（整段身份 pin）把它变成「内容 OK + 身份 FAIL」，逐条对照见 README §5.3.1 的「M29 → M60 的一处行为变化」注）
[check_ref] RESULT: OK (545 条判定项全部比较通过：分段判据 529 + e2e 链 5 + 量化规则见证 11（含负向自检 5）；另有 1 条非空洞性 guard 单列、未计入)
exit=0

########## layer0_tok1000_m64 (/tmp/m17_accept) ##########
[check_ref] dump=/tmp/m17_accept tag=layer0_tok1000_m64
[check_ref] layer=0 token=1000 m=64
[check_ref] 真实权重装载完成（独立 safetensors 路径）：E=512 专家，gate_up packed 0.781 GiB
[check_ref][guard] 非空洞性：Σt_e=640 == m·topk=640；perm/counts/inv 数组非空
[check_ref][报告] e2e A/B 链差（S1 残差放大）：moe max=3.052e-05 y_final max=9.766e-04
[check_ref][报告] W6b 值域往返的 **S1-free 变体**：h_ref 取 §5.4 的 A 链（输入 = 真实 x，全程不取 device 中间量）⇒ n=450560 | |Δ| p50=9.033e-03 p99=7.812e-02 max=5.312e-01 | 同预算下最差占预算=0.947 越界=0/450560 | 相对误差 p50/max=2.427e-01/1.000e+00
[check_ref][报告] W6/W4/W5 的自指形态：W4/W5/W6 的**输入**都含 device 中间量（`x_sorted` / `bf16 GU` / `xnorm`）⇒ 按 M59 §1 记为 **S1（隔离判据）**，**不得计入「独立端到端」**；W4 的规则来自 `quantize_ocp` ⇒ **同源转录**（非两处独立）。规则不敏感的那一半是 W1/W5/W6 的「方向 + 值域」口径 —— 它们只引用 MXFP4 group32 的数学（量化实现只以「两份转写并列」的形式出现，不拿其一当基准）。
[check_ref][参考] A_qx(routed): device 字节 vs「golden 权重 ceil 规范」量化器 340190/819200 不同 = 41.5%
[check_ref][参考] A_scale(routed): device 字节 vs「golden 权重 ceil 规范」量化器 21940/51200 不同 = 42.9%
[check_ref][参考] IG 诊断槽(offsets[E+8]) = 0（0 = 无越界 ids）

[check_ref] PASS W0 dump 身份 pin：本轮的 ws_*.bin 整段 sha256 == evidence/dump_manifest.md: 2ce489114a973d598a26fcf683a3e09489e2c79c879d7b8ab995417abe3697ed vs 2ce489114a973d598a26fcf683a3e09489e2c79c879d7b8ab995417abe3697ed（= 归档字节）
[check_ref] PASS S1 x_norm (RMSNorm#1, gamma=真实 hc_norm): n=163840 越界=0（非有限 0） | dev-ref| mean=7.452e-04 p50=4.039e-04 p90=1.820e-03 p99=3.902e-03 max=2.434e-02 | 最差占预算=0.332 (tol = 3.83×spacing(x)（中位等效倍数；= nulp×spacing + noise，noise 来源见调用点注释与 README §5.3）) | δ=noise ≥ spacing/2 ⇒ 全部 163840 个元素记为「边界元素」（非舍入噪声大于网格步长，分类退化）⇒ 判定用绝对界（网格项 + 非舍入项）
[check_ref] PASS S1 res1 (残差 = bf16 层输入, fp32 逐位): 0/163840 元素不符
[check_ref] PASS S2 logits (x_norm·Wᵀ, max-shift): n=32768 越界=0（非有限 0） | dev-ref| mean=2.071e-07 p50=1.596e-07 p90=4.320e-07 p99=1.039e-06 max=1.840e-06 | 最差占预算=0.020 (tol = 0.0142×spacing(x)（中位等效倍数；= nulp×spacing + noise，noise 来源见调用点注释与 README §5.3）) | 常规 31709 / 边界 1059（δ=noise；绝对界已覆盖方向翻转）
[check_ref] PASS S2 topk_ids (降序/并列取小 id): 0/640 元素不符
[check_ref] PASS S2 topk_weights (renorm): n=640 越界=0（非有限 0） | dev-ref| mean=1.364e-08 p50=8.153e-09 p90=2.945e-08 p99=9.467e-08 max=1.828e-07 | 最差占预算=0.000 (tol = 3.77×spacing(x)（中位等效倍数；= nulp×spacing + noise，noise 来源见调用点注释与 README §5.3）) | δ=noise ≥ spacing/2 ⇒ 全部 640 个元素记为「边界元素」（非舍入噪声大于网格步长，分类退化）⇒ 判定用绝对界（网格项 + 非舍入项）
[check_ref] PASS S2 sgate (共享门裸点积): n=64 越界=0（非有限 0） | dev-ref| mean=1.780e-08 p50=1.604e-08 p90=3.406e-08 p99=5.238e-08 max=5.420e-08 | 最差占预算=0.002 (tol = 0.063×spacing(x)（中位等效倍数；= nulp×spacing + noise，noise 来源见调用点注释与 README §5.3）) | 常规 52 / 边界 12（δ=noise；绝对界已覆盖方向翻转）
[check_ref] PASS S3 perm_src (计数排序, 稳定): 0/640 元素不符
[check_ref] PASS S3 perm_expert: 0/640 元素不符
[check_ref] PASS S3 counts: 0/512 元素不符
[check_ref] PASS S3 inv_slot (=e*M_MAX+槽位行号): 0/640 元素不符
[check_ref] PASS S3 w_tk_packed (低16位=bf16(权重)): 0/640 元素不符
[check_ref] PASS S4 x_sorted = gather(x_norm, perm_src): 0/1638400 元素不符
[check_ref] PASS S5 A_qx 逐字节 vs numpy(MxQuant 硬件规范): 0/819200 字节不符
[check_ref] PASS S5 A_scale 逐字节 vs numpy(MxQuant 硬件规范): 0/51200 字节不符
[check_ref] PASS S5 A_shd_qx 逐字节 vs numpy: 0/81920
[check_ref] PASS S5 A_shd_scale 逐字节 vs numpy: 0/5120
[check_ref] PASS S6 GU slot0 (t=5): n=6400 越界=0（非有限 0） | dev-ref| mean=5.523e-04 p50=3.662e-04 p90=1.465e-03 p99=2.930e-03 max=3.906e-03 | 最差占预算=0.470 (tol = 5.67×spacing(x)（中位等效倍数；= nulp×spacing + noise，noise 来源见调用点注释与 README §5.3）) | δ=noise ≥ spacing/2 ⇒ 全部 6400 个元素记为「边界元素」（非舍入噪声大于网格步长，分类退化）⇒ 判定用绝对界（网格项 + 非舍入项）
[check_ref] PASS S7 H_swiglu slot0: n=3200 越界=0（非有限 0） | dev-ref| mean=1.178e-04 p50=4.591e-05 p90=3.076e-04 p99=9.123e-04 max=3.792e-03 | 最差占预算=0.322 (tol = 3.83×spacing(x)（中位等效倍数；= nulp×spacing + noise，noise 来源见调用点注释与 README §5.3）) | δ=noise ≥ spacing/2 ⇒ 全部 3200 个元素记为「边界元素」（非舍入噪声大于网格步长，分类退化）⇒ 判定用绝对界（网格项 + 非舍入项）
[check_ref] PASS S8 Y slot0: n=12800 越界=0（非有限 0） | dev-ref| mean=5.007e-05 p50=3.052e-05 p90=1.221e-04 p99=2.441e-04 max=6.104e-04 | 最差占预算=0.924 (tol = 1.48×spacing(x)（中位等效倍数；= nulp×spacing + noise，noise 来源见调用点注释与 README §5.3）) | 常规 3359 / 边界 9441（δ=noise；绝对界已覆盖方向翻转）
[check_ref] PASS S6 GU slot1 (t=1): n=1280 越界=0（非有限 0） | dev-ref| mean=6.089e-04 p50=4.883e-04 p90=1.465e-03 p99=3.418e-03 max=3.906e-03 | 最差占预算=0.487 (tol = 5.54×spacing(x)（中位等效倍数；= nulp×spacing + noise，noise 来源见调用点注释与 README §5.3）) | δ=noise ≥ spacing/2 ⇒ 全部 1280 个元素记为「边界元素」（非舍入噪声大于网格步长，分类退化）⇒ 判定用绝对界（网格项 + 非舍入项）
[check_ref] PASS S7 H_swiglu slot1: n=640 越界=0（非有限 0） | dev-ref| mean=1.452e-04 p50=4.819e-05 p90=3.820e-04 p99=1.579e-03 max=3.435e-03 | 最差占预算=0.322 (tol = 3.84×spacing(x)（中位等效倍数；= nulp×spacing + noise，noise 来源见调用点注释与 README §5.3）) | δ=noise ≥ spacing/2 ⇒ 全部 640 个元素记为「边界元素」（非舍入噪声大于网格步长，分类退化）⇒ 判定用绝对界（网格项 + 非舍入项）
[check_ref] PASS S8 Y slot1: n=2560 越界=0（非有限 0） | dev-ref| mean=7.493e-05 p50=6.104e-05 p90=1.831e-04 p99=4.272e-04 max=1.709e-03 | 最差占预算=0.924 (tol = 1.43×spacing(x)（中位等效倍数；= nulp×spacing + noise，noise 来源见调用点注释与 README §5.3）) | 常规 928 / 边界 1632（δ=noise；绝对界已覆盖方向翻转）
[check_ref] PASS S6 GU slot2 (t=3): n=3840 越界=0（非有限 0） | dev-ref| mean=5.517e-04 p50=3.052e-04 p90=1.465e-03 p99=2.882e-03 max=3.906e-03 | 最差占预算=0.457 (tol = 5.75×spacing(x)（中位等效倍数；= nulp×spacing + noise，noise 来源见调用点注释与 README §5.3）) | δ=noise ≥ spacing/2 ⇒ 全部 3840 个元素记为「边界元素」（非舍入噪声大于网格步长，分类退化）⇒ 判定用绝对界（网格项 + 非舍入项）
[check_ref] PASS S7 H_swiglu slot2: n=1920 越界=0（非有限 0） | dev-ref| mean=1.053e-04 p50=4.131e-05 p90=2.539e-04 p99=9.238e-04 max=3.156e-03 | 最差占预算=0.328 (tol = 3.81×spacing(x)（中位等效倍数；= nulp×spacing + noise，noise 来源见调用点注释与 README §5.3）) | δ=noise ≥ spacing/2 ⇒ 全部 1920 个元素记为「边界元素」（非舍入噪声大于网格步长，分类退化）⇒ 判定用绝对界（网格项 + 非舍入项）
[check_ref] PASS S8 Y slot2: n=7680 越界=0（非有限 0） | dev-ref| mean=4.546e-05 p50=3.052e-05 p90=1.221e-04 p99=2.441e-04 max=4.883e-04 | 最差占预算=0.908 (tol = 1.51×spacing(x)（中位等效倍数；= nulp×spacing + noise，noise 来源见调用点注释与 README §5.3）) | 常规 1801 / 边界 5879（δ=noise；绝对界已覆盖方向翻转）
[check_ref] PASS S6 GU slot7 (t=3): n=3840 越界=0（非有限 0） | dev-ref| mean=5.661e-04 p50=3.662e-04 p90=1.465e-03 p99=3.174e-03 max=3.906e-03 | 最差占预算=0.462 (tol = 5.71×spacing(x)（中位等效倍数；= nulp×spacing + noise，noise 来源见调用点注释与 README §5.3）) | δ=noise ≥ spacing/2 ⇒ 全部 3840 个元素记为「边界元素」（非舍入噪声大于网格步长，分类退化）⇒ 判定用绝对界（网格项 + 非舍入项）
[check_ref] PASS S7 H_swiglu slot7: n=1920 越界=0（非有限 0） | dev-ref| mean=1.196e-04 p50=4.545e-05 p90=3.183e-04 p99=9.523e-04 max=3.175e-03 | 最差占预算=0.329 (tol = 3.85×spacing(x)（中位等效倍数；= nulp×spacing + noise，noise 来源见调用点注释与 README §5.3）) | δ=noise ≥ spacing/2 ⇒ 全部 1920 个元素记为「边界元素」（非舍入噪声大于网格步长，分类退化）⇒ 判定用绝对界（网格项 + 非舍入项）
[check_ref] PASS S8 Y slot7: n=7680 越界=0（非有限 0） | dev-ref| mean=5.375e-05 p50=3.052e-05 p90=1.221e-04 p99=2.441e-04 max=4.883e-04 | 最差占预算=0.915 (tol = 1.46×spacing(x)（中位等效倍数；= nulp×spacing + noise，noise 来源见调用点注释与 README §5.3）) | 常规 1712 / 边界 5968（δ=noise；绝对界已覆盖方向翻转）
[check_ref] PASS S6 GU slot10 (t=1): n=1280 越界=0（非有限 0） | dev-ref| mean=5.692e-04 p50=4.883e-04 p90=1.465e-03 p99=2.930e-03 max=3.906e-03 | 最差占预算=0.461 (tol = 5.65×spacing(x)（中位等效倍数；= nulp×spacing + noise，noise 来源见调用点注释与 README §5.3）) | δ=noise ≥ spacing/2 ⇒ 全部 1280 个元素记为「边界元素」（非舍入噪声大于网格步长，分类退化）⇒ 判定用绝对界（网格项 + 非舍入项）
[check_ref] PASS S7 H_swiglu slot10: n=640 越界=0（非有限 0） | dev-ref| mean=1.253e-04 p50=4.864e-05 p90=3.362e-04 p99=9.145e-04 max=2.775e-03 | 最差占预算=0.327 (tol = 3.78×spacing(x)（中位等效倍数；= nulp×spacing + noise，noise 来源见调用点注释与 README §5.3）) | δ=noise ≥ spacing/2 ⇒ 全部 640 个元素记为「边界元素」（非舍入噪声大于网格步长，分类退化）⇒ 判定用绝对界（网格项 + 非舍入项）
[check_ref] PASS S8 Y slot10: n=2560 越界=0（非有限 0） | dev-ref| mean=6.008e-05 p50=3.052e-05 p90=1.526e-04 p99=3.662e-04 max=4.883e-04 | 最差占预算=0.931 (tol = 1.42×spacing(x)（中位等效倍数；= nulp×spacing + noise，noise 来源见调用点注释与 README §5.3）) | 常规 703 / 边界 1857（δ=noise；绝对界已覆盖方向翻转）
[check_ref] PASS S6 GU slot11 (t=1): n=1280 越界=0（非有限 0） | dev-ref| mean=5.754e-04 p50=4.883e-04 p90=1.465e-03 p99=3.418e-03 max=3.906e-03 | 最差占预算=0.465 (tol = 5.74×spacing(x)（中位等效倍数；= nulp×spacing + noise，noise 来源见调用点注释与 README §5.3）) | δ=noise ≥ spacing/2 ⇒ 全部 1280 个元素记为「边界元素」（非舍入噪声大于网格步长，分类退化）⇒ 判定用绝对界（网格项 + 非舍入项）
[check_ref] PASS S7 H_swiglu slot11: n=640 越界=0（非有限 0） | dev-ref| mean=1.280e-04 p50=4.755e-05 p90=3.644e-04 p99=9.799e-04 max=1.943e-03 | 最差占预算=0.321 (tol = 3.86×spacing(x)（中位等效倍数；= nulp×spacing + noise，noise 来源见调用点注释与 README §5.3）) | δ=noise ≥ spacing/2 ⇒ 全部 640 个元素记为「边界元素」（非舍入噪声大于网格步长，分类退化）⇒ 判定用绝对界（网格项 + 非舍入项）
[check_ref] PASS S8 Y slot11: n=2560 越界=0（非有限 0） | dev-ref| mean=5.128e-05 p50=3.052e-05 p90=1.221e-04 p99=2.441e-04 max=6.104e-04 | 最差占预算=0.915 (tol = 1.5×spacing(x)（中位等效倍数；= nulp×spacing + noise，noise 来源见调用点注释与 README §5.3）) | 常规 751 / 边界 1809（δ=noise；绝对界已覆盖方向翻转）
[check_ref] PASS S6 GU slot15 (t=6): n=7680 越界=0（非有限 0） | dev-ref| mean=5.406e-04 p50=2.441e-04 p90=1.465e-03 p99=2.930e-03 max=3.906e-03 | 最差占预算=0.478 (tol = 5.65×spacing(x)（中位等效倍数；= nulp×spacing + noise，noise 来源见调用点注释与 README §5.3）) | δ=noise ≥ spacing/2 ⇒ 全部 7680 个元素记为「边界元素」（非舍入噪声大于网格步长，分类退化）⇒ 判定用绝对界（网格项 + 非舍入项）
[check_ref] PASS S7 H_swiglu slot15: n=3840 越界=0（非有限 0） | dev-ref| mean=1.142e-04 p50=4.523e-05 p90=2.713e-04 p99=9.722e-04 max=3.726e-03 | 最差占预算=0.330 (tol = 3.84×spacing(x)（中位等效倍数；= nulp×spacing + noise，noise 来源见调用点注释与 README §5.3）) | 常规 3 / 边界 3837（δ=noise；绝对界已覆盖方向翻转）
[check_ref] PASS S8 Y slot15: n=15360 越界=0（非有限 0） | dev-ref| mean=4.962e-05 p50=3.052e-05 p90=1.221e-04 p99=2.441e-04 max=4.883e-04 | 最差占预算=0.920 (tol = 1.5×spacing(x)（中位等效倍数；= nulp×spacing + noise，noise 来源见调用点注释与 README §5.3）) | 常规 3507 / 边界 11853（δ=noise；绝对界已覆盖方向翻转）
[check_ref] PASS S6 GU slot17 (t=1): n=1280 越界=0（非有限 0） | dev-ref| mean=5.687e-04 p50=4.883e-04 p90=1.465e-03 p99=3.418e-03 max=3.906e-03 | 最差占预算=0.476 (tol = 5.79×spacing(x)（中位等效倍数；= nulp×spacing + noise，noise 来源见调用点注释与 README §5.3）) | δ=noise ≥ spacing/2 ⇒ 全部 1280 个元素记为「边界元素」（非舍入噪声大于网格步长，分类退化）⇒ 判定用绝对界（网格项 + 非舍入项）
[check_ref] PASS S7 H_swiglu slot17: n=640 越界=0（非有限 0） | dev-ref| mean=1.307e-04 p50=4.671e-05 p90=3.422e-04 p99=1.420e-03 max=3.468e-03 | 最差占预算=0.321 (tol = 3.84×spacing(x)（中位等效倍数；= nulp×spacing + noise，noise 来源见调用点注释与 README §5.3）) | δ=noise ≥ spacing/2 ⇒ 全部 640 个元素记为「边界元素」（非舍入噪声大于网格步长，分类退化）⇒ 判定用绝对界（网格项 + 非舍入项）
[check_ref] PASS S8 Y slot17: n=2560 越界=0（非有限 0） | dev-ref| mean=5.521e-05 p50=6.104e-05 p90=1.221e-04 p99=2.441e-04 max=4.883e-04 | 最差占预算=0.926 (tol = 1.4×spacing(x)（中位等效倍数；= nulp×spacing + noise，noise 来源见调用点注释与 README §5.3）) | 常规 874 / 边界 1686（δ=noise；绝对界已覆盖方向翻转）
[check_ref] PASS S6 GU slot18 (t=1): n=1280 越界=0（非有限 0） | dev-ref| mean=5.411e-04 p50=2.441e-04 p90=1.465e-03 p99=2.930e-03 max=3.906e-03 | 最差占预算=0.482 (tol = 5.56×spacing(x)（中位等效倍数；= nulp×spacing + noise，noise 来源见调用点注释与 README §5.3）) | δ=noise ≥ spacing/2 ⇒ 全部 1280 个元素记为「边界元素」（非舍入噪声大于网格步长，分类退化）⇒ 判定用绝对界（网格项 + 非舍入项）
[check_ref] PASS S7 H_swiglu slot18: n=640 越界=0（非有限 0） | dev-ref| mean=9.624e-05 p50=3.753e-05 p90=2.352e-04 p99=8.561e-04 max=1.105e-03 | 最差占预算=0.331 (tol = 3.82×spacing(x)（中位等效倍数；= nulp×spacing + noise，noise 来源见调用点注释与 README §5.3）) | δ=noise ≥ spacing/2 ⇒ 全部 640 个元素记为「边界元素」（非舍入噪声大于网格步长，分类退化）⇒ 判定用绝对界（网格项 + 非舍入项）
[check_ref] PASS S8 Y slot18: n=2560 越界=0（非有限 0） | dev-ref| mean=3.863e-05 p50=3.052e-05 p90=9.155e-05 p99=2.136e-04 max=3.967e-04 | 最差占预算=0.897 (tol = 1.55×spacing(x)（中位等效倍数；= nulp×spacing + noise，noise 来源见调用点注释与 README §5.3）) | 常规 396 / 边界 2164（δ=noise；绝对界已覆盖方向翻转）
[check_ref] PASS S6 GU slot19 (t=2): n=2560 越界=0（非有限 0） | dev-ref| mean=5.414e-04 p50=2.441e-04 p90=1.465e-03 p99=2.930e-03 max=3.906e-03 | 最差占预算=0.466 (tol = 5.71×spacing(x)（中位等效倍数；= nulp×spacing + noise，noise 来源见调用点注释与 README §5.3）) | δ=noise ≥ spacing/2 ⇒ 全部 2560 个元素记为「边界元素」（非舍入噪声大于网格步长，分类退化）⇒ 判定用绝对界（网格项 + 非舍入项）
[check_ref] PASS S7 H_swiglu slot19: n=1280 越界=0（非有限 0） | dev-ref| mean=1.120e-04 p50=4.675e-05 p90=2.911e-04 p99=9.189e-04 max=1.924e-03 | 最差占预算=0.329 (tol = 3.85×spacing(x)（中位等效倍数；= nulp×spacing + noise，noise 来源见调用点注释与 README §5.3）) | δ=noise ≥ spacing/2 ⇒ 全部 1280 个元素记为「边界元素」（非舍入噪声大于网格步长，分类退化）⇒ 判定用绝对界（网格项 + 非舍入项）
[check_ref] PASS S8 Y slot19: n=5120 越界=0（非有限 0） | dev-ref| mean=4.479e-05 p50=3.052e-05 p90=1.221e-04 p99=2.441e-04 max=4.883e-04 | 最差占预算=0.892 (tol = 1.52×spacing(x)（中位等效倍数；= nulp×spacing + noise，noise 来源见调用点注释与 README §5.3）) | 常规 1153 / 边界 3967（δ=noise；绝对界已覆盖方向翻转）
[check_ref] PASS S6 GU slot21 (t=1): n=1280 越界=0（非有限 0） | dev-ref| mean=5.378e-04 p50=2.441e-04 p90=1.465e-03 p99=2.930e-03 max=3.906e-03 | 最差占预算=0.466 (tol = 5.51×spacing(x)（中位等效倍数；= nulp×spacing + noise，noise 来源见调用点注释与 README §5.3）) | δ=noise ≥ spacing/2 ⇒ 全部 1280 个元素记为「边界元素」（非舍入噪声大于网格步长，分类退化）⇒ 判定用绝对界（网格项 + 非舍入项）
[check_ref] PASS S7 H_swiglu slot21: n=640 越界=0（非有限 0） | dev-ref| mean=1.180e-04 p50=4.642e-05 p90=2.703e-04 p99=1.362e-03 max=1.953e-03 | 最差占预算=0.330 (tol = 3.84×spacing(x)（中位等效倍数；= nulp×spacing + noise，noise 来源见调用点注释与 README §5.3）) | δ=noise ≥ spacing/2 ⇒ 全部 640 个元素记为「边界元素」（非舍入噪声大于网格步长，分类退化）⇒ 判定用绝对界（网格项 + 非舍入项）
[check_ref] PASS S8 Y slot21: n=2560 越界=0（非有限 0） | dev-ref| mean=5.292e-05 p50=3.052e-05 p90=1.221e-04 p99=2.441e-04 max=4.883e-04 | 最差占预算=0.891 (tol = 1.42×spacing(x)（中位等效倍数；= nulp×spacing + noise，noise 来源见调用点注释与 README §5.3）) | 常规 549 / 边界 2011（δ=noise；绝对界已覆盖方向翻转）
[check_ref] PASS S6 GU slot24 (t=1): n=1280 越界=0（非有限 0） | dev-ref| mean=5.267e-04 p50=2.441e-04 p90=1.343e-03 p99=2.563e-03 max=3.906e-03 | 最差占预算=0.474 (tol = 5.54×spacing(x)（中位等效倍数；= nulp×spacing + noise，noise 来源见调用点注释与 README §5.3）) | δ=noise ≥ spacing/2 ⇒ 全部 1280 个元素记为「边界元素」（非舍入噪声大于网格步长，分类退化）⇒ 判定用绝对界（网格项 + 非舍入项）
[check_ref] PASS S7 H_swiglu slot24: n=640 越界=0（非有限 0） | dev-ref| mean=1.058e-04 p50=4.245e-05 p90=2.403e-04 p99=9.257e-04 max=2.284e-03 | 最差占预算=0.322 (tol = 3.81×spacing(x)（中位等效倍数；= nulp×spacing + noise，noise 来源见调用点注释与 README §5.3）) | δ=noise ≥ spacing/2 ⇒ 全部 640 个元素记为「边界元素」（非舍入噪声大于网格步长，分类退化）⇒ 判定用绝对界（网格项 + 非舍入项）
[check_ref] PASS S8 Y slot24: n=2560 越界=0（非有限 0） | dev-ref| mean=4.720e-05 p50=3.052e-05 p90=1.221e-04 p99=2.441e-04 max=4.578e-04 | 最差占预算=0.904 (tol = 1.43×spacing(x)（中位等效倍数；= nulp×spacing + noise，noise 来源见调用点注释与 README §5.3）) | 常规 617 / 边界 1943（δ=noise；绝对界已覆盖方向翻转）
[check_ref] PASS S6 GU slot25 (t=1): n=1280 越界=0（非有限 0） | dev-ref| mean=5.869e-04 p50=4.883e-04 p90=1.465e-03 p99=3.225e-03 max=3.906e-03 | 最差占预算=0.454 (tol = 5.84×spacing(x)（中位等效倍数；= nulp×spacing + noise，noise 来源见调用点注释与 README §5.3）) | δ=noise ≥ spacing/2 ⇒ 全部 1280 个元素记为「边界元素」（非舍入噪声大于网格步长，分类退化）⇒ 判定用绝对界（网格项 + 非舍入项）
[check_ref] PASS S7 H_swiglu slot25: n=640 越界=0（非有限 0） | dev-ref| mean=1.245e-04 p50=4.915e-05 p90=3.003e-04 p99=1.013e-03 max=3.650e-03 | 最差占预算=0.318 (tol = 3.89×spacing(x)（中位等效倍数；= nulp×spacing + noise，noise 来源见调用点注释与 README §5.3）) | δ=noise ≥ spacing/2 ⇒ 全部 640 个元素记为「边界元素」（非舍入噪声大于网格步长，分类退化）⇒ 判定用绝对界（网格项 + 非舍入项）
[check_ref] PASS S8 Y slot25: n=2560 越界=0（非有限 0） | dev-ref| mean=5.571e-05 p50=3.052e-05 p90=1.221e-04 p99=2.441e-04 max=4.883e-04 | 最差占预算=0.912 (tol = 1.46×spacing(x)（中位等效倍数；= nulp×spacing + noise，noise 来源见调用点注释与 README §5.3）) | 常规 624 / 边界 1936（δ=noise；绝对界已覆盖方向翻转）
[check_ref] PASS S6 GU slot30 (t=1): n=1280 越界=0（非有限 0） | dev-ref| mean=5.553e-04 p50=4.883e-04 p90=1.465e-03 p99=2.686e-03 max=3.906e-03 | 最差占预算=0.464 (tol = 5.62×spacing(x)（中位等效倍数；= nulp×spacing + noise，noise 来源见调用点注释与 README §5.3）) | δ=noise ≥ spacing/2 ⇒ 全部 1280 个元素记为「边界元素」（非舍入噪声大于网格步长，分类退化）⇒ 判定用绝对界（网格项 + 非舍入项）
[check_ref] PASS S7 H_swiglu slot30: n=640 越界=0（非有限 0） | dev-ref| mean=1.101e-04 p50=4.940e-05 p90=2.490e-04 p99=9.299e-04 max=1.407e-03 | 最差占预算=0.325 (tol = 3.8×spacing(x)（中位等效倍数；= nulp×spacing + noise，noise 来源见调用点注释与 README §5.3）) | δ=noise ≥ spacing/2 ⇒ 全部 640 个元素记为「边界元素」（非舍入噪声大于网格步长，分类退化）⇒ 判定用绝对界（网格项 + 非舍入项）
[check_ref] PASS S8 Y slot30: n=2560 越界=0（非有限 0） | dev-ref| mean=4.754e-05 p50=3.052e-05 p90=1.221e-04 p99=2.441e-04 max=4.883e-04 | 最差占预算=0.911 (tol = 1.5×spacing(x)（中位等效倍数；= nulp×spacing + noise，noise 来源见调用点注释与 README §5.3）) | 常规 555 / 边界 2005（δ=noise；绝对界已覆盖方向翻转）
[check_ref] PASS S6 GU slot32 (t=4): n=5120 越界=0（非有限 0） | dev-ref| mean=5.628e-04 p50=3.662e-04 p90=1.465e-03 p99=3.151e-03 max=3.906e-03 | 最差占预算=0.487 (tol = 5.55×spacing(x)（中位等效倍数；= nulp×spacing + noise，noise 来源见调用点注释与 README §5.3）) | δ=noise ≥ spacing/2 ⇒ 全部 5120 个元素记为「边界元素」（非舍入噪声大于网格步长，分类退化）⇒ 判定用绝对界（网格项 + 非舍入项）
[check_ref] PASS S7 H_swiglu slot32: n=2560 越界=0（非有限 0） | dev-ref| mean=1.351e-04 p50=4.591e-05 p90=3.358e-04 p99=1.446e-03 max=3.800e-03 | 最差占预算=0.330 (tol = 3.85×spacing(x)（中位等效倍数；= nulp×spacing + noise，noise 来源见调用点注释与 README §5.3）) | δ=noise ≥ spacing/2 ⇒ 全部 2560 个元素记为「边界元素」（非舍入噪声大于网格步长，分类退化）⇒ 判定用绝对界（网格项 + 非舍入项）
[check_ref] PASS S8 Y slot32: n=10240 越界=0（非有限 0） | dev-ref| mean=6.363e-05 p50=6.104e-05 p90=1.831e-04 p99=3.662e-04 max=6.714e-04 | 最差占预算=0.918 (tol = 1.41×spacing(x)（中位等效倍数；= nulp×spacing + noise，noise 来源见调用点注释与 README §5.3）) | 常规 2951 / 边界 7289（δ=noise；绝对界已覆盖方向翻转）
[check_ref] PASS S6 GU slot33 (t=6): n=7680 越界=0（非有限 0） | dev-ref| mean=5.558e-04 p50=3.662e-04 p90=1.465e-03 p99=3.052e-03 max=3.906e-03 | 最差占预算=0.480 (tol = 5.58×spacing(x)（中位等效倍数；= nulp×spacing + noise，noise 来源见调用点注释与 README §5.3）) | δ=noise ≥ spacing/2 ⇒ 全部 7680 个元素记为「边界元素」（非舍入噪声大于网格步长，分类退化）⇒ 判定用绝对界（网格项 + 非舍入项）
[check_ref] PASS S7 H_swiglu slot33: n=3840 越界=0（非有限 0） | dev-ref| mean=1.212e-04 p50=4.593e-05 p90=3.140e-04 p99=1.027e-03 max=3.889e-03 | 最差占预算=0.332 (tol = 3.82×spacing(x)（中位等效倍数；= nulp×spacing + noise，noise 来源见调用点注释与 README §5.3）) | 常规 2 / 边界 3838（δ=noise；绝对界已覆盖方向翻转）
[check_ref] PASS S8 Y slot33: n=15360 越界=0（非有限 0） | dev-ref| mean=5.354e-05 p50=3.052e-05 p90=1.221e-04 p99=2.441e-04 max=4.883e-04 | 最差占预算=0.918 (tol = 1.42×spacing(x)（中位等效倍数；= nulp×spacing + noise，noise 来源见调用点注释与 README §5.3）) | 常规 3661 / 边界 11699（δ=noise；绝对界已覆盖方向翻转）
[check_ref] PASS S6 GU slot34 (t=1): n=1280 越界=0（非有限 0） | dev-ref| mean=5.301e-04 p50=2.441e-04 p90=1.465e-03 p99=2.930e-03 max=3.906e-03 | 最差占预算=0.472 (tol = 5.64×spacing(x)（中位等效倍数；= nulp×spacing + noise，noise 来源见调用点注释与 README §5.3）) | δ=noise ≥ spacing/2 ⇒ 全部 1280 个元素记为「边界元素」（非舍入噪声大于网格步长，分类退化）⇒ 判定用绝对界（网格项 + 非舍入项）
[check_ref] PASS S7 H_swiglu slot34: n=640 越界=0（非有限 0） | dev-ref| mean=1.108e-04 p50=4.483e-05 p90=2.486e-04 p99=9.322e-04 max=3.786e-03 | 最差占预算=0.321 (tol = 3.82×spacing(x)（中位等效倍数；= nulp×spacing + noise，noise 来源见调用点注释与 README §5.3）) | δ=noise ≥ spacing/2 ⇒ 全部 640 个元素记为「边界元素」（非舍入噪声大于网格步长，分类退化）⇒ 判定用绝对界（网格项 + 非舍入项）
[check_ref] PASS S8 Y slot34: n=2560 越界=0（非有限 0） | dev-ref| mean=4.449e-05 p50=3.052e-05 p90=1.221e-04 p99=2.199e-04 max=3.052e-04 | 最差占预算=0.891 (tol = 1.49×spacing(x)（中位等效倍数；= nulp×spacing + noise，noise 来源见调用点注释与 README §5.3）) | 常规 560 / 边界 2000（δ=noise；绝对界已覆盖方向翻转）
[check_ref] PASS S6 GU slot35 (t=3): n=3840 越界=0（非有限 0） | dev-ref| mean=5.433e-04 p50=3.662e-04 p90=1.465e-03 p99=2.686e-03 max=3.906e-03 | 最差占预算=0.476 (tol = 5.67×spacing(x)（中位等效倍数；= nulp×spacing + noise，noise 来源见调用点注释与 README §5.3）) | δ=noise ≥ spacing/2 ⇒ 全部 3840 个元素记为「边界元素」（非舍入噪声大于网格步长，分类退化）⇒ 判定用绝对界（网格项 + 非舍入项）
[check_ref] PASS S7 H_swiglu slot35: n=1920 越界=0（非有限 0） | dev-ref| mean=1.279e-04 p50=4.475e-05 p90=3.030e-04 p99=1.154e-03 max=6.396e-03 | 最差占预算=0.327 (tol = 3.84×spacing(x)（中位等效倍数；= nulp×spacing + noise，noise 来源见调用点注释与 README §5.3）) | 常规 1 / 边界 1919（δ=noise；绝对界已覆盖方向翻转）
[check_ref] PASS S8 Y slot35: n=7680 越界=0（非有限 0） | dev-ref| mean=5.889e-05 p50=3.052e-05 p90=1.526e-04 p99=3.052e-04 max=4.883e-04 | 最差占预算=0.911 (tol = 1.4×spacing(x)（中位等效倍数；= nulp×spacing + noise，noise 来源见调用点注释与 README §5.3）) | 常规 1938 / 边界 5742（δ=noise；绝对界已覆盖方向翻转）
[check_ref] PASS S6 GU slot36 (t=2): n=2560 越界=0（非有限 0） | dev-ref| mean=5.440e-04 p50=3.662e-04 p90=1.465e-03 p99=2.930e-03 max=3.906e-03 | 最差占预算=0.488 (tol = 5.55×spacing(x)（中位等效倍数；= nulp×spacing + noise，noise 来源见调用点注释与 README §5.3）) | δ=noise ≥ spacing/2 ⇒ 全部 2560 个元素记为「边界元素」（非舍入噪声大于网格步长，分类退化）⇒ 判定用绝对界（网格项 + 非舍入项）
[check_ref] PASS S7 H_swiglu slot36: n=1280 越界=0（非有限 0） | dev-ref| mean=1.299e-04 p50=4.686e-05 p90=3.332e-04 p99=1.325e-03 max=2.303e-03 | 最差占预算=0.327 (tol = 3.79×spacing(x)（中位等效倍数；= nulp×spacing + noise，noise 来源见调用点注释与 README §5.3）) | 常规 2 / 边界 1278（δ=noise；绝对界已覆盖方向翻转）
[check_ref] PASS S8 Y slot36: n=5120 越界=0（非有限 0） | dev-ref| mean=5.761e-05 p50=3.052e-05 p90=1.373e-04 p99=2.441e-04 max=4.883e-04 | 最差占预算=0.918 (tol = 1.39×spacing(x)（中位等效倍数；= nulp×spacing + noise，noise 来源见调用点注释与 README §5.3）) | 常规 1277 / 边界 3843（δ=noise；绝对界已覆盖方向翻转）
[check_ref] PASS S6 GU slot37 (t=7): n=8960 越界=0（非有限 0） | dev-ref| mean=5.420e-04 p50=2.441e-04 p90=1.465e-03 p99=2.930e-03 max=3.906e-03 | 最差占预算=0.490 (tol = 5.6×spacing(x)（中位等效倍数；= nulp×spacing + noise，noise 来源见调用点注释与 README §5.3）) | δ=noise ≥ spacing/2 ⇒ 全部 8960 个元素记为「边界元素」（非舍入噪声大于网格步长，分类退化）⇒ 判定用绝对界（网格项 + 非舍入项）
[check_ref] PASS S7 H_swiglu slot37: n=4480 越界=0（非有限 0） | dev-ref| mean=1.143e-04 p50=4.467e-05 p90=2.945e-04 p99=9.446e-04 max=3.737e-03 | 最差占预算=0.330 (tol = 3.82×spacing(x)（中位等效倍数；= nulp×spacing + noise，noise 来源见调用点注释与 README §5.3）) | 常规 2 / 边界 4478（δ=noise；绝对界已覆盖方向翻转）
[check_ref] PASS S8 Y slot37: n=17920 越界=0（非有限 0） | dev-ref| mean=4.921e-05 p50=3.052e-05 p90=1.221e-04 p99=2.441e-04 max=4.883e-04 | 最差占预算=0.931 (tol = 1.5×spacing(x)（中位等效倍数；= nulp×spacing + noise，noise 来源见调用点注释与 README §5.3）) | 常规 4188 / 边界 13732（δ=noise；绝对界已覆盖方向翻转）
[check_ref] PASS S6 GU slot38 (t=2): n=2560 越界=0（非有限 0） | dev-ref| mean=5.858e-04 p50=3.662e-04 p90=1.465e-03 p99=3.174e-03 max=3.906e-03 | 最差占预算=0.479 (tol = 5.69×spacing(x)（中位等效倍数；= nulp×spacing + noise，noise 来源见调用点注释与 README §5.3）) | δ=noise ≥ spacing/2 ⇒ 全部 2560 个元素记为「边界元素」（非舍入噪声大于网格步长，分类退化）⇒ 判定用绝对界（网格项 + 非舍入项）
[check_ref] PASS S7 H_swiglu slot38: n=1280 越界=0（非有限 0） | dev-ref| mean=1.336e-04 p50=4.435e-05 p90=3.557e-04 p99=1.061e-03 max=3.866e-03 | 最差占预算=0.327 (tol = 3.81×spacing(x)（中位等效倍数；= nulp×spacing + noise，noise 来源见调用点注释与 README §5.3）) | 常规 1 / 边界 1279（δ=noise；绝对界已覆盖方向翻转）
[check_ref] PASS S8 Y slot38: n=5120 越界=0（非有限 0） | dev-ref| mean=6.629e-05 p50=6.104e-05 p90=1.831e-04 p99=3.662e-04 max=5.493e-04 | 最差占预算=0.914 (tol = 1.4×spacing(x)（中位等效倍数；= nulp×spacing + noise，noise 来源见调用点注释与 README §5.3）) | 常规 1618 / 边界 3502（δ=noise；绝对界已覆盖方向翻转）
[check_ref] PASS S6 GU slot39 (t=1): n=1280 越界=0（非有限 0） | dev-ref| mean=5.589e-04 p50=4.883e-04 p90=1.465e-03 p99=2.737e-03 max=3.906e-03 | 最差占预算=0.477 (tol = 5.64×spacing(x)（中位等效倍数；= nulp×spacing + noise，noise 来源见调用点注释与 README §5.3）) | δ=noise ≥ spacing/2 ⇒ 全部 1280 个元素记为「边界元素」（非舍入噪声大于网格步长，分类退化）⇒ 判定用绝对界（网格项 + 非舍入项）
[check_ref] PASS S7 H_swiglu slot39: n=640 越界=0（非有限 0） | dev-ref| mean=1.344e-04 p50=4.996e-05 p90=3.202e-04 p99=1.503e-03 max=3.212e-03 | 最差占预算=0.323 (tol = 3.82×spacing(x)（中位等效倍数；= nulp×spacing + noise，noise 来源见调用点注释与 README §5.3）) | δ=noise ≥ spacing/2 ⇒ 全部 640 个元素记为「边界元素」（非舍入噪声大于网格步长，分类退化）⇒ 判定用绝对界（网格项 + 非舍入项）
[check_ref] PASS S8 Y slot39: n=2560 越界=0（非有限 0） | dev-ref| mean=5.877e-05 p50=3.052e-05 p90=1.526e-04 p99=2.747e-04 max=4.883e-04 | 最差占预算=0.910 (tol = 1.44×spacing(x)（中位等效倍数；= nulp×spacing + noise，noise 来源见调用点注释与 README §5.3）) | 常规 628 / 边界 1932（δ=noise；绝对界已覆盖方向翻转）
[check_ref] PASS S6 GU slot40 (t=2): n=2560 越界=0（非有限 0） | dev-ref| mean=5.042e-04 p50=2.441e-04 p90=1.221e-03 p99=2.686e-03 max=3.906e-03 | 最差占预算=0.479 (tol = 5.68×spacing(x)（中位等效倍数；= nulp×spacing + noise，noise 来源见调用点注释与 README §5.3）) | δ=noise ≥ spacing/2 ⇒ 全部 2560 个元素记为「边界元素」（非舍入噪声大于网格步长，分类退化）⇒ 判定用绝对界（网格项 + 非舍入项）
[check_ref] PASS S7 H_swiglu slot40: n=1280 越界=0（非有限 0） | dev-ref| mean=1.035e-04 p50=4.038e-05 p90=2.553e-04 p99=8.615e-04 max=3.278e-03 | 最差占预算=0.329 (tol = 3.87×spacing(x)（中位等效倍数；= nulp×spacing + noise，noise 来源见调用点注释与 README §5.3）) | δ=noise ≥ spacing/2 ⇒ 全部 1280 个元素记为「边界元素」（非舍入噪声大于网格步长，分类退化）⇒ 判定用绝对界（网格项 + 非舍入项）
[check_ref] PASS S8 Y slot40: n=5120 越界=0（非有限 0） | dev-ref| mean=4.282e-05 p50=3.052e-05 p90=1.221e-04 p99=2.441e-04 max=4.883e-04 | 最差占预算=0.915 (tol = 1.52×spacing(x)（中位等效倍数；= nulp×spacing + noise，noise 来源见调用点注释与 README §5.3）) | 常规 1152 / 边界 3968（δ=noise；绝对界已覆盖方向翻转）
[check_ref] PASS S6 GU slot41 (t=6): n=7680 越界=0（非有限 0） | dev-ref| mean=5.613e-04 p50=3.662e-04 p90=1.465e-03 p99=2.930e-03 max=3.906e-03 | 最差占预算=0.485 (tol = 5.6×spacing(x)（中位等效倍数；= nulp×spacing + noise，noise 来源见调用点注释与 README §5.3）) | δ=noise ≥ spacing/2 ⇒ 全部 7680 个元素记为「边界元素」（非舍入噪声大于网格步长，分类退化）⇒ 判定用绝对界（网格项 + 非舍入项）
[check_ref] PASS S7 H_swiglu slot41: n=3840 越界=0（非有限 0） | dev-ref| mean=1.126e-04 p50=4.378e-05 p90=2.691e-04 p99=9.160e-04 max=3.784e-03 | 最差占预算=0.332 (tol = 3.82×spacing(x)（中位等效倍数；= nulp×spacing + noise，noise 来源见调用点注释与 README §5.3）) | 常规 2 / 边界 3838（δ=noise；绝对界已覆盖方向翻转）
[check_ref] PASS S8 Y slot41: n=15360 越界=0（非有限 0） | dev-ref| mean=5.394e-05 p50=3.052e-05 p90=1.221e-04 p99=2.441e-04 max=8.545e-04 | 最差占预算=0.927 (tol = 1.44×spacing(x)（中位等效倍数；= nulp×spacing + noise，noise 来源见调用点注释与 README §5.3）) | 常规 3609 / 边界 11751（δ=noise；绝对界已覆盖方向翻转）
[check_ref] PASS S6 GU slot42 (t=1): n=1280 越界=0（非有限 0） | dev-ref| mean=5.333e-04 p50=4.883e-04 p90=1.221e-03 p99=2.197e-03 max=5.859e-03 | 最差占预算=0.471 (tol = 5.6×spacing(x)（中位等效倍数；= nulp×spacing + noise，noise 来源见调用点注释与 README §5.3）) | δ=noise ≥ spacing/2 ⇒ 全部 1280 个元素记为「边界元素」（非舍入噪声大于网格步长，分类退化）⇒ 判定用绝对界（网格项 + 非舍入项）
[check_ref] PASS S7 H_swiglu slot42: n=640 越界=0（非有限 0） | dev-ref| mean=9.984e-05 p50=4.039e-05 p90=2.332e-04 p99=9.117e-04 max=2.145e-03 | 最差占预算=0.323 (tol = 3.84×spacing(x)（中位等效倍数；= nulp×spacing + noise，noise 来源见调用点注释与 README §5.3）) | δ=noise ≥ spacing/2 ⇒ 全部 640 个元素记为「边界元素」（非舍入噪声大于网格步长，分类退化）⇒ 判定用绝对界（网格项 + 非舍入项）
[check_ref] PASS S8 Y slot42: n=2560 越界=0（非有限 0） | dev-ref| mean=4.293e-05 p50=3.052e-05 p90=1.221e-04 p99=2.441e-04 max=3.662e-04 | 最差占预算=0.882 (tol = 1.54×spacing(x)（中位等效倍数；= nulp×spacing + noise，noise 来源见调用点注释与 README §5.3）) | 常规 519 / 边界 2041（δ=noise；绝对界已覆盖方向翻转）
[check_ref] PASS S6 GU slot43 (t=1): n=1280 越界=0（非有限 0） | dev-ref| mean=5.398e-04 p50=2.441e-04 p90=1.465e-03 p99=2.686e-03 max=3.906e-03 | 最差占预算=0.471 (tol = 5.68×spacing(x)（中位等效倍数；= nulp×spacing + noise，noise 来源见调用点注释与 README §5.3）) | δ=noise ≥ spacing/2 ⇒ 全部 1280 个元素记为「边界元素」（非舍入噪声大于网格步长，分类退化）⇒ 判定用绝对界（网格项 + 非舍入项）
[check_ref] PASS S7 H_swiglu slot43: n=640 越界=0（非有限 0） | dev-ref| mean=1.156e-04 p50=4.561e-05 p90=2.902e-04 p99=9.034e-04 max=1.902e-03 | 最差占预算=0.317 (tol = 3.84×spacing(x)（中位等效倍数；= nulp×spacing + noise，noise 来源见调用点注释与 README §5.3）) | 常规 1 / 边界 639（δ=noise；绝对界已覆盖方向翻转）
[check_ref] PASS S8 Y slot43: n=2560 越界=0（非有限 0） | dev-ref| mean=5.241e-05 p50=3.052e-05 p90=1.221e-04 p99=2.441e-04 max=4.578e-04 | 最差占预算=0.887 (tol = 1.45×spacing(x)（中位等效倍数；= nulp×spacing + noise，noise 来源见调用点注释与 README §5.3）) | 常规 572 / 边界 1988（δ=noise；绝对界已覆盖方向翻转）
[check_ref] PASS S6 GU slot46 (t=3): n=3840 越界=0（非有限 0） | dev-ref| mean=5.409e-04 p50=3.662e-04 p90=1.465e-03 p99=3.174e-03 max=3.906e-03 | 最差占预算=0.483 (tol = 5.62×spacing(x)（中位等效倍数；= nulp×spacing + noise，noise 来源见调用点注释与 README §5.3）) | δ=noise ≥ spacing/2 ⇒ 全部 3840 个元素记为「边界元素」（非舍入噪声大于网格步长，分类退化）⇒ 判定用绝对界（网格项 + 非舍入项）
[check_ref] PASS S7 H_swiglu slot46: n=1920 越界=0（非有限 0） | dev-ref| mean=1.117e-04 p50=4.012e-05 p90=2.862e-04 p99=9.407e-04 max=3.452e-03 | 最差占预算=0.322 (tol = 3.82×spacing(x)（中位等效倍数；= nulp×spacing + noise，noise 来源见调用点注释与 README §5.3）) | δ=noise ≥ spacing/2 ⇒ 全部 1920 个元素记为「边界元素」（非舍入噪声大于网格步长，分类退化）⇒ 判定用绝对界（网格项 + 非舍入项）
[check_ref] PASS S8 Y slot46: n=7680 越界=0（非有限 0） | dev-ref| mean=5.156e-05 p50=3.052e-05 p90=1.221e-04 p99=2.441e-04 max=7.324e-04 | 最差占预算=0.897 (tol = 1.48×spacing(x)（中位等效倍数；= nulp×spacing + noise，noise 来源见调用点注释与 README §5.3）) | 常规 1706 / 边界 5974（δ=noise；绝对界已覆盖方向翻转）
[check_ref] PASS S6 GU slot48 (t=2): n=2560 越界=0（非有限 0） | dev-ref| mean=5.600e-04 p50=3.662e-04 p90=1.465e-03 p99=2.930e-03 max=3.906e-03 | 最差占预算=0.464 (tol = 5.67×spacing(x)（中位等效倍数；= nulp×spacing + noise，noise 来源见调用点注释与 README §5.3）) | δ=noise ≥ spacing/2 ⇒ 全部 2560 个元素记为「边界元素」（非舍入噪声大于网格步长，分类退化）⇒ 判定用绝对界（网格项 + 非舍入项）
[check_ref] PASS S7 H_swiglu slot48: n=1280 越界=0（非有限 0） | dev-ref| mean=1.163e-04 p50=4.482e-05 p90=3.080e-04 p99=9.013e-04 max=2.997e-03 | 最差占预算=0.330 (tol = 3.83×spacing(x)（中位等效倍数；= nulp×spacing + noise，noise 来源见调用点注释与 README §5.3）) | δ=noise ≥ spacing/2 ⇒ 全部 1280 个元素记为「边界元素」（非舍入噪声大于网格步长，分类退化）⇒ 判定用绝对界（网格项 + 非舍入项）
[check_ref] PASS S8 Y slot48: n=5120 越界=0（非有限 0） | dev-ref| mean=4.895e-05 p50=3.052e-05 p90=1.221e-04 p99=2.441e-04 max=4.883e-04 | 最差占预算=0.898 (tol = 1.53×spacing(x)（中位等效倍数；= nulp×spacing + noise，noise 来源见调用点注释与 README §5.3）) | 常规 1091 / 边界 4029（δ=noise；绝对界已覆盖方向翻转）
[check_ref] PASS S6 GU slot51 (t=2): n=2560 越界=0（非有限 0） | dev-ref| mean=5.336e-04 p50=2.441e-04 p90=1.465e-03 p99=2.686e-03 max=3.906e-03 | 最差占预算=0.473 (tol = 5.62×spacing(x)（中位等效倍数；= nulp×spacing + noise，noise 来源见调用点注释与 README §5.3）) | δ=noise ≥ spacing/2 ⇒ 全部 2560 个元素记为「边界元素」（非舍入噪声大于网格步长，分类退化）⇒ 判定用绝对界（网格项 + 非舍入项）
[check_ref] PASS S7 H_swiglu slot51: n=1280 越界=0（非有限 0） | dev-ref| mean=1.135e-04 p50=4.058e-05 p90=2.916e-04 p99=9.337e-04 max=1.939e-03 | 最差占预算=0.326 (tol = 3.85×spacing(x)（中位等效倍数；= nulp×spacing + noise，noise 来源见调用点注释与 README §5.3）) | 常规 1 / 边界 1279（δ=noise；绝对界已覆盖方向翻转）
[check_ref] PASS S8 Y slot51: n=5120 越界=0（非有限 0） | dev-ref| mean=4.750e-05 p50=3.052e-05 p90=1.221e-04 p99=2.441e-04 max=4.883e-04 | 最差占预算=0.924 (tol = 1.47×spacing(x)（中位等效倍数；= nulp×spacing + noise，noise 来源见调用点注释与 README §5.3）) | 常规 1326 / 边界 3794（δ=noise；绝对界已覆盖方向翻转）
[check_ref] PASS S6 GU slot52 (t=4): n=5120 越界=0（非有限 0） | dev-ref| mean=5.389e-04 p50=2.441e-04 p90=1.465e-03 p99=2.784e-03 max=3.906e-03 | 最差占预算=0.470 (tol = 5.73×spacing(x)（中位等效倍数；= nulp×spacing + noise，noise 来源见调用点注释与 README §5.3）) | δ=noise ≥ spacing/2 ⇒ 全部 5120 个元素记为「边界元素」（非舍入噪声大于网格步长，分类退化）⇒ 判定用绝对界（网格项 + 非舍入项）
[check_ref] PASS S7 H_swiglu slot52: n=2560 越界=0（非有限 0） | dev-ref| mean=1.039e-04 p50=4.014e-05 p90=2.524e-04 p99=9.011e-04 max=1.866e-03 | 最差占预算=0.326 (tol = 3.83×spacing(x)（中位等效倍数；= nulp×spacing + noise，noise 来源见调用点注释与 README §5.3）) | δ=noise ≥ spacing/2 ⇒ 全部 2560 个元素记为「边界元素」（非舍入噪声大于网格步长，分类退化）⇒ 判定用绝对界（网格项 + 非舍入项）
[check_ref] PASS S8 Y slot52: n=10240 越界=0（非有限 0） | dev-ref| mean=4.323e-05 p50=3.052e-05 p90=1.221e-04 p99=2.136e-04 max=4.578e-04 | 最差占预算=0.897 (tol = 1.56×spacing(x)（中位等效倍数；= nulp×spacing + noise，noise 来源见调用点注释与 README §5.3）) | 常规 1942 / 边界 8298（δ=noise；绝对界已覆盖方向翻转）
[check_ref] PASS S6 GU slot62 (t=1): n=1280 越界=0（非有限 0） | dev-ref| mean=5.097e-04 p50=2.441e-04 p90=1.343e-03 p99=2.737e-03 max=3.906e-03 | 最差占预算=0.478 (tol = 5.63×spacing(x)（中位等效倍数；= nulp×spacing + noise，noise 来源见调用点注释与 README §5.3）) | δ=noise ≥ spacing/2 ⇒ 全部 1280 个元素记为「边界元素」（非舍入噪声大于网格步长，分类退化）⇒ 判定用绝对界（网格项 + 非舍入项）
[check_ref] PASS S7 H_swiglu slot62: n=640 越界=0（非有限 0） | dev-ref| mean=9.413e-05 p50=3.406e-05 p90=2.393e-04 p99=8.258e-04 max=1.840e-03 | 最差占预算=0.312 (tol = 3.78×spacing(x)（中位等效倍数；= nulp×spacing + noise，noise 来源见调用点注释与 README §5.3）) | δ=noise ≥ spacing/2 ⇒ 全部 640 个元素记为「边界元素」（非舍入噪声大于网格步长，分类退化）⇒ 判定用绝对界（网格项 + 非舍入项）
[check_ref] PASS S8 Y slot62: n=2560 越界=0（非有限 0） | dev-ref| mean=3.682e-05 p50=3.052e-05 p90=9.155e-05 p99=2.136e-04 max=2.747e-04 | 最差占预算=0.913 (tol = 1.51×spacing(x)（中位等效倍数；= nulp×spacing + noise，noise 来源见调用点注释与 README §5.3）) | 常规 642 / 边界 1918（δ=noise；绝对界已覆盖方向翻转）
[check_ref] PASS S6 GU slot63 (t=4): n=5120 越界=0（非有限 0） | dev-ref| mean=5.397e-04 p50=3.662e-04 p90=1.343e-03 p99=2.930e-03 max=7.324e-03 | 最差占预算=0.590 (tol = 5.77×spacing(x)（中位等效倍数；= nulp×spacing + noise，noise 来源见调用点注释与 README §5.3）) | δ=noise ≥ spacing/2 ⇒ 全部 5120 个元素记为「边界元素」（非舍入噪声大于网格步长，分类退化）⇒ 判定用绝对界（网格项 + 非舍入项）
[check_ref] PASS S7 H_swiglu slot63: n=2560 越界=0（非有限 0） | dev-ref| mean=1.093e-04 p50=4.444e-05 p90=2.618e-04 p99=9.427e-04 max=3.229e-03 | 最差占预算=0.326 (tol = 3.87×spacing(x)（中位等效倍数；= nulp×spacing + noise，noise 来源见调用点注释与 README §5.3）) | δ=noise ≥ spacing/2 ⇒ 全部 2560 个元素记为「边界元素」（非舍入噪声大于网格步长，分类退化）⇒ 判定用绝对界（网格项 + 非舍入项）
[check_ref] PASS S8 Y slot63: n=10240 越界=0（非有限 0） | dev-ref| mean=4.975e-05 p50=3.052e-05 p90=1.221e-04 p99=2.441e-04 max=4.883e-04 | 最差占预算=0.913 (tol = 1.48×spacing(x)（中位等效倍数；= nulp×spacing + noise，noise 来源见调用点注释与 README §5.3）) | 常规 2398 / 边界 7842（δ=noise；绝对界已覆盖方向翻转）
[check_ref] PASS S6 GU slot66 (t=2): n=2560 越界=0（非有限 0） | dev-ref| mean=5.628e-04 p50=4.883e-04 p90=1.465e-03 p99=2.930e-03 max=3.906e-03 | 最差占预算=0.457 (tol = 5.59×spacing(x)（中位等效倍数；= nulp×spacing + noise，noise 来源见调用点注释与 README §5.3）) | δ=noise ≥ spacing/2 ⇒ 全部 2560 个元素记为「边界元素」（非舍入噪声大于网格步长，分类退化）⇒ 判定用绝对界（网格项 + 非舍入项）
[check_ref] PASS S7 H_swiglu slot66: n=1280 越界=0（非有限 0） | dev-ref| mean=1.149e-04 p50=4.751e-05 p90=2.874e-04 p99=9.303e-04 max=3.118e-03 | 最差占预算=0.324 (tol = 3.87×spacing(x)（中位等效倍数；= nulp×spacing + noise，noise 来源见调用点注释与 README §5.3）) | δ=noise ≥ spacing/2 ⇒ 全部 1280 个元素记为「边界元素」（非舍入噪声大于网格步长，分类退化）⇒ 判定用绝对界（网格项 + 非舍入项）
[check_ref] PASS S8 Y slot66: n=5120 越界=0（非有限 0） | dev-ref| mean=4.851e-05 p50=3.052e-05 p90=1.221e-04 p99=2.441e-04 max=4.883e-04 | 最差占预算=0.906 (tol = 1.5×spacing(x)（中位等效倍数；= nulp×spacing + noise，noise 来源见调用点注释与 README §5.3）) | 常规 1336 / 边界 3784（δ=noise；绝对界已覆盖方向翻转）
[check_ref] PASS S6 GU slot69 (t=1): n=1280 越界=0（非有限 0） | dev-ref| mean=5.704e-04 p50=3.662e-04 p90=1.465e-03 p99=2.930e-03 max=4.150e-03 | 最差占预算=0.410 (tol = 5.82×spacing(x)（中位等效倍数；= nulp×spacing + noise，noise 来源见调用点注释与 README §5.3）) | δ=noise ≥ spacing/2 ⇒ 全部 1280 个元素记为「边界元素」（非舍入噪声大于网格步长，分类退化）⇒ 判定用绝对界（网格项 + 非舍入项）
[check_ref] PASS S7 H_swiglu slot69: n=640 越界=0（非有限 0） | dev-ref| mean=1.297e-04 p50=4.936e-05 p90=3.491e-04 p99=1.384e-03 max=2.015e-03 | 最差占预算=0.322 (tol = 3.87×spacing(x)（中位等效倍数；= nulp×spacing + noise，noise 来源见调用点注释与 README §5.3）) | δ=noise ≥ spacing/2 ⇒ 全部 640 个元素记为「边界元素」（非舍入噪声大于网格步长，分类退化）⇒ 判定用绝对界（网格项 + 非舍入项）
[check_ref] PASS S8 Y slot69: n=2560 越界=0（非有限 0） | dev-ref| mean=5.050e-05 p50=3.052e-05 p90=1.221e-04 p99=2.441e-04 max=4.883e-04 | 最差占预算=0.878 (tol = 1.52×spacing(x)（中位等效倍数；= nulp×spacing + noise，noise 来源见调用点注释与 README §5.3）) | 常规 636 / 边界 1924（δ=noise；绝对界已覆盖方向翻转）
[check_ref] PASS S6 GU slot71 (t=1): n=1280 越界=0（非有限 0） | dev-ref| mean=5.245e-04 p50=3.662e-04 p90=1.233e-03 p99=3.052e-03 max=3.906e-03 | 最差占预算=0.491 (tol = 5.54×spacing(x)（中位等效倍数；= nulp×spacing + noise，noise 来源见调用点注释与 README §5.3）) | δ=noise ≥ spacing/2 ⇒ 全部 1280 个元素记为「边界元素」（非舍入噪声大于网格步长，分类退化）⇒ 判定用绝对界（网格项 + 非舍入项）
[check_ref] PASS S7 H_swiglu slot71: n=640 越界=0（非有限 0） | dev-ref| mean=1.188e-04 p50=3.963e-05 p90=2.700e-04 p99=1.203e-03 max=3.778e-03 | 最差占预算=0.326 (tol = 3.82×spacing(x)（中位等效倍数；= nulp×spacing + noise，noise 来源见调用点注释与 README §5.3）) | δ=noise ≥ spacing/2 ⇒ 全部 640 个元素记为「边界元素」（非舍入噪声大于网格步长，分类退化）⇒ 判定用绝对界（网格项 + 非舍入项）
[check_ref] PASS S8 Y slot71: n=2560 越界=0（非有限 0） | dev-ref| mean=5.831e-05 p50=3.052e-05 p90=1.526e-04 p99=3.052e-04 max=4.883e-04 | 最差占预算=0.923 (tol = 1.38×spacing(x)（中位等效倍数；= nulp×spacing + noise，noise 来源见调用点注释与 README §5.3）) | 常规 662 / 边界 1898（δ=noise；绝对界已覆盖方向翻转）
[check_ref] PASS S6 GU slot72 (t=5): n=6400 越界=0（非有限 0） | dev-ref| mean=6.096e-04 p50=3.662e-04 p90=1.465e-03 p99=3.418e-03 max=6.592e-03 | 最差占预算=0.507 (tol = 5.7×spacing(x)（中位等效倍数；= nulp×spacing + noise，noise 来源见调用点注释与 README §5.3）) | δ=noise ≥ spacing/2 ⇒ 全部 6400 个元素记为「边界元素」（非舍入噪声大于网格步长，分类退化）⇒ 判定用绝对界（网格项 + 非舍入项）
[check_ref] PASS S7 H_swiglu slot72: n=3200 越界=0（非有限 0） | dev-ref| mean=1.404e-04 p50=5.004e-05 p90=3.774e-04 p99=1.254e-03 max=3.528e-03 | 最差占预算=0.331 (tol = 3.82×spacing(x)（中位等效倍数；= nulp×spacing + noise，noise 来源见调用点注释与 README §5.3）) | δ=noise ≥ spacing/2 ⇒ 全部 3200 个元素记为「边界元素」（非舍入噪声大于网格步长，分类退化）⇒ 判定用绝对界（网格项 + 非舍入项）
[check_ref] PASS S8 Y slot72: n=12800 越界=0（非有限 0） | dev-ref| mean=5.868e-05 p50=3.052e-05 p90=1.526e-04 p99=2.747e-04 max=1.953e-03 | 最差占预算=0.924 (tol = 1.42×spacing(x)（中位等效倍数；= nulp×spacing + noise，noise 来源见调用点注释与 README §5.3）) | 常规 3246 / 边界 9554（δ=noise；绝对界已覆盖方向翻转）
[check_ref] PASS S6 GU slot73 (t=5): n=6400 越界=0（非有限 0） | dev-ref| mean=5.139e-04 p50=2.441e-04 p90=1.343e-03 p99=2.443e-03 max=3.906e-03 | 最差占预算=0.483 (tol = 5.49×spacing(x)（中位等效倍数；= nulp×spacing + noise，noise 来源见调用点注释与 README §5.3）) | δ=noise ≥ spacing/2 ⇒ 全部 6400 个元素记为「边界元素」（非舍入噪声大于网格步长，分类退化）⇒ 判定用绝对界（网格项 + 非舍入项）
[check_ref] PASS S7 H_swiglu slot73: n=3200 越界=0（非有限 0） | dev-ref| mean=1.083e-04 p50=3.937e-05 p90=2.829e-04 p99=9.346e-04 max=1.893e-03 | 最差占预算=0.328 (tol = 3.83×spacing(x)（中位等效倍数；= nulp×spacing + noise，noise 来源见调用点注释与 README §5.3）) | δ=noise ≥ spacing/2 ⇒ 全部 3200 个元素记为「边界元素」（非舍入噪声大于网格步长，分类退化）⇒ 判定用绝对界（网格项 + 非舍入项）
[check_ref] PASS S8 Y slot73: n=12800 越界=0（非有限 0） | dev-ref| mean=4.393e-05 p50=3.052e-05 p90=1.221e-04 p99=2.441e-04 max=4.883e-04 | 最差占预算=0.918 (tol = 1.46×spacing(x)（中位等效倍数；= nulp×spacing + noise，noise 来源见调用点注释与 README §5.3）) | 常规 3585 / 边界 9215（δ=noise；绝对界已覆盖方向翻转）
[check_ref] PASS S6 GU slot74 (t=1): n=1280 越界=0（非有限 0） | dev-ref| mean=5.357e-04 p50=3.662e-04 p90=1.343e-03 p99=2.493e-03 max=3.662e-03 | 最差占预算=0.442 (tol = 5.37×spacing(x)（中位等效倍数；= nulp×spacing + noise，noise 来源见调用点注释与 README §5.3）) | δ=noise ≥ spacing/2 ⇒ 全部 1280 个元素记为「边界元素」（非舍入噪声大于网格步长，分类退化）⇒ 判定用绝对界（网格项 + 非舍入项）
[check_ref] PASS S7 H_swiglu slot74: n=640 越界=0（非有限 0） | dev-ref| mean=1.291e-04 p50=4.170e-05 p90=3.341e-04 p99=1.337e-03 max=2.873e-03 | 最差占预算=0.328 (tol = 3.91×spacing(x)（中位等效倍数；= nulp×spacing + noise，noise 来源见调用点注释与 README §5.3）) | δ=noise ≥ spacing/2 ⇒ 全部 640 个元素记为「边界元素」（非舍入噪声大于网格步长，分类退化）⇒ 判定用绝对界（网格项 + 非舍入项）
[check_ref] PASS S8 Y slot74: n=2560 越界=0（非有限 0） | dev-ref| mean=6.074e-05 p50=3.052e-05 p90=1.526e-04 p99=2.692e-04 max=7.935e-04 | 最差占预算=0.903 (tol = 1.42×spacing(x)（中位等效倍数；= nulp×spacing + noise，noise 来源见调用点注释与 README §5.3）) | 常规 698 / 边界 1862（δ=noise；绝对界已覆盖方向翻转）
[check_ref] PASS S6 GU slot75 (t=1): n=1280 越界=0（非有限 0） | dev-ref| mean=6.233e-04 p50=4.272e-04 p90=1.587e-03 p99=3.077e-03 max=3.906e-03 | 最差占预算=0.466 (tol = 5.81×spacing(x)（中位等效倍数；= nulp×spacing + noise，noise 来源见调用点注释与 README §5.3）) | δ=noise ≥ spacing/2 ⇒ 全部 1280 个元素记为「边界元素」（非舍入噪声大于网格步长，分类退化）⇒ 判定用绝对界（网格项 + 非舍入项）
[check_ref] PASS S7 H_swiglu slot75: n=640 越界=0（非有限 0） | dev-ref| mean=1.392e-04 p50=5.261e-05 p90=3.888e-04 p99=9.702e-04 max=3.859e-03 | 最差占预算=0.315 (tol = 3.81×spacing(x)（中位等效倍数；= nulp×spacing + noise，noise 来源见调用点注释与 README §5.3）) | δ=noise ≥ spacing/2 ⇒ 全部 640 个元素记为「边界元素」（非舍入噪声大于网格步长，分类退化）⇒ 判定用绝对界（网格项 + 非舍入项）
[check_ref] PASS S8 Y slot75: n=2560 越界=0（非有限 0） | dev-ref| mean=7.119e-05 p50=6.104e-05 p90=1.831e-04 p99=3.662e-04 max=4.883e-04 | 最差占预算=0.903 (tol = 1.42×spacing(x)（中位等效倍数；= nulp×spacing + noise，noise 来源见调用点注释与 README §5.3）) | 常规 850 / 边界 1710（δ=noise；绝对界已覆盖方向翻转）
[check_ref] PASS S6 GU slot77 (t=2): n=2560 越界=0（非有限 0） | dev-ref| mean=5.873e-04 p50=4.883e-04 p90=1.465e-03 p99=3.174e-03 max=6.592e-03 | 最差占预算=0.523 (tol = 5.92×spacing(x)（中位等效倍数；= nulp×spacing + noise，noise 来源见调用点注释与 README §5.3）) | δ=noise ≥ spacing/2 ⇒ 全部 2560 个元素记为「边界元素」（非舍入噪声大于网格步长，分类退化）⇒ 判定用绝对界（网格项 + 非舍入项）
[check_ref] PASS S7 H_swiglu slot77: n=1280 越界=0（非有限 0） | dev-ref| mean=1.276e-04 p50=4.855e-05 p90=3.323e-04 p99=9.271e-04 max=3.891e-03 | 最差占预算=0.322 (tol = 3.83×spacing(x)（中位等效倍数；= nulp×spacing + noise，noise 来源见调用点注释与 README §5.3）) | δ=noise ≥ spacing/2 ⇒ 全部 1280 个元素记为「边界元素」（非舍入噪声大于网格步长，分类退化）⇒ 判定用绝对界（网格项 + 非舍入项）
[check_ref] PASS S8 Y slot77: n=5120 越界=0（非有限 0） | dev-ref| mean=6.080e-05 p50=3.052e-05 p90=1.526e-04 p99=3.604e-04 max=4.883e-04 | 最差占预算=0.923 (tol = 1.44×spacing(x)（中位等效倍数；= nulp×spacing + noise，noise 来源见调用点注释与 README §5.3）) | 常规 1306 / 边界 3814（δ=noise；绝对界已覆盖方向翻转）
[check_ref] PASS S6 GU slot79 (t=4): n=5120 越界=0（非有限 0） | dev-ref| mean=5.607e-04 p50=3.662e-04 p90=1.465e-03 p99=3.052e-03 max=3.906e-03 | 最差占预算=0.481 (tol = 5.52×spacing(x)（中位等效倍数；= nulp×spacing + noise，noise 来源见调用点注释与 README §5.3）) | δ=noise ≥ spacing/2 ⇒ 全部 5120 个元素记为「边界元素」（非舍入噪声大于网格步长，分类退化）⇒ 判定用绝对界（网格项 + 非舍入项）
[check_ref] PASS S7 H_swiglu slot79: n=2560 越界=0（非有限 0） | dev-ref| mean=1.243e-04 p50=4.830e-05 p90=3.299e-04 p99=1.129e-03 max=2.909e-03 | 最差占预算=0.328 (tol = 3.84×spacing(x)（中位等效倍数；= nulp×spacing + noise，noise 来源见调用点注释与 README §5.3）) | 常规 1 / 边界 2559（δ=noise；绝对界已覆盖方向翻转）
[check_ref] PASS S8 Y slot79: n=10240 越界=0（非有限 0） | dev-ref| mean=5.796e-05 p50=3.052e-05 p90=1.526e-04 p99=2.441e-04 max=6.714e-04 | 最差占预算=0.922 (tol = 1.41×spacing(x)（中位等效倍数；= nulp×spacing + noise，noise 来源见调用点注释与 README §5.3）) | 常规 2576 / 边界 7664（δ=noise；绝对界已覆盖方向翻转）
[check_ref] PASS S6 GU slot82 (t=2): n=2560 越界=0（非有限 0） | dev-ref| mean=5.497e-04 p50=2.441e-04 p90=1.465e-03 p99=3.174e-03 max=3.906e-03 | 最差占预算=0.460 (tol = 5.69×spacing(x)（中位等效倍数；= nulp×spacing + noise，noise 来源见调用点注释与 README §5.3）) | δ=noise ≥ spacing/2 ⇒ 全部 2560 个元素记为「边界元素」（非舍入噪声大于网格步长，分类退化）⇒ 判定用绝对界（网格项 + 非舍入项）
[check_ref] PASS S7 H_swiglu slot82: n=1280 越界=0（非有限 0） | dev-ref| mean=1.309e-04 p50=4.766e-05 p90=3.440e-04 p99=1.253e-03 max=3.862e-03 | 最差占预算=0.323 (tol = 3.77×spacing(x)（中位等效倍数；= nulp×spacing + noise，noise 来源见调用点注释与 README §5.3）) | δ=noise ≥ spacing/2 ⇒ 全部 1280 个元素记为「边界元素」（非舍入噪声大于网格步长，分类退化）⇒ 判定用绝对界（网格项 + 非舍入项）
[check_ref] PASS S8 Y slot82: n=5120 越界=0（非有限 0） | dev-ref| mean=5.165e-05 p50=3.052e-05 p90=1.221e-04 p99=2.441e-04 max=4.883e-04 | 最差占预算=0.927 (tol = 1.54×spacing(x)（中位等效倍数；= nulp×spacing + noise，noise 来源见调用点注释与 README §5.3）) | 常规 1143 / 边界 3977（δ=noise；绝对界已覆盖方向翻转）
[check_ref] PASS S6 GU slot83 (t=4): n=5120 越界=0（非有限 0） | dev-ref| mean=5.985e-04 p50=4.883e-04 p90=1.465e-03 p99=3.418e-03 max=3.906e-03 | 最差占预算=0.476 (tol = 5.89×spacing(x)（中位等效倍数；= nulp×spacing + noise，noise 来源见调用点注释与 README §5.3）) | δ=noise ≥ spacing/2 ⇒ 全部 5120 个元素记为「边界元素」（非舍入噪声大于网格步长，分类退化）⇒ 判定用绝对界（网格项 + 非舍入项）
[check_ref] PASS S7 H_swiglu slot83: n=2560 越界=0（非有限 0） | dev-ref| mean=1.422e-04 p50=4.990e-05 p90=3.444e-04 p99=1.464e-03 max=7.068e-03 | 最差占预算=0.330 (tol = 3.85×spacing(x)（中位等效倍数；= nulp×spacing + noise，noise 来源见调用点注释与 README §5.3）) | 常规 1 / 边界 2559（δ=noise；绝对界已覆盖方向翻转）
[check_ref] PASS S8 Y slot83: n=10240 越界=0（非有限 0） | dev-ref| mean=6.603e-05 p50=6.104e-05 p90=1.831e-04 p99=3.662e-04 max=9.766e-04 | 最差占预算=0.911 (tol = 1.41×spacing(x)（中位等效倍数；= nulp×spacing + noise，noise 来源见调用点注释与 README §5.3）) | 常规 3352 / 边界 6888（δ=noise；绝对界已覆盖方向翻转）
[check_ref] PASS S6 GU slot84 (t=1): n=1280 越界=0（非有限 0） | dev-ref| mean=5.562e-04 p50=2.441e-04 p90=1.465e-03 p99=3.052e-03 max=3.906e-03 | 最差占预算=0.457 (tol = 5.52×spacing(x)（中位等效倍数；= nulp×spacing + noise，noise 来源见调用点注释与 README §5.3）) | δ=noise ≥ spacing/2 ⇒ 全部 1280 个元素记为「边界元素」（非舍入噪声大于网格步长，分类退化）⇒ 判定用绝对界（网格项 + 非舍入项）
[check_ref] PASS S7 H_swiglu slot84: n=640 越界=0（非有限 0） | dev-ref| mean=1.409e-04 p50=4.504e-05 p90=3.566e-04 p99=1.850e-03 max=2.345e-03 | 最差占预算=0.320 (tol = 3.78×spacing(x)（中位等效倍数；= nulp×spacing + noise，noise 来源见调用点注释与 README §5.3）) | δ=noise ≥ spacing/2 ⇒ 全部 640 个元素记为「边界元素」（非舍入噪声大于网格步长，分类退化）⇒ 判定用绝对界（网格项 + 非舍入项）
[check_ref] PASS S8 Y slot84: n=2560 越界=0（非有限 0） | dev-ref| mean=5.853e-05 p50=6.104e-05 p90=1.221e-04 p99=3.052e-04 max=4.883e-04 | 最差占预算=0.919 (tol = 1.4×spacing(x)（中位等效倍数；= nulp×spacing + noise，noise 来源见调用点注释与 README §5.3）) | 常规 910 / 边界 1650（δ=noise；绝对界已覆盖方向翻转）
[check_ref] PASS S6 GU slot85 (t=2): n=2560 越界=0（非有限 0） | dev-ref| mean=5.860e-04 p50=4.883e-04 p90=1.465e-03 p99=3.174e-03 max=6.836e-03 | 最差占预算=0.553 (tol = 5.81×spacing(x)（中位等效倍数；= nulp×spacing + noise，noise 来源见调用点注释与 README §5.3）) | δ=noise ≥ spacing/2 ⇒ 全部 2560 个元素记为「边界元素」（非舍入噪声大于网格步长，分类退化）⇒ 判定用绝对界（网格项 + 非舍入项）
[check_ref] PASS S7 H_swiglu slot85: n=1280 越界=0（非有限 0） | dev-ref| mean=1.329e-04 p50=5.107e-05 p90=3.224e-04 p99=1.603e-03 max=2.772e-03 | 最差占预算=0.325 (tol = 3.82×spacing(x)（中位等效倍数；= nulp×spacing + noise，noise 来源见调用点注释与 README §5.3）) | δ=noise ≥ spacing/2 ⇒ 全部 1280 个元素记为「边界元素」（非舍入噪声大于网格步长，分类退化）⇒ 判定用绝对界（网格项 + 非舍入项）
[check_ref] PASS S8 Y slot85: n=5120 越界=0（非有限 0） | dev-ref| mean=5.835e-05 p50=3.052e-05 p90=1.221e-04 p99=3.052e-04 max=8.545e-04 | 最差占预算=0.918 (tol = 1.43×spacing(x)（中位等效倍数；= nulp×spacing + noise，noise 来源见调用点注释与 README §5.3）) | 常规 1426 / 边界 3694（δ=noise；绝对界已覆盖方向翻转）
[check_ref] PASS S6 GU slot91 (t=2): n=2560 越界=0（非有限 0） | dev-ref| mean=5.723e-04 p50=4.883e-04 p90=1.465e-03 p99=3.174e-03 max=3.906e-03 | 最差占预算=0.466 (tol = 5.62×spacing(x)（中位等效倍数；= nulp×spacing + noise，noise 来源见调用点注释与 README §5.3）) | δ=noise ≥ spacing/2 ⇒ 全部 2560 个元素记为「边界元素」（非舍入噪声大于网格步长，分类退化）⇒ 判定用绝对界（网格项 + 非舍入项）
[check_ref] PASS S7 H_swiglu slot91: n=1280 越界=0（非有限 0） | dev-ref| mean=1.288e-04 p50=4.684e-05 p90=3.351e-04 p99=1.161e-03 max=2.922e-03 | 最差占预算=0.327 (tol = 3.8×spacing(x)（中位等效倍数；= nulp×spacing + noise，noise 来源见调用点注释与 README §5.3）) | 常规 1 / 边界 1279（δ=noise；绝对界已覆盖方向翻转）
[check_ref] PASS S8 Y slot91: n=5120 越界=0（非有限 0） | dev-ref| mean=5.196e-05 p50=3.052e-05 p90=1.221e-04 p99=2.441e-04 max=4.883e-04 | 最差占预算=0.921 (tol = 1.46×spacing(x)（中位等效倍数；= nulp×spacing + noise，noise 来源见调用点注释与 README §5.3）) | 常规 1390 / 边界 3730（δ=noise；绝对界已覆盖方向翻转）
[check_ref] PASS S6 GU slot93 (t=1): n=1280 越界=0（非有限 0） | dev-ref| mean=5.795e-04 p50=2.441e-04 p90=1.465e-03 p99=3.418e-03 max=3.906e-03 | 最差占预算=0.468 (tol = 5.88×spacing(x)（中位等效倍数；= nulp×spacing + noise，noise 来源见调用点注释与 README §5.3）) | δ=noise ≥ spacing/2 ⇒ 全部 1280 个元素记为「边界元素」（非舍入噪声大于网格步长，分类退化）⇒ 判定用绝对界（网格项 + 非舍入项）
[check_ref] PASS S7 H_swiglu slot93: n=640 越界=0（非有限 0） | dev-ref| mean=1.291e-04 p50=5.144e-05 p90=3.480e-04 p99=1.193e-03 max=1.602e-03 | 最差占预算=0.320 (tol = 3.8×spacing(x)（中位等效倍数；= nulp×spacing + noise，noise 来源见调用点注释与 README §5.3）) | δ=noise ≥ spacing/2 ⇒ 全部 640 个元素记为「边界元素」（非舍入噪声大于网格步长，分类退化）⇒ 判定用绝对界（网格项 + 非舍入项）
[check_ref] PASS S8 Y slot93: n=2560 越界=0（非有限 0） | dev-ref| mean=5.611e-05 p50=3.052e-05 p90=1.221e-04 p99=2.441e-04 max=1.404e-03 | 最差占预算=0.898 (tol = 1.44×spacing(x)（中位等效倍数；= nulp×spacing + noise，noise 来源见调用点注释与 README §5.3）) | 常规 582 / 边界 1978（δ=noise；绝对界已覆盖方向翻转）
[check_ref] PASS S6 GU slot97 (t=4): n=5120 越界=0（非有限 0） | dev-ref| mean=5.183e-04 p50=2.441e-04 p90=1.221e-03 p99=2.563e-03 max=7.324e-03 | 最差占预算=0.582 (tol = 5.68×spacing(x)（中位等效倍数；= nulp×spacing + noise，noise 来源见调用点注释与 README §5.3）) | δ=noise ≥ spacing/2 ⇒ 全部 5120 个元素记为「边界元素」（非舍入噪声大于网格步长，分类退化）⇒ 判定用绝对界（网格项 + 非舍入项）
[check_ref] PASS S7 H_swiglu slot97: n=2560 越界=0（非有限 0） | dev-ref| mean=9.915e-05 p50=3.869e-05 p90=2.573e-04 p99=8.252e-04 max=3.108e-03 | 最差占预算=0.330 (tol = 3.86×spacing(x)（中位等效倍数；= nulp×spacing + noise，noise 来源见调用点注释与 README §5.3）) | δ=noise ≥ spacing/2 ⇒ 全部 2560 个元素记为「边界元素」（非舍入噪声大于网格步长，分类退化）⇒ 判定用绝对界（网格项 + 非舍入项）
[check_ref] PASS S8 Y slot97: n=10240 越界=0（非有限 0） | dev-ref| mean=4.176e-05 p50=3.052e-05 p90=9.155e-05 p99=2.229e-04 max=5.798e-04 | 最差占预算=0.923 (tol = 1.48×spacing(x)（中位等效倍数；= nulp×spacing + noise，noise 来源见调用点注释与 README §5.3）) | 常规 2513 / 边界 7727（δ=noise；绝对界已覆盖方向翻转）
[check_ref] PASS S6 GU slot98 (t=3): n=3840 越界=0（非有限 0） | dev-ref| mean=5.471e-04 p50=3.662e-04 p90=1.465e-03 p99=3.052e-03 max=3.906e-03 | 最差占预算=0.475 (tol = 5.69×spacing(x)（中位等效倍数；= nulp×spacing + noise，noise 来源见调用点注释与 README §5.3）) | δ=noise ≥ spacing/2 ⇒ 全部 3840 个元素记为「边界元素」（非舍入噪声大于网格步长，分类退化）⇒ 判定用绝对界（网格项 + 非舍入项）
[check_ref] PASS S7 H_swiglu slot98: n=1920 越界=0（非有限 0） | dev-ref| mean=1.082e-04 p50=4.310e-05 p90=2.428e-04 p99=9.569e-04 max=2.673e-03 | 最差占预算=0.329 (tol = 3.85×spacing(x)（中位等效倍数；= nulp×spacing + noise，noise 来源见调用点注释与 README §5.3）) | δ=noise ≥ spacing/2 ⇒ 全部 1920 个元素记为「边界元素」（非舍入噪声大于网格步长，分类退化）⇒ 判定用绝对界（网格项 + 非舍入项）
[check_ref] PASS S8 Y slot98: n=7680 越界=0（非有限 0） | dev-ref| mean=4.924e-05 p50=3.052e-05 p90=1.221e-04 p99=2.441e-04 max=8.545e-04 | 最差占预算=0.930 (tol = 1.47×spacing(x)（中位等效倍数；= nulp×spacing + noise，noise 来源见调用点注释与 README §5.3）) | 常规 1822 / 边界 5858（δ=noise；绝对界已覆盖方向翻转）
[check_ref] PASS S6 GU slot102 (t=1): n=1280 越界=0（非有限 0） | dev-ref| mean=5.471e-04 p50=4.883e-04 p90=1.465e-03 p99=2.686e-03 max=3.906e-03 | 最差占预算=0.470 (tol = 5.78×spacing(x)（中位等效倍数；= nulp×spacing + noise，noise 来源见调用点注释与 README §5.3）) | δ=noise ≥ spacing/2 ⇒ 全部 1280 个元素记为「边界元素」（非舍入噪声大于网格步长，分类退化）⇒ 判定用绝对界（网格项 + 非舍入项）
[check_ref] PASS S7 H_swiglu slot102: n=640 越界=0（非有限 0） | dev-ref| mean=1.226e-04 p50=4.279e-05 p90=2.786e-04 p99=1.743e-03 max=3.060e-03 | 最差占预算=0.322 (tol = 3.84×spacing(x)（中位等效倍数；= nulp×spacing + noise，noise 来源见调用点注释与 README §5.3）) | 常规 1 / 边界 639（δ=noise；绝对界已覆盖方向翻转）
[check_ref] PASS S8 Y slot102: n=2560 越界=0（非有限 0） | dev-ref| mean=5.829e-05 p50=3.052e-05 p90=1.526e-04 p99=2.441e-04 max=4.883e-04 | 最差占预算=0.922 (tol = 1.36×spacing(x)（中位等效倍数；= nulp×spacing + noise，noise 来源见调用点注释与 README §5.3）) | 常规 758 / 边界 1802（δ=noise；绝对界已覆盖方向翻转）
[check_ref] PASS S6 GU slot103 (t=7): n=8960 越界=0（非有限 0） | dev-ref| mean=5.310e-04 p50=2.441e-04 p90=1.465e-03 p99=2.930e-03 max=3.906e-03 | 最差占预算=0.488 (tol = 5.64×spacing(x)（中位等效倍数；= nulp×spacing + noise，noise 来源见调用点注释与 README §5.3）) | δ=noise ≥ spacing/2 ⇒ 全部 8960 个元素记为「边界元素」（非舍入噪声大于网格步长，分类退化）⇒ 判定用绝对界（网格项 + 非舍入项）
[check_ref] PASS S7 H_swiglu slot103: n=4480 越界=0（非有限 0） | dev-ref| mean=1.101e-04 p50=4.440e-05 p90=2.752e-04 p99=9.250e-04 max=3.687e-03 | 最差占预算=0.324 (tol = 3.82×spacing(x)（中位等效倍数；= nulp×spacing + noise，noise 来源见调用点注释与 README §5.3）) | 常规 4 / 边界 4476（δ=noise；绝对界已覆盖方向翻转）
[check_ref] PASS S8 Y slot103: n=17920 越界=0（非有限 0） | dev-ref| mean=4.878e-05 p50=3.052e-05 p90=1.221e-04 p99=2.441e-04 max=5.493e-04 | 最差占预算=0.943 (tol = 1.44×spacing(x)（中位等效倍数；= nulp×spacing + noise，noise 来源见调用点注释与 README §5.3）) | 常规 5118 / 边界 12802（δ=noise；绝对界已覆盖方向翻转）
[check_ref] PASS S6 GU slot106 (t=1): n=1280 越界=0（非有限 0） | dev-ref| mean=5.617e-04 p50=2.441e-04 p90=1.465e-03 p99=3.174e-03 max=3.906e-03 | 最差占预算=0.462 (tol = 5.66×spacing(x)（中位等效倍数；= nulp×spacing + noise，noise 来源见调用点注释与 README §5.3）) | δ=noise ≥ spacing/2 ⇒ 全部 1280 个元素记为「边界元素」（非舍入噪声大于网格步长，分类退化）⇒ 判定用绝对界（网格项 + 非舍入项）
[check_ref] PASS S7 H_swiglu slot106: n=640 越界=0（非有限 0） | dev-ref| mean=1.287e-04 p50=4.598e-05 p90=3.084e-04 p99=9.561e-04 max=3.342e-03 | 最差占预算=0.320 (tol = 3.87×spacing(x)（中位等效倍数；= nulp×spacing + noise，noise 来源见调用点注释与 README §5.3）) | 常规 1 / 边界 639（δ=noise；绝对界已覆盖方向翻转）
[check_ref] PASS S8 Y slot106: n=2560 越界=0（非有限 0） | dev-ref| mean=5.842e-05 p50=3.052e-05 p90=1.526e-04 p99=2.441e-04 max=4.883e-04 | 最差占预算=0.908 (tol = 1.43×spacing(x)（中位等效倍数；= nulp×spacing + noise，noise 来源见调用点注释与 README §5.3）) | 常规 685 / 边界 1875（δ=noise；绝对界已覆盖方向翻转）
[check_ref] PASS S6 GU slot107 (t=1): n=1280 越界=0（非有限 0） | dev-ref| mean=5.637e-04 p50=4.883e-04 p90=1.465e-03 p99=3.174e-03 max=3.906e-03 | 最差占预算=0.477 (tol = 5.66×spacing(x)（中位等效倍数；= nulp×spacing + noise，noise 来源见调用点注释与 README §5.3）) | δ=noise ≥ spacing/2 ⇒ 全部 1280 个元素记为「边界元素」（非舍入噪声大于网格步长，分类退化）⇒ 判定用绝对界（网格项 + 非舍入项）
[check_ref] PASS S7 H_swiglu slot107: n=640 越界=0（非有限 0） | dev-ref| mean=1.137e-04 p50=4.122e-05 p90=2.642e-04 p99=9.803e-04 max=1.934e-03 | 最差占预算=0.321 (tol = 3.85×spacing(x)（中位等效倍数；= nulp×spacing + noise，noise 来源见调用点注释与 README §5.3）) | δ=noise ≥ spacing/2 ⇒ 全部 640 个元素记为「边界元素」（非舍入噪声大于网格步长，分类退化）⇒ 判定用绝对界（网格项 + 非舍入项）
[check_ref] PASS S8 Y slot107: n=2560 越界=0（非有限 0） | dev-ref| mean=5.357e-05 p50=3.052e-05 p90=1.221e-04 p99=2.441e-04 max=4.883e-04 | 最差占预算=0.927 (tol = 1.5×spacing(x)（中位等效倍数；= nulp×spacing + noise，noise 来源见调用点注释与 README §5.3）) | 常规 541 / 边界 2019（δ=noise；绝对界已覆盖方向翻转）
[check_ref] PASS S6 GU slot108 (t=6): n=7680 越界=0（非有限 0） | dev-ref| mean=5.927e-04 p50=4.883e-04 p90=1.465e-03 p99=3.418e-03 max=3.906e-03 | 最差占预算=0.474 (tol = 5.76×spacing(x)（中位等效倍数；= nulp×spacing + noise，noise 来源见调用点注释与 README §5.3）) | δ=noise ≥ spacing/2 ⇒ 全部 7680 个元素记为「边界元素」（非舍入噪声大于网格步长，分类退化）⇒ 判定用绝对界（网格项 + 非舍入项）
[check_ref] PASS S7 H_swiglu slot108: n=3840 越界=0（非有限 0） | dev-ref| mean=1.371e-04 p50=4.885e-05 p90=3.563e-04 p99=1.390e-03 max=6.610e-03 | 最差占预算=0.329 (tol = 3.81×spacing(x)（中位等效倍数；= nulp×spacing + noise，noise 来源见调用点注释与 README §5.3）) | δ=noise ≥ spacing/2 ⇒ 全部 3840 个元素记为「边界元素」（非舍入噪声大于网格步长，分类退化）⇒ 判定用绝对界（网格项 + 非舍入项）
[check_ref] PASS S8 Y slot108: n=15360 越界=0（非有限 0） | dev-ref| mean=6.938e-05 p50=6.104e-05 p90=1.831e-04 p99=3.967e-04 max=8.545e-04 | 最差占预算=0.934 (tol = 1.41×spacing(x)（中位等效倍数；= nulp×spacing + noise，noise 来源见调用点注释与 README §5.3）) | 常规 4757 / 边界 10603（δ=noise；绝对界已覆盖方向翻转）
[check_ref] PASS S6 GU slot113 (t=1): n=1280 越界=0（非有限 0） | dev-ref| mean=5.709e-04 p50=4.883e-04 p90=1.465e-03 p99=3.225e-03 max=3.906e-03 | 最差占预算=0.448 (tol = 5.71×spacing(x)（中位等效倍数；= nulp×spacing + noise，noise 来源见调用点注释与 README §5.3）) | δ=noise ≥ spacing/2 ⇒ 全部 1280 个元素记为「边界元素」（非舍入噪声大于网格步长，分类退化）⇒ 判定用绝对界（网格项 + 非舍入项）
[check_ref] PASS S7 H_swiglu slot113: n=640 越界=0（非有限 0） | dev-ref| mean=1.145e-04 p50=5.201e-05 p90=2.497e-04 p99=9.959e-04 max=1.941e-03 | 最差占预算=0.318 (tol = 3.86×spacing(x)（中位等效倍数；= nulp×spacing + noise，noise 来源见调用点注释与 README §5.3）) | δ=noise ≥ spacing/2 ⇒ 全部 640 个元素记为「边界元素」（非舍入噪声大于网格步长，分类退化）⇒ 判定用绝对界（网格项 + 非舍入项）
[check_ref] PASS S8 Y slot113: n=2560 越界=0（非有限 0） | dev-ref| mean=5.366e-05 p50=3.052e-05 p90=1.221e-04 p99=2.441e-04 max=4.883e-04 | 最差占预算=0.909 (tol = 1.44×spacing(x)（中位等效倍数；= nulp×spacing + noise，noise 来源见调用点注释与 README §5.3）) | 常规 669 / 边界 1891（δ=noise；绝对界已覆盖方向翻转）
[check_ref] PASS S6 GU slot116 (t=7): n=8960 越界=0（非有限 0） | dev-ref| mean=5.362e-04 p50=2.441e-04 p90=1.465e-03 p99=2.930e-03 max=3.906e-03 | 最差占预算=0.510 (tol = 5.59×spacing(x)（中位等效倍数；= nulp×spacing + noise，noise 来源见调用点注释与 README §5.3）) | δ=noise ≥ spacing/2 ⇒ 全部 8960 个元素记为「边界元素」（非舍入噪声大于网格步长，分类退化）⇒ 判定用绝对界（网格项 + 非舍入项）
[check_ref] PASS S7 H_swiglu slot116: n=4480 越界=0（非有限 0） | dev-ref| mean=1.185e-04 p50=4.167e-05 p90=3.189e-04 p99=1.003e-03 max=3.499e-03 | 最差占预算=0.331 (tol = 3.83×spacing(x)（中位等效倍数；= nulp×spacing + noise，noise 来源见调用点注释与 README §5.3）) | 常规 3 / 边界 4477（δ=noise；绝对界已覆盖方向翻转）
[check_ref] PASS S8 Y slot116: n=17920 越界=0（非有限 0） | dev-ref| mean=5.464e-05 p50=3.052e-05 p90=1.221e-04 p99=2.441e-04 max=7.935e-04 | 最差占预算=0.929 (tol = 1.42×spacing(x)（中位等效倍数；= nulp×spacing + noise，noise 来源见调用点注释与 README §5.3）) | 常规 4343 / 边界 13577（δ=noise；绝对界已覆盖方向翻转）
[check_ref] PASS S6 GU slot120 (t=2): n=2560 越界=0（非有限 0） | dev-ref| mean=5.495e-04 p50=2.441e-04 p90=1.465e-03 p99=2.686e-03 max=4.639e-03 | 最差占预算=0.470 (tol = 5.74×spacing(x)（中位等效倍数；= nulp×spacing + noise，noise 来源见调用点注释与 README §5.3）) | δ=noise ≥ spacing/2 ⇒ 全部 2560 个元素记为「边界元素」（非舍入噪声大于网格步长，分类退化）⇒ 判定用绝对界（网格项 + 非舍入项）
[check_ref] PASS S7 H_swiglu slot120: n=1280 越界=0（非有限 0） | dev-ref| mean=1.153e-04 p50=4.251e-05 p90=2.784e-04 p99=9.739e-04 max=2.738e-03 | 最差占预算=0.328 (tol = 3.84×spacing(x)（中位等效倍数；= nulp×spacing + noise，noise 来源见调用点注释与 README §5.3）) | 常规 1 / 边界 1279（δ=noise；绝对界已覆盖方向翻转）
[check_ref] PASS S8 Y slot120: n=5120 越界=0（非有限 0） | dev-ref| mean=5.328e-05 p50=3.052e-05 p90=1.221e-04 p99=2.441e-04 max=4.883e-04 | 最差占预算=0.924 (tol = 1.42×spacing(x)（中位等效倍数；= nulp×spacing + noise，noise 来源见调用点注释与 README §5.3）) | 常规 1266 / 边界 3854（δ=noise；绝对界已覆盖方向翻转）
[check_ref] PASS S6 GU slot122 (t=1): n=1280 越界=0（非有限 0） | dev-ref| mean=5.552e-04 p50=2.441e-04 p90=1.465e-03 p99=3.174e-03 max=3.906e-03 | 最差占预算=0.487 (tol = 5.58×spacing(x)（中位等效倍数；= nulp×spacing + noise，noise 来源见调用点注释与 README §5.3）) | δ=noise ≥ spacing/2 ⇒ 全部 1280 个元素记为「边界元素」（非舍入噪声大于网格步长，分类退化）⇒ 判定用绝对界（网格项 + 非舍入项）
[check_ref] PASS S7 H_swiglu slot122: n=640 越界=0（非有限 0） | dev-ref| mean=1.176e-04 p50=4.754e-05 p90=2.916e-04 p99=9.205e-04 max=1.874e-03 | 最差占预算=0.321 (tol = 3.87×spacing(x)（中位等效倍数；= nulp×spacing + noise，noise 来源见调用点注释与 README §5.3）) | δ=noise ≥ spacing/2 ⇒ 全部 640 个元素记为「边界元素」（非舍入噪声大于网格步长，分类退化）⇒ 判定用绝对界（网格项 + 非舍入项）
[check_ref] PASS S8 Y slot122: n=2560 越界=0（非有限 0） | dev-ref| mean=5.313e-05 p50=3.052e-05 p90=1.221e-04 p99=2.441e-04 max=4.883e-04 | 最差占预算=0.899 (tol = 1.45×spacing(x)（中位等效倍数；= nulp×spacing + noise，noise 来源见调用点注释与 README §5.3）) | 常规 621 / 边界 1939（δ=noise；绝对界已覆盖方向翻转）
[check_ref] PASS S6 GU slot123 (t=3): n=3840 越界=0（非有限 0） | dev-ref| mean=5.129e-04 p50=2.441e-04 p90=1.221e-03 p99=2.394e-03 max=4.883e-03 | 最差占预算=0.474 (tol = 5.6×spacing(x)（中位等效倍数；= nulp×spacing + noise，noise 来源见调用点注释与 README §5.3）) | δ=noise ≥ spacing/2 ⇒ 全部 3840 个元素记为「边界元素」（非舍入噪声大于网格步长，分类退化）⇒ 判定用绝对界（网格项 + 非舍入项）
[check_ref] PASS S7 H_swiglu slot123: n=1920 越界=0（非有限 0） | dev-ref| mean=1.042e-04 p50=3.980e-05 p90=2.849e-04 p99=8.775e-04 max=1.779e-03 | 最差占预算=0.326 (tol = 3.84×spacing(x)（中位等效倍数；= nulp×spacing + noise，noise 来源见调用点注释与 README §5.3）) | δ=noise ≥ spacing/2 ⇒ 全部 1920 个元素记为「边界元素」（非舍入噪声大于网格步长，分类退化）⇒ 判定用绝对界（网格项 + 非舍入项）
[check_ref] PASS S8 Y slot123: n=7680 越界=0（非有限 0） | dev-ref| mean=3.918e-05 p50=3.052e-05 p90=9.155e-05 p99=2.136e-04 max=4.578e-04 | 最差占预算=0.898 (tol = 1.56×spacing(x)（中位等效倍数；= nulp×spacing + noise，noise 来源见调用点注释与 README §5.3）) | 常规 1409 / 边界 6271（δ=noise；绝对界已覆盖方向翻转）
[check_ref] PASS S6 GU slot124 (t=2): n=2560 越界=0（非有限 0） | dev-ref| mean=5.668e-04 p50=3.662e-04 p90=1.465e-03 p99=2.930e-03 max=3.906e-03 | 最差占预算=0.488 (tol = 5.46×spacing(x)（中位等效倍数；= nulp×spacing + noise，noise 来源见调用点注释与 README §5.3）) | δ=noise ≥ spacing/2 ⇒ 全部 2560 个元素记为「边界元素」（非舍入噪声大于网格步长，分类退化）⇒ 判定用绝对界（网格项 + 非舍入项）
[check_ref] PASS S7 H_swiglu slot124: n=1280 越界=0（非有限 0） | dev-ref| mean=1.172e-04 p50=4.654e-05 p90=2.962e-04 p99=1.003e-03 max=1.581e-03 | 最差占预算=0.317 (tol = 3.88×spacing(x)（中位等效倍数；= nulp×spacing + noise，noise 来源见调用点注释与 README §5.3）) | δ=noise ≥ spacing/2 ⇒ 全部 1280 个元素记为「边界元素」（非舍入噪声大于网格步长，分类退化）⇒ 判定用绝对界（网格项 + 非舍入项）
[check_ref] PASS S8 Y slot124: n=5120 越界=0（非有限 0） | dev-ref| mean=5.186e-05 p50=3.052e-05 p90=1.221e-04 p99=2.441e-04 max=4.883e-04 | 最差占预算=0.918 (tol = 1.48×spacing(x)（中位等效倍数；= nulp×spacing + noise，noise 来源见调用点注释与 README §5.3）) | 常规 1220 / 边界 3900（δ=noise；绝对界已覆盖方向翻转）
[check_ref] PASS S6 GU slot128 (t=2): n=2560 越界=0（非有限 0） | dev-ref| mean=5.590e-04 p50=3.662e-04 p90=1.465e-03 p99=2.930e-03 max=3.906e-03 | 最差占预算=0.483 (tol = 5.57×spacing(x)（中位等效倍数；= nulp×spacing + noise，noise 来源见调用点注释与 README §5.3）) | δ=noise ≥ spacing/2 ⇒ 全部 2560 个元素记为「边界元素」（非舍入噪声大于网格步长，分类退化）⇒ 判定用绝对界（网格项 + 非舍入项）
[check_ref] PASS S7 H_swiglu slot128: n=1280 越界=0（非有限 0） | dev-ref| mean=1.231e-04 p50=4.104e-05 p90=3.210e-04 p99=1.143e-03 max=3.310e-03 | 最差占预算=0.328 (tol = 3.79×spacing(x)（中位等效倍数；= nulp×spacing + noise，noise 来源见调用点注释与 README §5.3）) | δ=noise ≥ spacing/2 ⇒ 全部 1280 个元素记为「边界元素」（非舍入噪声大于网格步长，分类退化）⇒ 判定用绝对界（网格项 + 非舍入项）
[check_ref] PASS S8 Y slot128: n=5120 越界=0（非有限 0） | dev-ref| mean=5.265e-05 p50=3.052e-05 p90=1.221e-04 p99=2.441e-04 max=7.324e-04 | 最差占预算=0.905 (tol = 1.42×spacing(x)（中位等效倍数；= nulp×spacing + noise，noise 来源见调用点注释与 README §5.3）) | 常规 1155 / 边界 3965（δ=noise；绝对界已覆盖方向翻转）
[check_ref] PASS S6 GU slot129 (t=1): n=1280 越界=0（非有限 0） | dev-ref| mean=5.088e-04 p50=3.662e-04 p90=1.343e-03 p99=2.686e-03 max=3.906e-03 | 最差占预算=0.482 (tol = 5.57×spacing(x)（中位等效倍数；= nulp×spacing + noise，noise 来源见调用点注释与 README §5.3）) | δ=noise ≥ spacing/2 ⇒ 全部 1280 个元素记为「边界元素」（非舍入噪声大于网格步长，分类退化）⇒ 判定用绝对界（网格项 + 非舍入项）
[check_ref] PASS S7 H_swiglu slot129: n=640 越界=0（非有限 0） | dev-ref| mean=9.666e-05 p50=3.555e-05 p90=2.347e-04 p99=8.162e-04 max=3.338e-03 | 最差占预算=0.320 (tol = 3.85×spacing(x)（中位等效倍数；= nulp×spacing + noise，noise 来源见调用点注释与 README §5.3）) | 常规 1 / 边界 639（δ=noise；绝对界已覆盖方向翻转）
[check_ref] PASS S8 Y slot129: n=2560 越界=0（非有限 0） | dev-ref| mean=4.424e-05 p50=3.052e-05 p90=1.221e-04 p99=2.441e-04 max=4.578e-04 | 最差占预算=0.907 (tol = 1.47×spacing(x)（中位等效倍数；= nulp×spacing + noise，noise 来源见调用点注释与 README §5.3）) | 常规 657 / 边界 1903（δ=noise；绝对界已覆盖方向翻转）
[check_ref] PASS S6 GU slot132 (t=1): n=1280 越界=0（非有限 0） | dev-ref| mean=5.512e-04 p50=2.441e-04 p90=1.465e-03 p99=3.225e-03 max=3.906e-03 | 最差占预算=0.478 (tol = 5.54×spacing(x)（中位等效倍数；= nulp×spacing + noise，noise 来源见调用点注释与 README §5.3）) | δ=noise ≥ spacing/2 ⇒ 全部 1280 个元素记为「边界元素」（非舍入噪声大于网格步长，分类退化）⇒ 判定用绝对界（网格项 + 非舍入项）
[check_ref] PASS S7 H_swiglu slot132: n=640 越界=0（非有限 0） | dev-ref| mean=1.279e-04 p50=4.685e-05 p90=2.825e-04 p99=1.369e-03 max=3.523e-03 | 最差占预算=0.327 (tol = 3.86×spacing(x)（中位等效倍数；= nulp×spacing + noise，noise 来源见调用点注释与 README §5.3）) | δ=noise ≥ spacing/2 ⇒ 全部 640 个元素记为「边界元素」（非舍入噪声大于网格步长，分类退化）⇒ 判定用绝对界（网格项 + 非舍入项）
[check_ref] PASS S8 Y slot132: n=2560 越界=0（非有限 0） | dev-ref| mean=5.206e-05 p50=3.052e-05 p90=1.221e-04 p99=2.441e-04 max=4.578e-04 | 最差占预算=0.888 (tol = 1.51×spacing(x)（中位等效倍数；= nulp×spacing + noise，noise 来源见调用点注释与 README §5.3）) | 常规 588 / 边界 1972（δ=noise；绝对界已覆盖方向翻转）
[check_ref] PASS S6 GU slot134 (t=8): n=10240 越界=0（非有限 0） | dev-ref| mean=5.678e-04 p50=3.662e-04 p90=1.465e-03 p99=3.174e-03 max=6.104e-03 | 最差占预算=0.481 (tol = 5.82×spacing(x)（中位等效倍数；= nulp×spacing + noise，noise 来源见调用点注释与 README §5.3）) | δ=noise ≥ spacing/2 ⇒ 全部 10240 个元素记为「边界元素」（非舍入噪声大于网格步长，分类退化）⇒ 判定用绝对界（网格项 + 非舍入项）
[check_ref] PASS S7 H_swiglu slot134: n=5120 越界=0（非有限 0） | dev-ref| mean=1.241e-04 p50=4.785e-05 p90=3.190e-04 p99=1.146e-03 max=4.298e-03 | 最差占预算=0.326 (tol = 3.83×spacing(x)（中位等效倍数；= nulp×spacing + noise，noise 来源见调用点注释与 README §5.3）) | δ=noise ≥ spacing/2 ⇒ 全部 5120 个元素记为「边界元素」（非舍入噪声大于网格步长，分类退化）⇒ 判定用绝对界（网格项 + 非舍入项）
[check_ref] PASS S8 Y slot134: n=20480 越界=0（非有限 0） | dev-ref| mean=5.561e-05 p50=3.052e-05 p90=1.221e-04 p99=2.441e-04 max=8.545e-04 | 最差占预算=0.928 (tol = 1.43×spacing(x)（中位等效倍数；= nulp×spacing + noise，noise 来源见调用点注释与 README §5.3）) | 常规 5231 / 边界 15249（δ=noise；绝对界已覆盖方向翻转）
[check_ref] PASS S6 GU slot136 (t=2): n=2560 越界=0（非有限 0） | dev-ref| mean=5.826e-04 p50=4.883e-04 p90=1.465e-03 p99=3.174e-03 max=3.906e-03 | 最差占预算=0.456 (tol = 5.89×spacing(x)（中位等效倍数；= nulp×spacing + noise，noise 来源见调用点注释与 README §5.3）) | δ=noise ≥ spacing/2 ⇒ 全部 2560 个元素记为「边界元素」（非舍入噪声大于网格步长，分类退化）⇒ 判定用绝对界（网格项 + 非舍入项）
[check_ref] PASS S7 H_swiglu slot136: n=1280 越界=0（非有限 0） | dev-ref| mean=1.348e-04 p50=4.706e-05 p90=3.527e-04 p99=1.428e-03 max=3.825e-03 | 最差占预算=0.322 (tol = 3.83×spacing(x)（中位等效倍数；= nulp×spacing + noise，noise 来源见调用点注释与 README §5.3）) | 常规 1 / 边界 1279（δ=noise；绝对界已覆盖方向翻转）
[check_ref] PASS S8 Y slot136: n=5120 越界=0（非有限 0） | dev-ref| mean=6.124e-05 p50=6.104e-05 p90=1.831e-04 p99=3.662e-04 max=4.883e-04 | 最差占预算=0.923 (tol = 1.43×spacing(x)（中位等效倍数；= nulp×spacing + noise，noise 来源见调用点注释与 README §5.3）) | 常规 1540 / 边界 3580（δ=noise；绝对界已覆盖方向翻转）
[check_ref] PASS S6 GU slot138 (t=1): n=1280 越界=0（非有限 0） | dev-ref| mean=4.946e-04 p50=2.441e-04 p90=1.221e-03 p99=2.686e-03 max=3.906e-03 | 最差占预算=0.482 (tol = 5.31×spacing(x)（中位等效倍数；= nulp×spacing + noise，noise 来源见调用点注释与 README §5.3）) | δ=noise ≥ spacing/2 ⇒ 全部 1280 个元素记为「边界元素」（非舍入噪声大于网格步长，分类退化）⇒ 判定用绝对界（网格项 + 非舍入项）
[check_ref] PASS S7 H_swiglu slot138: n=640 越界=0（非有限 0） | dev-ref| mean=8.681e-05 p50=3.399e-05 p90=2.251e-04 p99=5.144e-04 max=2.209e-03 | 最差占预算=0.327 (tol = 3.9×spacing(x)（中位等效倍数；= nulp×spacing + noise，noise 来源见调用点注释与 README §5.3）) | δ=noise ≥ spacing/2 ⇒ 全部 640 个元素记为「边界元素」（非舍入噪声大于网格步长，分类退化）⇒ 判定用绝对界（网格项 + 非舍入项）
[check_ref] PASS S8 Y slot138: n=2560 越界=0（非有限 0） | dev-ref| mean=4.275e-05 p50=3.052e-05 p90=1.083e-04 p99=2.199e-04 max=3.967e-04 | 最差占预算=0.887 (tol = 1.49×spacing(x)（中位等效倍数；= nulp×spacing + noise，noise 来源见调用点注释与 README §5.3）) | 常规 631 / 边界 1929（δ=noise；绝对界已覆盖方向翻转）
[check_ref] PASS S6 GU slot139 (t=8): n=10240 越界=0（非有限 0） | dev-ref| mean=5.078e-04 p50=2.441e-04 p90=1.221e-03 p99=2.441e-03 max=3.906e-03 | 最差占预算=0.507 (tol = 5.41×spacing(x)（中位等效倍数；= nulp×spacing + noise，noise 来源见调用点注释与 README §5.3）) | δ=noise ≥ spacing/2 ⇒ 全部 10240 个元素记为「边界元素」（非舍入噪声大于网格步长，分类退化）⇒ 判定用绝对界（网格项 + 非舍入项）
[check_ref] PASS S7 H_swiglu slot139: n=5120 越界=0（非有限 0） | dev-ref| mean=9.799e-05 p50=3.701e-05 p90=2.371e-04 p99=8.567e-04 max=3.764e-03 | 最差占预算=0.328 (tol = 3.83×spacing(x)（中位等效倍数；= nulp×spacing + noise，noise 来源见调用点注释与 README §5.3）) | 常规 4 / 边界 5116（δ=noise；绝对界已覆盖方向翻转）
[check_ref] PASS S8 Y slot139: n=20480 越界=0（非有限 0） | dev-ref| mean=4.463e-05 p50=3.052e-05 p90=1.221e-04 p99=2.441e-04 max=8.545e-04 | 最差占预算=0.935 (tol = 1.44×spacing(x)（中位等效倍数；= nulp×spacing + noise，noise 来源见调用点注释与 README §5.3）) | 常规 5423 / 边界 15057（δ=noise；绝对界已覆盖方向翻转）
[check_ref] PASS S6 GU slot142 (t=3): n=3840 越界=0（非有限 0） | dev-ref| mean=5.494e-04 p50=2.441e-04 p90=1.465e-03 p99=2.930e-03 max=3.906e-03 | 最差占预算=0.491 (tol = 5.74×spacing(x)（中位等效倍数；= nulp×spacing + noise，noise 来源见调用点注释与 README §5.3）) | δ=noise ≥ spacing/2 ⇒ 全部 3840 个元素记为「边界元素」（非舍入噪声大于网格步长，分类退化）⇒ 判定用绝对界（网格项 + 非舍入项）
[check_ref] PASS S7 H_swiglu slot142: n=1920 越界=0（非有限 0） | dev-ref| mean=1.192e-04 p50=4.525e-05 p90=2.892e-04 p99=1.014e-03 max=3.773e-03 | 最差占预算=0.326 (tol = 3.81×spacing(x)（中位等效倍数；= nulp×spacing + noise，noise 来源见调用点注释与 README §5.3）) | 常规 1 / 边界 1919（δ=noise；绝对界已覆盖方向翻转）
[check_ref] PASS S8 Y slot142: n=7680 越界=0（非有限 0） | dev-ref| mean=5.353e-05 p50=3.052e-05 p90=1.221e-04 p99=2.441e-04 max=4.883e-04 | 最差占预算=0.924 (tol = 1.42×spacing(x)（中位等效倍数；= nulp×spacing + noise，noise 来源见调用点注释与 README §5.3）) | 常规 1791 / 边界 5889（δ=noise；绝对界已覆盖方向翻转）
[check_ref] PASS S6 GU slot145 (t=3): n=3840 越界=0（非有限 0） | dev-ref| mean=5.505e-04 p50=3.662e-04 p90=1.465e-03 p99=2.930e-03 max=3.906e-03 | 最差占预算=0.452 (tol = 5.64×spacing(x)（中位等效倍数；= nulp×spacing + noise，noise 来源见调用点注释与 README §5.3）) | δ=noise ≥ spacing/2 ⇒ 全部 3840 个元素记为「边界元素」（非舍入噪声大于网格步长，分类退化）⇒ 判定用绝对界（网格项 + 非舍入项）
[check_ref] PASS S7 H_swiglu slot145: n=1920 越界=0（非有限 0） | dev-ref| mean=1.203e-04 p50=4.418e-05 p90=3.328e-04 p99=9.447e-04 max=3.273e-03 | 最差占预算=0.325 (tol = 3.84×spacing(x)（中位等效倍数；= nulp×spacing + noise，noise 来源见调用点注释与 README §5.3）) | 常规 2 / 边界 1918（δ=noise；绝对界已覆盖方向翻转）
[check_ref] PASS S8 Y slot145: n=7680 越界=0（非有限 0） | dev-ref| mean=5.467e-05 p50=3.052e-05 p90=1.221e-04 p99=2.811e-04 max=4.883e-04 | 最差占预算=0.925 (tol = 1.44×spacing(x)（中位等效倍数；= nulp×spacing + noise，noise 来源见调用点注释与 README §5.3）) | 常规 2076 / 边界 5604（δ=noise；绝对界已覆盖方向翻转）
[check_ref] PASS S6 GU slot147 (t=2): n=2560 越界=0（非有限 0） | dev-ref| mean=5.619e-04 p50=4.883e-04 p90=1.465e-03 p99=3.174e-03 max=3.906e-03 | 最差占预算=0.470 (tol = 5.75×spacing(x)（中位等效倍数；= nulp×spacing + noise，noise 来源见调用点注释与 README §5.3）) | δ=noise ≥ spacing/2 ⇒ 全部 2560 个元素记为「边界元素」（非舍入噪声大于网格步长，分类退化）⇒ 判定用绝对界（网格项 + 非舍入项）
[check_ref] PASS S7 H_swiglu slot147: n=1280 越界=0（非有限 0） | dev-ref| mean=1.203e-04 p50=4.727e-05 p90=3.125e-04 p99=9.349e-04 max=2.835e-03 | 最差占预算=0.326 (tol = 3.84×spacing(x)（中位等效倍数；= nulp×spacing + noise，noise 来源见调用点注释与 README §5.3）) | δ=noise ≥ spacing/2 ⇒ 全部 1280 个元素记为「边界元素」（非舍入噪声大于网格步长，分类退化）⇒ 判定用绝对界（网格项 + 非舍入项）
[check_ref] PASS S8 Y slot147: n=5120 越界=0（非有限 0） | dev-ref| mean=5.049e-05 p50=3.052e-05 p90=1.221e-04 p99=2.441e-04 max=4.272e-04 | 最差占预算=0.893 (tol = 1.47×spacing(x)（中位等效倍数；= nulp×spacing + noise，noise 来源见调用点注释与 README §5.3）) | 常规 1253 / 边界 3867（δ=noise；绝对界已覆盖方向翻转）
[check_ref] PASS S6 GU slot149 (t=4): n=5120 越界=0（非有限 0） | dev-ref| mean=5.722e-04 p50=3.662e-04 p90=1.465e-03 p99=3.174e-03 max=7.324e-03 | 最差占预算=0.580 (tol = 5.64×spacing(x)（中位等效倍数；= nulp×spacing + noise，noise 来源见调用点注释与 README §5.3）) | δ=noise ≥ spacing/2 ⇒ 全部 5120 个元素记为「边界元素」（非舍入噪声大于网格步长，分类退化）⇒ 判定用绝对界（网格项 + 非舍入项）
[check_ref] PASS S7 H_swiglu slot149: n=2560 越界=0（非有限 0） | dev-ref| mean=1.187e-04 p50=4.765e-05 p90=2.871e-04 p99=9.643e-04 max=3.310e-03 | 最差占预算=0.325 (tol = 3.82×spacing(x)（中位等效倍数；= nulp×spacing + noise，noise 来源见调用点注释与 README §5.3）) | 常规 1 / 边界 2559（δ=noise；绝对界已覆盖方向翻转）
[check_ref] PASS S8 Y slot149: n=10240 越界=0（非有限 0） | dev-ref| mean=5.177e-05 p50=3.052e-05 p90=1.221e-04 p99=2.441e-04 max=4.883e-04 | 最差占预算=0.925 (tol = 1.51×spacing(x)（中位等效倍数；= nulp×spacing + noise，noise 来源见调用点注释与 README §5.3）) | 常规 2239 / 边界 8001（δ=noise；绝对界已覆盖方向翻转）
[check_ref] PASS S6 GU slot150 (t=4): n=5120 越界=0（非有限 0） | dev-ref| mean=5.407e-04 p50=3.662e-04 p90=1.465e-03 p99=2.441e-03 max=3.906e-03 | 最差占预算=0.483 (tol = 5.57×spacing(x)（中位等效倍数；= nulp×spacing + noise，noise 来源见调用点注释与 README §5.3）) | δ=noise ≥ spacing/2 ⇒ 全部 5120 个元素记为「边界元素」（非舍入噪声大于网格步长，分类退化）⇒ 判定用绝对界（网格项 + 非舍入项）
[check_ref] PASS S7 H_swiglu slot150: n=2560 越界=0（非有限 0） | dev-ref| mean=1.097e-04 p50=4.313e-05 p90=2.653e-04 p99=9.459e-04 max=3.629e-03 | 最差占预算=0.331 (tol = 3.85×spacing(x)（中位等效倍数；= nulp×spacing + noise，noise 来源见调用点注释与 README §5.3）) | δ=noise ≥ spacing/2 ⇒ 全部 2560 个元素记为「边界元素」（非舍入噪声大于网格步长，分类退化）⇒ 判定用绝对界（网格项 + 非舍入项）
[check_ref] PASS S8 Y slot150: n=10240 越界=0（非有限 0） | dev-ref| mean=4.607e-05 p50=3.052e-05 p90=1.221e-04 p99=2.441e-04 max=4.883e-04 | 最差占预算=0.928 (tol = 1.55×spacing(x)（中位等效倍数；= nulp×spacing + noise，noise 来源见调用点注释与 README §5.3）) | 常规 1970 / 边界 8270（δ=noise；绝对界已覆盖方向翻转）
[check_ref] PASS S6 GU slot159 (t=2): n=2560 越界=0（非有限 0） | dev-ref| mean=5.587e-04 p50=4.883e-04 p90=1.465e-03 p99=2.542e-03 max=3.906e-03 | 最差占预算=0.470 (tol = 5.61×spacing(x)（中位等效倍数；= nulp×spacing + noise，noise 来源见调用点注释与 README §5.3）) | δ=noise ≥ spacing/2 ⇒ 全部 2560 个元素记为「边界元素」（非舍入噪声大于网格步长，分类退化）⇒ 判定用绝对界（网格项 + 非舍入项）
[check_ref] PASS S7 H_swiglu slot159: n=1280 越界=0（非有限 0） | dev-ref| mean=1.278e-04 p50=4.330e-05 p90=3.521e-04 p99=1.236e-03 max=2.615e-03 | 最差占预算=0.330 (tol = 3.82×spacing(x)（中位等效倍数；= nulp×spacing + noise，noise 来源见调用点注释与 README §5.3）) | δ=noise ≥ spacing/2 ⇒ 全部 1280 个元素记为「边界元素」（非舍入噪声大于网格步长，分类退化）⇒ 判定用绝对界（网格项 + 非舍入项）
[check_ref] PASS S8 Y slot159: n=5120 越界=0（非有限 0） | dev-ref| mean=6.388e-05 p50=6.104e-05 p90=1.831e-04 p99=3.662e-04 max=7.935e-04 | 最差占预算=0.915 (tol = 1.4×spacing(x)（中位等效倍数；= nulp×spacing + noise，noise 来源见调用点注释与 README §5.3）) | 常规 1611 / 边界 3509（δ=noise；绝对界已覆盖方向翻转）
[check_ref] PASS S6 GU slot160 (t=2): n=2560 越界=0（非有限 0） | dev-ref| mean=5.532e-04 p50=2.441e-04 p90=1.465e-03 p99=2.930e-03 max=3.906e-03 | 最差占预算=0.490 (tol = 5.54×spacing(x)（中位等效倍数；= nulp×spacing + noise，noise 来源见调用点注释与 README §5.3）) | δ=noise ≥ spacing/2 ⇒ 全部 2560 个元素记为「边界元素」（非舍入噪声大于网格步长，分类退化）⇒ 判定用绝对界（网格项 + 非舍入项）
[check_ref] PASS S7 H_swiglu slot160: n=1280 越界=0（非有限 0） | dev-ref| mean=1.308e-04 p50=4.644e-05 p90=3.374e-04 p99=1.447e-03 max=2.873e-03 | 最差占预算=0.327 (tol = 3.84×spacing(x)（中位等效倍数；= nulp×spacing + noise，noise 来源见调用点注释与 README §5.3）) | δ=noise ≥ spacing/2 ⇒ 全部 1280 个元素记为「边界元素」（非舍入噪声大于网格步长，分类退化）⇒ 判定用绝对界（网格项 + 非舍入项）
[check_ref] PASS S8 Y slot160: n=5120 越界=0（非有限 0） | dev-ref| mean=5.870e-05 p50=6.104e-05 p90=1.526e-04 p99=3.662e-04 max=7.324e-04 | 最差占预算=0.918 (tol = 1.41×spacing(x)（中位等效倍数；= nulp×spacing + noise，noise 来源见调用点注释与 README §5.3）) | 常规 1526 / 边界 3594（δ=noise；绝对界已覆盖方向翻转）
[check_ref] PASS S6 GU slot161 (t=1): n=1280 越界=0（非有限 0） | dev-ref| mean=5.481e-04 p50=2.441e-04 p90=1.465e-03 p99=3.174e-03 max=3.906e-03 | 最差占预算=0.456 (tol = 5.77×spacing(x)（中位等效倍数；= nulp×spacing + noise，noise 来源见调用点注释与 README §5.3）) | δ=noise ≥ spacing/2 ⇒ 全部 1280 个元素记为「边界元素」（非舍入噪声大于网格步长，分类退化）⇒ 判定用绝对界（网格项 + 非舍入项）
[check_ref] PASS S7 H_swiglu slot161: n=640 越界=0（非有限 0） | dev-ref| mean=1.299e-04 p50=5.198e-05 p90=3.239e-04 p99=9.613e-04 max=3.679e-03 | 最差占预算=0.326 (tol = 3.84×spacing(x)（中位等效倍数；= nulp×spacing + noise，noise 来源见调用点注释与 README §5.3）) | δ=noise ≥ spacing/2 ⇒ 全部 640 个元素记为「边界元素」（非舍入噪声大于网格步长，分类退化）⇒ 判定用绝对界（网格项 + 非舍入项）
[check_ref] PASS S8 Y slot161: n=2560 越界=0（非有限 0） | dev-ref| mean=5.066e-05 p50=3.052e-05 p90=1.221e-04 p99=2.441e-04 max=4.883e-04 | 最差占预算=0.910 (tol = 1.51×spacing(x)（中位等效倍数；= nulp×spacing + noise，noise 来源见调用点注释与 README §5.3）) | 常规 560 / 边界 2000（δ=noise；绝对界已覆盖方向翻转）
[check_ref] PASS S6 GU slot163 (t=25): n=32000 越界=0（非有限 0） | dev-ref| mean=5.452e-04 p50=3.662e-04 p90=1.465e-03 p99=2.931e-03 max=7.812e-03 | 最差占预算=0.572 (tol = 5.58×spacing(x)（中位等效倍数；= nulp×spacing + noise，noise 来源见调用点注释与 README §5.3）) | δ=noise ≥ spacing/2 ⇒ 全部 32000 个元素记为「边界元素」（非舍入噪声大于网格步长，分类退化）⇒ 判定用绝对界（网格项 + 非舍入项）
[check_ref] PASS S7 H_swiglu slot163: n=16000 越界=0（非有限 0） | dev-ref| mean=1.118e-04 p50=4.258e-05 p90=2.798e-04 p99=9.400e-04 max=3.744e-03 | 最差占预算=0.331 (tol = 3.84×spacing(x)（中位等效倍数；= nulp×spacing + noise，noise 来源见调用点注释与 README §5.3）) | 常规 4 / 边界 15996（δ=noise；绝对界已覆盖方向翻转）
[check_ref] PASS S8 Y slot163: n=64000 越界=0（非有限 0） | dev-ref| mean=5.189e-05 p50=3.052e-05 p90=1.221e-04 p99=2.441e-04 max=7.629e-04 | 最差占预算=0.929 (tol = 1.49×spacing(x)（中位等效倍数；= nulp×spacing + noise，noise 来源见调用点注释与 README §5.3）) | 常规 15012 / 边界 48988（δ=noise；绝对界已覆盖方向翻转）
[check_ref] PASS S6 GU slot164 (t=1): n=1280 越界=0（非有限 0） | dev-ref| mean=5.459e-04 p50=2.441e-04 p90=1.465e-03 p99=2.686e-03 max=3.662e-03 | 最差占预算=0.436 (tol = 5.64×spacing(x)（中位等效倍数；= nulp×spacing + noise，noise 来源见调用点注释与 README §5.3）) | δ=noise ≥ spacing/2 ⇒ 全部 1280 个元素记为「边界元素」（非舍入噪声大于网格步长，分类退化）⇒ 判定用绝对界（网格项 + 非舍入项）
[check_ref] PASS S7 H_swiglu slot164: n=640 越界=0（非有限 0） | dev-ref| mean=1.172e-04 p50=5.118e-05 p90=3.281e-04 p99=8.293e-04 max=2.403e-03 | 最差占预算=0.316 (tol = 3.88×spacing(x)（中位等效倍数；= nulp×spacing + noise，noise 来源见调用点注释与 README §5.3）) | δ=noise ≥ spacing/2 ⇒ 全部 640 个元素记为「边界元素」（非舍入噪声大于网格步长，分类退化）⇒ 判定用绝对界（网格项 + 非舍入项）
[check_ref] PASS S8 Y slot164: n=2560 越界=0（非有限 0） | dev-ref| mean=4.719e-05 p50=3.052e-05 p90=1.221e-04 p99=2.441e-04 max=4.883e-04 | 最差占预算=0.903 (tol = 1.5×spacing(x)（中位等效倍数；= nulp×spacing + noise，noise 来源见调用点注释与 README §5.3）) | 常规 529 / 边界 2031（δ=noise；绝对界已覆盖方向翻转）
[check_ref] PASS S6 GU slot165 (t=2): n=2560 越界=0（非有限 0） | dev-ref| mean=5.642e-04 p50=3.662e-04 p90=1.465e-03 p99=3.224e-03 max=3.906e-03 | 最差占预算=0.480 (tol = 5.78×spacing(x)（中位等效倍数；= nulp×spacing + noise，noise 来源见调用点注释与 README §5.3）) | δ=noise ≥ spacing/2 ⇒ 全部 2560 个元素记为「边界元素」（非舍入噪声大于网格步长，分类退化）⇒ 判定用绝对界（网格项 + 非舍入项）
[check_ref] PASS S7 H_swiglu slot165: n=1280 越界=0（非有限 0） | dev-ref| mean=1.427e-04 p50=4.596e-05 p90=3.775e-04 p99=1.486e-03 max=3.156e-03 | 最差占预算=0.327 (tol = 3.82×spacing(x)（中位等效倍数；= nulp×spacing + noise，noise 来源见调用点注释与 README §5.3）) | δ=noise ≥ spacing/2 ⇒ 全部 1280 个元素记为「边界元素」（非舍入噪声大于网格步长，分类退化）⇒ 判定用绝对界（网格项 + 非舍入项）
[check_ref] PASS S8 Y slot165: n=5120 越界=0（非有限 0） | dev-ref| mean=6.572e-05 p50=6.104e-05 p90=1.831e-04 p99=3.909e-04 max=7.935e-04 | 最差占预算=0.917 (tol = 1.42×spacing(x)（中位等效倍数；= nulp×spacing + noise，noise 来源见调用点注释与 README §5.3）) | 常规 1633 / 边界 3487（δ=noise；绝对界已覆盖方向翻转）
[check_ref] PASS S6 GU slot167 (t=3): n=3840 越界=0（非有限 0） | dev-ref| mean=5.339e-04 p50=3.662e-04 p90=1.465e-03 p99=2.686e-03 max=3.906e-03 | 最差占预算=0.473 (tol = 5.55×spacing(x)（中位等效倍数；= nulp×spacing + noise，noise 来源见调用点注释与 README §5.3）) | δ=noise ≥ spacing/2 ⇒ 全部 3840 个元素记为「边界元素」（非舍入噪声大于网格步长，分类退化）⇒ 判定用绝对界（网格项 + 非舍入项）
[check_ref] PASS S7 H_swiglu slot167: n=1920 越界=0（非有限 0） | dev-ref| mean=1.058e-04 p50=3.873e-05 p90=2.556e-04 p99=8.972e-04 max=2.546e-03 | 最差占预算=0.330 (tol = 3.84×spacing(x)（中位等效倍数；= nulp×spacing + noise，noise 来源见调用点注释与 README §5.3）) | 常规 2 / 边界 1918（δ=noise；绝对界已覆盖方向翻转）
[check_ref] PASS S8 Y slot167: n=7680 越界=0（非有限 0） | dev-ref| mean=4.836e-05 p50=3.052e-05 p90=1.221e-04 p99=2.441e-04 max=4.883e-04 | 最差占预算=0.920 (tol = 1.45×spacing(x)（中位等效倍数；= nulp×spacing + noise，noise 来源见调用点注释与 README §5.3）) | 常规 2010 / 边界 5670（δ=noise；绝对界已覆盖方向翻转）
[check_ref] PASS S6 GU slot169 (t=1): n=1280 越界=0（非有限 0） | dev-ref| mean=6.002e-04 p50=3.662e-04 p90=1.465e-03 p99=3.322e-03 max=3.906e-03 | 最差占预算=0.453 (tol = 5.73×spacing(x)（中位等效倍数；= nulp×spacing + noise，noise 来源见调用点注释与 README §5.3）) | δ=noise ≥ spacing/2 ⇒ 全部 1280 个元素记为「边界元素」（非舍入噪声大于网格步长，分类退化）⇒ 判定用绝对界（网格项 + 非舍入项）
[check_ref] PASS S7 H_swiglu slot169: n=640 越界=0（非有限 0） | dev-ref| mean=1.471e-04 p50=5.265e-05 p90=3.913e-04 p99=1.230e-03 max=3.748e-03 | 最差占预算=0.324 (tol = 3.84×spacing(x)（中位等效倍数；= nulp×spacing + noise，noise 来源见调用点注释与 README §5.3）) | 常规 1 / 边界 639（δ=noise；绝对界已覆盖方向翻转）
[check_ref] PASS S8 Y slot169: n=2560 越界=0（非有限 0） | dev-ref| mean=6.521e-05 p50=6.104e-05 p90=1.831e-04 p99=3.662e-04 max=1.465e-03 | 最差占预算=0.910 (tol = 1.43×spacing(x)（中位等效倍数；= nulp×spacing + noise，noise 来源见调用点注释与 README §5.3）) | 常规 925 / 边界 1635（δ=noise；绝对界已覆盖方向翻转）
[check_ref] PASS S6 GU slot171 (t=4): n=5120 越界=0（非有限 0） | dev-ref| mean=5.814e-04 p50=4.883e-04 p90=1.465e-03 p99=3.174e-03 max=3.906e-03 | 最差占预算=0.466 (tol = 5.93×spacing(x)（中位等效倍数；= nulp×spacing + noise，noise 来源见调用点注释与 README §5.3）) | δ=noise ≥ spacing/2 ⇒ 全部 5120 个元素记为「边界元素」（非舍入噪声大于网格步长，分类退化）⇒ 判定用绝对界（网格项 + 非舍入项）
[check_ref] PASS S7 H_swiglu slot171: n=2560 越界=0（非有限 0） | dev-ref| mean=1.314e-04 p50=4.964e-05 p90=3.146e-04 p99=1.373e-03 max=4.535e-03 | 最差占预算=0.328 (tol = 3.83×spacing(x)（中位等效倍数；= nulp×spacing + noise，noise 来源见调用点注释与 README §5.3）) | 常规 1 / 边界 2559（δ=noise；绝对界已覆盖方向翻转）
[check_ref] PASS S8 Y slot171: n=10240 越界=0（非有限 0） | dev-ref| mean=5.946e-05 p50=3.052e-05 p90=1.526e-04 p99=3.662e-04 max=8.545e-04 | 最差占预算=0.921 (tol = 1.44×spacing(x)（中位等效倍数；= nulp×spacing + noise，noise 来源见调用点注释与 README §5.3）) | 常规 2752 / 边界 7488（δ=noise；绝对界已覆盖方向翻转）
[check_ref] PASS S6 GU slot172 (t=1): n=1280 越界=0（非有限 0） | dev-ref| mean=5.744e-04 p50=3.662e-04 p90=1.465e-03 p99=3.174e-03 max=3.906e-03 | 最差占预算=0.459 (tol = 5.84×spacing(x)（中位等效倍数；= nulp×spacing + noise，noise 来源见调用点注释与 README §5.3）) | δ=noise ≥ spacing/2 ⇒ 全部 1280 个元素记为「边界元素」（非舍入噪声大于网格步长，分类退化）⇒ 判定用绝对界（网格项 + 非舍入项）
[check_ref] PASS S7 H_swiglu slot172: n=640 越界=0（非有限 0） | dev-ref| mean=1.422e-04 p50=5.022e-05 p90=3.420e-04 p99=1.621e-03 max=3.323e-03 | 最差占预算=0.329 (tol = 3.77×spacing(x)（中位等效倍数；= nulp×spacing + noise，noise 来源见调用点注释与 README §5.3）) | δ=noise ≥ spacing/2 ⇒ 全部 640 个元素记为「边界元素」（非舍入噪声大于网格步长，分类退化）⇒ 判定用绝对界（网格项 + 非舍入项）
[check_ref] PASS S8 Y slot172: n=2560 越界=0（非有限 0） | dev-ref| mean=6.606e-05 p50=3.052e-05 p90=1.831e-04 p99=3.482e-04 max=9.766e-04 | 最差占预算=0.919 (tol = 1.41×spacing(x)（中位等效倍数；= nulp×spacing + noise，noise 来源见调用点注释与 README §5.3）) | 常规 683 / 边界 1877（δ=noise；绝对界已覆盖方向翻转）
[check_ref] PASS S6 GU slot173 (t=8): n=10240 越界=0（非有限 0） | dev-ref| mean=4.999e-04 p50=2.441e-04 p90=1.221e-03 p99=2.441e-03 max=6.836e-03 | 最差占预算=0.555 (tol = 5.51×spacing(x)（中位等效倍数；= nulp×spacing + noise，noise 来源见调用点注释与 README §5.3）) | δ=noise ≥ spacing/2 ⇒ 全部 10240 个元素记为「边界元素」（非舍入噪声大于网格步长，分类退化）⇒ 判定用绝对界（网格项 + 非舍入项）
[check_ref] PASS S7 H_swiglu slot173: n=5120 越界=0（非有限 0） | dev-ref| mean=9.941e-05 p50=3.795e-05 p90=2.366e-04 p99=8.616e-04 max=3.310e-03 | 最差占预算=0.327 (tol = 3.82×spacing(x)（中位等效倍数；= nulp×spacing + noise，noise 来源见调用点注释与 README §5.3）) | 常规 3 / 边界 5117（δ=noise；绝对界已覆盖方向翻转）
[check_ref] PASS S8 Y slot173: n=20480 越界=0（非有限 0） | dev-ref| mean=4.223e-05 p50=3.052e-05 p90=1.221e-04 p99=2.441e-04 max=4.883e-04 | 最差占预算=0.933 (tol = 1.47×spacing(x)（中位等效倍数；= nulp×spacing + noise，noise 来源见调用点注释与 README §5.3）) | 常规 5560 / 边界 14920（δ=noise；绝对界已覆盖方向翻转）
[check_ref] PASS S6 GU slot184 (t=1): n=1280 越界=0（非有限 0） | dev-ref| mean=4.982e-04 p50=2.441e-04 p90=1.221e-03 p99=2.686e-03 max=3.906e-03 | 最差占预算=0.467 (tol = 5.62×spacing(x)（中位等效倍数；= nulp×spacing + noise，noise 来源见调用点注释与 README §5.3）) | δ=noise ≥ spacing/2 ⇒ 全部 1280 个元素记为「边界元素」（非舍入噪声大于网格步长，分类退化）⇒ 判定用绝对界（网格项 + 非舍入项）
[check_ref] PASS S7 H_swiglu slot184: n=640 越界=0（非有限 0） | dev-ref| mean=1.010e-04 p50=3.756e-05 p90=2.558e-04 p99=8.829e-04 max=1.824e-03 | 最差占预算=0.318 (tol = 3.81×spacing(x)（中位等效倍数；= nulp×spacing + noise，noise 来源见调用点注释与 README §5.3）) | 常规 1 / 边界 639（δ=noise；绝对界已覆盖方向翻转）
[check_ref] PASS S8 Y slot184: n=2560 越界=0（非有限 0） | dev-ref| mean=3.793e-05 p50=3.052e-05 p90=9.155e-05 p99=2.136e-04 max=4.883e-04 | 最差占预算=0.920 (tol = 1.55×spacing(x)（中位等效倍数；= nulp×spacing + noise，noise 来源见调用点注释与 README §5.3）) | 常规 577 / 边界 1983（δ=noise；绝对界已覆盖方向翻转）
[check_ref] PASS S6 GU slot186 (t=1): n=1280 越界=0（非有限 0） | dev-ref| mean=5.323e-04 p50=2.441e-04 p90=1.465e-03 p99=2.737e-03 max=3.906e-03 | 最差占预算=0.477 (tol = 5.55×spacing(x)（中位等效倍数；= nulp×spacing + noise，noise 来源见调用点注释与 README §5.3）) | δ=noise ≥ spacing/2 ⇒ 全部 1280 个元素记为「边界元素」（非舍入噪声大于网格步长，分类退化）⇒ 判定用绝对界（网格项 + 非舍入项）
[check_ref] PASS S7 H_swiglu slot186: n=640 越界=0（非有限 0） | dev-ref| mean=1.136e-04 p50=4.172e-05 p90=2.810e-04 p99=1.023e-03 max=1.739e-03 | 最差占预算=0.322 (tol = 3.78×spacing(x)（中位等效倍数；= nulp×spacing + noise，noise 来源见调用点注释与 README §5.3）) | δ=noise ≥ spacing/2 ⇒ 全部 640 个元素记为「边界元素」（非舍入噪声大于网格步长，分类退化）⇒ 判定用绝对界（网格项 + 非舍入项）
[check_ref] PASS S8 Y slot186: n=2560 越界=0（非有限 0） | dev-ref| mean=4.829e-05 p50=6.104e-05 p90=1.221e-04 p99=2.441e-04 max=4.883e-04 | 最差占预算=0.931 (tol = 1.53×spacing(x)（中位等效倍数；= nulp×spacing + noise，noise 来源见调用点注释与 README §5.3）) | 常规 700 / 边界 1860（δ=noise；绝对界已覆盖方向翻转）
[check_ref] PASS S6 GU slot187 (t=1): n=1280 越界=0（非有限 0） | dev-ref| mean=5.638e-04 p50=4.883e-04 p90=1.465e-03 p99=2.737e-03 max=3.662e-03 | 最差占预算=0.436 (tol = 5.68×spacing(x)（中位等效倍数；= nulp×spacing + noise，noise 来源见调用点注释与 README §5.3）) | δ=noise ≥ spacing/2 ⇒ 全部 1280 个元素记为「边界元素」（非舍入噪声大于网格步长，分类退化）⇒ 判定用绝对界（网格项 + 非舍入项）
[check_ref] PASS S7 H_swiglu slot187: n=640 越界=0（非有限 0） | dev-ref| mean=1.147e-04 p50=4.988e-05 p90=2.951e-04 p99=9.017e-04 max=1.937e-03 | 最差占预算=0.325 (tol = 3.87×spacing(x)（中位等效倍数；= nulp×spacing + noise，noise 来源见调用点注释与 README §5.3）) | δ=noise ≥ spacing/2 ⇒ 全部 640 个元素记为「边界元素」（非舍入噪声大于网格步长，分类退化）⇒ 判定用绝对界（网格项 + 非舍入项）
[check_ref] PASS S8 Y slot187: n=2560 越界=0（非有限 0） | dev-ref| mean=5.639e-05 p50=3.052e-05 p90=1.221e-04 p99=2.567e-04 max=4.883e-04 | 最差占预算=0.912 (tol = 1.42×spacing(x)（中位等效倍数；= nulp×spacing + noise，noise 来源见调用点注释与 README §5.3）) | 常规 649 / 边界 1911（δ=noise；绝对界已覆盖方向翻转）
[check_ref] PASS S6 GU slot188 (t=2): n=2560 越界=0（非有限 0） | dev-ref| mean=5.300e-04 p50=2.441e-04 p90=1.465e-03 p99=2.686e-03 max=3.784e-03 | 最差占预算=0.499 (tol = 5.51×spacing(x)（中位等效倍数；= nulp×spacing + noise，noise 来源见调用点注释与 README §5.3）) | δ=noise ≥ spacing/2 ⇒ 全部 2560 个元素记为「边界元素」（非舍入噪声大于网格步长，分类退化）⇒ 判定用绝对界（网格项 + 非舍入项）
[check_ref] PASS S7 H_swiglu slot188: n=1280 越界=0（非有限 0） | dev-ref| mean=1.166e-04 p50=3.959e-05 p90=2.808e-04 p99=1.066e-03 max=3.287e-03 | 最差占预算=0.328 (tol = 3.83×spacing(x)（中位等效倍数；= nulp×spacing + noise，noise 来源见调用点注释与 README §5.3）) | 常规 1 / 边界 1279（δ=noise；绝对界已覆盖方向翻转）
[check_ref] PASS S8 Y slot188: n=5120 越界=0（非有限 0） | dev-ref| mean=4.996e-05 p50=3.052e-05 p90=1.221e-04 p99=2.441e-04 max=4.883e-04 | 最差占预算=0.906 (tol = 1.5×spacing(x)（中位等效倍数；= nulp×spacing + noise，noise 来源见调用点注释与 README §5.3）) | 常规 1340 / 边界 3780（δ=noise；绝对界已覆盖方向翻转）
[check_ref] PASS S6 GU slot189 (t=3): n=3840 越界=0（非有限 0） | dev-ref| mean=5.609e-04 p50=3.662e-04 p90=1.465e-03 p99=3.174e-03 max=3.906e-03 | 最差占预算=0.479 (tol = 5.65×spacing(x)（中位等效倍数；= nulp×spacing + noise，noise 来源见调用点注释与 README §5.3）) | δ=noise ≥ spacing/2 ⇒ 全部 3840 个元素记为「边界元素」（非舍入噪声大于网格步长，分类退化）⇒ 判定用绝对界（网格项 + 非舍入项）
[check_ref] PASS S7 H_swiglu slot189: n=1920 越界=0（非有限 0） | dev-ref| mean=1.307e-04 p50=4.398e-05 p90=3.257e-04 p99=1.059e-03 max=4.057e-03 | 最差占预算=0.328 (tol = 3.83×spacing(x)（中位等效倍数；= nulp×spacing + noise，noise 来源见调用点注释与 README §5.3）) | 常规 1 / 边界 1919（δ=noise；绝对界已覆盖方向翻转）
[check_ref] PASS S8 Y slot189: n=7680 越界=0（非有限 0） | dev-ref| mean=6.234e-05 p50=3.052e-05 p90=1.526e-04 p99=3.052e-04 max=4.883e-04 | 最差占预算=0.923 (tol = 1.39×spacing(x)（中位等效倍数；= nulp×spacing + noise，noise 来源见调用点注释与 README §5.3）) | 常规 2135 / 边界 5545（δ=noise；绝对界已覆盖方向翻转）
[check_ref] PASS S6 GU slot190 (t=2): n=2560 越界=0（非有限 0） | dev-ref| mean=5.484e-04 p50=2.441e-04 p90=1.465e-03 p99=2.930e-03 max=3.906e-03 | 最差占预算=0.463 (tol = 5.78×spacing(x)（中位等效倍数；= nulp×spacing + noise，noise 来源见调用点注释与 README §5.3）) | δ=noise ≥ spacing/2 ⇒ 全部 2560 个元素记为「边界元素」（非舍入噪声大于网格步长，分类退化）⇒ 判定用绝对界（网格项 + 非舍入项）
[check_ref] PASS S7 H_swiglu slot190: n=1280 越界=0（非有限 0） | dev-ref| mean=1.115e-04 p50=4.005e-05 p90=2.819e-04 p99=9.206e-04 max=3.733e-03 | 最差占预算=0.326 (tol = 3.8×spacing(x)（中位等效倍数；= nulp×spacing + noise，noise 来源见调用点注释与 README §5.3）) | 常规 2 / 边界 1278（δ=noise；绝对界已覆盖方向翻转）
[check_ref] PASS S8 Y slot190: n=5120 越界=0（非有限 0） | dev-ref| mean=4.916e-05 p50=3.052e-05 p90=1.221e-04 p99=2.441e-04 max=7.935e-04 | 最差占预算=0.918 (tol = 1.53×spacing(x)（中位等效倍数；= nulp×spacing + noise，noise 来源见调用点注释与 README §5.3）) | 常规 1102 / 边界 4018（δ=noise；绝对界已覆盖方向翻转）
[check_ref] PASS S6 GU slot191 (t=1): n=1280 越界=0（非有限 0） | dev-ref| mean=4.911e-04 p50=2.441e-04 p90=1.221e-03 p99=1.953e-03 max=3.906e-03 | 最差占预算=0.486 (tol = 5.34×spacing(x)（中位等效倍数；= nulp×spacing + noise，noise 来源见调用点注释与 README §5.3）) | δ=noise ≥ spacing/2 ⇒ 全部 1280 个元素记为「边界元素」（非舍入噪声大于网格步长，分类退化）⇒ 判定用绝对界（网格项 + 非舍入项）
[check_ref] PASS S7 H_swiglu slot191: n=640 越界=0（非有限 0） | dev-ref| mean=8.775e-05 p50=3.434e-05 p90=2.303e-04 p99=7.028e-04 max=1.946e-03 | 最差占预算=0.331 (tol = 3.82×spacing(x)（中位等效倍数；= nulp×spacing + noise，noise 来源见调用点注释与 README §5.3）) | δ=noise ≥ spacing/2 ⇒ 全部 640 个元素记为「边界元素」（非舍入噪声大于网格步长，分类退化）⇒ 判定用绝对界（网格项 + 非舍入项）
[check_ref] PASS S8 Y slot191: n=2560 越界=0（非有限 0） | dev-ref| mean=3.110e-05 p50=3.052e-05 p90=9.155e-05 p99=1.831e-04 max=2.441e-04 | 最差占预算=0.912 (tol = 1.48×spacing(x)（中位等效倍数；= nulp×spacing + noise，noise 来源见调用点注释与 README §5.3）) | 常规 780 / 边界 1780（δ=noise；绝对界已覆盖方向翻转）
[check_ref] PASS S6 GU slot194 (t=7): n=8960 越界=0（非有限 0） | dev-ref| mean=5.772e-04 p50=3.662e-04 p90=1.465e-03 p99=3.174e-03 max=6.592e-03 | 最差占预算=0.498 (tol = 5.66×spacing(x)（中位等效倍数；= nulp×spacing + noise，noise 来源见调用点注释与 README §5.3）) | δ=noise ≥ spacing/2 ⇒ 全部 8960 个元素记为「边界元素」（非舍入噪声大于网格步长，分类退化）⇒ 判定用绝对界（网格项 + 非舍入项）
[check_ref] PASS S7 H_swiglu slot194: n=4480 越界=0（非有限 0） | dev-ref| mean=1.378e-04 p50=4.691e-05 p90=3.635e-04 p99=1.319e-03 max=4.501e-03 | 最差占预算=0.330 (tol = 3.84×spacing(x)（中位等效倍数；= nulp×spacing + noise，noise 来源见调用点注释与 README §5.3）) | 常规 2 / 边界 4478（δ=noise；绝对界已覆盖方向翻转）
[check_ref] PASS S8 Y slot194: n=17920 越界=0（非有限 0） | dev-ref| mean=6.723e-05 p50=6.104e-05 p90=1.831e-04 p99=3.967e-04 max=1.587e-03 | 最差占预算=0.922 (tol = 1.41×spacing(x)（中位等效倍数；= nulp×spacing + noise，noise 来源见调用点注释与 README §5.3）) | 常规 5066 / 边界 12854（δ=noise；绝对界已覆盖方向翻转）
[check_ref] PASS S6 GU slot195 (t=2): n=2560 越界=0（非有限 0） | dev-ref| mean=5.512e-04 p50=3.052e-04 p90=1.465e-03 p99=3.174e-03 max=3.906e-03 | 最差占预算=0.462 (tol = 5.84×spacing(x)（中位等效倍数；= nulp×spacing + noise，noise 来源见调用点注释与 README §5.3）) | δ=noise ≥ spacing/2 ⇒ 全部 2560 个元素记为「边界元素」（非舍入噪声大于网格步长，分类退化）⇒ 判定用绝对界（网格项 + 非舍入项）
[check_ref] PASS S7 H_swiglu slot195: n=1280 越界=0（非有限 0） | dev-ref| mean=1.061e-04 p50=4.358e-05 p90=2.715e-04 p99=8.728e-04 max=1.872e-03 | 最差占预算=0.323 (tol = 3.87×spacing(x)（中位等效倍数；= nulp×spacing + noise，noise 来源见调用点注释与 README §5.3）) | δ=noise ≥ spacing/2 ⇒ 全部 1280 个元素记为「边界元素」（非舍入噪声大于网格步长，分类退化）⇒ 判定用绝对界（网格项 + 非舍入项）
[check_ref] PASS S8 Y slot195: n=5120 越界=0（非有限 0） | dev-ref| mean=4.629e-05 p50=3.052e-05 p90=1.221e-04 p99=2.441e-04 max=4.883e-04 | 最差占预算=0.897 (tol = 1.56×spacing(x)（中位等效倍数；= nulp×spacing + noise，noise 来源见调用点注释与 README §5.3）) | 常规 988 / 边界 4132（δ=noise；绝对界已覆盖方向翻转）
[check_ref] PASS S6 GU slot196 (t=1): n=1280 越界=0（非有限 0） | dev-ref| mean=5.809e-04 p50=4.883e-04 p90=1.465e-03 p99=3.199e-03 max=3.906e-03 | 最差占预算=0.477 (tol = 5.71×spacing(x)（中位等效倍数；= nulp×spacing + noise，noise 来源见调用点注释与 README §5.3）) | δ=noise ≥ spacing/2 ⇒ 全部 1280 个元素记为「边界元素」（非舍入噪声大于网格步长，分类退化）⇒ 判定用绝对界（网格项 + 非舍入项）
[check_ref] PASS S7 H_swiglu slot196: n=640 越界=0（非有限 0） | dev-ref| mean=1.293e-04 p50=5.276e-05 p90=3.515e-04 p99=9.916e-04 max=3.123e-03 | 最差占预算=0.314 (tol = 3.94×spacing(x)（中位等效倍数；= nulp×spacing + noise，noise 来源见调用点注释与 README §5.3）) | δ=noise ≥ spacing/2 ⇒ 全部 640 个元素记为「边界元素」（非舍入噪声大于网格步长，分类退化）⇒ 判定用绝对界（网格项 + 非舍入项）
[check_ref] PASS S8 Y slot196: n=2560 越界=0（非有限 0） | dev-ref| mean=5.826e-05 p50=3.052e-05 p90=1.526e-04 p99=3.052e-04 max=4.883e-04 | 最差占预算=0.902 (tol = 1.46×spacing(x)（中位等效倍数；= nulp×spacing + noise，noise 来源见调用点注释与 README §5.3）) | 常规 604 / 边界 1956（δ=noise；绝对界已覆盖方向翻转）
[check_ref] PASS S6 GU slot199 (t=1): n=1280 越界=0（非有限 0） | dev-ref| mean=5.888e-04 p50=3.662e-04 p90=1.465e-03 p99=2.930e-03 max=3.906e-03 | 最差占预算=0.473 (tol = 5.61×spacing(x)（中位等效倍数；= nulp×spacing + noise，noise 来源见调用点注释与 README §5.3）) | δ=noise ≥ spacing/2 ⇒ 全部 1280 个元素记为「边界元素」（非舍入噪声大于网格步长，分类退化）⇒ 判定用绝对界（网格项 + 非舍入项）
[check_ref] PASS S7 H_swiglu slot199: n=640 越界=0（非有限 0） | dev-ref| mean=1.452e-04 p50=5.413e-05 p90=3.786e-04 p99=1.516e-03 max=3.035e-03 | 最差占预算=0.323 (tol = 3.76×spacing(x)（中位等效倍数；= nulp×spacing + noise，noise 来源见调用点注释与 README §5.3）) | δ=noise ≥ spacing/2 ⇒ 全部 640 个元素记为「边界元素」（非舍入噪声大于网格步长，分类退化）⇒ 判定用绝对界（网格项 + 非舍入项）
[check_ref] PASS S8 Y slot199: n=2560 越界=0（非有限 0） | dev-ref| mean=5.642e-05 p50=6.104e-05 p90=1.221e-04 p99=3.052e-04 max=4.883e-04 | 最差占预算=0.914 (tol = 1.44×spacing(x)（中位等效倍数；= nulp×spacing + noise，noise 来源见调用点注释与 README §5.3）) | 常规 846 / 边界 1714（δ=noise；绝对界已覆盖方向翻转）
[check_ref] PASS S6 GU slot201 (t=10): n=12800 越界=0（非有限 0） | dev-ref| mean=5.312e-04 p50=2.441e-04 p90=1.465e-03 p99=2.930e-03 max=3.906e-03 | 最差占预算=0.475 (tol = 5.7×spacing(x)（中位等效倍数；= nulp×spacing + noise，noise 来源见调用点注释与 README §5.3）) | δ=noise ≥ spacing/2 ⇒ 全部 12800 个元素记为「边界元素」（非舍入噪声大于网格步长，分类退化）⇒ 判定用绝对界（网格项 + 非舍入项）
[check_ref] PASS S7 H_swiglu slot201: n=6400 越界=0（非有限 0） | dev-ref| mean=1.063e-04 p50=4.044e-05 p90=2.612e-04 p99=9.034e-04 max=3.488e-03 | 最差占预算=0.330 (tol = 3.82×spacing(x)（中位等效倍数；= nulp×spacing + noise，noise 来源见调用点注释与 README §5.3）) | 常规 5 / 边界 6395（δ=noise；绝对界已覆盖方向翻转）
[check_ref] PASS S8 Y slot201: n=25600 越界=0（非有限 0） | dev-ref| mean=4.598e-05 p50=3.052e-05 p90=1.221e-04 p99=2.441e-04 max=4.883e-04 | 最差占预算=0.928 (tol = 1.52×spacing(x)（中位等效倍数；= nulp×spacing + noise，noise 来源见调用点注释与 README §5.3）) | 常规 5623 / 边界 19977（δ=noise；绝对界已覆盖方向翻转）
[check_ref] PASS S6 GU slot202 (t=1): n=1280 越界=0（非有限 0） | dev-ref| mean=4.733e-04 p50=2.441e-04 p90=1.221e-03 p99=2.441e-03 max=3.906e-03 | 最差占预算=0.498 (tol = 5.3×spacing(x)（中位等效倍数；= nulp×spacing + noise，noise 来源见调用点注释与 README §5.3）) | δ=noise ≥ spacing/2 ⇒ 全部 1280 个元素记为「边界元素」（非舍入噪声大于网格步长，分类退化）⇒ 判定用绝对界（网格项 + 非舍入项）
[check_ref] PASS S7 H_swiglu slot202: n=640 越界=0（非有限 0） | dev-ref| mean=8.783e-05 p50=3.361e-05 p90=2.006e-04 p99=8.775e-04 max=1.633e-03 | 最差占预算=0.322 (tol = 3.86×spacing(x)（中位等效倍数；= nulp×spacing + noise，noise 来源见调用点注释与 README §5.3）) | δ=noise ≥ spacing/2 ⇒ 全部 640 个元素记为「边界元素」（非舍入噪声大于网格步长，分类退化）⇒ 判定用绝对界（网格项 + 非舍入项）
[check_ref] PASS S8 Y slot202: n=2560 越界=0（非有限 0） | dev-ref| mean=3.178e-05 p50=1.526e-05 p90=9.155e-05 p99=1.678e-04 max=2.441e-04 | 最差占预算=0.893 (tol = 1.48×spacing(x)（中位等效倍数；= nulp×spacing + noise，noise 来源见调用点注释与 README §5.3）) | 常规 616 / 边界 1944（δ=noise；绝对界已覆盖方向翻转）
[check_ref] PASS S6 GU slot203 (t=8): n=10240 越界=0（非有限 0） | dev-ref| mean=5.481e-04 p50=3.662e-04 p90=1.465e-03 p99=2.930e-03 max=3.906e-03 | 最差占预算=0.478 (tol = 5.71×spacing(x)（中位等效倍数；= nulp×spacing + noise，noise 来源见调用点注释与 README §5.3）) | δ=noise ≥ spacing/2 ⇒ 全部 10240 个元素记为「边界元素」（非舍入噪声大于网格步长，分类退化）⇒ 判定用绝对界（网格项 + 非舍入项）
[check_ref] PASS S7 H_swiglu slot203: n=5120 越界=0（非有限 0） | dev-ref| mean=1.122e-04 p50=4.343e-05 p90=2.860e-04 p99=9.268e-04 max=7.470e-03 | 最差占预算=0.331 (tol = 3.84×spacing(x)（中位等效倍数；= nulp×spacing + noise，noise 来源见调用点注释与 README §5.3）) | 常规 2 / 边界 5118（δ=noise；绝对界已覆盖方向翻转）
[check_ref] PASS S8 Y slot203: n=20480 越界=0（非有限 0） | dev-ref| mean=5.215e-05 p50=3.052e-05 p90=1.221e-04 p99=2.441e-04 max=4.883e-04 | 最差占预算=0.930 (tol = 1.43×spacing(x)（中位等效倍数；= nulp×spacing + noise，noise 来源见调用点注释与 README §5.3）) | 常规 4920 / 边界 15560（δ=noise；绝对界已覆盖方向翻转）
[check_ref] PASS S6 GU slot205 (t=1): n=1280 越界=0（非有限 0） | dev-ref| mean=5.450e-04 p50=2.441e-04 p90=1.465e-03 p99=2.833e-03 max=3.906e-03 | 最差占预算=0.462 (tol = 5.45×spacing(x)（中位等效倍数；= nulp×spacing + noise，noise 来源见调用点注释与 README §5.3）) | δ=noise ≥ spacing/2 ⇒ 全部 1280 个元素记为「边界元素」（非舍入噪声大于网格步长，分类退化）⇒ 判定用绝对界（网格项 + 非舍入项）
[check_ref] PASS S7 H_swiglu slot205: n=640 越界=0（非有限 0） | dev-ref| mean=1.203e-04 p50=4.571e-05 p90=3.068e-04 p99=9.436e-04 max=3.260e-03 | 最差占预算=0.322 (tol = 3.84×spacing(x)（中位等效倍数；= nulp×spacing + noise，noise 来源见调用点注释与 README §5.3）) | δ=noise ≥ spacing/2 ⇒ 全部 640 个元素记为「边界元素」（非舍入噪声大于网格步长，分类退化）⇒ 判定用绝对界（网格项 + 非舍入项）
[check_ref] PASS S8 Y slot205: n=2560 越界=0（非有限 0） | dev-ref| mean=5.503e-05 p50=3.052e-05 p90=1.221e-04 p99=2.441e-04 max=4.578e-04 | 最差占预算=0.877 (tol = 1.39×spacing(x)（中位等效倍数；= nulp×spacing + noise，noise 来源见调用点注释与 README §5.3）) | 常规 672 / 边界 1888（δ=noise；绝对界已覆盖方向翻转）
[check_ref] PASS S6 GU slot206 (t=5): n=6400 越界=0（非有限 0） | dev-ref| mean=5.820e-04 p50=3.662e-04 p90=1.465e-03 p99=3.174e-03 max=6.836e-03 | 最差占预算=0.532 (tol = 5.85×spacing(x)（中位等效倍数；= nulp×spacing + noise，noise 来源见调用点注释与 README §5.3）) | δ=noise ≥ spacing/2 ⇒ 全部 6400 个元素记为「边界元素」（非舍入噪声大于网格步长，分类退化）⇒ 判定用绝对界（网格项 + 非舍入项）
[check_ref] PASS S7 H_swiglu slot206: n=3200 越界=0（非有限 0） | dev-ref| mean=1.338e-04 p50=4.672e-05 p90=3.458e-04 p99=1.277e-03 max=3.767e-03 | 最差占预算=0.328 (tol = 3.83×spacing(x)（中位等效倍数；= nulp×spacing + noise，noise 来源见调用点注释与 README §5.3）) | δ=noise ≥ spacing/2 ⇒ 全部 3200 个元素记为「边界元素」（非舍入噪声大于网格步长，分类退化）⇒ 判定用绝对界（网格项 + 非舍入项）
[check_ref] PASS S8 Y slot206: n=12800 越界=0（非有限 0） | dev-ref| mean=6.703e-05 p50=6.104e-05 p90=1.831e-04 p99=3.662e-04 max=8.545e-04 | 最差占预算=0.927 (tol = 1.42×spacing(x)（中位等效倍数；= nulp×spacing + noise，noise 来源见调用点注释与 README §5.3）) | 常规 3779 / 边界 9021（δ=noise；绝对界已覆盖方向翻转）
[check_ref] PASS S6 GU slot207 (t=2): n=2560 越界=0（非有限 0） | dev-ref| mean=5.994e-04 p50=3.662e-04 p90=1.465e-03 p99=3.174e-03 max=3.906e-03 | 最差占预算=0.448 (tol = 5.88×spacing(x)（中位等效倍数；= nulp×spacing + noise，noise 来源见调用点注释与 README §5.3）) | δ=noise ≥ spacing/2 ⇒ 全部 2560 个元素记为「边界元素」（非舍入噪声大于网格步长，分类退化）⇒ 判定用绝对界（网格项 + 非舍入项）
[check_ref] PASS S7 H_swiglu slot207: n=1280 越界=0（非有限 0） | dev-ref| mean=1.272e-04 p50=4.851e-05 p90=2.938e-04 p99=1.248e-03 max=3.609e-03 | 最差占预算=0.325 (tol = 3.84×spacing(x)（中位等效倍数；= nulp×spacing + noise，noise 来源见调用点注释与 README §5.3）) | δ=noise ≥ spacing/2 ⇒ 全部 1280 个元素记为「边界元素」（非舍入噪声大于网格步长，分类退化）⇒ 判定用绝对界（网格项 + 非舍入项）
[check_ref] PASS S8 Y slot207: n=5120 越界=0（非有限 0） | dev-ref| mean=5.674e-05 p50=3.052e-05 p90=1.251e-04 p99=2.441e-04 max=4.883e-04 | 最差占预算=0.907 (tol = 1.43×spacing(x)（中位等效倍数；= nulp×spacing + noise，noise 来源见调用点注释与 README §5.3）) | 常规 1281 / 边界 3839（δ=noise；绝对界已覆盖方向翻转）
[check_ref] PASS S6 GU slot211 (t=3): n=3840 越界=0（非有限 0） | dev-ref| mean=5.422e-04 p50=2.441e-04 p90=1.465e-03 p99=2.930e-03 max=3.906e-03 | 最差占预算=0.480 (tol = 5.62×spacing(x)（中位等效倍数；= nulp×spacing + noise，noise 来源见调用点注释与 README §5.3）) | δ=noise ≥ spacing/2 ⇒ 全部 3840 个元素记为「边界元素」（非舍入噪声大于网格步长，分类退化）⇒ 判定用绝对界（网格项 + 非舍入项）
[check_ref] PASS S7 H_swiglu slot211: n=1920 越界=0（非有限 0） | dev-ref| mean=1.060e-04 p50=3.972e-05 p90=2.413e-04 p99=8.637e-04 max=3.889e-03 | 最差占预算=0.328 (tol = 3.87×spacing(x)（中位等效倍数；= nulp×spacing + noise，noise 来源见调用点注释与 README §5.3）) | 常规 1 / 边界 1919（δ=noise；绝对界已覆盖方向翻转）
[check_ref] PASS S8 Y slot211: n=7680 越界=0（非有限 0） | dev-ref| mean=4.467e-05 p50=3.052e-05 p90=1.221e-04 p99=2.441e-04 max=4.883e-04 | 最差占预算=0.916 (tol = 1.51×spacing(x)（中位等效倍数；= nulp×spacing + noise，noise 来源见调用点注释与 README §5.3）) | 常规 1750 / 边界 5930（δ=noise；绝对界已覆盖方向翻转）
[check_ref] PASS S6 GU slot216 (t=1): n=1280 越界=0（非有限 0） | dev-ref| mean=5.190e-04 p50=3.662e-04 p90=1.343e-03 p99=2.711e-03 max=3.784e-03 | 最差占预算=0.494 (tol = 4.96×spacing(x)（中位等效倍数；= nulp×spacing + noise，noise 来源见调用点注释与 README §5.3）) | δ=noise ≥ spacing/2 ⇒ 全部 1280 个元素记为「边界元素」（非舍入噪声大于网格步长，分类退化）⇒ 判定用绝对界（网格项 + 非舍入项）
[check_ref] PASS S7 H_swiglu slot216: n=640 越界=0（非有限 0） | dev-ref| mean=9.605e-05 p50=3.622e-05 p90=2.311e-04 p99=7.919e-04 max=1.827e-03 | 最差占预算=0.319 (tol = 3.84×spacing(x)（中位等效倍数；= nulp×spacing + noise，noise 来源见调用点注释与 README §5.3）) | δ=noise ≥ spacing/2 ⇒ 全部 640 个元素记为「边界元素」（非舍入噪声大于网格步长，分类退化）⇒ 判定用绝对界（网格项 + 非舍入项）
[check_ref] PASS S8 Y slot216: n=2560 越界=0（非有限 0） | dev-ref| mean=4.628e-05 p50=3.052e-05 p90=1.221e-04 p99=2.136e-04 max=3.662e-04 | 最差占预算=0.892 (tol = 1.49×spacing(x)（中位等效倍数；= nulp×spacing + noise，noise 来源见调用点注释与 README §5.3）) | 常规 578 / 边界 1982（δ=noise；绝对界已覆盖方向翻转）
[check_ref] PASS S6 GU slot220 (t=3): n=3840 越界=0（非有限 0） | dev-ref| mean=5.742e-04 p50=3.662e-04 p90=1.465e-03 p99=3.174e-03 max=6.104e-03 | 最差占预算=0.479 (tol = 5.75×spacing(x)（中位等效倍数；= nulp×spacing + noise，noise 来源见调用点注释与 README §5.3）) | δ=noise ≥ spacing/2 ⇒ 全部 3840 个元素记为「边界元素」（非舍入噪声大于网格步长，分类退化）⇒ 判定用绝对界（网格项 + 非舍入项）
[check_ref] PASS S7 H_swiglu slot220: n=1920 越界=0（非有限 0） | dev-ref| mean=1.336e-04 p50=4.738e-05 p90=3.462e-04 p99=1.297e-03 max=6.610e-03 | 最差占预算=0.326 (tol = 3.81×spacing(x)（中位等效倍数；= nulp×spacing + noise，noise 来源见调用点注释与 README §5.3）) | δ=noise ≥ spacing/2 ⇒ 全部 1920 个元素记为「边界元素」（非舍入噪声大于网格步长，分类退化）⇒ 判定用绝对界（网格项 + 非舍入项）
[check_ref] PASS S8 Y slot220: n=7680 越界=0（非有限 0） | dev-ref| mean=6.612e-05 p50=6.104e-05 p90=1.831e-04 p99=4.272e-04 max=6.714e-04 | 最差占预算=0.921 (tol = 1.41×spacing(x)（中位等效倍数；= nulp×spacing + noise，noise 来源见调用点注释与 README §5.3）) | 常规 2355 / 边界 5325（δ=noise；绝对界已覆盖方向翻转）
[check_ref] PASS S6 GU slot222 (t=1): n=1280 越界=0（非有限 0） | dev-ref| mean=5.295e-04 p50=2.441e-04 p90=1.465e-03 p99=2.981e-03 max=3.906e-03 | 最差占预算=0.472 (tol = 5.69×spacing(x)（中位等效倍数；= nulp×spacing + noise，noise 来源见调用点注释与 README §5.3）) | δ=noise ≥ spacing/2 ⇒ 全部 1280 个元素记为「边界元素」（非舍入噪声大于网格步长，分类退化）⇒ 判定用绝对界（网格项 + 非舍入项）
[check_ref] PASS S7 H_swiglu slot222: n=640 越界=0（非有限 0） | dev-ref| mean=1.104e-04 p50=4.051e-05 p90=3.067e-04 p99=9.466e-04 max=1.099e-03 | 最差占预算=0.319 (tol = 3.73×spacing(x)（中位等效倍数；= nulp×spacing + noise，noise 来源见调用点注释与 README §5.3）) | 常规 1 / 边界 639（δ=noise；绝对界已覆盖方向翻转）
[check_ref] PASS S8 Y slot222: n=2560 越界=0（非有限 0） | dev-ref| mean=4.299e-05 p50=3.052e-05 p90=1.221e-04 p99=2.441e-04 max=4.883e-04 | 最差占预算=0.913 (tol = 1.51×spacing(x)（中位等效倍数；= nulp×spacing + noise，noise 来源见调用点注释与 README §5.3）) | 常规 600 / 边界 1960（δ=noise；绝对界已覆盖方向翻转）
[check_ref] PASS S6 GU slot224 (t=1): n=1280 越界=0（非有限 0） | dev-ref| mean=5.329e-04 p50=2.441e-04 p90=1.465e-03 p99=2.930e-03 max=3.906e-03 | 最差占预算=0.461 (tol = 5.73×spacing(x)（中位等效倍数；= nulp×spacing + noise，noise 来源见调用点注释与 README §5.3）) | δ=noise ≥ spacing/2 ⇒ 全部 1280 个元素记为「边界元素」（非舍入噪声大于网格步长，分类退化）⇒ 判定用绝对界（网格项 + 非舍入项）
[check_ref] PASS S7 H_swiglu slot224: n=640 越界=0（非有限 0） | dev-ref| mean=1.080e-04 p50=4.329e-05 p90=2.421e-04 p99=8.891e-04 max=1.879e-03 | 最差占预算=0.318 (tol = 3.86×spacing(x)（中位等效倍数；= nulp×spacing + noise，noise 来源见调用点注释与 README §5.3）) | δ=noise ≥ spacing/2 ⇒ 全部 640 个元素记为「边界元素」（非舍入噪声大于网格步长，分类退化）⇒ 判定用绝对界（网格项 + 非舍入项）
[check_ref] PASS S8 Y slot224: n=2560 越界=0（非有限 0） | dev-ref| mean=4.385e-05 p50=3.052e-05 p90=1.221e-04 p99=2.136e-04 max=4.883e-04 | 最差占预算=0.920 (tol = 1.54×spacing(x)（中位等效倍数；= nulp×spacing + noise，noise 来源见调用点注释与 README §5.3）) | 常规 476 / 边界 2084（δ=noise；绝对界已覆盖方向翻转）
[check_ref] PASS S6 GU slot225 (t=2): n=2560 越界=0（非有限 0） | dev-ref| mean=5.955e-04 p50=4.883e-04 p90=1.465e-03 p99=3.174e-03 max=3.906e-03 | 最差占预算=0.481 (tol = 5.69×spacing(x)（中位等效倍数；= nulp×spacing + noise，noise 来源见调用点注释与 README §5.3）) | δ=noise ≥ spacing/2 ⇒ 全部 2560 个元素记为「边界元素」（非舍入噪声大于网格步长，分类退化）⇒ 判定用绝对界（网格项 + 非舍入项）
[check_ref] PASS S7 H_swiglu slot225: n=1280 越界=0（非有限 0） | dev-ref| mean=1.588e-04 p50=4.682e-05 p90=3.866e-04 p99=1.866e-03 max=3.855e-03 | 最差占预算=0.330 (tol = 3.83×spacing(x)（中位等效倍数；= nulp×spacing + noise，noise 来源见调用点注释与 README §5.3）) | 常规 1 / 边界 1279（δ=noise；绝对界已覆盖方向翻转）
[check_ref] PASS S8 Y slot225: n=5120 越界=0（非有限 0） | dev-ref| mean=7.349e-05 p50=6.104e-05 p90=1.831e-04 p99=4.272e-04 max=1.953e-03 | 最差占预算=0.916 (tol = 1.43×spacing(x)（中位等效倍数；= nulp×spacing + noise，noise 来源见调用点注释与 README §5.3）) | 常规 1755 / 边界 3365（δ=noise；绝对界已覆盖方向翻转）
[check_ref] PASS S6 GU slot226 (t=1): n=1280 越界=0（非有限 0） | dev-ref| mean=5.346e-04 p50=2.441e-04 p90=1.465e-03 p99=2.711e-03 max=3.906e-03 | 最差占预算=0.465 (tol = 5.58×spacing(x)（中位等效倍数；= nulp×spacing + noise，noise 来源见调用点注释与 README §5.3）) | δ=noise ≥ spacing/2 ⇒ 全部 1280 个元素记为「边界元素」（非舍入噪声大于网格步长，分类退化）⇒ 判定用绝对界（网格项 + 非舍入项）
[check_ref] PASS S7 H_swiglu slot226: n=640 越界=0（非有限 0） | dev-ref| mean=1.012e-04 p50=3.967e-05 p90=2.438e-04 p99=7.590e-04 max=1.729e-03 | 最差占预算=0.331 (tol = 3.82×spacing(x)（中位等效倍数；= nulp×spacing + noise，noise 来源见调用点注释与 README §5.3）) | δ=noise ≥ spacing/2 ⇒ 全部 640 个元素记为「边界元素」（非舍入噪声大于网格步长，分类退化）⇒ 判定用绝对界（网格项 + 非舍入项）
[check_ref] PASS S8 Y slot226: n=2560 越界=0（非有限 0） | dev-ref| mean=5.457e-05 p50=3.052e-05 p90=1.221e-04 p99=2.441e-04 max=4.883e-04 | 最差占预算=0.926 (tol = 1.32×spacing(x)（中位等效倍数；= nulp×spacing + noise，noise 来源见调用点注释与 README §5.3）) | 常规 694 / 边界 1866（δ=noise；绝对界已覆盖方向翻转）
[check_ref] PASS S6 GU slot230 (t=1): n=1280 越界=0（非有限 0） | dev-ref| mean=5.595e-04 p50=4.883e-04 p90=1.465e-03 p99=2.930e-03 max=3.906e-03 | 最差占预算=0.496 (tol = 5.42×spacing(x)（中位等效倍数；= nulp×spacing + noise，noise 来源见调用点注释与 README §5.3）) | δ=noise ≥ spacing/2 ⇒ 全部 1280 个元素记为「边界元素」（非舍入噪声大于网格步长，分类退化）⇒ 判定用绝对界（网格项 + 非舍入项）
[check_ref] PASS S7 H_swiglu slot230: n=640 越界=0（非有限 0） | dev-ref| mean=1.415e-04 p50=5.421e-05 p90=3.784e-04 p99=1.401e-03 max=3.090e-03 | 最差占预算=0.323 (tol = 3.78×spacing(x)（中位等效倍数；= nulp×spacing + noise，noise 来源见调用点注释与 README §5.3）) | δ=noise ≥ spacing/2 ⇒ 全部 640 个元素记为「边界元素」（非舍入噪声大于网格步长，分类退化）⇒ 判定用绝对界（网格项 + 非舍入项）
[check_ref] PASS S8 Y slot230: n=2560 越界=0（非有限 0） | dev-ref| mean=7.100e-05 p50=6.104e-05 p90=1.831e-04 p99=3.912e-04 max=4.883e-04 | 最差占预算=0.915 (tol = 1.4×spacing(x)（中位等效倍数；= nulp×spacing + noise，noise 来源见调用点注释与 README §5.3）) | 常规 992 / 边界 1568（δ=noise；绝对界已覆盖方向翻转）
[check_ref] PASS S6 GU slot232 (t=3): n=3840 越界=0（非有限 0） | dev-ref| mean=5.120e-04 p50=2.441e-04 p90=1.465e-03 p99=2.686e-03 max=3.906e-03 | 最差占预算=0.486 (tol = 5.56×spacing(x)（中位等效倍数；= nulp×spacing + noise，noise 来源见调用点注释与 README §5.3）) | δ=noise ≥ spacing/2 ⇒ 全部 3840 个元素记为「边界元素」（非舍入噪声大于网格步长，分类退化）⇒ 判定用绝对界（网格项 + 非舍入项）
[check_ref] PASS S7 H_swiglu slot232: n=1920 越界=0（非有限 0） | dev-ref| mean=9.722e-05 p50=3.813e-05 p90=2.358e-04 p99=8.133e-04 max=3.242e-03 | 最差占预算=0.319 (tol = 3.85×spacing(x)（中位等效倍数；= nulp×spacing + noise，noise 来源见调用点注释与 README §5.3）) | δ=noise ≥ spacing/2 ⇒ 全部 1920 个元素记为「边界元素」（非舍入噪声大于网格步长，分类退化）⇒ 判定用绝对界（网格项 + 非舍入项）
[check_ref] PASS S8 Y slot232: n=7680 越界=0（非有限 0） | dev-ref| mean=4.500e-05 p50=3.052e-05 p90=1.221e-04 p99=2.441e-04 max=4.883e-04 | 最差占预算=0.929 (tol = 1.49×spacing(x)（中位等效倍数；= nulp×spacing + noise，noise 来源见调用点注释与 README §5.3）) | 常规 1903 / 边界 5777（δ=noise；绝对界已覆盖方向翻转）
[check_ref] PASS S6 GU slot234 (t=2): n=2560 越界=0（非有限 0） | dev-ref| mean=5.298e-04 p50=2.441e-04 p90=1.465e-03 p99=2.930e-03 max=3.906e-03 | 最差占预算=0.472 (tol = 5.73×spacing(x)（中位等效倍数；= nulp×spacing + noise，noise 来源见调用点注释与 README §5.3）) | δ=noise ≥ spacing/2 ⇒ 全部 2560 个元素记为「边界元素」（非舍入噪声大于网格步长，分类退化）⇒ 判定用绝对界（网格项 + 非舍入项）
[check_ref] PASS S7 H_swiglu slot234: n=1280 越界=0（非有限 0） | dev-ref| mean=1.103e-04 p50=4.305e-05 p90=3.036e-04 p99=8.447e-04 max=3.331e-03 | 最差占预算=0.323 (tol = 3.81×spacing(x)（中位等效倍数；= nulp×spacing + noise，noise 来源见调用点注释与 README §5.3）) | δ=noise ≥ spacing/2 ⇒ 全部 1280 个元素记为「边界元素」（非舍入噪声大于网格步长，分类退化）⇒ 判定用绝对界（网格项 + 非舍入项）
[check_ref] PASS S8 Y slot234: n=5120 越界=0（非有限 0） | dev-ref| mean=4.563e-05 p50=3.052e-05 p90=1.221e-04 p99=2.441e-04 max=4.272e-04 | 最差占预算=0.905 (tol = 1.53×spacing(x)（中位等效倍数；= nulp×spacing + noise，noise 来源见调用点注释与 README §5.3）) | 常规 1064 / 边界 4056（δ=noise；绝对界已覆盖方向翻转）
[check_ref] PASS S6 GU slot239 (t=4): n=5120 越界=0（非有限 0） | dev-ref| mean=5.634e-04 p50=3.662e-04 p90=1.465e-03 p99=3.174e-03 max=3.906e-03 | 最差占预算=0.465 (tol = 5.77×spacing(x)（中位等效倍数；= nulp×spacing + noise，noise 来源见调用点注释与 README §5.3）) | δ=noise ≥ spacing/2 ⇒ 全部 5120 个元素记为「边界元素」（非舍入噪声大于网格步长，分类退化）⇒ 判定用绝对界（网格项 + 非舍入项）
[check_ref] PASS S7 H_swiglu slot239: n=2560 越界=0（非有限 0） | dev-ref| mean=1.164e-04 p50=4.437e-05 p90=3.100e-04 p99=9.548e-04 max=1.820e-03 | 最差占预算=0.324 (tol = 3.82×spacing(x)（中位等效倍数；= nulp×spacing + noise，noise 来源见调用点注释与 README §5.3）) | 常规 3 / 边界 2557（δ=noise；绝对界已覆盖方向翻转）
[check_ref] PASS S8 Y slot239: n=10240 越界=0（非有限 0） | dev-ref| mean=5.762e-05 p50=6.104e-05 p90=1.221e-04 p99=2.441e-04 max=6.104e-04 | 最差占预算=0.919 (tol = 1.42×spacing(x)（中位等效倍数；= nulp×spacing + noise，noise 来源见调用点注释与 README §5.3）) | 常规 2859 / 边界 7381（δ=noise；绝对界已覆盖方向翻转）
[check_ref] PASS S6 GU slot242 (t=2): n=2560 越界=0（非有限 0） | dev-ref| mean=5.294e-04 p50=2.441e-04 p90=1.465e-03 p99=2.930e-03 max=3.906e-03 | 最差占预算=0.481 (tol = 5.59×spacing(x)（中位等效倍数；= nulp×spacing + noise，noise 来源见调用点注释与 README §5.3）) | δ=noise ≥ spacing/2 ⇒ 全部 2560 个元素记为「边界元素」（非舍入噪声大于网格步长，分类退化）⇒ 判定用绝对界（网格项 + 非舍入项）
[check_ref] PASS S7 H_swiglu slot242: n=1280 越界=0（非有限 0） | dev-ref| mean=9.781e-05 p50=4.068e-05 p90=2.372e-04 p99=8.024e-04 max=1.744e-03 | 最差占预算=0.311 (tol = 3.8×spacing(x)（中位等效倍数；= nulp×spacing + noise，noise 来源见调用点注释与 README §5.3）) | δ=noise ≥ spacing/2 ⇒ 全部 1280 个元素记为「边界元素」（非舍入噪声大于网格步长，分类退化）⇒ 判定用绝对界（网格项 + 非舍入项）
[check_ref] PASS S8 Y slot242: n=5120 越界=0（非有限 0） | dev-ref| mean=4.250e-05 p50=3.052e-05 p90=1.221e-04 p99=2.136e-04 max=4.578e-04 | 最差占预算=0.891 (tol = 1.52×spacing(x)（中位等效倍数；= nulp×spacing + noise，noise 来源见调用点注释与 README §5.3）) | 常规 1168 / 边界 3952（δ=noise；绝对界已覆盖方向翻转）
[check_ref] PASS S6 GU slot243 (t=2): n=2560 越界=0（非有限 0） | dev-ref| mean=5.595e-04 p50=3.662e-04 p90=1.465e-03 p99=2.930e-03 max=3.906e-03 | 最差占预算=0.475 (tol = 5.72×spacing(x)（中位等效倍数；= nulp×spacing + noise，noise 来源见调用点注释与 README §5.3）) | δ=noise ≥ spacing/2 ⇒ 全部 2560 个元素记为「边界元素」（非舍入噪声大于网格步长，分类退化）⇒ 判定用绝对界（网格项 + 非舍入项）
[check_ref] PASS S7 H_swiglu slot243: n=1280 越界=0（非有限 0） | dev-ref| mean=1.276e-04 p50=4.782e-05 p90=3.289e-04 p99=1.270e-03 max=3.882e-03 | 最差占预算=0.329 (tol = 3.84×spacing(x)（中位等效倍数；= nulp×spacing + noise，noise 来源见调用点注释与 README §5.3）) | δ=noise ≥ spacing/2 ⇒ 全部 1280 个元素记为「边界元素」（非舍入噪声大于网格步长，分类退化）⇒ 判定用绝对界（网格项 + 非舍入项）
[check_ref] PASS S8 Y slot243: n=5120 越界=0（非有限 0） | dev-ref| mean=5.326e-05 p50=3.052e-05 p90=1.221e-04 p99=2.441e-04 max=4.883e-04 | 最差占预算=0.917 (tol = 1.42×spacing(x)（中位等效倍数；= nulp×spacing + noise，noise 来源见调用点注释与 README §5.3）) | 常规 1373 / 边界 3747（δ=noise；绝对界已覆盖方向翻转）
[check_ref] PASS S6 GU slot246 (t=2): n=2560 越界=0（非有限 0） | dev-ref| mean=5.268e-04 p50=2.441e-04 p90=1.343e-03 p99=2.686e-03 max=3.906e-03 | 最差占预算=0.477 (tol = 5.65×spacing(x)（中位等效倍数；= nulp×spacing + noise，noise 来源见调用点注释与 README §5.3）) | δ=noise ≥ spacing/2 ⇒ 全部 2560 个元素记为「边界元素」（非舍入噪声大于网格步长，分类退化）⇒ 判定用绝对界（网格项 + 非舍入项）
[check_ref] PASS S7 H_swiglu slot246: n=1280 越界=0（非有限 0） | dev-ref| mean=1.040e-04 p50=3.712e-05 p90=2.467e-04 p99=8.790e-04 max=3.776e-03 | 最差占预算=0.331 (tol = 3.83×spacing(x)（中位等效倍数；= nulp×spacing + noise，noise 来源见调用点注释与 README §5.3）) | 常规 1 / 边界 1279（δ=noise；绝对界已覆盖方向翻转）
[check_ref] PASS S8 Y slot246: n=5120 越界=0（非有限 0） | dev-ref| mean=4.049e-05 p50=3.052e-05 p90=1.221e-04 p99=2.441e-04 max=4.272e-04 | 最差占预算=0.905 (tol = 1.51×spacing(x)（中位等效倍数；= nulp×spacing + noise，noise 来源见调用点注释与 README §5.3）) | 常规 1377 / 边界 3743（δ=noise；绝对界已覆盖方向翻转）
[check_ref] PASS S6 GU slot247 (t=2): n=2560 越界=0（非有限 0） | dev-ref| mean=5.335e-04 p50=2.441e-04 p90=1.245e-03 p99=2.930e-03 max=3.906e-03 | 最差占预算=0.453 (tol = 5.62×spacing(x)（中位等效倍数；= nulp×spacing + noise，noise 来源见调用点注释与 README §5.3）) | δ=noise ≥ spacing/2 ⇒ 全部 2560 个元素记为「边界元素」（非舍入噪声大于网格步长，分类退化）⇒ 判定用绝对界（网格项 + 非舍入项）
[check_ref] PASS S7 H_swiglu slot247: n=1280 越界=0（非有限 0） | dev-ref| mean=1.100e-04 p50=4.356e-05 p90=2.947e-04 p99=8.397e-04 max=2.235e-03 | 最差占预算=0.320 (tol = 3.87×spacing(x)（中位等效倍数；= nulp×spacing + noise，noise 来源见调用点注释与 README §5.3）) | 常规 1 / 边界 1279（δ=noise；绝对界已覆盖方向翻转）
[check_ref] PASS S8 Y slot247: n=5120 越界=0（非有限 0） | dev-ref| mean=4.880e-05 p50=3.052e-05 p90=1.221e-04 p99=2.441e-04 max=4.883e-04 | 最差占预算=0.934 (tol = 1.45×spacing(x)（中位等效倍数；= nulp×spacing + noise，noise 来源见调用点注释与 README §5.3）) | 常规 1368 / 边界 3752（δ=noise；绝对界已覆盖方向翻转）
[check_ref] PASS S6 GU slot249 (t=1): n=1280 越界=0（非有限 0） | dev-ref| mean=5.607e-04 p50=3.662e-04 p90=1.465e-03 p99=2.930e-03 max=3.906e-03 | 最差占预算=0.450 (tol = 5.79×spacing(x)（中位等效倍数；= nulp×spacing + noise，noise 来源见调用点注释与 README §5.3）) | δ=noise ≥ spacing/2 ⇒ 全部 1280 个元素记为「边界元素」（非舍入噪声大于网格步长，分类退化）⇒ 判定用绝对界（网格项 + 非舍入项）
[check_ref] PASS S7 H_swiglu slot249: n=640 越界=0（非有限 0） | dev-ref| mean=1.215e-04 p50=4.888e-05 p90=3.522e-04 p99=9.300e-04 max=2.345e-03 | 最差占预算=0.327 (tol = 3.77×spacing(x)（中位等效倍数；= nulp×spacing + noise，noise 来源见调用点注释与 README §5.3）) | δ=noise ≥ spacing/2 ⇒ 全部 640 个元素记为「边界元素」（非舍入噪声大于网格步长，分类退化）⇒ 判定用绝对界（网格项 + 非舍入项）
[check_ref] PASS S8 Y slot249: n=2560 越界=0（非有限 0） | dev-ref| mean=5.735e-05 p50=3.052e-05 p90=1.251e-04 p99=3.357e-04 max=4.883e-04 | 最差占预算=0.897 (tol = 1.39×spacing(x)（中位等效倍数；= nulp×spacing + noise，noise 来源见调用点注释与 README §5.3）) | 常规 692 / 边界 1868（δ=noise；绝对界已覆盖方向翻转）
[check_ref] PASS S6 GU slot255 (t=1): n=1280 越界=0（非有限 0） | dev-ref| mean=5.332e-04 p50=2.441e-04 p90=1.233e-03 p99=3.174e-03 max=3.906e-03 | 最差占预算=0.456 (tol = 5.67×spacing(x)（中位等效倍数；= nulp×spacing + noise，noise 来源见调用点注释与 README §5.3）) | δ=noise ≥ spacing/2 ⇒ 全部 1280 个元素记为「边界元素」（非舍入噪声大于网格步长，分类退化）⇒ 判定用绝对界（网格项 + 非舍入项）
[check_ref] PASS S7 H_swiglu slot255: n=640 越界=0（非有限 0） | dev-ref| mean=1.135e-04 p50=4.481e-05 p90=2.966e-04 p99=8.370e-04 max=1.950e-03 | 最差占预算=0.315 (tol = 3.78×spacing(x)（中位等效倍数；= nulp×spacing + noise，noise 来源见调用点注释与 README §5.3）) | δ=noise ≥ spacing/2 ⇒ 全部 640 个元素记为「边界元素」（非舍入噪声大于网格步长，分类退化）⇒ 判定用绝对界（网格项 + 非舍入项）
[check_ref] PASS S8 Y slot255: n=2560 越界=0（非有限 0） | dev-ref| mean=5.211e-05 p50=3.052e-05 p90=1.221e-04 p99=2.441e-04 max=6.104e-04 | 最差占预算=0.913 (tol = 1.47×spacing(x)（中位等效倍数；= nulp×spacing + noise，noise 来源见调用点注释与 README §5.3）) | 常规 646 / 边界 1914（δ=noise；绝对界已覆盖方向翻转）
[check_ref] PASS S6 GU slot258 (t=3): n=3840 越界=0（非有限 0） | dev-ref| mean=5.379e-04 p50=2.441e-04 p90=1.465e-03 p99=3.126e-03 max=3.906e-03 | 最差占预算=0.460 (tol = 5.66×spacing(x)（中位等效倍数；= nulp×spacing + noise，noise 来源见调用点注释与 README §5.3）) | δ=noise ≥ spacing/2 ⇒ 全部 3840 个元素记为「边界元素」（非舍入噪声大于网格步长，分类退化）⇒ 判定用绝对界（网格项 + 非舍入项）
[check_ref] PASS S7 H_swiglu slot258: n=1920 越界=0（非有限 0） | dev-ref| mean=1.090e-04 p50=4.184e-05 p90=2.562e-04 p99=8.790e-04 max=3.118e-03 | 最差占预算=0.327 (tol = 3.85×spacing(x)（中位等效倍数；= nulp×spacing + noise，noise 来源见调用点注释与 README §5.3）) | 常规 1 / 边界 1919（δ=noise；绝对界已覆盖方向翻转）
[check_ref] PASS S8 Y slot258: n=7680 越界=0（非有限 0） | dev-ref| mean=4.653e-05 p50=3.052e-05 p90=1.221e-04 p99=2.441e-04 max=4.578e-04 | 最差占预算=0.886 (tol = 1.54×spacing(x)（中位等效倍数；= nulp×spacing + noise，noise 来源见调用点注释与 README §5.3）) | 常规 1469 / 边界 6211（δ=noise；绝对界已覆盖方向翻转）
[check_ref] PASS S6 GU slot259 (t=1): n=1280 越界=0（非有限 0） | dev-ref| mean=5.686e-04 p50=2.441e-04 p90=1.465e-03 p99=3.174e-03 max=3.906e-03 | 最差占预算=0.469 (tol = 5.7×spacing(x)（中位等效倍数；= nulp×spacing + noise，noise 来源见调用点注释与 README §5.3）) | δ=noise ≥ spacing/2 ⇒ 全部 1280 个元素记为「边界元素」（非舍入噪声大于网格步长，分类退化）⇒ 判定用绝对界（网格项 + 非舍入项）
[check_ref] PASS S7 H_swiglu slot259: n=640 越界=0（非有限 0） | dev-ref| mean=1.176e-04 p50=4.913e-05 p90=2.931e-04 p99=9.353e-04 max=2.089e-03 | 最差占预算=0.323 (tol = 3.85×spacing(x)（中位等效倍数；= nulp×spacing + noise，noise 来源见调用点注释与 README §5.3）) | δ=noise ≥ spacing/2 ⇒ 全部 640 个元素记为「边界元素」（非舍入噪声大于网格步长，分类退化）⇒ 判定用绝对界（网格项 + 非舍入项）
[check_ref] PASS S8 Y slot259: n=2560 越界=0（非有限 0） | dev-ref| mean=5.221e-05 p50=3.052e-05 p90=1.221e-04 p99=2.441e-04 max=4.883e-04 | 最差占预算=0.915 (tol = 1.44×spacing(x)（中位等效倍数；= nulp×spacing + noise，noise 来源见调用点注释与 README §5.3）) | 常规 599 / 边界 1961（δ=noise；绝对界已覆盖方向翻转）
[check_ref] PASS S6 GU slot266 (t=2): n=2560 越界=0（非有限 0） | dev-ref| mean=5.176e-04 p50=3.662e-04 p90=1.343e-03 p99=2.491e-03 max=3.784e-03 | 最差占预算=0.473 (tol = 5.55×spacing(x)（中位等效倍数；= nulp×spacing + noise，noise 来源见调用点注释与 README §5.3）) | δ=noise ≥ spacing/2 ⇒ 全部 2560 个元素记为「边界元素」（非舍入噪声大于网格步长，分类退化）⇒ 判定用绝对界（网格项 + 非舍入项）
[check_ref] PASS S7 H_swiglu slot266: n=1280 越界=0（非有限 0） | dev-ref| mean=1.008e-04 p50=3.805e-05 p90=2.302e-04 p99=8.839e-04 max=3.035e-03 | 最差占预算=0.331 (tol = 3.82×spacing(x)（中位等效倍数；= nulp×spacing + noise，noise 来源见调用点注释与 README §5.3）) | δ=noise ≥ spacing/2 ⇒ 全部 1280 个元素记为「边界元素」（非舍入噪声大于网格步长，分类退化）⇒ 判定用绝对界（网格项 + 非舍入项）
[check_ref] PASS S8 Y slot266: n=5120 越界=0（非有限 0） | dev-ref| mean=4.452e-05 p50=3.052e-05 p90=1.221e-04 p99=2.441e-04 max=4.883e-04 | 最差占预算=0.909 (tol = 1.53×spacing(x)（中位等效倍数；= nulp×spacing + noise，noise 来源见调用点注释与 README §5.3）) | 常规 1076 / 边界 4044（δ=noise；绝对界已覆盖方向翻转）
[check_ref] PASS S6 GU slot268 (t=2): n=2560 越界=0（非有限 0） | dev-ref| mean=5.332e-04 p50=2.441e-04 p90=1.221e-03 p99=2.930e-03 max=3.906e-03 | 最差占预算=0.497 (tol = 5.34×spacing(x)（中位等效倍数；= nulp×spacing + noise，noise 来源见调用点注释与 README §5.3）) | δ=noise ≥ spacing/2 ⇒ 全部 2560 个元素记为「边界元素」（非舍入噪声大于网格步长，分类退化）⇒ 判定用绝对界（网格项 + 非舍入项）
[check_ref] PASS S7 H_swiglu slot268: n=1280 越界=0（非有限 0） | dev-ref| mean=1.144e-04 p50=4.254e-05 p90=2.726e-04 p99=9.710e-04 max=3.755e-03 | 最差占预算=0.330 (tol = 3.84×spacing(x)（中位等效倍数；= nulp×spacing + noise，noise 来源见调用点注释与 README §5.3）) | δ=noise ≥ spacing/2 ⇒ 全部 1280 个元素记为「边界元素」（非舍入噪声大于网格步长，分类退化）⇒ 判定用绝对界（网格项 + 非舍入项）
[check_ref] PASS S8 Y slot268: n=5120 越界=0（非有限 0） | dev-ref| mean=5.377e-05 p50=3.052e-05 p90=1.221e-04 p99=2.441e-04 max=4.883e-04 | 最差占预算=0.906 (tol = 1.42×spacing(x)（中位等效倍数；= nulp×spacing + noise，noise 来源见调用点注释与 README §5.3）) | 常规 1168 / 边界 3952（δ=noise；绝对界已覆盖方向翻转）
[check_ref] PASS S6 GU slot269 (t=3): n=3840 越界=0（非有限 0） | dev-ref| mean=5.621e-04 p50=3.662e-04 p90=1.465e-03 p99=3.126e-03 max=3.906e-03 | 最差占预算=0.460 (tol = 5.64×spacing(x)（中位等效倍数；= nulp×spacing + noise，noise 来源见调用点注释与 README §5.3）) | δ=noise ≥ spacing/2 ⇒ 全部 3840 个元素记为「边界元素」（非舍入噪声大于网格步长，分类退化）⇒ 判定用绝对界（网格项 + 非舍入项）
[check_ref] PASS S7 H_swiglu slot269: n=1920 越界=0（非有限 0） | dev-ref| mean=1.298e-04 p50=4.411e-05 p90=3.397e-04 p99=1.114e-03 max=5.947e-03 | 最差占预算=0.331 (tol = 3.82×spacing(x)（中位等效倍数；= nulp×spacing + noise，noise 来源见调用点注释与 README §5.3）) | δ=noise ≥ spacing/2 ⇒ 全部 1920 个元素记为「边界元素」（非舍入噪声大于网格步长，分类退化）⇒ 判定用绝对界（网格项 + 非舍入项）
[check_ref] PASS S8 Y slot269: n=7680 越界=0（非有限 0） | dev-ref| mean=5.722e-05 p50=3.052e-05 p90=1.526e-04 p99=2.747e-04 max=4.883e-04 | 最差占预算=0.908 (tol = 1.41×spacing(x)（中位等效倍数；= nulp×spacing + noise，noise 来源见调用点注释与 README §5.3）) | 常规 2021 / 边界 5659（δ=noise；绝对界已覆盖方向翻转）
[check_ref] PASS S6 GU slot270 (t=21): n=26880 越界=0（非有限 0） | dev-ref| mean=5.184e-04 p50=2.441e-04 p90=1.343e-03 p99=2.686e-03 max=3.906e-03 | 最差占预算=0.508 (tol = 5.53×spacing(x)（中位等效倍数；= nulp×spacing + noise，noise 来源见调用点注释与 README §5.3）) | δ=noise ≥ spacing/2 ⇒ 全部 26880 个元素记为「边界元素」（非舍入噪声大于网格步长，分类退化）⇒ 判定用绝对界（网格项 + 非舍入项）
[check_ref] PASS S7 H_swiglu slot270: n=13440 越界=0（非有限 0） | dev-ref| mean=1.004e-04 p50=3.834e-05 p90=2.394e-04 p99=8.656e-04 max=7.004e-03 | 最差占预算=0.332 (tol = 3.84×spacing(x)（中位等效倍数；= nulp×spacing + noise，noise 来源见调用点注释与 README §5.3）) | 常规 5 / 边界 13435（δ=noise；绝对界已覆盖方向翻转）
[check_ref] PASS S8 Y slot270: n=53760 越界=0（非有限 0） | dev-ref| mean=4.430e-05 p50=3.052e-05 p90=1.221e-04 p99=2.441e-04 max=7.019e-04 | 最差占预算=0.934 (tol = 1.45×spacing(x)（中位等效倍数；= nulp×spacing + noise，noise 来源见调用点注释与 README §5.3）) | 常规 14628 / 边界 39132（δ=noise；绝对界已覆盖方向翻转）
[check_ref] PASS S6 GU slot272 (t=7): n=8960 越界=0（非有限 0） | dev-ref| mean=5.660e-04 p50=3.662e-04 p90=1.465e-03 p99=3.174e-03 max=6.836e-03 | 最差占预算=0.482 (tol = 5.87×spacing(x)（中位等效倍数；= nulp×spacing + noise，noise 来源见调用点注释与 README §5.3）) | δ=noise ≥ spacing/2 ⇒ 全部 8960 个元素记为「边界元素」（非舍入噪声大于网格步长，分类退化）⇒ 判定用绝对界（网格项 + 非舍入项）
[check_ref] PASS S7 H_swiglu slot272: n=4480 越界=0（非有限 0） | dev-ref| mean=1.146e-04 p50=4.901e-05 p90=2.918e-04 p99=8.906e-04 max=3.816e-03 | 最差占预算=0.330 (tol = 3.83×spacing(x)（中位等效倍数；= nulp×spacing + noise，noise 来源见调用点注释与 README §5.3）) | δ=noise ≥ spacing/2 ⇒ 全部 4480 个元素记为「边界元素」（非舍入噪声大于网格步长，分类退化）⇒ 判定用绝对界（网格项 + 非舍入项）
[check_ref] PASS S8 Y slot272: n=17920 越界=0（非有限 0） | dev-ref| mean=4.646e-05 p50=3.052e-05 p90=1.221e-04 p99=2.441e-04 max=8.545e-04 | 最差占预算=0.911 (tol = 1.57×spacing(x)（中位等效倍数；= nulp×spacing + noise，noise 来源见调用点注释与 README §5.3）) | 常规 3570 / 边界 14350（δ=noise；绝对界已覆盖方向翻转）
[check_ref] PASS S6 GU slot277 (t=2): n=2560 越界=0（非有限 0） | dev-ref| mean=5.443e-04 p50=3.662e-04 p90=1.465e-03 p99=2.686e-03 max=3.906e-03 | 最差占预算=0.456 (tol = 5.61×spacing(x)（中位等效倍数；= nulp×spacing + noise，noise 来源见调用点注释与 README §5.3）) | δ=noise ≥ spacing/2 ⇒ 全部 2560 个元素记为「边界元素」（非舍入噪声大于网格步长，分类退化）⇒ 判定用绝对界（网格项 + 非舍入项）
[check_ref] PASS S7 H_swiglu slot277: n=1280 越界=0（非有限 0） | dev-ref| mean=1.207e-04 p50=4.453e-05 p90=3.174e-04 p99=9.249e-04 max=5.889e-03 | 最差占预算=0.324 (tol = 3.82×spacing(x)（中位等效倍数；= nulp×spacing + noise，noise 来源见调用点注释与 README §5.3）) | 常规 1 / 边界 1279（δ=noise；绝对界已覆盖方向翻转）
[check_ref] PASS S8 Y slot277: n=5120 越界=0（非有限 0） | dev-ref| mean=4.928e-05 p50=3.052e-05 p90=1.221e-04 p99=2.441e-04 max=4.883e-04 | 最差占预算=0.927 (tol = 1.52×spacing(x)（中位等效倍数；= nulp×spacing + noise，noise 来源见调用点注释与 README §5.3）) | 常规 1097 / 边界 4023（δ=noise；绝对界已覆盖方向翻转）
[check_ref] PASS S6 GU slot278 (t=4): n=5120 越界=0（非有限 0） | dev-ref| mean=5.622e-04 p50=3.662e-04 p90=1.465e-03 p99=2.930e-03 max=7.202e-03 | 最差占预算=0.590 (tol = 5.5×spacing(x)（中位等效倍数；= nulp×spacing + noise，noise 来源见调用点注释与 README §5.3）) | δ=noise ≥ spacing/2 ⇒ 全部 5120 个元素记为「边界元素」（非舍入噪声大于网格步长，分类退化）⇒ 判定用绝对界（网格项 + 非舍入项）
[check_ref] PASS S7 H_swiglu slot278: n=2560 越界=0（非有限 0） | dev-ref| mean=1.241e-04 p50=4.244e-05 p90=3.257e-04 p99=1.144e-03 max=3.822e-03 | 最差占预算=0.322 (tol = 3.85×spacing(x)（中位等效倍数；= nulp×spacing + noise，noise 来源见调用点注释与 README §5.3）) | 常规 1 / 边界 2559（δ=noise；绝对界已覆盖方向翻转）
[check_ref] PASS S8 Y slot278: n=10240 越界=0（非有限 0） | dev-ref| mean=6.492e-05 p50=3.052e-05 p90=1.556e-04 p99=3.662e-04 max=6.409e-04 | 最差占预算=0.925 (tol = 1.38×spacing(x)（中位等效倍数；= nulp×spacing + noise，noise 来源见调用点注释与 README §5.3）) | 常规 2723 / 边界 7517（δ=noise；绝对界已覆盖方向翻转）
[check_ref] PASS S6 GU slot283 (t=1): n=1280 越界=0（非有限 0） | dev-ref| mean=5.222e-04 p50=3.052e-04 p90=1.465e-03 p99=2.441e-03 max=3.662e-03 | 最差占预算=0.441 (tol = 5.57×spacing(x)（中位等效倍数；= nulp×spacing + noise，noise 来源见调用点注释与 README §5.3）) | δ=noise ≥ spacing/2 ⇒ 全部 1280 个元素记为「边界元素」（非舍入噪声大于网格步长，分类退化）⇒ 判定用绝对界（网格项 + 非舍入项）
[check_ref] PASS S7 H_swiglu slot283: n=640 越界=0（非有限 0） | dev-ref| mean=9.719e-05 p50=4.137e-05 p90=2.390e-04 p99=7.117e-04 max=1.599e-03 | 最差占预算=0.330 (tol = 3.86×spacing(x)（中位等效倍数；= nulp×spacing + noise，noise 来源见调用点注释与 README §5.3）) | δ=noise ≥ spacing/2 ⇒ 全部 640 个元素记为「边界元素」（非舍入噪声大于网格步长，分类退化）⇒ 判定用绝对界（网格项 + 非舍入项）
[check_ref] PASS S8 Y slot283: n=2560 越界=0（非有限 0） | dev-ref| mean=3.626e-05 p50=3.052e-05 p90=9.155e-05 p99=2.136e-04 max=4.272e-04 | 最差占预算=0.887 (tol = 1.54×spacing(x)（中位等效倍数；= nulp×spacing + noise，noise 来源见调用点注释与 README §5.3）) | 常规 458 / 边界 2102（δ=noise；绝对界已覆盖方向翻转）
[check_ref] PASS S6 GU slot287 (t=1): n=1280 越界=0（非有限 0） | dev-ref| mean=5.370e-04 p50=2.441e-04 p90=1.465e-03 p99=2.441e-03 max=3.662e-03 | 最差占预算=0.452 (tol = 5.49×spacing(x)（中位等效倍数；= nulp×spacing + noise，noise 来源见调用点注释与 README §5.3）) | δ=noise ≥ spacing/2 ⇒ 全部 1280 个元素记为「边界元素」（非舍入噪声大于网格步长，分类退化）⇒ 判定用绝对界（网格项 + 非舍入项）
[check_ref] PASS S7 H_swiglu slot287: n=640 越界=0（非有限 0） | dev-ref| mean=1.222e-04 p50=3.710e-05 p90=3.339e-04 p99=1.225e-03 max=2.653e-03 | 最差占预算=0.323 (tol = 3.87×spacing(x)（中位等效倍数；= nulp×spacing + noise，noise 来源见调用点注释与 README §5.3）) | 常规 1 / 边界 639（δ=noise；绝对界已覆盖方向翻转）
[check_ref] PASS S8 Y slot287: n=2560 越界=0（非有限 0） | dev-ref| mean=5.748e-05 p50=3.052e-05 p90=1.526e-04 p99=2.441e-04 max=4.883e-04 | 最差占预算=0.917 (tol = 1.4×spacing(x)（中位等效倍数；= nulp×spacing + noise，noise 来源见调用点注释与 README §5.3）) | 常规 686 / 边界 1874（δ=noise；绝对界已覆盖方向翻转）
[check_ref] PASS S6 GU slot289 (t=1): n=1280 越界=0（非有限 0） | dev-ref| mean=5.514e-04 p50=2.441e-04 p90=1.465e-03 p99=3.174e-03 max=3.906e-03 | 最差占预算=0.468 (tol = 5.83×spacing(x)（中位等效倍数；= nulp×spacing + noise，noise 来源见调用点注释与 README §5.3）) | δ=noise ≥ spacing/2 ⇒ 全部 1280 个元素记为「边界元素」（非舍入噪声大于网格步长，分类退化）⇒ 判定用绝对界（网格项 + 非舍入项）
[check_ref] PASS S7 H_swiglu slot289: n=640 越界=0（非有限 0） | dev-ref| mean=1.139e-04 p50=4.277e-05 p90=3.262e-04 p99=9.607e-04 max=1.387e-03 | 最差占预算=0.324 (tol = 3.8×spacing(x)（中位等效倍数；= nulp×spacing + noise，noise 来源见调用点注释与 README §5.3）) | δ=noise ≥ spacing/2 ⇒ 全部 640 个元素记为「边界元素」（非舍入噪声大于网格步长，分类退化）⇒ 判定用绝对界（网格项 + 非舍入项）
[check_ref] PASS S8 Y slot289: n=2560 越界=0（非有限 0） | dev-ref| mean=5.184e-05 p50=3.052e-05 p90=1.221e-04 p99=2.441e-04 max=4.883e-04 | 最差占预算=0.916 (tol = 1.43×spacing(x)（中位等效倍数；= nulp×spacing + noise，noise 来源见调用点注释与 README §5.3）) | 常规 641 / 边界 1919（δ=noise；绝对界已覆盖方向翻转）
[check_ref] PASS S6 GU slot290 (t=1): n=1280 越界=0（非有限 0） | dev-ref| mean=5.637e-04 p50=3.662e-04 p90=1.465e-03 p99=2.955e-03 max=3.906e-03 | 最差占预算=0.456 (tol = 5.74×spacing(x)（中位等效倍数；= nulp×spacing + noise，noise 来源见调用点注释与 README §5.3）) | δ=noise ≥ spacing/2 ⇒ 全部 1280 个元素记为「边界元素」（非舍入噪声大于网格步长，分类退化）⇒ 判定用绝对界（网格项 + 非舍入项）
[check_ref] PASS S7 H_swiglu slot290: n=640 越界=0（非有限 0） | dev-ref| mean=1.145e-04 p50=4.489e-05 p90=3.274e-04 p99=8.475e-04 max=2.657e-03 | 最差占预算=0.319 (tol = 3.83×spacing(x)（中位等效倍数；= nulp×spacing + noise，noise 来源见调用点注释与 README §5.3）) | 常规 1 / 边界 639（δ=noise；绝对界已覆盖方向翻转）
[check_ref] PASS S8 Y slot290: n=2560 越界=0（非有限 0） | dev-ref| mean=4.677e-05 p50=3.052e-05 p90=1.221e-04 p99=2.441e-04 max=4.883e-04 | 最差占预算=0.896 (tol = 1.54×spacing(x)（中位等效倍数；= nulp×spacing + noise，noise 来源见调用点注释与 README §5.3）) | 常规 485 / 边界 2075（δ=noise；绝对界已覆盖方向翻转）
[check_ref] PASS S6 GU slot291 (t=2): n=2560 越界=0（非有限 0） | dev-ref| mean=5.424e-04 p50=2.441e-04 p90=1.465e-03 p99=2.930e-03 max=3.906e-03 | 最差占预算=0.468 (tol = 5.63×spacing(x)（中位等效倍数；= nulp×spacing + noise，noise 来源见调用点注释与 README §5.3）) | δ=noise ≥ spacing/2 ⇒ 全部 2560 个元素记为「边界元素」（非舍入噪声大于网格步长，分类退化）⇒ 判定用绝对界（网格项 + 非舍入项）
[check_ref] PASS S7 H_swiglu slot291: n=1280 越界=0（非有限 0） | dev-ref| mean=1.160e-04 p50=4.409e-05 p90=3.086e-04 p99=8.949e-04 max=3.239e-03 | 最差占预算=0.327 (tol = 3.86×spacing(x)（中位等效倍数；= nulp×spacing + noise，noise 来源见调用点注释与 README §5.3）) | δ=noise ≥ spacing/2 ⇒ 全部 1280 个元素记为「边界元素」（非舍入噪声大于网格步长，分类退化）⇒ 判定用绝对界（网格项 + 非舍入项）
[check_ref] PASS S8 Y slot291: n=5120 越界=0（非有限 0） | dev-ref| mean=4.827e-05 p50=3.052e-05 p90=1.221e-04 p99=2.441e-04 max=4.883e-04 | 最差占预算=0.920 (tol = 1.49×spacing(x)（中位等效倍数；= nulp×spacing + noise，noise 来源见调用点注释与 README §5.3）) | 常规 1115 / 边界 4005（δ=noise；绝对界已覆盖方向翻转）
[check_ref] PASS S6 GU slot293 (t=3): n=3840 越界=0（非有限 0） | dev-ref| mean=5.398e-04 p50=2.441e-04 p90=1.465e-03 p99=2.686e-03 max=3.906e-03 | 最差占预算=0.473 (tol = 5.69×spacing(x)（中位等效倍数；= nulp×spacing + noise，noise 来源见调用点注释与 README §5.3）) | δ=noise ≥ spacing/2 ⇒ 全部 3840 个元素记为「边界元素」（非舍入噪声大于网格步长，分类退化）⇒ 判定用绝对界（网格项 + 非舍入项）
[check_ref] PASS S7 H_swiglu slot293: n=1920 越界=0（非有限 0） | dev-ref| mean=1.065e-04 p50=4.335e-05 p90=2.517e-04 p99=9.094e-04 max=2.646e-03 | 最差占预算=0.323 (tol = 3.84×spacing(x)（中位等效倍数；= nulp×spacing + noise，noise 来源见调用点注释与 README §5.3）) | 常规 2 / 边界 1918（δ=noise；绝对界已覆盖方向翻转）
[check_ref] PASS S8 Y slot293: n=7680 越界=0（非有限 0） | dev-ref| mean=4.704e-05 p50=3.052e-05 p90=1.221e-04 p99=2.441e-04 max=4.883e-04 | 最差占预算=0.937 (tol = 1.5×spacing(x)（中位等效倍数；= nulp×spacing + noise，noise 来源见调用点注释与 README §5.3）) | 常规 1766 / 边界 5914（δ=noise；绝对界已覆盖方向翻转）
[check_ref] PASS S6 GU slot295 (t=1): n=1280 越界=0（非有限 0） | dev-ref| mean=5.384e-04 p50=2.441e-04 p90=1.221e-03 p99=3.174e-03 max=3.906e-03 | 最差占预算=0.463 (tol = 5.75×spacing(x)（中位等效倍数；= nulp×spacing + noise，noise 来源见调用点注释与 README §5.3）) | δ=noise ≥ spacing/2 ⇒ 全部 1280 个元素记为「边界元素」（非舍入噪声大于网格步长，分类退化）⇒ 判定用绝对界（网格项 + 非舍入项）
[check_ref] PASS S7 H_swiglu slot295: n=640 越界=0（非有限 0） | dev-ref| mean=1.084e-04 p50=4.401e-05 p90=2.678e-04 p99=8.801e-04 max=1.825e-03 | 最差占预算=0.318 (tol = 3.81×spacing(x)（中位等效倍数；= nulp×spacing + noise，noise 来源见调用点注释与 README §5.3）) | 常规 1 / 边界 639（δ=noise；绝对界已覆盖方向翻转）
[check_ref] PASS S8 Y slot295: n=2560 越界=0（非有限 0） | dev-ref| mean=5.493e-05 p50=3.052e-05 p90=1.221e-04 p99=2.441e-04 max=4.578e-04 | 最差占预算=0.880 (tol = 1.39×spacing(x)（中位等效倍数；= nulp×spacing + noise，noise 来源见调用点注释与 README §5.3）) | 常规 612 / 边界 1948（δ=noise；绝对界已覆盖方向翻转）
[check_ref] PASS S6 GU slot297 (t=2): n=2560 越界=0（非有限 0） | dev-ref| mean=5.494e-04 p50=3.662e-04 p90=1.465e-03 p99=2.686e-03 max=3.906e-03 | 最差占预算=0.483 (tol = 5.6×spacing(x)（中位等效倍数；= nulp×spacing + noise，noise 来源见调用点注释与 README §5.3）) | δ=noise ≥ spacing/2 ⇒ 全部 2560 个元素记为「边界元素」（非舍入噪声大于网格步长，分类退化）⇒ 判定用绝对界（网格项 + 非舍入项）
[check_ref] PASS S7 H_swiglu slot297: n=1280 越界=0（非有限 0） | dev-ref| mean=1.124e-04 p50=4.271e-05 p90=2.854e-04 p99=9.285e-04 max=2.631e-03 | 最差占预算=0.321 (tol = 3.79×spacing(x)（中位等效倍数；= nulp×spacing + noise，noise 来源见调用点注释与 README §5.3）) | δ=noise ≥ spacing/2 ⇒ 全部 1280 个元素记为「边界元素」（非舍入噪声大于网格步长，分类退化）⇒ 判定用绝对界（网格项 + 非舍入项）
[check_ref] PASS S8 Y slot297: n=5120 越界=0（非有限 0） | dev-ref| mean=5.183e-05 p50=3.052e-05 p90=1.221e-04 p99=2.441e-04 max=4.883e-04 | 最差占预算=0.915 (tol = 1.52×spacing(x)（中位等效倍数；= nulp×spacing + noise，noise 来源见调用点注释与 README §5.3）) | 常规 1084 / 边界 4036（δ=noise；绝对界已覆盖方向翻转）
[check_ref] PASS S6 GU slot298 (t=2): n=2560 越界=0（非有限 0） | dev-ref| mean=5.466e-04 p50=3.662e-04 p90=1.465e-03 p99=2.930e-03 max=3.662e-03 | 最差占预算=0.462 (tol = 5.65×spacing(x)（中位等效倍数；= nulp×spacing + noise，noise 来源见调用点注释与 README §5.3）) | δ=noise ≥ spacing/2 ⇒ 全部 2560 个元素记为「边界元素」（非舍入噪声大于网格步长，分类退化）⇒ 判定用绝对界（网格项 + 非舍入项）
[check_ref] PASS S7 H_swiglu slot298: n=1280 越界=0（非有限 0） | dev-ref| mean=1.130e-04 p50=4.695e-05 p90=2.900e-04 p99=8.445e-04 max=2.607e-03 | 最差占预算=0.327 (tol = 3.84×spacing(x)（中位等效倍数；= nulp×spacing + noise，noise 来源见调用点注释与 README §5.3）) | 常规 1 / 边界 1279（δ=noise；绝对界已覆盖方向翻转）
[check_ref] PASS S8 Y slot298: n=5120 越界=0（非有限 0） | dev-ref| mean=4.933e-05 p50=3.052e-05 p90=1.221e-04 p99=2.441e-04 max=4.883e-04 | 最差占预算=0.921 (tol = 1.57×spacing(x)（中位等效倍数；= nulp×spacing + noise，noise 来源见调用点注释与 README §5.3）) | 常规 1010 / 边界 4110（δ=noise；绝对界已覆盖方向翻转）
[check_ref] PASS S6 GU slot302 (t=7): n=8960 越界=0（非有限 0） | dev-ref| mean=5.508e-04 p50=3.662e-04 p90=1.465e-03 p99=2.930e-03 max=6.470e-03 | 最差占预算=0.513 (tol = 5.61×spacing(x)（中位等效倍数；= nulp×spacing + noise，noise 来源见调用点注释与 README §5.3）) | δ=noise ≥ spacing/2 ⇒ 全部 8960 个元素记为「边界元素」（非舍入噪声大于网格步长，分类退化）⇒ 判定用绝对界（网格项 + 非舍入项）
[check_ref] PASS S7 H_swiglu slot302: n=4480 越界=0（非有限 0） | dev-ref| mean=1.125e-04 p50=4.412e-05 p90=2.726e-04 p99=9.333e-04 max=7.249e-03 | 最差占预算=0.327 (tol = 3.85×spacing(x)（中位等效倍数；= nulp×spacing + noise，noise 来源见调用点注释与 README §5.3）) | 常规 1 / 边界 4479（δ=noise；绝对界已覆盖方向翻转）
[check_ref] PASS S8 Y slot302: n=17920 越界=0（非有限 0） | dev-ref| mean=4.860e-05 p50=3.052e-05 p90=1.221e-04 p99=2.441e-04 max=8.545e-04 | 最差占预算=0.925 (tol = 1.53×spacing(x)（中位等效倍数；= nulp×spacing + noise，noise 来源见调用点注释与 README §5.3）) | 常规 3978 / 边界 13942（δ=noise；绝对界已覆盖方向翻转）
[check_ref] PASS S6 GU slot303 (t=1): n=1280 越界=0（非有限 0） | dev-ref| mean=5.209e-04 p50=2.441e-04 p90=1.465e-03 p99=2.493e-03 max=3.906e-03 | 最差占预算=0.479 (tol = 5.55×spacing(x)（中位等效倍数；= nulp×spacing + noise，noise 来源见调用点注释与 README §5.3）) | δ=noise ≥ spacing/2 ⇒ 全部 1280 个元素记为「边界元素」（非舍入噪声大于网格步长，分类退化）⇒ 判定用绝对界（网格项 + 非舍入项）
[check_ref] PASS S7 H_swiglu slot303: n=640 越界=0（非有限 0） | dev-ref| mean=1.162e-04 p50=3.813e-05 p90=2.934e-04 p99=9.510e-04 max=3.898e-03 | 最差占预算=0.315 (tol = 3.84×spacing(x)（中位等效倍数；= nulp×spacing + noise，noise 来源见调用点注释与 README §5.3）) | δ=noise ≥ spacing/2 ⇒ 全部 640 个元素记为「边界元素」（非舍入噪声大于网格步长，分类退化）⇒ 判定用绝对界（网格项 + 非舍入项）
[check_ref] PASS S8 Y slot303: n=2560 越界=0（非有限 0） | dev-ref| mean=5.009e-05 p50=3.052e-05 p90=1.221e-04 p99=2.441e-04 max=4.578e-04 | 最差占预算=0.886 (tol = 1.51×spacing(x)（中位等效倍数；= nulp×spacing + noise，noise 来源见调用点注释与 README §5.3）) | 常规 542 / 边界 2018（δ=noise；绝对界已覆盖方向翻转）
[check_ref] PASS S6 GU slot306 (t=1): n=1280 越界=0（非有限 0） | dev-ref| mean=4.892e-04 p50=3.662e-04 p90=1.221e-03 p99=2.737e-03 max=3.784e-03 | 最差占预算=0.478 (tol = 5.34×spacing(x)（中位等效倍数；= nulp×spacing + noise，noise 来源见调用点注释与 README §5.3）) | δ=noise ≥ spacing/2 ⇒ 全部 1280 个元素记为「边界元素」（非舍入噪声大于网格步长，分类退化）⇒ 判定用绝对界（网格项 + 非舍入项）
[check_ref] PASS S7 H_swiglu slot306: n=640 越界=0（非有限 0） | dev-ref| mean=8.733e-05 p50=3.421e-05 p90=2.197e-04 p99=8.655e-04 max=1.126e-03 | 最差占预算=0.322 (tol = 3.89×spacing(x)（中位等效倍数；= nulp×spacing + noise，noise 来源见调用点注释与 README §5.3）) | δ=noise ≥ spacing/2 ⇒ 全部 640 个元素记为「边界元素」（非舍入噪声大于网格步长，分类退化）⇒ 判定用绝对界（网格项 + 非舍入项）
[check_ref] PASS S8 Y slot306: n=2560 越界=0（非有限 0） | dev-ref| mean=3.184e-05 p50=3.052e-05 p90=9.155e-05 p99=1.526e-04 max=2.441e-04 | 最差占预算=0.899 (tol = 1.48×spacing(x)（中位等效倍数；= nulp×spacing + noise，noise 来源见调用点注释与 README §5.3）) | 常规 802 / 边界 1758（δ=noise；绝对界已覆盖方向翻转）
[check_ref] PASS S6 GU slot309 (t=1): n=1280 越界=0（非有限 0） | dev-ref| mean=5.588e-04 p50=4.883e-04 p90=1.465e-03 p99=2.930e-03 max=3.662e-03 | 最差占预算=0.434 (tol = 5.8×spacing(x)（中位等效倍数；= nulp×spacing + noise，noise 来源见调用点注释与 README §5.3）) | δ=noise ≥ spacing/2 ⇒ 全部 1280 个元素记为「边界元素」（非舍入噪声大于网格步长，分类退化）⇒ 判定用绝对界（网格项 + 非舍入项）
[check_ref] PASS S7 H_swiglu slot309: n=640 越界=0（非有限 0） | dev-ref| mean=1.215e-04 p50=5.021e-05 p90=2.991e-04 p99=9.607e-04 max=2.692e-03 | 最差占预算=0.327 (tol = 3.83×spacing(x)（中位等效倍数；= nulp×spacing + noise，noise 来源见调用点注释与 README §5.3）) | δ=noise ≥ spacing/2 ⇒ 全部 640 个元素记为「边界元素」（非舍入噪声大于网格步长，分类退化）⇒ 判定用绝对界（网格项 + 非舍入项）
[check_ref] PASS S8 Y slot309: n=2560 越界=0（非有限 0） | dev-ref| mean=4.995e-05 p50=3.052e-05 p90=1.221e-04 p99=2.441e-04 max=4.883e-04 | 最差占预算=0.906 (tol = 1.43×spacing(x)（中位等效倍数；= nulp×spacing + noise，noise 来源见调用点注释与 README §5.3）) | 常规 624 / 边界 1936（δ=noise；绝对界已覆盖方向翻转）
[check_ref] PASS S6 GU slot310 (t=1): n=1280 越界=0（非有限 0） | dev-ref| mean=5.379e-04 p50=2.441e-04 p90=1.221e-03 p99=2.737e-03 max=3.906e-03 | 最差占预算=0.453 (tol = 5.81×spacing(x)（中位等效倍数；= nulp×spacing + noise，noise 来源见调用点注释与 README §5.3）) | δ=noise ≥ spacing/2 ⇒ 全部 1280 个元素记为「边界元素」（非舍入噪声大于网格步长，分类退化）⇒ 判定用绝对界（网格项 + 非舍入项）
[check_ref] PASS S7 H_swiglu slot310: n=640 越界=0（非有限 0） | dev-ref| mean=1.001e-04 p50=4.920e-05 p90=2.365e-04 p99=7.544e-04 max=1.849e-03 | 最差占预算=0.312 (tol = 3.86×spacing(x)（中位等效倍数；= nulp×spacing + noise，noise 来源见调用点注释与 README §5.3）) | 常规 1 / 边界 639（δ=noise；绝对界已覆盖方向翻转）
[check_ref] PASS S8 Y slot310: n=2560 越界=0（非有限 0） | dev-ref| mean=4.026e-05 p50=3.052e-05 p90=9.155e-05 p99=2.136e-04 max=3.662e-04 | 最差占预算=0.877 (tol = 1.56×spacing(x)（中位等效倍数；= nulp×spacing + noise，noise 来源见调用点注释与 README §5.3）) | 常规 441 / 边界 2119（δ=noise；绝对界已覆盖方向翻转）
[check_ref] PASS S6 GU slot312 (t=1): n=1280 越界=0（非有限 0） | dev-ref| mean=5.449e-04 p50=2.441e-04 p90=1.465e-03 p99=3.174e-03 max=3.906e-03 | 最差占预算=0.476 (tol = 5.57×spacing(x)（中位等效倍数；= nulp×spacing + noise，noise 来源见调用点注释与 README §5.3）) | δ=noise ≥ spacing/2 ⇒ 全部 1280 个元素记为「边界元素」（非舍入噪声大于网格步长，分类退化）⇒ 判定用绝对界（网格项 + 非舍入项）
[check_ref] PASS S7 H_swiglu slot312: n=640 越界=0（非有限 0） | dev-ref| mean=1.065e-04 p50=4.648e-05 p90=2.583e-04 p99=9.221e-04 max=1.714e-03 | 最差占预算=0.311 (tol = 3.87×spacing(x)（中位等效倍数；= nulp×spacing + noise，noise 来源见调用点注释与 README §5.3）) | δ=noise ≥ spacing/2 ⇒ 全部 640 个元素记为「边界元素」（非舍入噪声大于网格步长，分类退化）⇒ 判定用绝对界（网格项 + 非舍入项）
[check_ref] PASS S8 Y slot312: n=2560 越界=0（非有限 0） | dev-ref| mean=5.552e-05 p50=3.052e-05 p90=1.221e-04 p99=2.441e-04 max=4.883e-04 | 最差占预算=0.911 (tol = 1.42×spacing(x)（中位等效倍数；= nulp×spacing + noise，noise 来源见调用点注释与 README §5.3）) | 常规 595 / 边界 1965（δ=noise；绝对界已覆盖方向翻转）
[check_ref] PASS S6 GU slot316 (t=3): n=3840 越界=0（非有限 0） | dev-ref| mean=5.421e-04 p50=3.662e-04 p90=1.465e-03 p99=2.882e-03 max=7.568e-03 | 最差占预算=0.603 (tol = 5.52×spacing(x)（中位等效倍数；= nulp×spacing + noise，noise 来源见调用点注释与 README §5.3）) | δ=noise ≥ spacing/2 ⇒ 全部 3840 个元素记为「边界元素」（非舍入噪声大于网格步长，分类退化）⇒ 判定用绝对界（网格项 + 非舍入项）
[check_ref] PASS S7 H_swiglu slot316: n=1920 越界=0（非有限 0） | dev-ref| mean=1.083e-04 p50=4.456e-05 p90=2.794e-04 p99=8.779e-04 max=3.124e-03 | 最差占预算=0.324 (tol = 3.85×spacing(x)（中位等效倍数；= nulp×spacing + noise，noise 来源见调用点注释与 README §5.3）) | 常规 2 / 边界 1918（δ=noise；绝对界已覆盖方向翻转）
[check_ref] PASS S8 Y slot316: n=7680 越界=0（非有限 0） | dev-ref| mean=4.574e-05 p50=3.052e-05 p90=1.221e-04 p99=2.441e-04 max=4.883e-04 | 最差占预算=0.928 (tol = 1.53×spacing(x)（中位等效倍数；= nulp×spacing + noise，noise 来源见调用点注释与 README §5.3）) | 常规 1595 / 边界 6085（δ=noise；绝对界已覆盖方向翻转）
[check_ref] PASS S6 GU slot320 (t=1): n=1280 越界=0（非有限 0） | dev-ref| mean=5.064e-04 p50=2.441e-04 p90=1.221e-03 p99=2.589e-03 max=3.906e-03 | 最差占预算=0.475 (tol = 5.4×spacing(x)（中位等效倍数；= nulp×spacing + noise，noise 来源见调用点注释与 README §5.3）) | δ=noise ≥ spacing/2 ⇒ 全部 1280 个元素记为「边界元素」（非舍入噪声大于网格步长，分类退化）⇒ 判定用绝对界（网格项 + 非舍入项）
[check_ref] PASS S7 H_swiglu slot320: n=640 越界=0（非有限 0） | dev-ref| mean=9.607e-05 p50=4.242e-05 p90=2.233e-04 p99=8.776e-04 max=1.576e-03 | 最差占预算=0.323 (tol = 3.87×spacing(x)（中位等效倍数；= nulp×spacing + noise，noise 来源见调用点注释与 README §5.3）) | δ=noise ≥ spacing/2 ⇒ 全部 640 个元素记为「边界元素」（非舍入噪声大于网格步长，分类退化）⇒ 判定用绝对界（网格项 + 非舍入项）
[check_ref] PASS S8 Y slot320: n=2560 越界=0（非有限 0） | dev-ref| mean=4.356e-05 p50=3.052e-05 p90=1.221e-04 p99=2.261e-04 max=4.578e-04 | 最差占预算=0.901 (tol = 1.52×spacing(x)（中位等效倍数；= nulp×spacing + noise，noise 来源见调用点注释与 README §5.3）) | 常规 542 / 边界 2018（δ=noise；绝对界已覆盖方向翻转）
[check_ref] PASS S6 GU slot322 (t=18): n=23040 越界=0（非有限 0） | dev-ref| mean=5.514e-04 p50=3.662e-04 p90=1.465e-03 p99=2.930e-03 max=7.568e-03 | 最差占预算=0.617 (tol = 5.65×spacing(x)（中位等效倍数；= nulp×spacing + noise，noise 来源见调用点注释与 README §5.3）) | δ=noise ≥ spacing/2 ⇒ 全部 23040 个元素记为「边界元素」（非舍入噪声大于网格步长，分类退化）⇒ 判定用绝对界（网格项 + 非舍入项）
[check_ref] PASS S7 H_swiglu slot322: n=11520 越界=0（非有限 0） | dev-ref| mean=1.185e-04 p50=4.485e-05 p90=3.040e-04 p99=9.586e-04 max=3.758e-03 | 最差占预算=0.330 (tol = 3.83×spacing(x)（中位等效倍数；= nulp×spacing + noise，noise 来源见调用点注释与 README §5.3）) | 常规 7 / 边界 11513（δ=noise；绝对界已覆盖方向翻转）
[check_ref] PASS S8 Y slot322: n=46080 越界=0（非有限 0） | dev-ref| mean=5.163e-05 p50=3.052e-05 p90=1.221e-04 p99=2.441e-04 max=1.343e-03 | 最差占预算=0.935 (tol = 1.5×spacing(x)（中位等效倍数；= nulp×spacing + noise，noise 来源见调用点注释与 README §5.3）) | 常规 10485 / 边界 35595（δ=noise；绝对界已覆盖方向翻转）
[check_ref] PASS S6 GU slot330 (t=2): n=2560 越界=0（非有限 0） | dev-ref| mean=5.470e-04 p50=3.662e-04 p90=1.465e-03 p99=2.980e-03 max=3.906e-03 | 最差占预算=0.495 (tol = 5.49×spacing(x)（中位等效倍数；= nulp×spacing + noise，noise 来源见调用点注释与 README §5.3）) | δ=noise ≥ spacing/2 ⇒ 全部 2560 个元素记为「边界元素」（非舍入噪声大于网格步长，分类退化）⇒ 判定用绝对界（网格项 + 非舍入项）
[check_ref] PASS S7 H_swiglu slot330: n=1280 越界=0（非有限 0） | dev-ref| mean=1.413e-04 p50=4.892e-05 p90=3.560e-04 p99=1.791e-03 max=3.314e-03 | 最差占预算=0.325 (tol = 3.83×spacing(x)（中位等效倍数；= nulp×spacing + noise，noise 来源见调用点注释与 README §5.3）) | 常规 1 / 边界 1279（δ=noise；绝对界已覆盖方向翻转）
[check_ref] PASS S8 Y slot330: n=5120 越界=0（非有限 0） | dev-ref| mean=6.975e-05 p50=6.104e-05 p90=1.831e-04 p99=4.272e-04 max=9.155e-04 | 最差占预算=0.914 (tol = 1.4×spacing(x)（中位等效倍数；= nulp×spacing + noise，noise 来源见调用点注释与 README §5.3）) | 常规 1498 / 边界 3622（δ=noise；绝对界已覆盖方向翻转）
[check_ref] PASS S6 GU slot337 (t=1): n=1280 越界=0（非有限 0） | dev-ref| mean=5.639e-04 p50=2.441e-04 p90=1.465e-03 p99=2.981e-03 max=3.906e-03 | 最差占预算=0.467 (tol = 5.87×spacing(x)（中位等效倍数；= nulp×spacing + noise，noise 来源见调用点注释与 README §5.3）) | δ=noise ≥ spacing/2 ⇒ 全部 1280 个元素记为「边界元素」（非舍入噪声大于网格步长，分类退化）⇒ 判定用绝对界（网格项 + 非舍入项）
[check_ref] PASS S7 H_swiglu slot337: n=640 越界=0（非有限 0） | dev-ref| mean=1.169e-04 p50=4.319e-05 p90=2.583e-04 p99=9.507e-04 max=3.310e-03 | 最差占预算=0.316 (tol = 3.87×spacing(x)（中位等效倍数；= nulp×spacing + noise，noise 来源见调用点注释与 README §5.3）) | δ=noise ≥ spacing/2 ⇒ 全部 640 个元素记为「边界元素」（非舍入噪声大于网格步长，分类退化）⇒ 判定用绝对界（网格项 + 非舍入项）
[check_ref] PASS S8 Y slot337: n=2560 越界=0（非有限 0） | dev-ref| mean=5.190e-05 p50=3.052e-05 p90=1.221e-04 p99=2.441e-04 max=4.578e-04 | 最差占预算=0.878 (tol = 1.44×spacing(x)（中位等效倍数；= nulp×spacing + noise，noise 来源见调用点注释与 README §5.3）) | 常规 580 / 边界 1980（δ=noise；绝对界已覆盖方向翻转）
[check_ref] PASS S6 GU slot338 (t=5): n=6400 越界=0（非有限 0） | dev-ref| mean=5.581e-04 p50=3.662e-04 p90=1.465e-03 p99=2.930e-03 max=3.906e-03 | 最差占预算=0.471 (tol = 5.7×spacing(x)（中位等效倍数；= nulp×spacing + noise，noise 来源见调用点注释与 README §5.3）) | δ=noise ≥ spacing/2 ⇒ 全部 6400 个元素记为「边界元素」（非舍入噪声大于网格步长，分类退化）⇒ 判定用绝对界（网格项 + 非舍入项）
[check_ref] PASS S7 H_swiglu slot338: n=3200 越界=0（非有限 0） | dev-ref| mean=1.206e-04 p50=4.695e-05 p90=3.075e-04 p99=9.538e-04 max=5.254e-03 | 最差占预算=0.330 (tol = 3.79×spacing(x)（中位等效倍数；= nulp×spacing + noise，noise 来源见调用点注释与 README §5.3）) | δ=noise ≥ spacing/2 ⇒ 全部 3200 个元素记为「边界元素」（非舍入噪声大于网格步长，分类退化）⇒ 判定用绝对界（网格项 + 非舍入项）
[check_ref] PASS S8 Y slot338: n=12800 越界=0（非有限 0） | dev-ref| mean=5.287e-05 p50=3.052e-05 p90=1.221e-04 p99=2.441e-04 max=4.883e-04 | 最差占预算=0.928 (tol = 1.46×spacing(x)（中位等效倍数；= nulp×spacing + noise，noise 来源见调用点注释与 README §5.3）) | 常规 2964 / 边界 9836（δ=noise；绝对界已覆盖方向翻转）
[check_ref] PASS S6 GU slot339 (t=2): n=2560 越界=0（非有限 0） | dev-ref| mean=5.604e-04 p50=3.662e-04 p90=1.465e-03 p99=3.174e-03 max=3.906e-03 | 最差占预算=0.480 (tol = 5.67×spacing(x)（中位等效倍数；= nulp×spacing + noise，noise 来源见调用点注释与 README §5.3）) | δ=noise ≥ spacing/2 ⇒ 全部 2560 个元素记为「边界元素」（非舍入噪声大于网格步长，分类退化）⇒ 判定用绝对界（网格项 + 非舍入项）
[check_ref] PASS S7 H_swiglu slot339: n=1280 越界=0（非有限 0） | dev-ref| mean=1.189e-04 p50=4.325e-05 p90=2.923e-04 p99=1.024e-03 max=3.771e-03 | 最差占预算=0.321 (tol = 3.83×spacing(x)（中位等效倍数；= nulp×spacing + noise，noise 来源见调用点注释与 README §5.3）) | 常规 2 / 边界 1278（δ=noise；绝对界已覆盖方向翻转）
[check_ref] PASS S8 Y slot339: n=5120 越界=0（非有限 0） | dev-ref| mean=5.186e-05 p50=3.052e-05 p90=1.221e-04 p99=2.441e-04 max=4.883e-04 | 最差占预算=0.905 (tol = 1.45×spacing(x)（中位等效倍数；= nulp×spacing + noise，noise 来源见调用点注释与 README §5.3）) | 常规 1313 / 边界 3807（δ=noise；绝对界已覆盖方向翻转）
[check_ref] PASS S6 GU slot340 (t=2): n=2560 越界=0（非有限 0） | dev-ref| mean=5.527e-04 p50=2.441e-04 p90=1.465e-03 p99=3.174e-03 max=3.906e-03 | 最差占预算=0.475 (tol = 5.81×spacing(x)（中位等效倍数；= nulp×spacing + noise，noise 来源见调用点注释与 README §5.3）) | δ=noise ≥ spacing/2 ⇒ 全部 2560 个元素记为「边界元素」（非舍入噪声大于网格步长，分类退化）⇒ 判定用绝对界（网格项 + 非舍入项）
[check_ref] PASS S7 H_swiglu slot340: n=1280 越界=0（非有限 0） | dev-ref| mean=1.177e-04 p50=4.735e-05 p90=2.777e-04 p99=9.276e-04 max=7.445e-03 | 最差占预算=0.321 (tol = 3.87×spacing(x)（中位等效倍数；= nulp×spacing + noise，noise 来源见调用点注释与 README §5.3）) | δ=noise ≥ spacing/2 ⇒ 全部 1280 个元素记为「边界元素」（非舍入噪声大于网格步长，分类退化）⇒ 判定用绝对界（网格项 + 非舍入项）
[check_ref] PASS S8 Y slot340: n=5120 越界=0（非有限 0） | dev-ref| mean=5.395e-05 p50=3.052e-05 p90=1.221e-04 p99=2.441e-04 max=7.324e-04 | 最差占预算=0.910 (tol = 1.4×spacing(x)（中位等效倍数；= nulp×spacing + noise，noise 来源见调用点注释与 README §5.3）) | 常规 1474 / 边界 3646（δ=noise；绝对界已覆盖方向翻转）
[check_ref] PASS S6 GU slot341 (t=1): n=1280 越界=0（非有限 0） | dev-ref| mean=5.710e-04 p50=3.662e-04 p90=1.465e-03 p99=3.225e-03 max=3.906e-03 | 最差占预算=0.476 (tol = 5.52×spacing(x)（中位等效倍数；= nulp×spacing + noise，noise 来源见调用点注释与 README §5.3）) | δ=noise ≥ spacing/2 ⇒ 全部 1280 个元素记为「边界元素」（非舍入噪声大于网格步长，分类退化）⇒ 判定用绝对界（网格项 + 非舍入项）
[check_ref] PASS S7 H_swiglu slot341: n=640 越界=0（非有限 0） | dev-ref| mean=1.046e-04 p50=4.514e-05 p90=2.970e-04 p99=7.780e-04 max=1.059e-03 | 最差占预算=0.323 (tol = 3.78×spacing(x)（中位等效倍数；= nulp×spacing + noise，noise 来源见调用点注释与 README §5.3）) | δ=noise ≥ spacing/2 ⇒ 全部 640 个元素记为「边界元素」（非舍入噪声大于网格步长，分类退化）⇒ 判定用绝对界（网格项 + 非舍入项）
[check_ref] PASS S8 Y slot341: n=2560 越界=0（非有限 0） | dev-ref| mean=4.317e-05 p50=3.052e-05 p90=1.221e-04 p99=2.441e-04 max=4.272e-04 | 最差占预算=0.898 (tol = 1.52×spacing(x)（中位等效倍数；= nulp×spacing + noise，noise 来源见调用点注释与 README §5.3）) | 常规 571 / 边界 1989（δ=noise；绝对界已覆盖方向翻转）
[check_ref] PASS S6 GU slot342 (t=1): n=1280 越界=0（非有限 0） | dev-ref| mean=5.344e-04 p50=2.441e-04 p90=1.465e-03 p99=2.981e-03 max=3.906e-03 | 最差占预算=0.473 (tol = 5.75×spacing(x)（中位等效倍数；= nulp×spacing + noise，noise 来源见调用点注释与 README §5.3）) | δ=noise ≥ spacing/2 ⇒ 全部 1280 个元素记为「边界元素」（非舍入噪声大于网格步长，分类退化）⇒ 判定用绝对界（网格项 + 非舍入项）
[check_ref] PASS S7 H_swiglu slot342: n=640 越界=0（非有限 0） | dev-ref| mean=1.226e-04 p50=4.308e-05 p90=3.319e-04 p99=1.082e-03 max=2.185e-03 | 最差占预算=0.327 (tol = 3.81×spacing(x)（中位等效倍数；= nulp×spacing + noise，noise 来源见调用点注释与 README §5.3）) | 常规 1 / 边界 639（δ=noise；绝对界已覆盖方向翻转）
[check_ref] PASS S8 Y slot342: n=2560 越界=0（非有限 0） | dev-ref| mean=5.678e-05 p50=3.052e-05 p90=1.221e-04 p99=2.441e-04 max=4.578e-04 | 最差占预算=0.878 (tol = 1.38×spacing(x)（中位等效倍数；= nulp×spacing + noise，noise 来源见调用点注释与 README §5.3）) | 常规 536 / 边界 2024（δ=noise；绝对界已覆盖方向翻转）
[check_ref] PASS S6 GU slot347 (t=1): n=1280 越界=0（非有限 0） | dev-ref| mean=5.778e-04 p50=4.272e-04 p90=1.465e-03 p99=3.225e-03 max=3.906e-03 | 最差占预算=0.478 (tol = 5.68×spacing(x)（中位等效倍数；= nulp×spacing + noise，noise 来源见调用点注释与 README §5.3）) | δ=noise ≥ spacing/2 ⇒ 全部 1280 个元素记为「边界元素」（非舍入噪声大于网格步长，分类退化）⇒ 判定用绝对界（网格项 + 非舍入项）
[check_ref] PASS S7 H_swiglu slot347: n=640 越界=0（非有限 0） | dev-ref| mean=1.203e-04 p50=4.015e-05 p90=2.773e-04 p99=1.048e-03 max=3.096e-03 | 最差占预算=0.321 (tol = 3.88×spacing(x)（中位等效倍数；= nulp×spacing + noise，noise 来源见调用点注释与 README §5.3）) | δ=noise ≥ spacing/2 ⇒ 全部 640 个元素记为「边界元素」（非舍入噪声大于网格步长，分类退化）⇒ 判定用绝对界（网格项 + 非舍入项）
[check_ref] PASS S8 Y slot347: n=2560 越界=0（非有限 0） | dev-ref| mean=5.375e-05 p50=3.052e-05 p90=1.221e-04 p99=2.441e-04 max=4.883e-04 | 最差占预算=0.905 (tol = 1.44×spacing(x)（中位等效倍数；= nulp×spacing + noise，noise 来源见调用点注释与 README §5.3）) | 常规 758 / 边界 1802（δ=noise；绝对界已覆盖方向翻转）
[check_ref] PASS S6 GU slot353 (t=3): n=3840 越界=0（非有限 0） | dev-ref| mean=5.583e-04 p50=3.662e-04 p90=1.465e-03 p99=3.174e-03 max=3.906e-03 | 最差占预算=0.479 (tol = 5.7×spacing(x)（中位等效倍数；= nulp×spacing + noise，noise 来源见调用点注释与 README §5.3）) | δ=noise ≥ spacing/2 ⇒ 全部 3840 个元素记为「边界元素」（非舍入噪声大于网格步长，分类退化）⇒ 判定用绝对界（网格项 + 非舍入项）
[check_ref] PASS S7 H_swiglu slot353: n=1920 越界=0（非有限 0） | dev-ref| mean=1.297e-04 p50=4.822e-05 p90=3.219e-04 p99=1.164e-03 max=3.811e-03 | 最差占预算=0.332 (tol = 3.82×spacing(x)（中位等效倍数；= nulp×spacing + noise，noise 来源见调用点注释与 README §5.3）) | 常规 1 / 边界 1919（δ=noise；绝对界已覆盖方向翻转）
[check_ref] PASS S8 Y slot353: n=7680 越界=0（非有限 0） | dev-ref| mean=6.045e-05 p50=3.052e-05 p90=1.526e-04 p99=3.357e-04 max=4.883e-04 | 最差占预算=0.913 (tol = 1.42×spacing(x)（中位等效倍数；= nulp×spacing + noise，noise 来源见调用点注释与 README §5.3）) | 常规 2038 / 边界 5642（δ=noise；绝对界已覆盖方向翻转）
[check_ref] PASS S6 GU slot354 (t=1): n=1280 越界=0（非有限 0） | dev-ref| mean=5.309e-04 p50=2.441e-04 p90=1.465e-03 p99=2.737e-03 max=3.906e-03 | 最差占预算=0.455 (tol = 5.61×spacing(x)（中位等效倍数；= nulp×spacing + noise，noise 来源见调用点注释与 README §5.3）) | δ=noise ≥ spacing/2 ⇒ 全部 1280 个元素记为「边界元素」（非舍入噪声大于网格步长，分类退化）⇒ 判定用绝对界（网格项 + 非舍入项）
[check_ref] PASS S7 H_swiglu slot354: n=640 越界=0（非有限 0） | dev-ref| mean=1.121e-04 p50=4.912e-05 p90=2.879e-04 p99=8.382e-04 max=1.806e-03 | 最差占预算=0.322 (tol = 3.78×spacing(x)（中位等效倍数；= nulp×spacing + noise，noise 来源见调用点注释与 README §5.3）) | 常规 1 / 边界 639（δ=noise；绝对界已覆盖方向翻转）
[check_ref] PASS S8 Y slot354: n=2560 越界=0（非有限 0） | dev-ref| mean=4.303e-05 p50=3.052e-05 p90=1.221e-04 p99=2.441e-04 max=3.052e-04 | 最差占预算=0.883 (tol = 1.59×spacing(x)（中位等效倍数；= nulp×spacing + noise，noise 来源见调用点注释与 README §5.3）) | 常规 419 / 边界 2141（δ=noise；绝对界已覆盖方向翻转）
[check_ref] PASS S6 GU slot358 (t=3): n=3840 越界=0（非有限 0） | dev-ref| mean=5.322e-04 p50=2.441e-04 p90=1.465e-03 p99=2.686e-03 max=3.906e-03 | 最差占预算=0.475 (tol = 5.61×spacing(x)（中位等效倍数；= nulp×spacing + noise，noise 来源见调用点注释与 README §5.3）) | δ=noise ≥ spacing/2 ⇒ 全部 3840 个元素记为「边界元素」（非舍入噪声大于网格步长，分类退化）⇒ 判定用绝对界（网格项 + 非舍入项）
[check_ref] PASS S7 H_swiglu slot358: n=1920 越界=0（非有限 0） | dev-ref| mean=1.042e-04 p50=4.240e-05 p90=2.396e-04 p99=8.787e-04 max=1.979e-03 | 最差占预算=0.330 (tol = 3.82×spacing(x)（中位等效倍数；= nulp×spacing + noise，noise 来源见调用点注释与 README §5.3）) | δ=noise ≥ spacing/2 ⇒ 全部 1920 个元素记为「边界元素」（非舍入噪声大于网格步长，分类退化）⇒ 判定用绝对界（网格项 + 非舍入项）
[check_ref] PASS S8 Y slot358: n=7680 越界=0（非有限 0） | dev-ref| mean=4.658e-05 p50=3.052e-05 p90=1.221e-04 p99=2.441e-04 max=4.883e-04 | 最差占预算=0.925 (tol = 1.52×spacing(x)（中位等效倍数；= nulp×spacing + noise，noise 来源见调用点注释与 README §5.3）) | 常规 1664 / 边界 6016（δ=noise；绝对界已覆盖方向翻转）
[check_ref] PASS S6 GU slot360 (t=7): n=8960 越界=0（非有限 0） | dev-ref| mean=5.380e-04 p50=3.662e-04 p90=1.465e-03 p99=2.686e-03 max=3.906e-03 | 最差占预算=0.477 (tol = 5.62×spacing(x)（中位等效倍数；= nulp×spacing + noise，noise 来源见调用点注释与 README §5.3）) | δ=noise ≥ spacing/2 ⇒ 全部 8960 个元素记为「边界元素」（非舍入噪声大于网格步长，分类退化）⇒ 判定用绝对界（网格项 + 非舍入项）
[check_ref] PASS S7 H_swiglu slot360: n=4480 越界=0（非有限 0） | dev-ref| mean=1.047e-04 p50=4.041e-05 p90=2.563e-04 p99=8.906e-04 max=1.926e-03 | 最差占预算=0.332 (tol = 3.83×spacing(x)（中位等效倍数；= nulp×spacing + noise，noise 来源见调用点注释与 README §5.3）) | δ=noise ≥ spacing/2 ⇒ 全部 4480 个元素记为「边界元素」（非舍入噪声大于网格步长，分类退化）⇒ 判定用绝对界（网格项 + 非舍入项）
[check_ref] PASS S8 Y slot360: n=17920 越界=0（非有限 0） | dev-ref| mean=4.742e-05 p50=3.052e-05 p90=1.221e-04 p99=2.441e-04 max=8.545e-04 | 最差占预算=0.911 (tol = 1.53×spacing(x)（中位等效倍数；= nulp×spacing + noise，noise 来源见调用点注释与 README §5.3）) | 常规 3663 / 边界 14257（δ=noise；绝对界已覆盖方向翻转）
[check_ref] PASS S6 GU slot363 (t=2): n=2560 越界=0（非有限 0） | dev-ref| mean=5.754e-04 p50=3.662e-04 p90=1.465e-03 p99=2.930e-03 max=7.324e-03 | 最差占预算=0.574 (tol = 5.69×spacing(x)（中位等效倍数；= nulp×spacing + noise，noise 来源见调用点注释与 README §5.3）) | δ=noise ≥ spacing/2 ⇒ 全部 2560 个元素记为「边界元素」（非舍入噪声大于网格步长，分类退化）⇒ 判定用绝对界（网格项 + 非舍入项）
[check_ref] PASS S7 H_swiglu slot363: n=1280 越界=0（非有限 0） | dev-ref| mean=1.278e-04 p50=4.749e-05 p90=3.379e-04 p99=9.666e-04 max=5.498e-03 | 最差占预算=0.327 (tol = 3.85×spacing(x)（中位等效倍数；= nulp×spacing + noise，noise 来源见调用点注释与 README §5.3）) | δ=noise ≥ spacing/2 ⇒ 全部 1280 个元素记为「边界元素」（非舍入噪声大于网格步长，分类退化）⇒ 判定用绝对界（网格项 + 非舍入项）
[check_ref] PASS S8 Y slot363: n=5120 越界=0（非有限 0） | dev-ref| mean=6.897e-05 p50=6.104e-05 p90=1.831e-04 p99=3.662e-04 max=9.766e-04 | 最差占预算=0.928 (tol = 1.4×spacing(x)（中位等效倍数；= nulp×spacing + noise，noise 来源见调用点注释与 README §5.3）) | 常规 1718 / 边界 3402（δ=noise；绝对界已覆盖方向翻转）
[check_ref] PASS S6 GU slot366 (t=1): n=1280 越界=0（非有限 0） | dev-ref| mean=5.457e-04 p50=3.662e-04 p90=1.465e-03 p99=2.686e-03 max=3.906e-03 | 最差占预算=0.462 (tol = 5.52×spacing(x)（中位等效倍数；= nulp×spacing + noise，noise 来源见调用点注释与 README §5.3）) | δ=noise ≥ spacing/2 ⇒ 全部 1280 个元素记为「边界元素」（非舍入噪声大于网格步长，分类退化）⇒ 判定用绝对界（网格项 + 非舍入项）
[check_ref] PASS S7 H_swiglu slot366: n=640 越界=0（非有限 0） | dev-ref| mean=1.068e-04 p50=4.486e-05 p90=2.437e-04 p99=8.852e-04 max=1.369e-03 | 最差占预算=0.312 (tol = 3.94×spacing(x)（中位等效倍数；= nulp×spacing + noise，noise 来源见调用点注释与 README §5.3）) | δ=noise ≥ spacing/2 ⇒ 全部 640 个元素记为「边界元素」（非舍入噪声大于网格步长，分类退化）⇒ 判定用绝对界（网格项 + 非舍入项）
[check_ref] PASS S8 Y slot366: n=2560 越界=0（非有限 0） | dev-ref| mean=4.960e-05 p50=3.052e-05 p90=1.221e-04 p99=2.441e-04 max=4.883e-04 | 最差占预算=0.915 (tol = 1.51×spacing(x)（中位等效倍数；= nulp×spacing + noise，noise 来源见调用点注释与 README §5.3）) | 常规 617 / 边界 1943（δ=noise；绝对界已覆盖方向翻转）
[check_ref] PASS S6 GU slot369 (t=2): n=2560 越界=0（非有限 0） | dev-ref| mean=5.487e-04 p50=3.662e-04 p90=1.465e-03 p99=2.930e-03 max=3.906e-03 | 最差占预算=0.477 (tol = 5.6×spacing(x)（中位等效倍数；= nulp×spacing + noise，noise 来源见调用点注释与 README §5.3）) | δ=noise ≥ spacing/2 ⇒ 全部 2560 个元素记为「边界元素」（非舍入噪声大于网格步长，分类退化）⇒ 判定用绝对界（网格项 + 非舍入项）
[check_ref] PASS S7 H_swiglu slot369: n=1280 越界=0（非有限 0） | dev-ref| mean=1.188e-04 p50=4.583e-05 p90=2.827e-04 p99=1.075e-03 max=1.937e-03 | 最差占预算=0.328 (tol = 3.86×spacing(x)（中位等效倍数；= nulp×spacing + noise，noise 来源见调用点注释与 README §5.3）) | δ=noise ≥ spacing/2 ⇒ 全部 1280 个元素记为「边界元素」（非舍入噪声大于网格步长，分类退化）⇒ 判定用绝对界（网格项 + 非舍入项）
[check_ref] PASS S8 Y slot369: n=5120 越界=0（非有限 0） | dev-ref| mean=5.856e-05 p50=3.052e-05 p90=1.526e-04 p99=2.747e-04 max=9.155e-04 | 最差占预算=0.912 (tol = 1.41×spacing(x)（中位等效倍数；= nulp×spacing + noise，noise 来源见调用点注释与 README §5.3）) | 常规 1296 / 边界 3824（δ=noise；绝对界已覆盖方向翻转）
[check_ref] PASS S6 GU slot374 (t=1): n=1280 越界=0（非有限 0） | dev-ref| mean=5.260e-04 p50=2.441e-04 p90=1.221e-03 p99=3.174e-03 max=3.906e-03 | 最差占预算=0.484 (tol = 5.61×spacing(x)（中位等效倍数；= nulp×spacing + noise，noise 来源见调用点注释与 README §5.3）) | δ=noise ≥ spacing/2 ⇒ 全部 1280 个元素记为「边界元素」（非舍入噪声大于网格步长，分类退化）⇒ 判定用绝对界（网格项 + 非舍入项）
[check_ref] PASS S7 H_swiglu slot374: n=640 越界=0（非有限 0） | dev-ref| mean=1.020e-04 p50=3.682e-05 p90=2.675e-04 p99=8.097e-04 max=1.790e-03 | 最差占预算=0.311 (tol = 3.83×spacing(x)（中位等效倍数；= nulp×spacing + noise，noise 来源见调用点注释与 README §5.3）) | δ=noise ≥ spacing/2 ⇒ 全部 640 个元素记为「边界元素」（非舍入噪声大于网格步长，分类退化）⇒ 判定用绝对界（网格项 + 非舍入项）
[check_ref] PASS S8 Y slot374: n=2560 越界=0（非有限 0） | dev-ref| mean=4.609e-05 p50=3.052e-05 p90=1.221e-04 p99=2.441e-04 max=4.883e-04 | 最差占预算=0.911 (tol = 1.45×spacing(x)（中位等效倍数；= nulp×spacing + noise，noise 来源见调用点注释与 README §5.3）) | 常规 774 / 边界 1786（δ=noise；绝对界已覆盖方向翻转）
[check_ref] PASS S6 GU slot380 (t=3): n=3840 越界=0（非有限 0） | dev-ref| mean=5.905e-04 p50=3.662e-04 p90=1.465e-03 p99=3.174e-03 max=3.906e-03 | 最差占预算=0.483 (tol = 5.74×spacing(x)（中位等效倍数；= nulp×spacing + noise，noise 来源见调用点注释与 README §5.3）) | δ=noise ≥ spacing/2 ⇒ 全部 3840 个元素记为「边界元素」（非舍入噪声大于网格步长，分类退化）⇒ 判定用绝对界（网格项 + 非舍入项）
[check_ref] PASS S7 H_swiglu slot380: n=1920 越界=0（非有限 0） | dev-ref| mean=1.537e-04 p50=5.181e-05 p90=3.745e-04 p99=1.556e-03 max=4.599e-03 | 最差占预算=0.328 (tol = 3.81×spacing(x)（中位等效倍数；= nulp×spacing + noise，noise 来源见调用点注释与 README §5.3）) | 常规 2 / 边界 1918（δ=noise；绝对界已覆盖方向翻转）
[check_ref] PASS S8 Y slot380: n=7680 越界=0（非有限 0） | dev-ref| mean=7.024e-05 p50=6.104e-05 p90=1.831e-04 p99=3.967e-04 max=9.155e-04 | 最差占预算=0.917 (tol = 1.43×spacing(x)（中位等效倍数；= nulp×spacing + noise，noise 来源见调用点注释与 README §5.3）) | 常规 2205 / 边界 5475（δ=noise；绝对界已覆盖方向翻转）
[check_ref] PASS S6 GU slot381 (t=2): n=2560 越界=0（非有限 0） | dev-ref| mean=5.564e-04 p50=3.662e-04 p90=1.465e-03 p99=2.930e-03 max=3.906e-03 | 最差占预算=0.466 (tol = 5.64×spacing(x)（中位等效倍数；= nulp×spacing + noise，noise 来源见调用点注释与 README §5.3）) | δ=noise ≥ spacing/2 ⇒ 全部 2560 个元素记为「边界元素」（非舍入噪声大于网格步长，分类退化）⇒ 判定用绝对界（网格项 + 非舍入项）
[check_ref] PASS S7 H_swiglu slot381: n=1280 越界=0（非有限 0） | dev-ref| mean=1.114e-04 p50=4.597e-05 p90=3.079e-04 p99=8.806e-04 max=1.631e-03 | 最差占预算=0.319 (tol = 3.87×spacing(x)（中位等效倍数；= nulp×spacing + noise，noise 来源见调用点注释与 README §5.3）) | δ=noise ≥ spacing/2 ⇒ 全部 1280 个元素记为「边界元素」（非舍入噪声大于网格步长，分类退化）⇒ 判定用绝对界（网格项 + 非舍入项）
[check_ref] PASS S8 Y slot381: n=5120 越界=0（非有限 0） | dev-ref| mean=4.318e-05 p50=3.052e-05 p90=1.221e-04 p99=2.136e-04 max=4.578e-04 | 最差占预算=0.891 (tol = 1.55×spacing(x)（中位等效倍数；= nulp×spacing + noise，noise 来源见调用点注释与 README §5.3）) | 常规 1009 / 边界 4111（δ=noise；绝对界已覆盖方向翻转）
[check_ref] PASS S6 GU slot383 (t=8): n=10240 越界=0（非有限 0） | dev-ref| mean=5.570e-04 p50=3.662e-04 p90=1.465e-03 p99=3.174e-03 max=4.883e-03 | 最差占预算=0.487 (tol = 5.58×spacing(x)（中位等效倍数；= nulp×spacing + noise，noise 来源见调用点注释与 README §5.3）) | δ=noise ≥ spacing/2 ⇒ 全部 10240 个元素记为「边界元素」（非舍入噪声大于网格步长，分类退化）⇒ 判定用绝对界（网格项 + 非舍入项）
[check_ref] PASS S7 H_swiglu slot383: n=5120 越界=0（非有限 0） | dev-ref| mean=1.263e-04 p50=4.426e-05 p90=3.353e-04 p99=1.235e-03 max=6.735e-03 | 最差占预算=0.329 (tol = 3.83×spacing(x)（中位等效倍数；= nulp×spacing + noise，noise 来源见调用点注释与 README §5.3）) | 常规 3 / 边界 5117（δ=noise；绝对界已覆盖方向翻转）
[check_ref] PASS S8 Y slot383: n=20480 越界=0（非有限 0） | dev-ref| mean=5.905e-05 p50=3.052e-05 p90=1.526e-04 p99=3.052e-04 max=9.766e-04 | 最差占预算=0.943 (tol = 1.42×spacing(x)（中位等效倍数；= nulp×spacing + noise，noise 来源见调用点注释与 README §5.3）) | 常规 5323 / 边界 15157（δ=noise；绝对界已覆盖方向翻转）
[check_ref] PASS S6 GU slot384 (t=2): n=2560 越界=0（非有限 0） | dev-ref| mean=5.613e-04 p50=3.662e-04 p90=1.465e-03 p99=2.930e-03 max=3.906e-03 | 最差占预算=0.460 (tol = 5.78×spacing(x)（中位等效倍数；= nulp×spacing + noise，noise 来源见调用点注释与 README §5.3）) | δ=noise ≥ spacing/2 ⇒ 全部 2560 个元素记为「边界元素」（非舍入噪声大于网格步长，分类退化）⇒ 判定用绝对界（网格项 + 非舍入项）
[check_ref] PASS S7 H_swiglu slot384: n=1280 越界=0（非有限 0） | dev-ref| mean=1.245e-04 p50=4.445e-05 p90=3.310e-04 p99=1.001e-03 max=3.315e-03 | 最差占预算=0.330 (tol = 3.78×spacing(x)（中位等效倍数；= nulp×spacing + noise，noise 来源见调用点注释与 README §5.3）) | 常规 1 / 边界 1279（δ=noise；绝对界已覆盖方向翻转）
[check_ref] PASS S8 Y slot384: n=5120 越界=0（非有限 0） | dev-ref| mean=5.326e-05 p50=3.052e-05 p90=1.221e-04 p99=2.441e-04 max=4.883e-04 | 最差占预算=0.924 (tol = 1.44×spacing(x)（中位等效倍数；= nulp×spacing + noise，noise 来源见调用点注释与 README §5.3）) | 常规 1109 / 边界 4011（δ=noise；绝对界已覆盖方向翻转）
[check_ref] PASS S6 GU slot385 (t=1): n=1280 越界=0（非有限 0） | dev-ref| mean=5.359e-04 p50=2.441e-04 p90=1.465e-03 p99=2.686e-03 max=3.906e-03 | 最差占预算=0.470 (tol = 5.52×spacing(x)（中位等效倍数；= nulp×spacing + noise，noise 来源见调用点注释与 README §5.3）) | δ=noise ≥ spacing/2 ⇒ 全部 1280 个元素记为「边界元素」（非舍入噪声大于网格步长，分类退化）⇒ 判定用绝对界（网格项 + 非舍入项）
[check_ref] PASS S7 H_swiglu slot385: n=640 越界=0（非有限 0） | dev-ref| mean=1.062e-04 p50=4.153e-05 p90=2.353e-04 p99=7.475e-04 max=3.506e-03 | 最差占预算=0.321 (tol = 3.82×spacing(x)（中位等效倍数；= nulp×spacing + noise，noise 来源见调用点注释与 README §5.3）) | δ=noise ≥ spacing/2 ⇒ 全部 640 个元素记为「边界元素」（非舍入噪声大于网格步长，分类退化）⇒ 判定用绝对界（网格项 + 非舍入项）
[check_ref] PASS S8 Y slot385: n=2560 越界=0（非有限 0） | dev-ref| mean=5.843e-05 p50=3.052e-05 p90=1.526e-04 p99=2.441e-04 max=6.104e-04 | 最差占预算=0.930 (tol = 1.36×spacing(x)（中位等效倍数；= nulp×spacing + noise，noise 来源见调用点注释与 README §5.3）) | 常规 588 / 边界 1972（δ=noise；绝对界已覆盖方向翻转）
[check_ref] PASS S6 GU slot386 (t=1): n=1280 越界=0（非有限 0） | dev-ref| mean=5.629e-04 p50=2.441e-04 p90=1.465e-03 p99=3.174e-03 max=3.906e-03 | 最差占预算=0.457 (tol = 5.86×spacing(x)（中位等效倍数；= nulp×spacing + noise，noise 来源见调用点注释与 README §5.3）) | δ=noise ≥ spacing/2 ⇒ 全部 1280 个元素记为「边界元素」（非舍入噪声大于网格步长，分类退化）⇒ 判定用绝对界（网格项 + 非舍入项）
[check_ref] PASS S7 H_swiglu slot386: n=640 越界=0（非有限 0） | dev-ref| mean=1.018e-04 p50=4.057e-05 p90=2.672e-04 p99=8.236e-04 max=1.915e-03 | 最差占预算=0.314 (tol = 3.89×spacing(x)（中位等效倍数；= nulp×spacing + noise，noise 来源见调用点注释与 README §5.3）) | δ=noise ≥ spacing/2 ⇒ 全部 640 个元素记为「边界元素」（非舍入噪声大于网格步长，分类退化）⇒ 判定用绝对界（网格项 + 非舍入项）
[check_ref] PASS S8 Y slot386: n=2560 越界=0（非有限 0） | dev-ref| mean=4.417e-05 p50=3.052e-05 p90=1.221e-04 p99=2.136e-04 max=4.883e-04 | 最差占预算=0.921 (tol = 1.53×spacing(x)（中位等效倍数；= nulp×spacing + noise，noise 来源见调用点注释与 README §5.3）) | 常规 495 / 边界 2065（δ=noise；绝对界已覆盖方向翻转）
[check_ref] PASS S6 GU slot390 (t=1): n=1280 越界=0（非有限 0） | dev-ref| mean=6.347e-04 p50=4.883e-04 p90=1.709e-03 p99=3.174e-03 max=3.906e-03 | 最差占预算=0.447 (tol = 5.64×spacing(x)（中位等效倍数；= nulp×spacing + noise，noise 来源见调用点注释与 README §5.3）) | δ=noise ≥ spacing/2 ⇒ 全部 1280 个元素记为「边界元素」（非舍入噪声大于网格步长，分类退化）⇒ 判定用绝对界（网格项 + 非舍入项）
[check_ref] PASS S7 H_swiglu slot390: n=640 越界=0（非有限 0） | dev-ref| mean=1.669e-04 p50=5.876e-05 p90=4.450e-04 p99=1.300e-03 max=2.889e-03 | 最差占预算=0.316 (tol = 3.83×spacing(x)（中位等效倍数；= nulp×spacing + noise，noise 来源见调用点注释与 README §5.3）) | δ=noise ≥ spacing/2 ⇒ 全部 640 个元素记为「边界元素」（非舍入噪声大于网格步长，分类退化）⇒ 判定用绝对界（网格项 + 非舍入项）
[check_ref] PASS S8 Y slot390: n=2560 越界=0（非有限 0） | dev-ref| mean=7.323e-05 p50=6.104e-05 p90=1.831e-04 p99=4.272e-04 max=9.766e-04 | 最差占预算=0.942 (tol = 1.48×spacing(x)（中位等效倍数；= nulp×spacing + noise，noise 来源见调用点注释与 README §5.3）) | 常规 807 / 边界 1753（δ=noise；绝对界已覆盖方向翻转）
[check_ref] PASS S6 GU slot391 (t=1): n=1280 越界=0（非有限 0） | dev-ref| mean=5.385e-04 p50=2.441e-04 p90=1.465e-03 p99=3.174e-03 max=3.906e-03 | 最差占预算=0.479 (tol = 5.62×spacing(x)（中位等效倍数；= nulp×spacing + noise，noise 来源见调用点注释与 README §5.3）) | δ=noise ≥ spacing/2 ⇒ 全部 1280 个元素记为「边界元素」（非舍入噪声大于网格步长，分类退化）⇒ 判定用绝对界（网格项 + 非舍入项）
[check_ref] PASS S7 H_swiglu slot391: n=640 越界=0（非有限 0） | dev-ref| mean=1.150e-04 p50=4.232e-05 p90=2.795e-04 p99=8.894e-04 max=2.678e-03 | 最差占预算=0.322 (tol = 3.81×spacing(x)（中位等效倍数；= nulp×spacing + noise，noise 来源见调用点注释与 README §5.3）) | δ=noise ≥ spacing/2 ⇒ 全部 640 个元素记为「边界元素」（非舍入噪声大于网格步长，分类退化）⇒ 判定用绝对界（网格项 + 非舍入项）
[check_ref] PASS S8 Y slot391: n=2560 越界=0（非有限 0） | dev-ref| mean=4.928e-05 p50=3.052e-05 p90=1.221e-04 p99=2.441e-04 max=4.578e-04 | 最差占预算=0.882 (tol = 1.53×spacing(x)（中位等效倍数；= nulp×spacing + noise，noise 来源见调用点注释与 README §5.3）) | 常规 483 / 边界 2077（δ=noise；绝对界已覆盖方向翻转）
[check_ref] PASS S6 GU slot392 (t=2): n=2560 越界=0（非有限 0） | dev-ref| mean=5.637e-04 p50=3.662e-04 p90=1.465e-03 p99=2.930e-03 max=3.906e-03 | 最差占预算=0.463 (tol = 5.7×spacing(x)（中位等效倍数；= nulp×spacing + noise，noise 来源见调用点注释与 README §5.3）) | δ=noise ≥ spacing/2 ⇒ 全部 2560 个元素记为「边界元素」（非舍入噪声大于网格步长，分类退化）⇒ 判定用绝对界（网格项 + 非舍入项）
[check_ref] PASS S7 H_swiglu slot392: n=1280 越界=0（非有限 0） | dev-ref| mean=1.087e-04 p50=4.506e-05 p90=2.821e-04 p99=8.553e-04 max=1.893e-03 | 最差占预算=0.322 (tol = 3.84×spacing(x)（中位等效倍数；= nulp×spacing + noise，noise 来源见调用点注释与 README §5.3）) | 常规 1 / 边界 1279（δ=noise；绝对界已覆盖方向翻转）
[check_ref] PASS S8 Y slot392: n=5120 越界=0（非有限 0） | dev-ref| mean=4.255e-05 p50=3.052e-05 p90=1.221e-04 p99=2.136e-04 max=4.883e-04 | 最差占预算=0.926 (tol = 1.56×spacing(x)（中位等效倍数；= nulp×spacing + noise，noise 来源见调用点注释与 README §5.3）) | 常规 971 / 边界 4149（δ=noise；绝对界已覆盖方向翻转）
[check_ref] PASS S6 GU slot393 (t=1): n=1280 越界=0（非有限 0） | dev-ref| mean=5.795e-04 p50=3.662e-04 p90=1.465e-03 p99=2.981e-03 max=3.906e-03 | 最差占预算=0.486 (tol = 5.56×spacing(x)（中位等效倍数；= nulp×spacing + noise，noise 来源见调用点注释与 README §5.3）) | δ=noise ≥ spacing/2 ⇒ 全部 1280 个元素记为「边界元素」（非舍入噪声大于网格步长，分类退化）⇒ 判定用绝对界（网格项 + 非舍入项）
[check_ref] PASS S7 H_swiglu slot393: n=640 越界=0（非有限 0） | dev-ref| mean=1.244e-04 p50=4.943e-05 p90=2.890e-04 p99=1.404e-03 max=2.654e-03 | 最差占预算=0.328 (tol = 3.81×spacing(x)（中位等效倍数；= nulp×spacing + noise，noise 来源见调用点注释与 README §5.3）) | δ=noise ≥ spacing/2 ⇒ 全部 640 个元素记为「边界元素」（非舍入噪声大于网格步长，分类退化）⇒ 判定用绝对界（网格项 + 非舍入项）
[check_ref] PASS S8 Y slot393: n=2560 越界=0（非有限 0） | dev-ref| mean=5.615e-05 p50=3.052e-05 p90=1.221e-04 p99=2.441e-04 max=4.883e-04 | 最差占预算=0.897 (tol = 1.42×spacing(x)（中位等效倍数；= nulp×spacing + noise，noise 来源见调用点注释与 README §5.3）) | 常规 548 / 边界 2012（δ=noise；绝对界已覆盖方向翻转）
[check_ref] PASS S6 GU slot399 (t=2): n=2560 越界=0（非有限 0） | dev-ref| mean=5.519e-04 p50=2.441e-04 p90=1.465e-03 p99=2.786e-03 max=3.906e-03 | 最差占预算=0.499 (tol = 5.54×spacing(x)（中位等效倍数；= nulp×spacing + noise，noise 来源见调用点注释与 README §5.3）) | δ=noise ≥ spacing/2 ⇒ 全部 2560 个元素记为「边界元素」（非舍入噪声大于网格步长，分类退化）⇒ 判定用绝对界（网格项 + 非舍入项）
[check_ref] PASS S7 H_swiglu slot399: n=1280 越界=0（非有限 0） | dev-ref| mean=1.213e-04 p50=4.912e-05 p90=3.094e-04 p99=9.626e-04 max=2.469e-03 | 最差占预算=0.321 (tol = 3.78×spacing(x)（中位等效倍数；= nulp×spacing + noise，noise 来源见调用点注释与 README §5.3）) | δ=noise ≥ spacing/2 ⇒ 全部 1280 个元素记为「边界元素」（非舍入噪声大于网格步长，分类退化）⇒ 判定用绝对界（网格项 + 非舍入项）
[check_ref] PASS S8 Y slot399: n=5120 越界=0（非有限 0） | dev-ref| mean=5.641e-05 p50=3.052e-05 p90=1.221e-04 p99=2.441e-04 max=6.104e-04 | 最差占预算=0.925 (tol = 1.42×spacing(x)（中位等效倍数；= nulp×spacing + noise，noise 来源见调用点注释与 README §5.3）) | 常规 1296 / 边界 3824（δ=noise；绝对界已覆盖方向翻转）
[check_ref] PASS S6 GU slot400 (t=3): n=3840 越界=0（非有限 0） | dev-ref| mean=5.374e-04 p50=2.441e-04 p90=1.465e-03 p99=2.686e-03 max=3.662e-03 | 最差占预算=0.442 (tol = 5.75×spacing(x)（中位等效倍数；= nulp×spacing + noise，noise 来源见调用点注释与 README §5.3）) | δ=noise ≥ spacing/2 ⇒ 全部 3840 个元素记为「边界元素」（非舍入噪声大于网格步长，分类退化）⇒ 判定用绝对界（网格项 + 非舍入项）
[check_ref] PASS S7 H_swiglu slot400: n=1920 越界=0（非有限 0） | dev-ref| mean=1.141e-04 p50=4.237e-05 p90=2.811e-04 p99=1.256e-03 max=2.232e-03 | 最差占预算=0.328 (tol = 3.81×spacing(x)（中位等效倍数；= nulp×spacing + noise，noise 来源见调用点注释与 README §5.3）) | 常规 2 / 边界 1918（δ=noise；绝对界已覆盖方向翻转）
[check_ref] PASS S8 Y slot400: n=7680 越界=0（非有限 0） | dev-ref| mean=5.003e-05 p50=3.052e-05 p90=1.221e-04 p99=2.441e-04 max=4.883e-04 | 最差占预算=0.911 (tol = 1.51×spacing(x)（中位等效倍数；= nulp×spacing + noise，noise 来源见调用点注释与 README §5.3）) | 常规 1630 / 边界 6050（δ=noise；绝对界已覆盖方向翻转）
[check_ref] PASS S6 GU slot401 (t=2): n=2560 越界=0（非有限 0） | dev-ref| mean=5.345e-04 p50=2.441e-04 p90=1.465e-03 p99=3.174e-03 max=3.906e-03 | 最差占预算=0.473 (tol = 5.71×spacing(x)（中位等效倍数；= nulp×spacing + noise，noise 来源见调用点注释与 README §5.3）) | δ=noise ≥ spacing/2 ⇒ 全部 2560 个元素记为「边界元素」（非舍入噪声大于网格步长，分类退化）⇒ 判定用绝对界（网格项 + 非舍入项）
[check_ref] PASS S7 H_swiglu slot401: n=1280 越界=0（非有限 0） | dev-ref| mean=9.942e-05 p50=4.085e-05 p90=2.365e-04 p99=8.809e-04 max=2.681e-03 | 最差占预算=0.326 (tol = 3.84×spacing(x)（中位等效倍数；= nulp×spacing + noise，noise 来源见调用点注释与 README §5.3）) | δ=noise ≥ spacing/2 ⇒ 全部 1280 个元素记为「边界元素」（非舍入噪声大于网格步长，分类退化）⇒ 判定用绝对界（网格项 + 非舍入项）
[check_ref] PASS S8 Y slot401: n=5120 越界=0（非有限 0） | dev-ref| mean=4.126e-05 p50=3.052e-05 p90=1.068e-04 p99=2.383e-04 max=4.578e-04 | 最差占预算=0.899 (tol = 1.51×spacing(x)（中位等效倍数；= nulp×spacing + noise，noise 来源见调用点注释与 README §5.3）) | 常规 1212 / 边界 3908（δ=noise；绝对界已覆盖方向翻转）
[check_ref] PASS S6 GU slot403 (t=3): n=3840 越界=0（非有限 0） | dev-ref| mean=5.741e-04 p50=3.662e-04 p90=1.465e-03 p99=3.174e-03 max=3.906e-03 | 最差占预算=0.479 (tol = 5.72×spacing(x)（中位等效倍数；= nulp×spacing + noise，noise 来源见调用点注释与 README §5.3）) | δ=noise ≥ spacing/2 ⇒ 全部 3840 个元素记为「边界元素」（非舍入噪声大于网格步长，分类退化）⇒ 判定用绝对界（网格项 + 非舍入项）
[check_ref] PASS S7 H_swiglu slot403: n=1920 越界=0（非有限 0） | dev-ref| mean=1.125e-04 p50=4.698e-05 p90=2.892e-04 p99=9.229e-04 max=3.461e-03 | 最差占预算=0.328 (tol = 3.85×spacing(x)（中位等效倍数；= nulp×spacing + noise，noise 来源见调用点注释与 README §5.3）) | δ=noise ≥ spacing/2 ⇒ 全部 1920 个元素记为「边界元素」（非舍入噪声大于网格步长，分类退化）⇒ 判定用绝对界（网格项 + 非舍入项）
[check_ref] PASS S8 Y slot403: n=7680 越界=0（非有限 0） | dev-ref| mean=4.606e-05 p50=3.052e-05 p90=1.221e-04 p99=2.441e-04 max=1.160e-03 | 最差占预算=0.905 (tol = 1.58×spacing(x)（中位等效倍数；= nulp×spacing + noise，noise 来源见调用点注释与 README §5.3）) | 常规 1446 / 边界 6234（δ=noise；绝对界已覆盖方向翻转）
[check_ref] PASS S6 GU slot404 (t=2): n=2560 越界=0（非有限 0） | dev-ref| mean=5.657e-04 p50=3.662e-04 p90=1.465e-03 p99=3.174e-03 max=4.150e-03 | 最差占预算=0.471 (tol = 5.68×spacing(x)（中位等效倍数；= nulp×spacing + noise，noise 来源见调用点注释与 README §5.3）) | δ=noise ≥ spacing/2 ⇒ 全部 2560 个元素记为「边界元素」（非舍入噪声大于网格步长，分类退化）⇒ 判定用绝对界（网格项 + 非舍入项）
[check_ref] PASS S7 H_swiglu slot404: n=1280 越界=0（非有限 0） | dev-ref| mean=1.182e-04 p50=4.488e-05 p90=3.093e-04 p99=9.131e-04 max=4.235e-03 | 最差占预算=0.324 (tol = 3.84×spacing(x)（中位等效倍数；= nulp×spacing + noise，noise 来源见调用点注释与 README §5.3）) | δ=noise ≥ spacing/2 ⇒ 全部 1280 个元素记为「边界元素」（非舍入噪声大于网格步长，分类退化）⇒ 判定用绝对界（网格项 + 非舍入项）
[check_ref] PASS S8 Y slot404: n=5120 越界=0（非有限 0） | dev-ref| mean=5.233e-05 p50=3.052e-05 p90=1.221e-04 p99=2.441e-04 max=4.883e-04 | 最差占预算=0.919 (tol = 1.42×spacing(x)（中位等效倍数；= nulp×spacing + noise，noise 来源见调用点注释与 README §5.3）) | 常规 1321 / 边界 3799（δ=noise；绝对界已覆盖方向翻转）
[check_ref] PASS S6 GU slot406 (t=1): n=1280 越界=0（非有限 0） | dev-ref| mean=5.507e-04 p50=3.662e-04 p90=1.465e-03 p99=2.563e-03 max=3.906e-03 | 最差占预算=0.471 (tol = 5.43×spacing(x)（中位等效倍数；= nulp×spacing + noise，noise 来源见调用点注释与 README §5.3）) | δ=noise ≥ spacing/2 ⇒ 全部 1280 个元素记为「边界元素」（非舍入噪声大于网格步长，分类退化）⇒ 判定用绝对界（网格项 + 非舍入项）
[check_ref] PASS S7 H_swiglu slot406: n=640 越界=0（非有限 0） | dev-ref| mean=1.179e-04 p50=4.870e-05 p90=2.731e-04 p99=1.042e-03 max=1.884e-03 | 最差占预算=0.316 (tol = 3.88×spacing(x)（中位等效倍数；= nulp×spacing + noise，noise 来源见调用点注释与 README §5.3）) | 常规 1 / 边界 639（δ=noise；绝对界已覆盖方向翻转）
[check_ref] PASS S8 Y slot406: n=2560 越界=0（非有限 0） | dev-ref| mean=4.753e-05 p50=3.052e-05 p90=1.221e-04 p99=2.441e-04 max=4.272e-04 | 最差占预算=0.864 (tol = 1.58×spacing(x)（中位等效倍数；= nulp×spacing + noise，noise 来源见调用点注释与 README §5.3）) | 常规 545 / 边界 2015（δ=noise；绝对界已覆盖方向翻转）
[check_ref] PASS S6 GU slot409 (t=1): n=1280 越界=0（非有限 0） | dev-ref| mean=5.967e-04 p50=4.883e-04 p90=1.465e-03 p99=3.418e-03 max=3.906e-03 | 最差占预算=0.447 (tol = 5.97×spacing(x)（中位等效倍数；= nulp×spacing + noise，noise 来源见调用点注释与 README §5.3）) | δ=noise ≥ spacing/2 ⇒ 全部 1280 个元素记为「边界元素」（非舍入噪声大于网格步长，分类退化）⇒ 判定用绝对界（网格项 + 非舍入项）
[check_ref] PASS S7 H_swiglu slot409: n=640 越界=0（非有限 0） | dev-ref| mean=1.398e-04 p50=5.369e-05 p90=3.471e-04 p99=9.736e-04 max=3.747e-03 | 最差占预算=0.322 (tol = 3.79×spacing(x)（中位等效倍数；= nulp×spacing + noise，noise 来源见调用点注释与 README §5.3）) | δ=noise ≥ spacing/2 ⇒ 全部 640 个元素记为「边界元素」（非舍入噪声大于网格步长，分类退化）⇒ 判定用绝对界（网格项 + 非舍入项）
[check_ref] PASS S8 Y slot409: n=2560 越界=0（非有限 0） | dev-ref| mean=6.667e-05 p50=3.052e-05 p90=1.831e-04 p99=3.662e-04 max=4.883e-04 | 最差占预算=0.915 (tol = 1.39×spacing(x)（中位等效倍数；= nulp×spacing + noise，noise 来源见调用点注释与 README §5.3）) | 常规 743 / 边界 1817（δ=noise；绝对界已覆盖方向翻转）
[check_ref] PASS S6 GU slot410 (t=2): n=2560 越界=0（非有限 0） | dev-ref| mean=4.877e-04 p50=2.441e-04 p90=1.221e-03 p99=2.247e-03 max=3.906e-03 | 最差占预算=0.485 (tol = 5.34×spacing(x)（中位等效倍数；= nulp×spacing + noise，noise 来源见调用点注释与 README §5.3）) | δ=noise ≥ spacing/2 ⇒ 全部 2560 个元素记为「边界元素」（非舍入噪声大于网格步长，分类退化）⇒ 判定用绝对界（网格项 + 非舍入项）
[check_ref] PASS S7 H_swiglu slot410: n=1280 越界=0（非有限 0） | dev-ref| mean=8.322e-05 p50=3.620e-05 p90=2.183e-04 p99=6.003e-04 max=1.791e-03 | 最差占预算=0.330 (tol = 3.8×spacing(x)（中位等效倍数；= nulp×spacing + noise，noise 来源见调用点注释与 README §5.3）) | δ=noise ≥ spacing/2 ⇒ 全部 1280 个元素记为「边界元素」（非舍入噪声大于网格步长，分类退化）⇒ 判定用绝对界（网格项 + 非舍入项）
[check_ref] PASS S8 Y slot410: n=5120 越界=0（非有限 0） | dev-ref| mean=2.849e-05 p50=3.052e-05 p90=6.104e-05 p99=1.221e-04 max=2.441e-04 | 最差占预算=0.895 (tol = 1.5×spacing(x)（中位等效倍数；= nulp×spacing + noise，noise 来源见调用点注释与 README §5.3）) | 常规 1402 / 边界 3718（δ=noise；绝对界已覆盖方向翻转）
[check_ref] PASS S6 GU slot412 (t=1): n=1280 越界=0（非有限 0） | dev-ref| mean=5.506e-04 p50=2.441e-04 p90=1.465e-03 p99=3.174e-03 max=6.104e-03 | 最差占预算=0.489 (tol = 5.57×spacing(x)（中位等效倍数；= nulp×spacing + noise，noise 来源见调用点注释与 README §5.3）) | δ=noise ≥ spacing/2 ⇒ 全部 1280 个元素记为「边界元素」（非舍入噪声大于网格步长，分类退化）⇒ 判定用绝对界（网格项 + 非舍入项）
[check_ref] PASS S7 H_swiglu slot412: n=640 越界=0（非有限 0） | dev-ref| mean=1.135e-04 p50=4.105e-05 p90=2.739e-04 p99=9.585e-04 max=3.616e-03 | 最差占预算=0.320 (tol = 3.79×spacing(x)（中位等效倍数；= nulp×spacing + noise，noise 来源见调用点注释与 README §5.3）) | δ=noise ≥ spacing/2 ⇒ 全部 640 个元素记为「边界元素」（非舍入噪声大于网格步长，分类退化）⇒ 判定用绝对界（网格项 + 非舍入项）
[check_ref] PASS S8 Y slot412: n=2560 越界=0（非有限 0） | dev-ref| mean=4.777e-05 p50=3.052e-05 p90=1.221e-04 p99=2.441e-04 max=4.883e-04 | 最差占预算=0.905 (tol = 1.54×spacing(x)（中位等效倍数；= nulp×spacing + noise，noise 来源见调用点注释与 README §5.3）) | 常规 548 / 边界 2012（δ=noise；绝对界已覆盖方向翻转）
[check_ref] PASS S6 GU slot414 (t=1): n=1280 越界=0（非有限 0） | dev-ref| mean=5.258e-04 p50=2.441e-04 p90=1.465e-03 p99=2.493e-03 max=3.662e-03 | 最差占预算=0.422 (tol = 5.71×spacing(x)（中位等效倍数；= nulp×spacing + noise，noise 来源见调用点注释与 README §5.3）) | δ=noise ≥ spacing/2 ⇒ 全部 1280 个元素记为「边界元素」（非舍入噪声大于网格步长，分类退化）⇒ 判定用绝对界（网格项 + 非舍入项）
[check_ref] PASS S7 H_swiglu slot414: n=640 越界=0（非有限 0） | dev-ref| mean=9.940e-05 p50=3.854e-05 p90=2.548e-04 p99=8.069e-04 max=1.722e-03 | 最差占预算=0.314 (tol = 3.87×spacing(x)（中位等效倍数；= nulp×spacing + noise，noise 来源见调用点注释与 README §5.3）) | δ=noise ≥ spacing/2 ⇒ 全部 640 个元素记为「边界元素」（非舍入噪声大于网格步长，分类退化）⇒ 判定用绝对界（网格项 + 非舍入项）
[check_ref] PASS S8 Y slot414: n=2560 越界=0（非有限 0） | dev-ref| mean=3.842e-05 p50=3.052e-05 p90=9.155e-05 p99=2.136e-04 max=4.578e-04 | 最差占预算=0.897 (tol = 1.55×spacing(x)（中位等效倍数；= nulp×spacing + noise，noise 来源见调用点注释与 README §5.3）) | 常规 529 / 边界 2031（δ=noise；绝对界已覆盖方向翻转）
[check_ref] PASS S6 GU slot416 (t=1): n=1280 越界=0（非有限 0） | dev-ref| mean=5.392e-04 p50=2.441e-04 p90=1.465e-03 p99=3.174e-03 max=3.906e-03 | 最差占预算=0.466 (tol = 5.73×spacing(x)（中位等效倍数；= nulp×spacing + noise，noise 来源见调用点注释与 README §5.3）) | δ=noise ≥ spacing/2 ⇒ 全部 1280 个元素记为「边界元素」（非舍入噪声大于网格步长，分类退化）⇒ 判定用绝对界（网格项 + 非舍入项）
[check_ref] PASS S7 H_swiglu slot416: n=640 越界=0（非有限 0） | dev-ref| mean=1.329e-04 p50=5.026e-05 p90=3.345e-04 p99=1.229e-03 max=3.848e-03 | 最差占预算=0.322 (tol = 3.84×spacing(x)（中位等效倍数；= nulp×spacing + noise，noise 来源见调用点注释与 README §5.3）) | δ=noise ≥ spacing/2 ⇒ 全部 640 个元素记为「边界元素」（非舍入噪声大于网格步长，分类退化）⇒ 判定用绝对界（网格项 + 非舍入项）
[check_ref] PASS S8 Y slot416: n=2560 越界=0（非有限 0） | dev-ref| mean=5.782e-05 p50=3.052e-05 p90=1.526e-04 p99=2.441e-04 max=7.324e-04 | 最差占预算=0.915 (tol = 1.43×spacing(x)（中位等效倍数；= nulp×spacing + noise，noise 来源见调用点注释与 README §5.3）) | 常规 576 / 边界 1984（δ=noise；绝对界已覆盖方向翻转）
[check_ref] PASS S6 GU slot419 (t=1): n=1280 越界=0（非有限 0） | dev-ref| mean=5.976e-04 p50=4.883e-04 p90=1.465e-03 p99=3.418e-03 max=3.906e-03 | 最差占预算=0.457 (tol = 5.72×spacing(x)（中位等效倍数；= nulp×spacing + noise，noise 来源见调用点注释与 README §5.3）) | δ=noise ≥ spacing/2 ⇒ 全部 1280 个元素记为「边界元素」（非舍入噪声大于网格步长，分类退化）⇒ 判定用绝对界（网格项 + 非舍入项）
[check_ref] PASS S7 H_swiglu slot419: n=640 越界=0（非有限 0） | dev-ref| mean=1.370e-04 p50=4.292e-05 p90=3.358e-04 p99=1.655e-03 max=2.242e-03 | 最差占预算=0.325 (tol = 3.92×spacing(x)（中位等效倍数；= nulp×spacing + noise，noise 来源见调用点注释与 README §5.3）) | δ=noise ≥ spacing/2 ⇒ 全部 640 个元素记为「边界元素」（非舍入噪声大于网格步长，分类退化）⇒ 判定用绝对界（网格项 + 非舍入项）
[check_ref] PASS S8 Y slot419: n=2560 越界=0（非有限 0） | dev-ref| mean=5.838e-05 p50=3.052e-05 p90=1.251e-04 p99=2.747e-04 max=4.883e-04 | 最差占预算=0.889 (tol = 1.42×spacing(x)（中位等效倍数；= nulp×spacing + noise，noise 来源见调用点注释与 README §5.3）) | 常规 676 / 边界 1884（δ=noise；绝对界已覆盖方向翻转）
[check_ref] PASS S6 GU slot423 (t=2): n=2560 越界=0（非有限 0） | dev-ref| mean=5.486e-04 p50=2.441e-04 p90=1.465e-03 p99=2.930e-03 max=3.906e-03 | 最差占预算=0.479 (tol = 5.61×spacing(x)（中位等效倍数；= nulp×spacing + noise，noise 来源见调用点注释与 README §5.3）) | δ=noise ≥ spacing/2 ⇒ 全部 2560 个元素记为「边界元素」（非舍入噪声大于网格步长，分类退化）⇒ 判定用绝对界（网格项 + 非舍入项）
[check_ref] PASS S7 H_swiglu slot423: n=1280 越界=0（非有限 0） | dev-ref| mean=1.269e-04 p50=4.393e-05 p90=3.266e-04 p99=1.410e-03 max=3.660e-03 | 最差占预算=0.319 (tol = 3.85×spacing(x)（中位等效倍数；= nulp×spacing + noise，noise 来源见调用点注释与 README §5.3）) | 常规 1 / 边界 1279（δ=noise；绝对界已覆盖方向翻转）
[check_ref] PASS S8 Y slot423: n=5120 越界=0（非有限 0） | dev-ref| mean=5.741e-05 p50=3.052e-05 p90=1.221e-04 p99=3.052e-04 max=4.883e-04 | 最差占预算=0.913 (tol = 1.42×spacing(x)（中位等效倍数；= nulp×spacing + noise，noise 来源见调用点注释与 README §5.3）) | 常规 1301 / 边界 3819（δ=noise；绝对界已覆盖方向翻转）
[check_ref] PASS S6 GU slot426 (t=5): n=6400 越界=0（非有限 0） | dev-ref| mean=5.957e-04 p50=4.883e-04 p90=1.465e-03 p99=3.418e-03 max=6.836e-03 | 最差占预算=0.481 (tol = 5.95×spacing(x)（中位等效倍数；= nulp×spacing + noise，noise 来源见调用点注释与 README §5.3）) | δ=noise ≥ spacing/2 ⇒ 全部 6400 个元素记为「边界元素」（非舍入噪声大于网格步长，分类退化）⇒ 判定用绝对界（网格项 + 非舍入项）
[check_ref] PASS S7 H_swiglu slot426: n=3200 越界=0（非有限 0） | dev-ref| mean=1.368e-04 p50=5.342e-05 p90=3.599e-04 p99=1.185e-03 max=5.014e-03 | 最差占预算=0.331 (tol = 3.83×spacing(x)（中位等效倍数；= nulp×spacing + noise，noise 来源见调用点注释与 README §5.3）) | δ=noise ≥ spacing/2 ⇒ 全部 3200 个元素记为「边界元素」（非舍入噪声大于网格步长，分类退化）⇒ 判定用绝对界（网格项 + 非舍入项）
[check_ref] PASS S8 Y slot426: n=12800 越界=0（非有限 0） | dev-ref| mean=5.998e-05 p50=6.104e-05 p90=1.526e-04 p99=3.052e-04 max=1.953e-03 | 最差占预算=0.913 (tol = 1.45×spacing(x)（中位等效倍数；= nulp×spacing + noise，noise 来源见调用点注释与 README §5.3）) | 常规 3671 / 边界 9129（δ=noise；绝对界已覆盖方向翻转）
[check_ref] PASS S6 GU slot427 (t=2): n=2560 越界=0（非有限 0） | dev-ref| mean=5.530e-04 p50=2.441e-04 p90=1.465e-03 p99=3.174e-03 max=3.906e-03 | 最差占预算=0.470 (tol = 5.72×spacing(x)（中位等效倍数；= nulp×spacing + noise，noise 来源见调用点注释与 README §5.3）) | δ=noise ≥ spacing/2 ⇒ 全部 2560 个元素记为「边界元素」（非舍入噪声大于网格步长，分类退化）⇒ 判定用绝对界（网格项 + 非舍入项）
[check_ref] PASS S7 H_swiglu slot427: n=1280 越界=0（非有限 0） | dev-ref| mean=1.231e-04 p50=4.807e-05 p90=3.443e-04 p99=9.504e-04 max=3.374e-03 | 最差占预算=0.318 (tol = 3.79×spacing(x)（中位等效倍数；= nulp×spacing + noise，noise 来源见调用点注释与 README §5.3）) | 常规 3 / 边界 1277（δ=noise；绝对界已覆盖方向翻转）
[check_ref] PASS S8 Y slot427: n=5120 越界=0（非有限 0） | dev-ref| mean=5.439e-05 p50=3.052e-05 p90=1.221e-04 p99=2.441e-04 max=4.883e-04 | 最差占预算=0.920 (tol = 1.43×spacing(x)（中位等效倍数；= nulp×spacing + noise，noise 来源见调用点注释与 README §5.3）) | 常规 1311 / 边界 3809（δ=noise；绝对界已覆盖方向翻转）
[check_ref] PASS S6 GU slot430 (t=1): n=1280 越界=0（非有限 0） | dev-ref| mean=5.654e-04 p50=3.662e-04 p90=1.465e-03 p99=2.930e-03 max=3.906e-03 | 最差占预算=0.461 (tol = 5.8×spacing(x)（中位等效倍数；= nulp×spacing + noise，noise 来源见调用点注释与 README §5.3）) | δ=noise ≥ spacing/2 ⇒ 全部 1280 个元素记为「边界元素」（非舍入噪声大于网格步长，分类退化）⇒ 判定用绝对界（网格项 + 非舍入项）
[check_ref] PASS S7 H_swiglu slot430: n=640 越界=0（非有限 0） | dev-ref| mean=1.106e-04 p50=3.805e-05 p90=2.524e-04 p99=1.026e-03 max=1.889e-03 | 最差占预算=0.319 (tol = 3.9×spacing(x)（中位等效倍数；= nulp×spacing + noise，noise 来源见调用点注释与 README §5.3）) | δ=noise ≥ spacing/2 ⇒ 全部 640 个元素记为「边界元素」（非舍入噪声大于网格步长，分类退化）⇒ 判定用绝对界（网格项 + 非舍入项）
[check_ref] PASS S8 Y slot430: n=2560 越界=0（非有限 0） | dev-ref| mean=5.456e-05 p50=3.052e-05 p90=1.221e-04 p99=2.441e-04 max=4.883e-04 | 最差占预算=0.922 (tol = 1.43×spacing(x)（中位等效倍数；= nulp×spacing + noise，noise 来源见调用点注释与 README §5.3）) | 常规 666 / 边界 1894（δ=noise；绝对界已覆盖方向翻转）
[check_ref] PASS S6 GU slot433 (t=3): n=3840 越界=0（非有限 0） | dev-ref| mean=5.504e-04 p50=2.441e-04 p90=1.465e-03 p99=3.174e-03 max=3.906e-03 | 最差占预算=0.484 (tol = 5.62×spacing(x)（中位等效倍数；= nulp×spacing + noise，noise 来源见调用点注释与 README §5.3）) | δ=noise ≥ spacing/2 ⇒ 全部 3840 个元素记为「边界元素」（非舍入噪声大于网格步长，分类退化）⇒ 判定用绝对界（网格项 + 非舍入项）
[check_ref] PASS S7 H_swiglu slot433: n=1920 越界=0（非有限 0） | dev-ref| mean=1.186e-04 p50=4.374e-05 p90=3.075e-04 p99=9.495e-04 max=5.245e-03 | 最差占预算=0.325 (tol = 3.83×spacing(x)（中位等效倍数；= nulp×spacing + noise，noise 来源见调用点注释与 README §5.3）) | δ=noise ≥ spacing/2 ⇒ 全部 1920 个元素记为「边界元素」（非舍入噪声大于网格步长，分类退化）⇒ 判定用绝对界（网格项 + 非舍入项）
[check_ref] PASS S8 Y slot433: n=7680 越界=0（非有限 0） | dev-ref| mean=5.636e-05 p50=3.052e-05 p90=1.221e-04 p99=2.441e-04 max=1.831e-03 | 最差占预算=0.926 (tol = 1.39×spacing(x)（中位等效倍数；= nulp×spacing + noise，noise 来源见调用点注释与 README §5.3）) | 常规 1878 / 边界 5802（δ=noise；绝对界已覆盖方向翻转）
[check_ref] PASS S6 GU slot439 (t=3): n=3840 越界=0（非有限 0） | dev-ref| mean=6.482e-04 p50=4.883e-04 p90=1.709e-03 p99=3.492e-03 max=6.592e-03 | 最差占预算=0.475 (tol = 5.79×spacing(x)（中位等效倍数；= nulp×spacing + noise，noise 来源见调用点注释与 README §5.3）) | δ=noise ≥ spacing/2 ⇒ 全部 3840 个元素记为「边界元素」（非舍入噪声大于网格步长，分类退化）⇒ 判定用绝对界（网格项 + 非舍入项）
[check_ref] PASS S7 H_swiglu slot439: n=1920 越界=0（非有限 0） | dev-ref| mean=1.514e-04 p50=5.828e-05 p90=3.859e-04 p99=1.485e-03 max=3.718e-03 | 最差占预算=0.327 (tol = 3.89×spacing(x)（中位等效倍数；= nulp×spacing + noise，noise 来源见调用点注释与 README §5.3）) | δ=noise ≥ spacing/2 ⇒ 全部 1920 个元素记为「边界元素」（非舍入噪声大于网格步长，分类退化）⇒ 判定用绝对界（网格项 + 非舍入项）
[check_ref] PASS S8 Y slot439: n=7680 越界=0（非有限 0） | dev-ref| mean=6.816e-05 p50=6.104e-05 p90=1.831e-04 p99=3.662e-04 max=1.465e-03 | 最差占预算=0.912 (tol = 1.45×spacing(x)（中位等效倍数；= nulp×spacing + noise，noise 来源见调用点注释与 README §5.3）) | 常规 2393 / 边界 5287（δ=noise；绝对界已覆盖方向翻转）
[check_ref] PASS S6 GU slot440 (t=14): n=17920 越界=0（非有限 0） | dev-ref| mean=5.183e-04 p50=2.441e-04 p90=1.343e-03 p99=2.686e-03 max=3.906e-03 | 最差占预算=0.504 (tol = 5.46×spacing(x)（中位等效倍数；= nulp×spacing + noise，noise 来源见调用点注释与 README §5.3）) | δ=noise ≥ spacing/2 ⇒ 全部 17920 个元素记为「边界元素」（非舍入噪声大于网格步长，分类退化）⇒ 判定用绝对界（网格项 + 非舍入项）
[check_ref] PASS S7 H_swiglu slot440: n=8960 越界=0（非有限 0） | dev-ref| mean=1.093e-04 p50=4.080e-05 p90=2.528e-04 p99=9.393e-04 max=3.837e-03 | 最差占预算=0.331 (tol = 3.83×spacing(x)（中位等效倍数；= nulp×spacing + noise，noise 来源见调用点注释与 README §5.3）) | 常规 4 / 边界 8956（δ=noise；绝对界已覆盖方向翻转）
[check_ref] PASS S8 Y slot440: n=35840 越界=0（非有限 0） | dev-ref| mean=4.914e-05 p50=3.052e-05 p90=1.221e-04 p99=2.441e-04 max=7.935e-04 | 最差占预算=0.933 (tol = 1.43×spacing(x)（中位等效倍数；= nulp×spacing + noise，noise 来源见调用点注释与 README §5.3）) | 常规 10120 / 边界 25720（δ=noise；绝对界已覆盖方向翻转）
[check_ref] PASS S6 GU slot441 (t=4): n=5120 越界=0（非有限 0） | dev-ref| mean=5.070e-04 p50=3.662e-04 p90=1.343e-03 p99=2.441e-03 max=3.906e-03 | 最差占预算=0.494 (tol = 5.39×spacing(x)（中位等效倍数；= nulp×spacing + noise，noise 来源见调用点注释与 README §5.3）) | δ=noise ≥ spacing/2 ⇒ 全部 5120 个元素记为「边界元素」（非舍入噪声大于网格步长，分类退化）⇒ 判定用绝对界（网格项 + 非舍入项）
[check_ref] PASS S7 H_swiglu slot441: n=2560 越界=0（非有限 0） | dev-ref| mean=1.042e-04 p50=3.673e-05 p90=2.432e-04 p99=9.275e-04 max=3.190e-03 | 最差占预算=0.328 (tol = 3.84×spacing(x)（中位等效倍数；= nulp×spacing + noise，noise 来源见调用点注释与 README §5.3）) | δ=noise ≥ spacing/2 ⇒ 全部 2560 个元素记为「边界元素」（非舍入噪声大于网格步长，分类退化）⇒ 判定用绝对界（网格项 + 非舍入项）
[check_ref] PASS S8 Y slot441: n=10240 越界=0（非有限 0） | dev-ref| mean=4.734e-05 p50=3.052e-05 p90=1.221e-04 p99=2.441e-04 max=9.460e-04 | 最差占预算=0.935 (tol = 1.42×spacing(x)（中位等效倍数；= nulp×spacing + noise，noise 来源见调用点注释与 README §5.3）) | 常规 2800 / 边界 7440（δ=noise；绝对界已覆盖方向翻转）
[check_ref] PASS S6 GU slot443 (t=2): n=2560 越界=0（非有限 0） | dev-ref| mean=5.611e-04 p50=2.441e-04 p90=1.465e-03 p99=3.174e-03 max=3.906e-03 | 最差占预算=0.455 (tol = 5.76×spacing(x)（中位等效倍数；= nulp×spacing + noise，noise 来源见调用点注释与 README §5.3）) | δ=noise ≥ spacing/2 ⇒ 全部 2560 个元素记为「边界元素」（非舍入噪声大于网格步长，分类退化）⇒ 判定用绝对界（网格项 + 非舍入项）
[check_ref] PASS S7 H_swiglu slot443: n=1280 越界=0（非有限 0） | dev-ref| mean=1.175e-04 p50=4.876e-05 p90=2.651e-04 p99=1.103e-03 max=3.734e-03 | 最差占预算=0.330 (tol = 3.88×spacing(x)（中位等效倍数；= nulp×spacing + noise，noise 来源见调用点注释与 README §5.3）) | 常规 1 / 边界 1279（δ=noise；绝对界已覆盖方向翻转）
[check_ref] PASS S8 Y slot443: n=5120 越界=0（非有限 0） | dev-ref| mean=5.212e-05 p50=3.052e-05 p90=1.221e-04 p99=2.441e-04 max=4.883e-04 | 最差占预算=0.911 (tol = 1.49×spacing(x)（中位等效倍数；= nulp×spacing + noise，noise 来源见调用点注释与 README §5.3）) | 常规 1409 / 边界 3711（δ=noise；绝对界已覆盖方向翻转）
[check_ref] PASS S6 GU slot444 (t=6): n=7680 越界=0（非有限 0） | dev-ref| mean=5.427e-04 p50=3.662e-04 p90=1.465e-03 p99=2.930e-03 max=3.906e-03 | 最差占预算=0.515 (tol = 5.45×spacing(x)（中位等效倍数；= nulp×spacing + noise，noise 来源见调用点注释与 README §5.3）) | δ=noise ≥ spacing/2 ⇒ 全部 7680 个元素记为「边界元素」（非舍入噪声大于网格步长，分类退化）⇒ 判定用绝对界（网格项 + 非舍入项）
[check_ref] PASS S7 H_swiglu slot444: n=3840 越界=0（非有限 0） | dev-ref| mean=1.137e-04 p50=4.186e-05 p90=2.869e-04 p99=9.515e-04 max=3.679e-03 | 最差占预算=0.327 (tol = 3.82×spacing(x)（中位等效倍数；= nulp×spacing + noise，noise 来源见调用点注释与 README §5.3）) | 常规 3 / 边界 3837（δ=noise；绝对界已覆盖方向翻转）
[check_ref] PASS S8 Y slot444: n=15360 越界=0（非有限 0） | dev-ref| mean=4.917e-05 p50=3.052e-05 p90=1.221e-04 p99=2.441e-04 max=4.883e-04 | 最差占预算=0.917 (tol = 1.51×spacing(x)（中位等效倍数；= nulp×spacing + noise，noise 来源见调用点注释与 README §5.3）) | 常规 3476 / 边界 11884（δ=noise；绝对界已覆盖方向翻转）
[check_ref] PASS S6 GU slot445 (t=1): n=1280 越界=0（非有限 0） | dev-ref| mean=5.003e-04 p50=2.441e-04 p90=1.221e-03 p99=2.737e-03 max=3.906e-03 | 最差占预算=0.460 (tol = 5.6×spacing(x)（中位等效倍数；= nulp×spacing + noise，noise 来源见调用点注释与 README §5.3）) | δ=noise ≥ spacing/2 ⇒ 全部 1280 个元素记为「边界元素」（非舍入噪声大于网格步长，分类退化）⇒ 判定用绝对界（网格项 + 非舍入项）
[check_ref] PASS S7 H_swiglu slot445: n=640 越界=0（非有限 0） | dev-ref| mean=1.008e-04 p50=4.048e-05 p90=2.422e-04 p99=9.162e-04 max=1.679e-03 | 最差占预算=0.331 (tol = 3.87×spacing(x)（中位等效倍数；= nulp×spacing + noise，noise 来源见调用点注释与 README §5.3）) | 常规 1 / 边界 639（δ=noise；绝对界已覆盖方向翻转）
[check_ref] PASS S8 Y slot445: n=2560 越界=0（非有限 0） | dev-ref| mean=4.296e-05 p50=3.052e-05 p90=1.221e-04 p99=2.441e-04 max=8.545e-04 | 最差占预算=0.887 (tol = 1.53×spacing(x)（中位等效倍数；= nulp×spacing + noise，noise 来源见调用点注释与 README §5.3）) | 常规 513 / 边界 2047（δ=noise；绝对界已覆盖方向翻转）
[check_ref] PASS S6 GU slot446 (t=10): n=12800 越界=0（非有限 0） | dev-ref| mean=5.173e-04 p50=2.441e-04 p90=1.343e-03 p99=2.686e-03 max=7.690e-03 | 最差占预算=0.620 (tol = 5.44×spacing(x)（中位等效倍数；= nulp×spacing + noise，noise 来源见调用点注释与 README §5.3）) | δ=noise ≥ spacing/2 ⇒ 全部 12800 个元素记为「边界元素」（非舍入噪声大于网格步长，分类退化）⇒ 判定用绝对界（网格项 + 非舍入项）
[check_ref] PASS S7 H_swiglu slot446: n=6400 越界=0（非有限 0） | dev-ref| mean=1.026e-04 p50=3.624e-05 p90=2.411e-04 p99=9.218e-04 max=3.832e-03 | 最差占预算=0.327 (tol = 3.82×spacing(x)（中位等效倍数；= nulp×spacing + noise，noise 来源见调用点注释与 README §5.3）) | 常规 3 / 边界 6397（δ=noise；绝对界已覆盖方向翻转）
[check_ref] PASS S8 Y slot446: n=25600 越界=0（非有限 0） | dev-ref| mean=4.776e-05 p50=3.052e-05 p90=1.221e-04 p99=2.441e-04 max=9.766e-04 | 最差占预算=0.957 (tol = 1.42×spacing(x)（中位等效倍数；= nulp×spacing + noise，noise 来源见调用点注释与 README §5.3）) | 常规 7687 / 边界 17913（δ=noise；绝对界已覆盖方向翻转）
[check_ref] PASS S6 GU slot449 (t=1): n=1280 越界=0（非有限 0） | dev-ref| mean=5.762e-04 p50=2.441e-04 p90=1.465e-03 p99=3.174e-03 max=3.906e-03 | 最差占预算=0.463 (tol = 5.86×spacing(x)（中位等效倍数；= nulp×spacing + noise，noise 来源见调用点注释与 README §5.3）) | δ=noise ≥ spacing/2 ⇒ 全部 1280 个元素记为「边界元素」（非舍入噪声大于网格步长，分类退化）⇒ 判定用绝对界（网格项 + 非舍入项）
[check_ref] PASS S7 H_swiglu slot449: n=640 越界=0（非有限 0） | dev-ref| mean=1.397e-04 p50=5.315e-05 p90=3.503e-04 p99=1.427e-03 max=2.445e-03 | 最差占预算=0.320 (tol = 3.78×spacing(x)（中位等效倍数；= nulp×spacing + noise，noise 来源见调用点注释与 README §5.3）) | 常规 1 / 边界 639（δ=noise；绝对界已覆盖方向翻转）
[check_ref] PASS S8 Y slot449: n=2560 越界=0（非有限 0） | dev-ref| mean=6.510e-05 p50=6.104e-05 p90=1.831e-04 p99=3.662e-04 max=4.883e-04 | 最差占预算=0.914 (tol = 1.43×spacing(x)（中位等效倍数；= nulp×spacing + noise，noise 来源见调用点注释与 README §5.3）) | 常规 938 / 边界 1622（δ=noise；绝对界已覆盖方向翻转）
[check_ref] PASS S6 GU slot450 (t=1): n=1280 越界=0（非有限 0） | dev-ref| mean=5.364e-04 p50=2.441e-04 p90=1.465e-03 p99=3.174e-03 max=3.662e-03 | 最差占预算=0.430 (tol = 5.88×spacing(x)（中位等效倍数；= nulp×spacing + noise，noise 来源见调用点注释与 README §5.3）) | δ=noise ≥ spacing/2 ⇒ 全部 1280 个元素记为「边界元素」（非舍入噪声大于网格步长，分类退化）⇒ 判定用绝对界（网格项 + 非舍入项）
[check_ref] PASS S7 H_swiglu slot450: n=640 越界=0（非有限 0） | dev-ref| mean=1.122e-04 p50=4.079e-05 p90=2.784e-04 p99=9.211e-04 max=1.689e-03 | 最差占预算=0.321 (tol = 3.77×spacing(x)（中位等效倍数；= nulp×spacing + noise，noise 来源见调用点注释与 README §5.3）) | 常规 1 / 边界 639（δ=noise；绝对界已覆盖方向翻转）
[check_ref] PASS S8 Y slot450: n=2560 越界=0（非有限 0） | dev-ref| mean=4.301e-05 p50=0.000e+00 p90=1.221e-04 p99=2.441e-04 max=4.883e-04 | 最差占预算=0.886 (tol = 1.56×spacing(x)（中位等效倍数；= nulp×spacing + noise，noise 来源见调用点注释与 README §5.3）) | 常规 658 / 边界 1902（δ=noise；绝对界已覆盖方向翻转）
[check_ref] PASS S6 GU slot451 (t=1): n=1280 越界=0（非有限 0） | dev-ref| mean=5.479e-04 p50=4.883e-04 p90=1.465e-03 p99=2.686e-03 max=3.906e-03 | 最差占预算=0.437 (tol = 5.88×spacing(x)（中位等效倍数；= nulp×spacing + noise，noise 来源见调用点注释与 README §5.3）) | δ=noise ≥ spacing/2 ⇒ 全部 1280 个元素记为「边界元素」（非舍入噪声大于网格步长，分类退化）⇒ 判定用绝对界（网格项 + 非舍入项）
[check_ref] PASS S7 H_swiglu slot451: n=640 越界=0（非有限 0） | dev-ref| mean=1.144e-04 p50=4.169e-05 p90=3.218e-04 p99=9.069e-04 max=1.929e-03 | 最差占预算=0.319 (tol = 3.83×spacing(x)（中位等效倍数；= nulp×spacing + noise，noise 来源见调用点注释与 README §5.3）) | 常规 1 / 边界 639（δ=noise；绝对界已覆盖方向翻转）
[check_ref] PASS S8 Y slot451: n=2560 越界=0（非有限 0） | dev-ref| mean=4.514e-05 p50=3.052e-05 p90=1.221e-04 p99=2.441e-04 max=4.578e-04 | 最差占预算=0.892 (tol = 1.55×spacing(x)（中位等效倍数；= nulp×spacing + noise，noise 来源见调用点注释与 README §5.3）) | 常规 516 / 边界 2044（δ=noise；绝对界已覆盖方向翻转）
[check_ref] PASS S6 GU slot455 (t=10): n=12800 越界=0（非有限 0） | dev-ref| mean=5.849e-04 p50=3.662e-04 p90=1.465e-03 p99=3.174e-03 max=7.324e-03 | 最差占预算=0.559 (tol = 5.69×spacing(x)（中位等效倍数；= nulp×spacing + noise，noise 来源见调用点注释与 README §5.3）) | δ=noise ≥ spacing/2 ⇒ 全部 12800 个元素记为「边界元素」（非舍入噪声大于网格步长，分类退化）⇒ 判定用绝对界（网格项 + 非舍入项）
[check_ref] PASS S7 H_swiglu slot455: n=6400 越界=0（非有限 0） | dev-ref| mean=1.244e-04 p50=4.971e-05 p90=3.333e-04 p99=9.644e-04 max=3.795e-03 | 最差占预算=0.329 (tol = 3.83×spacing(x)（中位等效倍数；= nulp×spacing + noise，noise 来源见调用点注释与 README §5.3）) | 常规 2 / 边界 6398（δ=noise；绝对界已覆盖方向翻转）
[check_ref] PASS S8 Y slot455: n=25600 越界=0（非有限 0） | dev-ref| mean=4.847e-05 p50=3.052e-05 p90=1.221e-04 p99=2.441e-04 max=3.418e-03 | 最差占预算=0.925 (tol = 1.6×spacing(x)（中位等效倍数；= nulp×spacing + noise，noise 来源见调用点注释与 README §5.3）) | 常规 5613 / 边界 19987（δ=noise；绝对界已覆盖方向翻转）
[check_ref] PASS S6 GU slot458 (t=1): n=1280 越界=0（非有限 0） | dev-ref| mean=5.197e-04 p50=3.662e-04 p90=1.221e-03 p99=2.930e-03 max=3.662e-03 | 最差占预算=0.451 (tol = 5.67×spacing(x)（中位等效倍数；= nulp×spacing + noise，noise 来源见调用点注释与 README §5.3）) | δ=noise ≥ spacing/2 ⇒ 全部 1280 个元素记为「边界元素」（非舍入噪声大于网格步长，分类退化）⇒ 判定用绝对界（网格项 + 非舍入项）
[check_ref] PASS S7 H_swiglu slot458: n=640 越界=0（非有限 0） | dev-ref| mean=9.389e-05 p50=4.485e-05 p90=2.319e-04 p99=6.952e-04 max=1.931e-03 | 最差占预算=0.324 (tol = 3.82×spacing(x)（中位等效倍数；= nulp×spacing + noise，noise 来源见调用点注释与 README §5.3）) | δ=noise ≥ spacing/2 ⇒ 全部 640 个元素记为「边界元素」（非舍入噪声大于网格步长，分类退化）⇒ 判定用绝对界（网格项 + 非舍入项）
[check_ref] PASS S8 Y slot458: n=2560 越界=0（非有限 0） | dev-ref| mean=3.347e-05 p50=3.052e-05 p90=9.155e-05 p99=1.831e-04 max=2.441e-04 | 最差占预算=0.907 (tol = 1.52×spacing(x)（中位等效倍数；= nulp×spacing + noise，noise 来源见调用点注释与 README §5.3）) | 常规 578 / 边界 1982（δ=noise；绝对界已覆盖方向翻转）
[check_ref] PASS S6 GU slot460 (t=4): n=5120 越界=0（非有限 0） | dev-ref| mean=5.702e-04 p50=4.883e-04 p90=1.465e-03 p99=2.930e-03 max=3.906e-03 | 最差占预算=0.465 (tol = 5.78×spacing(x)（中位等效倍数；= nulp×spacing + noise，noise 来源见调用点注释与 README §5.3）) | δ=noise ≥ spacing/2 ⇒ 全部 5120 个元素记为「边界元素」（非舍入噪声大于网格步长，分类退化）⇒ 判定用绝对界（网格项 + 非舍入项）
[check_ref] PASS S7 H_swiglu slot460: n=2560 越界=0（非有限 0） | dev-ref| mean=1.113e-04 p50=4.633e-05 p90=2.735e-04 p99=9.252e-04 max=3.150e-03 | 最差占预算=0.330 (tol = 3.83×spacing(x)（中位等效倍数；= nulp×spacing + noise，noise 来源见调用点注释与 README §5.3）) | δ=noise ≥ spacing/2 ⇒ 全部 2560 个元素记为「边界元素」（非舍入噪声大于网格步长，分类退化）⇒ 判定用绝对界（网格项 + 非舍入项）
[check_ref] PASS S8 Y slot460: n=10240 越界=0（非有限 0） | dev-ref| mean=5.183e-05 p50=3.052e-05 p90=1.221e-04 p99=2.441e-04 max=6.714e-04 | 最差占预算=0.916 (tol = 1.47×spacing(x)（中位等效倍数；= nulp×spacing + noise，noise 来源见调用点注释与 README §5.3）) | 常规 2226 / 边界 8014（δ=noise；绝对界已覆盖方向翻转）
[check_ref] PASS S6 GU slot462 (t=1): n=1280 越界=0（非有限 0） | dev-ref| mean=5.426e-04 p50=3.662e-04 p90=1.465e-03 p99=2.930e-03 max=3.906e-03 | 最差占预算=0.477 (tol = 5.36×spacing(x)（中位等效倍数；= nulp×spacing + noise，noise 来源见调用点注释与 README §5.3）) | δ=noise ≥ spacing/2 ⇒ 全部 1280 个元素记为「边界元素」（非舍入噪声大于网格步长，分类退化）⇒ 判定用绝对界（网格项 + 非舍入项）
[check_ref] PASS S7 H_swiglu slot462: n=640 越界=0（非有限 0） | dev-ref| mean=1.029e-04 p50=3.975e-05 p90=2.462e-04 p99=8.309e-04 max=2.580e-03 | 最差占预算=0.331 (tol = 3.86×spacing(x)（中位等效倍数；= nulp×spacing + noise，noise 来源见调用点注释与 README §5.3）) | δ=noise ≥ spacing/2 ⇒ 全部 640 个元素记为「边界元素」（非舍入噪声大于网格步长，分类退化）⇒ 判定用绝对界（网格项 + 非舍入项）
[check_ref] PASS S8 Y slot462: n=2560 越界=0（非有限 0） | dev-ref| mean=4.660e-05 p50=3.052e-05 p90=1.221e-04 p99=2.441e-04 max=4.883e-04 | 最差占预算=0.922 (tol = 1.49×spacing(x)（中位等效倍数；= nulp×spacing + noise，noise 来源见调用点注释与 README §5.3）) | 常规 771 / 边界 1789（δ=noise；绝对界已覆盖方向翻转）
[check_ref] PASS S6 GU slot464 (t=4): n=5120 越界=0（非有限 0） | dev-ref| mean=5.154e-04 p50=2.441e-04 p90=1.221e-03 p99=2.686e-03 max=3.906e-03 | 最差占预算=0.481 (tol = 5.5×spacing(x)（中位等效倍数；= nulp×spacing + noise，noise 来源见调用点注释与 README §5.3）) | δ=noise ≥ spacing/2 ⇒ 全部 5120 个元素记为「边界元素」（非舍入噪声大于网格步长，分类退化）⇒ 判定用绝对界（网格项 + 非舍入项）
[check_ref] PASS S7 H_swiglu slot464: n=2560 越界=0（非有限 0） | dev-ref| mean=1.067e-04 p50=4.173e-05 p90=2.682e-04 p99=8.776e-04 max=3.370e-03 | 最差占预算=0.328 (tol = 3.83×spacing(x)（中位等效倍数；= nulp×spacing + noise，noise 来源见调用点注释与 README §5.3）) | δ=noise ≥ spacing/2 ⇒ 全部 2560 个元素记为「边界元素」（非舍入噪声大于网格步长，分类退化）⇒ 判定用绝对界（网格项 + 非舍入项）
[check_ref] PASS S8 Y slot464: n=10240 越界=0（非有限 0） | dev-ref| mean=4.879e-05 p50=3.052e-05 p90=1.221e-04 p99=2.441e-04 max=4.883e-04 | 最差占预算=0.926 (tol = 1.51×spacing(x)（中位等效倍数；= nulp×spacing + noise，noise 来源见调用点注释与 README §5.3）) | 常规 2184 / 边界 8056（δ=noise；绝对界已覆盖方向翻转）
[check_ref] PASS S6 GU slot465 (t=1): n=1280 越界=0（非有限 0） | dev-ref| mean=5.482e-04 p50=3.662e-04 p90=1.465e-03 p99=2.955e-03 max=3.662e-03 | 最差占预算=0.434 (tol = 5.67×spacing(x)（中位等效倍数；= nulp×spacing + noise，noise 来源见调用点注释与 README §5.3）) | δ=noise ≥ spacing/2 ⇒ 全部 1280 个元素记为「边界元素」（非舍入噪声大于网格步长，分类退化）⇒ 判定用绝对界（网格项 + 非舍入项）
[check_ref] PASS S7 H_swiglu slot465: n=640 越界=0（非有限 0） | dev-ref| mean=1.187e-04 p50=4.513e-05 p90=2.980e-04 p99=1.376e-03 max=1.787e-03 | 最差占预算=0.332 (tol = 3.79×spacing(x)（中位等效倍数；= nulp×spacing + noise，noise 来源见调用点注释与 README §5.3）) | 常规 1 / 边界 639（δ=noise；绝对界已覆盖方向翻转）
[check_ref] PASS S8 Y slot465: n=2560 越界=0（非有限 0） | dev-ref| mean=6.149e-05 p50=3.052e-05 p90=1.526e-04 p99=2.441e-04 max=4.883e-04 | 最差占预算=0.918 (tol = 1.36×spacing(x)（中位等效倍数；= nulp×spacing + noise，noise 来源见调用点注释与 README §5.3）) | 常规 639 / 边界 1921（δ=noise；绝对界已覆盖方向翻转）
[check_ref] PASS S6 GU slot468 (t=1): n=1280 越界=0（非有限 0） | dev-ref| mean=5.774e-04 p50=3.662e-04 p90=1.465e-03 p99=3.199e-03 max=3.906e-03 | 最差占预算=0.470 (tol = 5.72×spacing(x)（中位等效倍数；= nulp×spacing + noise，noise 来源见调用点注释与 README §5.3）) | δ=noise ≥ spacing/2 ⇒ 全部 1280 个元素记为「边界元素」（非舍入噪声大于网格步长，分类退化）⇒ 判定用绝对界（网格项 + 非舍入项）
[check_ref] PASS S7 H_swiglu slot468: n=640 越界=0（非有限 0） | dev-ref| mean=1.312e-04 p50=4.937e-05 p90=3.583e-04 p99=9.627e-04 max=2.407e-03 | 最差占预算=0.330 (tol = 3.79×spacing(x)（中位等效倍数；= nulp×spacing + noise，noise 来源见调用点注释与 README §5.3）) | δ=noise ≥ spacing/2 ⇒ 全部 640 个元素记为「边界元素」（非舍入噪声大于网格步长，分类退化）⇒ 判定用绝对界（网格项 + 非舍入项）
[check_ref] PASS S8 Y slot468: n=2560 越界=0（非有限 0） | dev-ref| mean=5.778e-05 p50=6.104e-05 p90=1.526e-04 p99=3.052e-04 max=4.883e-04 | 最差占预算=0.925 (tol = 1.43×spacing(x)（中位等效倍数；= nulp×spacing + noise，noise 来源见调用点注释与 README §5.3）) | 常规 845 / 边界 1715（δ=noise；绝对界已覆盖方向翻转）
[check_ref] PASS S6 GU slot470 (t=8): n=10240 越界=0（非有限 0） | dev-ref| mean=5.754e-04 p50=3.662e-04 p90=1.465e-03 p99=3.174e-03 max=3.906e-03 | 最差占预算=0.474 (tol = 5.9×spacing(x)（中位等效倍数；= nulp×spacing + noise，noise 来源见调用点注释与 README §5.3）) | δ=noise ≥ spacing/2 ⇒ 全部 10240 个元素记为「边界元素」（非舍入噪声大于网格步长，分类退化）⇒ 判定用绝对界（网格项 + 非舍入项）
[check_ref] PASS S7 H_swiglu slot470: n=5120 越界=0（非有限 0） | dev-ref| mean=1.275e-04 p50=4.730e-05 p90=3.396e-04 p99=1.094e-03 max=3.737e-03 | 最差占预算=0.328 (tol = 3.86×spacing(x)（中位等效倍数；= nulp×spacing + noise，noise 来源见调用点注释与 README §5.3）) | 常规 3 / 边界 5117（δ=noise；绝对界已覆盖方向翻转）
[check_ref] PASS S8 Y slot470: n=20480 越界=0（非有限 0） | dev-ref| mean=5.917e-05 p50=3.052e-05 p90=1.526e-04 p99=2.441e-04 max=3.296e-03 | 最差占预算=0.919 (tol = 1.42×spacing(x)（中位等效倍数；= nulp×spacing + noise，noise 来源见调用点注释与 README §5.3）) | 常规 5515 / 边界 14965（δ=noise；绝对界已覆盖方向翻转）
[check_ref] PASS S6 GU slot474 (t=1): n=1280 越界=0（非有限 0） | dev-ref| mean=6.032e-04 p50=4.883e-04 p90=1.465e-03 p99=3.418e-03 max=3.906e-03 | 最差占预算=0.474 (tol = 5.7×spacing(x)（中位等效倍数；= nulp×spacing + noise，noise 来源见调用点注释与 README §5.3）) | δ=noise ≥ spacing/2 ⇒ 全部 1280 个元素记为「边界元素」（非舍入噪声大于网格步长，分类退化）⇒ 判定用绝对界（网格项 + 非舍入项）
[check_ref] PASS S7 H_swiglu slot474: n=640 越界=0（非有限 0） | dev-ref| mean=1.181e-04 p50=4.940e-05 p90=3.226e-04 p99=8.369e-04 max=2.917e-03 | 最差占预算=0.328 (tol = 3.87×spacing(x)（中位等效倍数；= nulp×spacing + noise，noise 来源见调用点注释与 README §5.3）) | δ=noise ≥ spacing/2 ⇒ 全部 640 个元素记为「边界元素」（非舍入噪声大于网格步长，分类退化）⇒ 判定用绝对界（网格项 + 非舍入项）
[check_ref] PASS S8 Y slot474: n=2560 越界=0（非有限 0） | dev-ref| mean=4.902e-05 p50=6.104e-05 p90=1.221e-04 p99=2.441e-04 max=4.883e-04 | 最差占预算=0.906 (tol = 1.52×spacing(x)（中位等效倍数；= nulp×spacing + noise，noise 来源见调用点注释与 README §5.3）) | 常规 746 / 边界 1814（δ=noise；绝对界已覆盖方向翻转）
[check_ref] PASS S6 GU slot479 (t=1): n=1280 越界=0（非有限 0） | dev-ref| mean=5.447e-04 p50=3.662e-04 p90=1.465e-03 p99=2.686e-03 max=3.906e-03 | 最差占预算=0.476 (tol = 5.49×spacing(x)（中位等效倍数；= nulp×spacing + noise，noise 来源见调用点注释与 README §5.3）) | δ=noise ≥ spacing/2 ⇒ 全部 1280 个元素记为「边界元素」（非舍入噪声大于网格步长，分类退化）⇒ 判定用绝对界（网格项 + 非舍入项）
[check_ref] PASS S7 H_swiglu slot479: n=640 越界=0（非有限 0） | dev-ref| mean=1.243e-04 p50=4.055e-05 p90=3.274e-04 p99=1.149e-03 max=3.461e-03 | 最差占预算=0.319 (tol = 3.83×spacing(x)（中位等效倍数；= nulp×spacing + noise，noise 来源见调用点注释与 README §5.3）) | δ=noise ≥ spacing/2 ⇒ 全部 640 个元素记为「边界元素」（非舍入噪声大于网格步长，分类退化）⇒ 判定用绝对界（网格项 + 非舍入项）
[check_ref] PASS S8 Y slot479: n=2560 越界=0（非有限 0） | dev-ref| mean=5.093e-05 p50=3.052e-05 p90=1.221e-04 p99=2.441e-04 max=4.883e-04 | 最差占预算=0.902 (tol = 1.44×spacing(x)（中位等效倍数；= nulp×spacing + noise，noise 来源见调用点注释与 README §5.3）) | 常规 703 / 边界 1857（δ=noise；绝对界已覆盖方向翻转）
[check_ref] PASS S6 GU slot481 (t=8): n=10240 越界=0（非有限 0） | dev-ref| mean=5.522e-04 p50=3.662e-04 p90=1.465e-03 p99=2.930e-03 max=3.906e-03 | 最差占预算=0.478 (tol = 5.61×spacing(x)（中位等效倍数；= nulp×spacing + noise，noise 来源见调用点注释与 README §5.3）) | δ=noise ≥ spacing/2 ⇒ 全部 10240 个元素记为「边界元素」（非舍入噪声大于网格步长，分类退化）⇒ 判定用绝对界（网格项 + 非舍入项）
[check_ref] PASS S7 H_swiglu slot481: n=5120 越界=0（非有限 0） | dev-ref| mean=1.093e-04 p50=4.465e-05 p90=2.657e-04 p99=9.039e-04 max=3.485e-03 | 最差占预算=0.331 (tol = 3.85×spacing(x)（中位等效倍数；= nulp×spacing + noise，noise 来源见调用点注释与 README §5.3）) | 常规 1 / 边界 5119（δ=noise；绝对界已覆盖方向翻转）
[check_ref] PASS S8 Y slot481: n=20480 越界=0（非有限 0） | dev-ref| mean=4.808e-05 p50=3.052e-05 p90=1.221e-04 p99=2.441e-04 max=8.545e-04 | 最差占预算=0.906 (tol = 1.51×spacing(x)（中位等效倍数；= nulp×spacing + noise，noise 来源见调用点注释与 README §5.3）) | 常规 4552 / 边界 15928（δ=noise；绝对界已覆盖方向翻转）
[check_ref] PASS S6 GU slot482 (t=1): n=1280 越界=0（非有限 0） | dev-ref| mean=5.746e-04 p50=3.662e-04 p90=1.465e-03 p99=3.174e-03 max=3.906e-03 | 最差占预算=0.475 (tol = 5.29×spacing(x)（中位等效倍数；= nulp×spacing + noise，noise 来源见调用点注释与 README §5.3）) | δ=noise ≥ spacing/2 ⇒ 全部 1280 个元素记为「边界元素」（非舍入噪声大于网格步长，分类退化）⇒ 判定用绝对界（网格项 + 非舍入项）
[check_ref] PASS S7 H_swiglu slot482: n=640 越界=0（非有限 0） | dev-ref| mean=1.157e-04 p50=4.980e-05 p90=3.102e-04 p99=8.569e-04 max=1.845e-03 | 最差占预算=0.322 (tol = 3.78×spacing(x)（中位等效倍数；= nulp×spacing + noise，noise 来源见调用点注释与 README §5.3）) | δ=noise ≥ spacing/2 ⇒ 全部 640 个元素记为「边界元素」（非舍入噪声大于网格步长，分类退化）⇒ 判定用绝对界（网格项 + 非舍入项）
[check_ref] PASS S8 Y slot482: n=2560 越界=0（非有限 0） | dev-ref| mean=4.408e-05 p50=3.052e-05 p90=1.221e-04 p99=2.261e-04 max=4.883e-04 | 最差占预算=0.921 (tol = 1.59×spacing(x)（中位等效倍数；= nulp×spacing + noise，noise 来源见调用点注释与 README §5.3）) | 常规 515 / 边界 2045（δ=noise；绝对界已覆盖方向翻转）
[check_ref] PASS S6 GU slot483 (t=2): n=2560 越界=0（非有限 0） | dev-ref| mean=5.479e-04 p50=4.883e-04 p90=1.465e-03 p99=2.686e-03 max=3.906e-03 | 最差占预算=0.468 (tol = 5.74×spacing(x)（中位等效倍数；= nulp×spacing + noise，noise 来源见调用点注释与 README §5.3）) | δ=noise ≥ spacing/2 ⇒ 全部 2560 个元素记为「边界元素」（非舍入噪声大于网格步长，分类退化）⇒ 判定用绝对界（网格项 + 非舍入项）
[check_ref] PASS S7 H_swiglu slot483: n=1280 越界=0（非有限 0） | dev-ref| mean=1.160e-04 p50=4.404e-05 p90=2.980e-04 p99=1.023e-03 max=1.905e-03 | 最差占预算=0.330 (tol = 3.79×spacing(x)（中位等效倍数；= nulp×spacing + noise，noise 来源见调用点注释与 README §5.3）) | δ=noise ≥ spacing/2 ⇒ 全部 1280 个元素记为「边界元素」（非舍入噪声大于网格步长，分类退化）⇒ 判定用绝对界（网格项 + 非舍入项）
[check_ref] PASS S8 Y slot483: n=5120 越界=0（非有限 0） | dev-ref| mean=5.694e-05 p50=3.052e-05 p90=1.221e-04 p99=2.441e-04 max=4.883e-04 | 最差占预算=0.924 (tol = 1.4×spacing(x)（中位等效倍数；= nulp×spacing + noise，noise 来源见调用点注释与 README §5.3）) | 常规 1404 / 边界 3716（δ=noise；绝对界已覆盖方向翻转）
[check_ref] PASS S6 GU slot485 (t=4): n=5120 越界=0（非有限 0） | dev-ref| mean=5.652e-04 p50=3.662e-04 p90=1.465e-03 p99=3.174e-03 max=6.836e-03 | 最差占预算=0.552 (tol = 5.67×spacing(x)（中位等效倍数；= nulp×spacing + noise，noise 来源见调用点注释与 README §5.3）) | δ=noise ≥ spacing/2 ⇒ 全部 5120 个元素记为「边界元素」（非舍入噪声大于网格步长，分类退化）⇒ 判定用绝对界（网格项 + 非舍入项）
[check_ref] PASS S7 H_swiglu slot485: n=2560 越界=0（非有限 0） | dev-ref| mean=1.270e-04 p50=4.598e-05 p90=3.343e-04 p99=1.236e-03 max=3.691e-03 | 最差占预算=0.324 (tol = 3.83×spacing(x)（中位等效倍数；= nulp×spacing + noise，noise 来源见调用点注释与 README §5.3）) | 常规 1 / 边界 2559（δ=noise；绝对界已覆盖方向翻转）
[check_ref] PASS S8 Y slot485: n=10240 越界=0（非有限 0） | dev-ref| mean=5.519e-05 p50=3.052e-05 p90=1.221e-04 p99=2.441e-04 max=1.953e-03 | 最差占预算=0.933 (tol = 1.44×spacing(x)（中位等效倍数；= nulp×spacing + noise，noise 来源见调用点注释与 README §5.3）) | 常规 2425 / 边界 7815（δ=noise；绝对界已覆盖方向翻转）
[check_ref] PASS S6 GU slot486 (t=1): n=1280 越界=0（非有限 0） | dev-ref| mean=4.896e-04 p50=2.441e-04 p90=1.221e-03 p99=2.737e-03 max=3.906e-03 | 最差占预算=0.481 (tol = 5.31×spacing(x)（中位等效倍数；= nulp×spacing + noise，noise 来源见调用点注释与 README §5.3）) | δ=noise ≥ spacing/2 ⇒ 全部 1280 个元素记为「边界元素」（非舍入噪声大于网格步长，分类退化）⇒ 判定用绝对界（网格项 + 非舍入项）
[check_ref] PASS S7 H_swiglu slot486: n=640 越界=0（非有限 0） | dev-ref| mean=8.710e-05 p50=3.287e-05 p90=2.215e-04 p99=7.813e-04 max=1.227e-03 | 最差占预算=0.321 (tol = 3.8×spacing(x)（中位等效倍数；= nulp×spacing + noise，noise 来源见调用点注释与 README §5.3）) | δ=noise ≥ spacing/2 ⇒ 全部 640 个元素记为「边界元素」（非舍入噪声大于网格步长，分类退化）⇒ 判定用绝对界（网格项 + 非舍入项）
[check_ref] PASS S8 Y slot486: n=2560 越界=0（非有限 0） | dev-ref| mean=3.169e-05 p50=3.052e-05 p90=9.155e-05 p99=1.831e-04 max=2.441e-04 | 最差占预算=0.900 (tol = 1.48×spacing(x)（中位等效倍数；= nulp×spacing + noise，noise 来源见调用点注释与 README §5.3）) | 常规 747 / 边界 1813（δ=noise；绝对界已覆盖方向翻转）
[check_ref] PASS S6 GU slot494 (t=6): n=7680 越界=0（非有限 0） | dev-ref| mean=5.384e-04 p50=2.441e-04 p90=1.465e-03 p99=2.930e-03 max=3.906e-03 | 最差占预算=0.481 (tol = 5.69×spacing(x)（中位等效倍数；= nulp×spacing + noise，noise 来源见调用点注释与 README §5.3）) | δ=noise ≥ spacing/2 ⇒ 全部 7680 个元素记为「边界元素」（非舍入噪声大于网格步长，分类退化）⇒ 判定用绝对界（网格项 + 非舍入项）
[check_ref] PASS S7 H_swiglu slot494: n=3840 越界=0（非有限 0） | dev-ref| mean=1.176e-04 p50=4.032e-05 p90=2.941e-04 p99=1.162e-03 max=3.767e-03 | 最差占预算=0.330 (tol = 3.85×spacing(x)（中位等效倍数；= nulp×spacing + noise，noise 来源见调用点注释与 README §5.3）) | 常规 1 / 边界 3839（δ=noise；绝对界已覆盖方向翻转）
[check_ref] PASS S8 Y slot494: n=15360 越界=0（非有限 0） | dev-ref| mean=5.419e-05 p50=3.052e-05 p90=1.221e-04 p99=2.441e-04 max=7.935e-04 | 最差占预算=0.924 (tol = 1.42×spacing(x)（中位等效倍数；= nulp×spacing + noise，noise 来源见调用点注释与 README §5.3）) | 常规 3589 / 边界 11771（δ=noise；绝对界已覆盖方向翻转）
[check_ref] PASS S6 GU slot495 (t=2): n=2560 越界=0（非有限 0） | dev-ref| mean=5.240e-04 p50=3.662e-04 p90=1.343e-03 p99=2.125e-03 max=3.906e-03 | 最差占预算=0.481 (tol = 5.48×spacing(x)（中位等效倍数；= nulp×spacing + noise，noise 来源见调用点注释与 README §5.3）) | δ=noise ≥ spacing/2 ⇒ 全部 2560 个元素记为「边界元素」（非舍入噪声大于网格步长，分类退化）⇒ 判定用绝对界（网格项 + 非舍入项）
[check_ref] PASS S7 H_swiglu slot495: n=1280 越界=0（非有限 0） | dev-ref| mean=1.029e-04 p50=4.029e-05 p90=2.617e-04 p99=8.426e-04 max=1.898e-03 | 最差占预算=0.331 (tol = 3.83×spacing(x)（中位等效倍数；= nulp×spacing + noise，noise 来源见调用点注释与 README §5.3）) | δ=noise ≥ spacing/2 ⇒ 全部 1280 个元素记为「边界元素」（非舍入噪声大于网格步长，分类退化）⇒ 判定用绝对界（网格项 + 非舍入项）
[check_ref] PASS S8 Y slot495: n=5120 越界=0（非有限 0） | dev-ref| mean=4.685e-05 p50=3.052e-05 p90=1.221e-04 p99=2.441e-04 max=4.883e-04 | 最差占预算=0.911 (tol = 1.52×spacing(x)（中位等效倍数；= nulp×spacing + noise，noise 来源见调用点注释与 README §5.3）) | 常规 1034 / 边界 4086（δ=noise；绝对界已覆盖方向翻转）
[check_ref] PASS S6 GU slot496 (t=6): n=7680 越界=0（非有限 0） | dev-ref| mean=5.504e-04 p50=3.662e-04 p90=1.465e-03 p99=3.052e-03 max=3.906e-03 | 最差占预算=0.475 (tol = 5.64×spacing(x)（中位等效倍数；= nulp×spacing + noise，noise 来源见调用点注释与 README §5.3）) | δ=noise ≥ spacing/2 ⇒ 全部 7680 个元素记为「边界元素」（非舍入噪声大于网格步长，分类退化）⇒ 判定用绝对界（网格项 + 非舍入项）
[check_ref] PASS S7 H_swiglu slot496: n=3840 越界=0（非有限 0） | dev-ref| mean=1.192e-04 p50=4.340e-05 p90=3.052e-04 p99=1.023e-03 max=3.697e-03 | 最差占预算=0.328 (tol = 3.84×spacing(x)（中位等效倍数；= nulp×spacing + noise，noise 来源见调用点注释与 README §5.3）) | δ=noise ≥ spacing/2 ⇒ 全部 3840 个元素记为「边界元素」（非舍入噪声大于网格步长，分类退化）⇒ 判定用绝对界（网格项 + 非舍入项）
[check_ref] PASS S8 Y slot496: n=15360 越界=0（非有限 0） | dev-ref| mean=5.911e-05 p50=3.052e-05 p90=1.526e-04 p99=3.052e-04 max=9.155e-04 | 最差占预算=0.927 (tol = 1.41×spacing(x)（中位等效倍数；= nulp×spacing + noise，noise 来源见调用点注释与 README §5.3）) | 常规 4024 / 边界 11336（δ=noise；绝对界已覆盖方向翻转）
[check_ref] PASS S6 GU slot500 (t=2): n=2560 越界=0（非有限 0） | dev-ref| mean=5.421e-04 p50=3.662e-04 p90=1.465e-03 p99=2.930e-03 max=3.906e-03 | 最差占预算=0.477 (tol = 5.63×spacing(x)（中位等效倍数；= nulp×spacing + noise，noise 来源见调用点注释与 README §5.3）) | δ=noise ≥ spacing/2 ⇒ 全部 2560 个元素记为「边界元素」（非舍入噪声大于网格步长，分类退化）⇒ 判定用绝对界（网格项 + 非舍入项）
[check_ref] PASS S7 H_swiglu slot500: n=1280 越界=0（非有限 0） | dev-ref| mean=1.022e-04 p50=4.694e-05 p90=2.386e-04 p99=7.986e-04 max=3.008e-03 | 最差占预算=0.330 (tol = 3.87×spacing(x)（中位等效倍数；= nulp×spacing + noise，noise 来源见调用点注释与 README §5.3）) | 常规 1 / 边界 1279（δ=noise；绝对界已覆盖方向翻转）
[check_ref] PASS S8 Y slot500: n=5120 越界=0（非有限 0） | dev-ref| mean=4.394e-05 p50=3.052e-05 p90=1.221e-04 p99=2.441e-04 max=4.883e-04 | 最差占预算=0.916 (tol = 1.51×spacing(x)（中位等效倍数；= nulp×spacing + noise，noise 来源见调用点注释与 README §5.3）) | 常规 1089 / 边界 4031（δ=noise；绝对界已覆盖方向翻转）
[check_ref] PASS S6 GU slot501 (t=1): n=1280 越界=0（非有限 0） | dev-ref| mean=5.611e-04 p50=4.883e-04 p90=1.245e-03 p99=2.930e-03 max=3.906e-03 | 最差占预算=0.456 (tol = 5.74×spacing(x)（中位等效倍数；= nulp×spacing + noise，noise 来源见调用点注释与 README §5.3）) | δ=noise ≥ spacing/2 ⇒ 全部 1280 个元素记为「边界元素」（非舍入噪声大于网格步长，分类退化）⇒ 判定用绝对界（网格项 + 非舍入项）
[check_ref] PASS S7 H_swiglu slot501: n=640 越界=0（非有限 0） | dev-ref| mean=1.158e-04 p50=4.411e-05 p90=2.717e-04 p99=8.811e-04 max=2.054e-03 | 最差占预算=0.327 (tol = 3.91×spacing(x)（中位等效倍数；= nulp×spacing + noise，noise 来源见调用点注释与 README §5.3）) | δ=noise ≥ spacing/2 ⇒ 全部 640 个元素记为「边界元素」（非舍入噪声大于网格步长，分类退化）⇒ 判定用绝对界（网格项 + 非舍入项）
[check_ref] PASS S8 Y slot501: n=2560 越界=0（非有限 0） | dev-ref| mean=4.798e-05 p50=3.052e-05 p90=1.221e-04 p99=2.441e-04 max=4.883e-04 | 最差占预算=0.914 (tol = 1.53×spacing(x)（中位等效倍数；= nulp×spacing + noise，noise 来源见调用点注释与 README §5.3）) | 常规 523 / 边界 2037（δ=noise；绝对界已覆盖方向翻转）
[check_ref] PASS S6 GU slot504 (t=3): n=3840 越界=0（非有限 0） | dev-ref| mean=5.534e-04 p50=2.441e-04 p90=1.465e-03 p99=3.174e-03 max=3.906e-03 | 最差占预算=0.481 (tol = 5.75×spacing(x)（中位等效倍数；= nulp×spacing + noise，noise 来源见调用点注释与 README §5.3）) | δ=noise ≥ spacing/2 ⇒ 全部 3840 个元素记为「边界元素」（非舍入噪声大于网格步长，分类退化）⇒ 判定用绝对界（网格项 + 非舍入项）
[check_ref] PASS S7 H_swiglu slot504: n=1920 越界=0（非有限 0） | dev-ref| mean=1.149e-04 p50=4.262e-05 p90=2.825e-04 p99=9.439e-04 max=3.545e-03 | 最差占预算=0.332 (tol = 3.88×spacing(x)（中位等效倍数；= nulp×spacing + noise，noise 来源见调用点注释与 README §5.3）) | 常规 1 / 边界 1919（δ=noise；绝对界已覆盖方向翻转）
[check_ref] PASS S8 Y slot504: n=7680 越界=0（非有限 0） | dev-ref| mean=5.318e-05 p50=3.052e-05 p90=1.221e-04 p99=2.441e-04 max=8.545e-04 | 最差占预算=0.889 (tol = 1.44×spacing(x)（中位等效倍数；= nulp×spacing + noise，noise 来源见调用点注释与 README §5.3）) | 常规 1764 / 边界 5916（δ=noise；绝对界已覆盖方向翻转）
[check_ref] PASS S6 GU slot505 (t=2): n=2560 越界=0（非有限 0） | dev-ref| mean=5.703e-04 p50=3.662e-04 p90=1.465e-03 p99=3.102e-03 max=3.906e-03 | 最差占预算=0.462 (tol = 5.68×spacing(x)（中位等效倍数；= nulp×spacing + noise，noise 来源见调用点注释与 README §5.3）) | δ=noise ≥ spacing/2 ⇒ 全部 2560 个元素记为「边界元素」（非舍入噪声大于网格步长，分类退化）⇒ 判定用绝对界（网格项 + 非舍入项）
[check_ref] PASS S7 H_swiglu slot505: n=1280 越界=0（非有限 0） | dev-ref| mean=1.225e-04 p50=4.174e-05 p90=3.228e-04 p99=1.240e-03 max=2.601e-03 | 最差占预算=0.326 (tol = 3.84×spacing(x)（中位等效倍数；= nulp×spacing + noise，noise 来源见调用点注释与 README §5.3）) | δ=noise ≥ spacing/2 ⇒ 全部 1280 个元素记为「边界元素」（非舍入噪声大于网格步长，分类退化）⇒ 判定用绝对界（网格项 + 非舍入项）
[check_ref] PASS S8 Y slot505: n=5120 越界=0（非有限 0） | dev-ref| mean=5.701e-05 p50=3.052e-05 p90=1.221e-04 p99=2.747e-04 max=4.883e-04 | 最差占预算=0.930 (tol = 1.43×spacing(x)（中位等效倍数；= nulp×spacing + noise，noise 来源见调用点注释与 README §5.3）) | 常规 1358 / 边界 3762（δ=noise；绝对界已覆盖方向翻转）
[check_ref] PASS S6 GU slot506 (t=1): n=1280 越界=0（非有限 0） | dev-ref| mean=5.821e-04 p50=2.441e-04 p90=1.465e-03 p99=2.930e-03 max=3.906e-03 | 最差占预算=0.476 (tol = 5.76×spacing(x)（中位等效倍数；= nulp×spacing + noise，noise 来源见调用点注释与 README §5.3）) | δ=noise ≥ spacing/2 ⇒ 全部 1280 个元素记为「边界元素」（非舍入噪声大于网格步长，分类退化）⇒ 判定用绝对界（网格项 + 非舍入项）
[check_ref] PASS S7 H_swiglu slot506: n=640 越界=0（非有限 0） | dev-ref| mean=1.385e-04 p50=4.461e-05 p90=3.301e-04 p99=9.368e-04 max=7.453e-03 | 最差占预算=0.317 (tol = 3.81×spacing(x)（中位等效倍数；= nulp×spacing + noise，noise 来源见调用点注释与 README §5.3）) | δ=noise ≥ spacing/2 ⇒ 全部 640 个元素记为「边界元素」（非舍入噪声大于网格步长，分类退化）⇒ 判定用绝对界（网格项 + 非舍入项）
[check_ref] PASS S8 Y slot506: n=2560 越界=0（非有限 0） | dev-ref| mean=6.261e-05 p50=3.052e-05 p90=1.526e-04 p99=3.662e-04 max=4.883e-04 | 最差占预算=0.911 (tol = 1.39×spacing(x)（中位等效倍数；= nulp×spacing + noise，noise 来源见调用点注释与 README §5.3）) | 常规 692 / 边界 1868（δ=noise；绝对界已覆盖方向翻转）
[check_ref] PASS S6 GU slot507 (t=7): n=8960 越界=0（非有限 0） | dev-ref| mean=5.218e-04 p50=2.441e-04 p90=1.343e-03 p99=2.808e-03 max=3.906e-03 | 最差占预算=0.496 (tol = 5.42×spacing(x)（中位等效倍数；= nulp×spacing + noise，noise 来源见调用点注释与 README §5.3）) | δ=noise ≥ spacing/2 ⇒ 全部 8960 个元素记为「边界元素」（非舍入噪声大于网格步长，分类退化）⇒ 判定用绝对界（网格项 + 非舍入项）
[check_ref] PASS S7 H_swiglu slot507: n=4480 越界=0（非有限 0） | dev-ref| mean=1.095e-04 p50=3.828e-05 p90=2.616e-04 p99=9.624e-04 max=3.212e-03 | 最差占预算=0.327 (tol = 3.83×spacing(x)（中位等效倍数；= nulp×spacing + noise，noise 来源见调用点注释与 README §5.3）) | 常规 3 / 边界 4477（δ=noise；绝对界已覆盖方向翻转）
[check_ref] PASS S8 Y slot507: n=17920 越界=0（非有限 0） | dev-ref| mean=4.867e-05 p50=3.052e-05 p90=1.221e-04 p99=2.441e-04 max=7.935e-04 | 最差占预算=0.942 (tol = 1.42×spacing(x)（中位等效倍数；= nulp×spacing + noise，noise 来源见调用点注释与 README §5.3）) | 常规 5120 / 边界 12800（δ=noise；绝对界已覆盖方向翻转）
[check_ref] PASS S6 GU slot508 (t=11): n=14080 越界=0（非有限 0） | dev-ref| mean=5.157e-04 p50=2.441e-04 p90=1.221e-03 p99=2.808e-03 max=3.906e-03 | 最差占预算=0.497 (tol = 5.42×spacing(x)（中位等效倍数；= nulp×spacing + noise，noise 来源见调用点注释与 README §5.3）) | δ=noise ≥ spacing/2 ⇒ 全部 14080 个元素记为「边界元素」（非舍入噪声大于网格步长，分类退化）⇒ 判定用绝对界（网格项 + 非舍入项）
[check_ref] PASS S7 H_swiglu slot508: n=7040 越界=0（非有限 0） | dev-ref| mean=1.047e-04 p50=4.009e-05 p90=2.414e-04 p99=8.753e-04 max=6.538e-03 | 最差占预算=0.330 (tol = 3.83×spacing(x)（中位等效倍数；= nulp×spacing + noise，noise 来源见调用点注释与 README §5.3）) | 常规 3 / 边界 7037（δ=noise；绝对界已覆盖方向翻转）
[check_ref] PASS S8 Y slot508: n=28160 越界=0（非有限 0） | dev-ref| mean=4.626e-05 p50=3.052e-05 p90=1.221e-04 p99=2.441e-04 max=4.883e-04 | 最差占预算=0.938 (tol = 1.43×spacing(x)（中位等效倍数；= nulp×spacing + noise，noise 来源见调用点注释与 README §5.3）) | 常规 7815 / 边界 20345（δ=noise；绝对界已覆盖方向翻转）
[check_ref] PASS S6 GU slot509 (t=1): n=1280 越界=0（非有限 0） | dev-ref| mean=6.124e-04 p50=4.883e-04 p90=1.587e-03 p99=3.174e-03 max=3.906e-03 | 最差占预算=0.470 (tol = 5.61×spacing(x)（中位等效倍数；= nulp×spacing + noise，noise 来源见调用点注释与 README §5.3）) | δ=noise ≥ spacing/2 ⇒ 全部 1280 个元素记为「边界元素」（非舍入噪声大于网格步长，分类退化）⇒ 判定用绝对界（网格项 + 非舍入项）
[check_ref] PASS S7 H_swiglu slot509: n=640 越界=0（非有限 0） | dev-ref| mean=1.452e-04 p50=5.579e-05 p90=3.795e-04 p99=1.195e-03 max=3.556e-03 | 最差占预算=0.323 (tol = 3.85×spacing(x)（中位等效倍数；= nulp×spacing + noise，noise 来源见调用点注释与 README §5.3）) | δ=noise ≥ spacing/2 ⇒ 全部 640 个元素记为「边界元素」（非舍入噪声大于网格步长，分类退化）⇒ 判定用绝对界（网格项 + 非舍入项）
[check_ref] PASS S8 Y slot509: n=2560 越界=0（非有限 0） | dev-ref| mean=6.820e-05 p50=6.104e-05 p90=1.831e-04 p99=3.662e-04 max=4.883e-04 | 最差占预算=0.915 (tol = 1.42×spacing(x)（中位等效倍数；= nulp×spacing + noise，noise 来源见调用点注释与 README §5.3）) | 常规 953 / 边界 1607（δ=noise；绝对界已覆盖方向翻转）
[check_ref] PASS S6 GU slot511 (t=1): n=1280 越界=0（非有限 0） | dev-ref| mean=4.715e-04 p50=2.441e-04 p90=1.221e-03 p99=1.953e-03 max=3.540e-03 | 最差占预算=0.442 (tol = 5.29×spacing(x)（中位等效倍数；= nulp×spacing + noise，noise 来源见调用点注释与 README §5.3）) | δ=noise ≥ spacing/2 ⇒ 全部 1280 个元素记为「边界元素」（非舍入噪声大于网格步长，分类退化）⇒ 判定用绝对界（网格项 + 非舍入项）
[check_ref] PASS S7 H_swiglu slot511: n=640 越界=0（非有限 0） | dev-ref| mean=7.930e-05 p50=3.447e-05 p90=2.123e-04 p99=5.989e-04 max=9.668e-04 | 最差占预算=0.331 (tol = 3.86×spacing(x)（中位等效倍数；= nulp×spacing + noise，noise 来源见调用点注释与 README §5.3）) | δ=noise ≥ spacing/2 ⇒ 全部 640 个元素记为「边界元素」（非舍入噪声大于网格步长，分类退化）⇒ 判定用绝对界（网格项 + 非舍入项）
[check_ref] PASS S8 Y slot511: n=2560 越界=0（非有限 0） | dev-ref| mean=2.862e-05 p50=3.052e-05 p90=6.104e-05 p99=1.526e-04 max=2.441e-04 | 最差占预算=0.909 (tol = 1.48×spacing(x)（中位等效倍数；= nulp×spacing + noise，noise 来源见调用点注释与 README §5.3）) | 常规 784 / 边界 1776（δ=noise；绝对界已覆盖方向翻转）
[check_ref] PASS S7 H_qx 逐字节 vs numpy(MxQuant 硬件规范): 0/204800 字节不符
[check_ref] PASS S7 H_scale 逐字节 vs numpy(MxQuant 硬件规范): 0/12800 字节不符
[check_ref] PASS S6 GU_shd (真实共享专家): n=81920 越界=0（非有限 0） | dev-ref| mean=4.227e-04 p50=2.441e-04 p90=9.766e-04 p99=1.953e-03 max=7.812e-03 | 最差占预算=0.716 (tol = 6.42×spacing(x)（中位等效倍数；= nulp×spacing + noise，noise 来源见调用点注释与 README §5.3）) | 常规 3 / 边界 81917（δ=noise；绝对界已覆盖方向翻转）
[check_ref] PASS S7 H_shd: n=40960 越界=0（非有限 0） | dev-ref| mean=7.009e-05 p50=2.375e-05 p90=1.748e-04 p99=7.129e-04 max=1.280e-02 | 最差占预算=0.332 (tol = 3.86×spacing(x)（中位等效倍数；= nulp×spacing + noise，noise 来源见调用点注释与 README §5.3）) | 常规 10 / 边界 40950（δ=noise；绝对界已覆盖方向翻转）
[check_ref] PASS S7 H_shd_qx 逐字节 vs numpy: 0/20480
[check_ref] PASS S7 H_shd_scale 逐字节 vs numpy: 0/1280
[check_ref] PASS S8 Y_shd: n=163840 越界=0（非有限 0） | dev-ref| mean=2.395e-05 p50=1.526e-05 p90=6.104e-05 p99=1.221e-04 max=7.401e-03 | 最差占预算=0.954 (tol = 1.43×spacing(x)（中位等效倍数；= nulp×spacing + noise，noise 来源见调用点注释与 README §5.3）) | 常规 56944 / 边界 106896（δ=noise；绝对界已覆盖方向翻转）
[check_ref] PASS S9a routed_output (加权折叠): n=163840 越界=0（非有限 0） | dev-ref| mean=2.217e-05 p50=1.355e-05 p90=5.387e-05 p99=1.143e-04 max=1.778e-03 | 最差占预算=1.000 (tol = 1×spacing(x)（中位等效倍数；= nulp×spacing + noise，noise 来源见调用点注释与 README §5.3）) | 常规 162233 / 边界 1607（δ=noise；绝对界已覆盖方向翻转）
[check_ref] PASS S9b shared_output (sigmoid(g)·Y_shd): n=163840 越界=0（非有限 0） | dev-ref| mean=1.169e-05 p50=6.603e-06 p90=2.760e-05 p99=6.061e-05 max=1.173e-03 | 最差占预算=0.326 (tol = 3.84×spacing(x)（中位等效倍数；= nulp×spacing + noise，noise 来源见调用点注释与 README §5.3）) | 常规 50 / 边界 163790（δ=noise；绝对界已覆盖方向翻转）
[check_ref] PASS S9b moe_output (routed + 未取整 gated shared): n=163840 越界=0（非有限 0） | dev-ref| mean=2.622e-05 p50=1.554e-05 p90=5.964e-05 p99=1.208e-04 max=2.328e-03 | 最差占预算=0.992 (tol = 2.24×spacing(x)（中位等效倍数；= nulp×spacing + noise，noise 来源见调用点注释与 README §5.3）) | 常规 19582 / 边界 144258（δ=noise；绝对界已覆盖方向翻转）
[check_ref] PASS S10 y_final (RMSNorm#2 over res2, gamma=真实 hc_norm): n=163840 越界=0（非有限 0） | dev-ref| mean=4.884e-04 p50=2.568e-04 p90=1.264e-03 p99=3.203e-03 max=5.206e-02 | 最差占预算=0.332 (tol = 3.83×spacing(x)（中位等效倍数；= nulp×spacing + noise，noise 来源见调用点注释与 README §5.3）) | 常规 81 / 边界 163759（δ=noise；绝对界已覆盖方向翻转）
[check_ref] PASS S10 res2 (fp32(res1+bf16(moe)) 逐位): 0/163840 不符
[check_ref] PASS e2e router ids == device topk_ids（链上重算）: 0/640 元素不符
[check_ref] PASS e2e counts == device counts: 0/512 元素不符
[check_ref] PASS e2e 链上量化字节 == device 字节（A_qx/A_scale/H_qx/H_scale）: 0/1088000 字节不符（A 侧应 0：x_sorted 逐位一致；H 侧差异来自 GU 的舍入）
[check_ref] PASS e2e moe_output（A 链，输入=真实 x）: n=163840 越界=0（非有限 0） | dev-ref| mean=2.074e-09 p50=0.000e+00 p90=0.000e+00 p99=0.000e+00 max=2.441e-04 | 最差占预算=0.527 (tol = 3.83×spacing(x)（中位等效倍数；= nulp×spacing + noise，noise 来源见调用点注释与 README §5.3）) | δ=noise ≥ spacing/2 ⇒ 全部 163840 个元素记为「边界元素」（非舍入噪声大于网格步长，分类退化）⇒ 判定用绝对界（网格项 + 非舍入项）
[check_ref] PASS e2e y_final（A 链，输入=真实 x）: n=163840 越界=0（非有限 0） | dev-ref| mean=1.132e-07 p50=0.000e+00 p90=0.000e+00 p99=0.000e+00 max=3.906e-03 | 最差占预算=0.610 (tol = 3.83×spacing(x)（中位等效倍数；= nulp×spacing + noise，noise 来源见调用点注释与 README §5.3）) | 常规 81 / 边界 163759（δ=noise；绝对界已覆盖方向翻转）
[check_ref] PASS W1 量化规则方向定点（amax∈{0.5,1,2} ⇒ scale 字节 124/125/126、code 6、反量化回 amax；设备无关、规则不敏感）: quant_hw: byte=(124, 125, 126) code=(6, 6, 6) 反量化=(0.5, 1.0, 2.0) | quantize_ocp: byte=(124, 125, 126) code=(6, 6, 6) 反量化=(0.5, 1.0, 2.0)
[check_ref] PASS 自检-W2 负向对照：方向反的 legacy 规则必须在定点上分叉（code ≠ 6）: 方向反（x × 2^(byte−127)）：code=(0, 1, 2)，而 scale 字节与正确规则**逐字节相同** = (124, 125, 126) ⇒ 只比 scale 字节的 vf-probe 对 data 侧翻转完全无感（M59 §6 第 3 步）
[check_ref] PASS W3 角落平价：quant_hw == tools/golden::quantize_ocp（±Inf/NaN / 次正规 / 全零，逐字节；设备无关）: ±Inf/NaN 组: byte=(255, 255) code=((0, 0, 0, 0), (0, 0, 0, 0)) == quantize_ocp | 次正规/最小正规组: byte=(0, 0) code=((0, 0, 0, 0), (8, 0, 0, 0)) == quantize_ocp | 全零组: byte=(0,) code=((0, 0, 0, 0),) == quantize_ocp
[check_ref] PASS 自检-W3n 负向对照：M60 修复前的镜像必须在角落上与官方分叉: f0286f6:m17_moe_real/check_ref.py::quant_hw：与 quantize_ocp 失配 5/85 字节（+Inf 组给 scale 253/code 7，官方 255/code 0；`amax=2⁻¹²⁶` 组给 code 4，官方 code 0）⇒ M29 以来既有判据从未覆盖这两个角落（真实数据 0 个这样的组）
[check_ref] PASS W4 device 量化字节 == tools/golden::quantize_ocp（A/H routed + 共享，含 scale 与 nibble，逐字节；S1 输入 + 同源转录规则）: 0/1196800 字节不符
[check_ref] PASS 自检-W4n 负向对照：方向反的 legacy 规则 vs device 字节必须失配: 1058817/1196800 字节不符 = 88.5%（M59 在 m3 上的归档同类读数 94.8%、在 m1 golden 上 44.2%）
[check_ref] PASS W5 设备侧方向定点：每个活动组的 |amax| 元素码必须 ∈ {6,7}（= 值 4.0/6.0）: 违反 0/70400 组（A/H routed + 共享；分母 = 全部活动组）
[check_ref] PASS 自检-W5n 负向对照：方向反的规则在同一统计上必须违反: 违反 69329/70400 组 ⇒ 该统计对方向翻转是活的
[check_ref] PASS W6 值域往返：|dequant(device H 字节) − h_ref| ≤ 2·scale + (1×spacing + EPS_FAST·|h_ref|)（h_ref = host double SwiGLU，**不由 device 字节反推**）: n=450560 越界=0 | |Δ| p50=9.083e-03 p99=7.882e-02 max=5.240e-01 | 预算 max=2.060e+00 最差占预算=0.955 | 相对误差（h_ref ≠ 0，p50/p99/max）=2.423e-01/1.000e+00/1.004e+00
[check_ref] PASS 自检-W6n 负向对照：方向反的编码在同一判据上必须越界: 越界=71756/450560 | 相对误差 p50/max=1.000e+00/1.000e+00（同口径下 M59 在 m3 上的归档读数 = p50 142 / max 5.79e76；本数据组的尺度更小，方向反后码被压到 0，相对误差饱和在 1.0 —— 这也是本判据用**绝对界 + 预算比**而不是相对误差作判定的原因）
[check_ref] ===== 判定项 716 条，716 PASS / 0 FAIL （分段 700 + e2e 5 + 量化规则见证 11，其中负向自检 5）=====
[check_ref][coverage] 本次实际比较：判定项 716（分段 700 + e2e 5 + 量化规则见证 11，其中负向自检 5）；guard 1（单列）
[check_ref][coverage]   全量比较：x_norm/res1/logits(全部 512 个专家)/topk_ids/topk_weights/perm_src/perm_expert/inv_slot/w_tk_packed/sgate/x_sorted(前 640 行)/routed/shared/moe/y_final/res2（m=64 行全部元素）
[check_ref][coverage]   部分比较：A/H 量化字节与 GU/h_swiglu/Y/共享四段只比**非空槽位的前 t_e 行**（活动槽 224/512，跳过 288 个空槽）
[check_ref][coverage]   不在本脚本范围（各由 host 不变量 / guard / device 日志见证）：counts 与 offsets 的前缀和一致性、t_e∈[0,64]、ids 范围与行内唯一、perm 分组有序、inv_slot 自洽、w_tk 低 16 位、全体有限、topk 行和≈1、offsets[E+1] 之后的诊断槽
[check_ref][coverage]   量化规则见证（M60）的三态分栏：**W1/W2/W3/W3n 设备无关**（只吃合成输入，不读 dump；可与装置无关地复跑）；**W0/W4/W4n/W5/W5n/W6/W6n 吃已归档 dump**（`W0` 读整段 `ws_*.bin` 的 sha256，其余读段内字节；身份与 `evidence/dump_manifest.md` 逐份核对），覆盖 = 全部 224 个活动槽（A/H routed + 共享）的**前 t_e 行**，即 1196800 个 A/H 量化字节与 70400 个活动组 —— 计数与匹配器同源（同一循环，不另写数字）；**不在覆盖内**：空槽（288 个）与各行 padding、scale 行距尾部字节（`hs[:, :, 20:]` 等 device 不写或不用的槽位）、`W6` 的 h_ref 自身误差（由 S7 判据见证，本判据只把它的界并入预算）
[check_ref][coverage]   ⇒ **本脚本的 OK 不等于「整个 workspace 都比过了」**：空槽位/各段 padding 行/上述 host 侧项不在**内容**判据的比较范围（负向对照见 README §5.3.1：**在归档 dump 上篡改空槽位或行距尾部的字节 ⇒ 内容判据仍全 OK，但 `W0` 会因整段 sha 变化而 FAIL** —— 此时要按「**除 W0 外全 PASS**」读；内容是覆盖边界、不是漏判。历史口径：M29 时这条篡改只报「内容判据 OK」，M60 新增的 `W0`（整段身份 pin）把它变成「内容 OK + 身份 FAIL」，逐条对照见 README §5.3.1 的「M29 → M60 的一处行为变化」注）
[check_ref] RESULT: OK (716 条判定项全部比较通过：分段判据 700 + e2e 链 5 + 量化规则见证 11（含负向自检 5）；另有 1 条非空洞性 guard 单列、未计入)
exit=0

########## layer8_tok2000_m1 (/tmp/m17_L8) ##########
[check_ref] dump=/tmp/m17_L8 tag=layer8_tok2000_m1
[check_ref] layer=8 token=2000 m=1
[check_ref] 真实权重装载完成（独立 safetensors 路径）：E=512 专家，gate_up packed 0.781 GiB
[check_ref][guard] 非空洞性：Σt_e=10 == m·topk=10；perm/counts/inv 数组非空
[check_ref][报告] e2e A/B 链差（S1 残差放大）：moe max=0.000e+00 y_final max=0.000e+00
[check_ref][报告] W6b 值域往返的 **S1-free 变体**：h_ref 取 §5.4 的 A 链（输入 = 真实 x，全程不取 device 中间量）⇒ n=7040 | |Δ| p50=1.282e-03 p99=1.040e-02 max=3.076e-02 | 同预算下最差占预算=0.947 越界=0/7040 | 相对误差 p50/max=1.852e-01/1.000e+00
[check_ref][报告] W6/W4/W5 的自指形态：W4/W5/W6 的**输入**都含 device 中间量（`x_sorted` / `bf16 GU` / `xnorm`）⇒ 按 M59 §1 记为 **S1（隔离判据）**，**不得计入「独立端到端」**；W4 的规则来自 `quantize_ocp` ⇒ **同源转录**（非两处独立）。规则不敏感的那一半是 W1/W5/W6 的「方向 + 值域」口径 —— 它们只引用 MXFP4 group32 的数学（量化实现只以「两份转写并列」的形式出现，不拿其一当基准）。
[check_ref][参考] A_qx(routed): device 字节 vs「golden 权重 ceil 规范」量化器 5320/12800 不同 = 41.6%
[check_ref][参考] A_scale(routed): device 字节 vs「golden 权重 ceil 规范」量化器 350/800 不同 = 43.8%
[check_ref][参考] IG 诊断槽(offsets[E+8]) = 0（0 = 无越界 ids）

[check_ref] PASS W0 dump 身份 pin：本轮的 ws_*.bin 整段 sha256 == evidence/dump_manifest.md: 63e21d554817e7cfeae751a3d7ea43fbcffe423ac43f4180f17c610654c5cce7 vs 63e21d554817e7cfeae751a3d7ea43fbcffe423ac43f4180f17c610654c5cce7（= 归档字节）
[check_ref] PASS S1 x_norm (RMSNorm#1, gamma=真实 hc_norm): n=2560 越界=0（非有限 0） | dev-ref| mean=2.982e-04 p50=1.472e-04 p90=7.785e-04 p99=1.808e-03 max=7.292e-03 | 最差占预算=0.328 (tol = 3.82×spacing(x)（中位等效倍数；= nulp×spacing + noise，noise 来源见调用点注释与 README §5.3）) | δ=noise ≥ spacing/2 ⇒ 全部 2560 个元素记为「边界元素」（非舍入噪声大于网格步长，分类退化）⇒ 判定用绝对界（网格项 + 非舍入项）
[check_ref] PASS S1 res1 (残差 = bf16 层输入, fp32 逐位): 0/2560 元素不符
[check_ref] PASS S2 logits (x_norm·Wᵀ, max-shift): n=512 越界=0（非有限 0） | dev-ref| mean=2.704e-08 p50=2.046e-08 p90=5.739e-08 p99=9.768e-08 max=1.119e-07 | 最差占预算=0.003 (tol = 0.0215×spacing(x)（中位等效倍数；= nulp×spacing + noise，noise 来源见调用点注释与 README §5.3）) | 常规 480 / 边界 32（δ=noise；绝对界已覆盖方向翻转）
[check_ref] PASS S2 topk_ids (降序/并列取小 id): 0/10 元素不符
[check_ref] PASS S2 topk_weights (renorm): n=10 越界=0（非有限 0） | dev-ref| mean=2.779e-09 p50=1.628e-09 p90=5.129e-09 p99=1.000e-08 max=1.054e-08 | 最差占预算=0.000 (tol = 3.98×spacing(x)（中位等效倍数；= nulp×spacing + noise，noise 来源见调用点注释与 README §5.3）) | δ=noise ≥ spacing/2 ⇒ 全部 10 个元素记为「边界元素」（非舍入噪声大于网格步长，分类退化）⇒ 判定用绝对界（网格项 + 非舍入项）
[check_ref] PASS S2 sgate (共享门裸点积): n=1 越界=0（非有限 0） | dev-ref| mean=1.537e-09 p50=1.537e-09 p90=1.537e-09 p99=1.537e-09 max=1.537e-09 | 最差占预算=0.000 (tol = 0.0715×spacing(x)（中位等效倍数；= nulp×spacing + noise，noise 来源见调用点注释与 README §5.3）) | 常规 1 / 边界 0（δ=noise；绝对界已覆盖方向翻转）
[check_ref] PASS S3 perm_src (计数排序, 稳定): 0/10 元素不符
[check_ref] PASS S3 perm_expert: 0/10 元素不符
[check_ref] PASS S3 counts: 0/512 元素不符
[check_ref] PASS S3 inv_slot (=e*M_MAX+槽位行号): 0/10 元素不符
[check_ref] PASS S3 w_tk_packed (低16位=bf16(权重)): 0/10 元素不符
[check_ref] PASS S4 x_sorted = gather(x_norm, perm_src): 0/25600 元素不符
[check_ref] PASS S5 A_qx 逐字节 vs numpy(MxQuant 硬件规范): 0/12800 字节不符
[check_ref] PASS S5 A_scale 逐字节 vs numpy(MxQuant 硬件规范): 0/800 字节不符
[check_ref] PASS S5 A_shd_qx 逐字节 vs numpy: 0/1280
[check_ref] PASS S5 A_shd_scale 逐字节 vs numpy: 0/80
[check_ref] PASS S6 GU slot10 (t=1): n=1280 越界=0（非有限 0） | dev-ref| mean=2.190e-04 p50=1.221e-04 p90=5.493e-04 p99=9.155e-04 max=1.709e-03 | 最差占预算=0.438 (tol = 4.8×spacing(x)（中位等效倍数；= nulp×spacing + noise，noise 来源见调用点注释与 README §5.3）) | δ=noise ≥ spacing/2 ⇒ 全部 1280 个元素记为「边界元素」（非舍入噪声大于网格步长，分类退化）⇒ 判定用绝对界（网格项 + 非舍入项）
[check_ref] PASS S7 H_swiglu slot10: n=640 越界=0（非有限 0） | dev-ref| mean=1.869e-05 p50=7.005e-06 p90=5.305e-05 p99=1.198e-04 max=4.552e-04 | 最差占预算=0.325 (tol = 3.87×spacing(x)（中位等效倍数；= nulp×spacing + noise，noise 来源见调用点注释与 README §5.3）) | δ=noise ≥ spacing/2 ⇒ 全部 640 个元素记为「边界元素」（非舍入噪声大于网格步长，分类退化）⇒ 判定用绝对界（网格项 + 非舍入项）
[check_ref] PASS S8 Y slot10: n=2560 越界=0（非有限 0） | dev-ref| mean=6.618e-06 p50=3.815e-06 p90=1.526e-05 p99=3.052e-05 max=6.104e-05 | 最差占预算=0.921 (tol = 1.44×spacing(x)（中位等效倍数；= nulp×spacing + noise，noise 来源见调用点注释与 README §5.3）) | 常规 549 / 边界 2011（δ=noise；绝对界已覆盖方向翻转）
[check_ref] PASS S6 GU slot39 (t=1): n=1280 越界=0（非有限 0） | dev-ref| mean=2.302e-04 p50=1.221e-04 p90=6.104e-04 p99=9.766e-04 max=1.953e-03 | 最差占预算=0.529 (tol = 4.73×spacing(x)（中位等效倍数；= nulp×spacing + noise，noise 来源见调用点注释与 README §5.3）) | δ=noise ≥ spacing/2 ⇒ 全部 1280 个元素记为「边界元素」（非舍入噪声大于网格步长，分类退化）⇒ 判定用绝对界（网格项 + 非舍入项）
[check_ref] PASS S7 H_swiglu slot39: n=640 越界=0（非有限 0） | dev-ref| mean=1.543e-05 p50=6.939e-06 p90=4.070e-05 p99=1.100e-04 max=2.084e-04 | 最差占预算=0.321 (tol = 3.86×spacing(x)（中位等效倍数；= nulp×spacing + noise，noise 来源见调用点注释与 README §5.3）) | δ=noise ≥ spacing/2 ⇒ 全部 640 个元素记为「边界元素」（非舍入噪声大于网格步长，分类退化）⇒ 判定用绝对界（网格项 + 非舍入项）
[check_ref] PASS S8 Y slot39: n=2560 越界=0（非有限 0） | dev-ref| mean=6.725e-06 p50=7.629e-06 p90=1.526e-05 p99=3.052e-05 max=6.104e-05 | 最差占预算=0.915 (tol = 1.44×spacing(x)（中位等效倍数；= nulp×spacing + noise，noise 来源见调用点注释与 README §5.3）) | 常规 791 / 边界 1769（δ=noise；绝对界已覆盖方向翻转）
[check_ref] PASS S6 GU slot79 (t=1): n=1280 越界=0（非有限 0） | dev-ref| mean=1.931e-04 p50=1.221e-04 p90=4.883e-04 p99=9.155e-04 max=1.282e-03 | 最差占预算=0.381 (tol = 4.81×spacing(x)（中位等效倍数；= nulp×spacing + noise，noise 来源见调用点注释与 README §5.3）) | δ=noise ≥ spacing/2 ⇒ 全部 1280 个元素记为「边界元素」（非舍入噪声大于网格步长，分类退化）⇒ 判定用绝对界（网格项 + 非舍入项）
[check_ref] PASS S7 H_swiglu slot79: n=640 越界=0（非有限 0） | dev-ref| mean=1.471e-05 p50=6.404e-06 p90=4.244e-05 p99=1.051e-04 max=2.287e-04 | 最差占预算=0.323 (tol = 3.86×spacing(x)（中位等效倍数；= nulp×spacing + noise，noise 来源见调用点注释与 README §5.3）) | δ=noise ≥ spacing/2 ⇒ 全部 640 个元素记为「边界元素」（非舍入噪声大于网格步长，分类退化）⇒ 判定用绝对界（网格项 + 非舍入项）
[check_ref] PASS S8 Y slot79: n=2560 越界=0（非有限 0） | dev-ref| mean=5.984e-06 p50=3.815e-06 p90=1.526e-05 p99=3.052e-05 max=4.959e-05 | 最差占预算=0.865 (tol = 1.64×spacing(x)（中位等效倍数；= nulp×spacing + noise，noise 来源见调用点注释与 README §5.3）) | 常规 457 / 边界 2103（δ=noise；绝对界已覆盖方向翻转）
[check_ref] PASS S6 GU slot118 (t=1): n=1280 越界=0（非有限 0） | dev-ref| mean=2.244e-04 p50=1.221e-04 p90=4.883e-04 p99=9.766e-04 max=1.953e-03 | 最差占预算=0.521 (tol = 4.69×spacing(x)（中位等效倍数；= nulp×spacing + noise，noise 来源见调用点注释与 README §5.3）) | δ=noise ≥ spacing/2 ⇒ 全部 1280 个元素记为「边界元素」（非舍入噪声大于网格步长，分类退化）⇒ 判定用绝对界（网格项 + 非舍入项）
[check_ref] PASS S7 H_swiglu slot118: n=640 越界=0（非有限 0） | dev-ref| mean=1.776e-05 p50=7.523e-06 p90=4.861e-05 p99=1.118e-04 max=2.335e-04 | 最差占预算=0.312 (tol = 3.83×spacing(x)（中位等效倍数；= nulp×spacing + noise，noise 来源见调用点注释与 README §5.3）) | δ=noise ≥ spacing/2 ⇒ 全部 640 个元素记为「边界元素」（非舍入噪声大于网格步长，分类退化）⇒ 判定用绝对界（网格项 + 非舍入项）
[check_ref] PASS S8 Y slot118: n=2560 越界=0（非有限 0） | dev-ref| mean=6.784e-06 p50=3.815e-06 p90=1.526e-05 p99=3.052e-05 max=5.722e-05 | 最差占预算=0.842 (tol = 1.48×spacing(x)（中位等效倍数；= nulp×spacing + noise，noise 来源见调用点注释与 README §5.3）) | 常规 624 / 边界 1936（δ=noise；绝对界已覆盖方向翻转）
[check_ref] PASS S6 GU slot124 (t=1): n=1280 越界=0（非有限 0） | dev-ref| mean=2.221e-04 p50=1.221e-04 p90=5.493e-04 p99=9.766e-04 max=1.892e-03 | 最差占预算=0.520 (tol = 4.77×spacing(x)（中位等效倍数；= nulp×spacing + noise，noise 来源见调用点注释与 README §5.3）) | δ=noise ≥ spacing/2 ⇒ 全部 1280 个元素记为「边界元素」（非舍入噪声大于网格步长，分类退化）⇒ 判定用绝对界（网格项 + 非舍入项）
[check_ref] PASS S7 H_swiglu slot124: n=640 越界=0（非有限 0） | dev-ref| mean=1.756e-05 p50=6.870e-06 p90=4.629e-05 p99=1.288e-04 max=2.163e-04 | 最差占预算=0.307 (tol = 3.88×spacing(x)（中位等效倍数；= nulp×spacing + noise，noise 来源见调用点注释与 README §5.3）) | δ=noise ≥ spacing/2 ⇒ 全部 640 个元素记为「边界元素」（非舍入噪声大于网格步长，分类退化）⇒ 判定用绝对界（网格项 + 非舍入项）
[check_ref] PASS S8 Y slot124: n=2560 越界=0（非有限 0） | dev-ref| mean=7.731e-06 p50=3.815e-06 p90=2.289e-05 p99=3.815e-05 max=6.104e-05 | 最差占预算=0.902 (tol = 1.46×spacing(x)（中位等效倍数；= nulp×spacing + noise，noise 来源见调用点注释与 README §5.3）) | 常规 681 / 边界 1879（δ=noise；绝对界已覆盖方向翻转）
[check_ref] PASS S6 GU slot143 (t=1): n=1280 越界=0（非有限 0） | dev-ref| mean=2.179e-04 p50=1.221e-04 p90=4.883e-04 p99=9.155e-04 max=1.770e-03 | 最差占预算=0.467 (tol = 4.87×spacing(x)（中位等效倍数；= nulp×spacing + noise，noise 来源见调用点注释与 README §5.3）) | δ=noise ≥ spacing/2 ⇒ 全部 1280 个元素记为「边界元素」（非舍入噪声大于网格步长，分类退化）⇒ 判定用绝对界（网格项 + 非舍入项）
[check_ref] PASS S7 H_swiglu slot143: n=640 越界=0（非有限 0） | dev-ref| mean=1.780e-05 p50=7.322e-06 p90=4.885e-05 p99=1.191e-04 max=4.156e-04 | 最差占预算=0.317 (tol = 3.77×spacing(x)（中位等效倍数；= nulp×spacing + noise，noise 来源见调用点注释与 README §5.3）) | δ=noise ≥ spacing/2 ⇒ 全部 640 个元素记为「边界元素」（非舍入噪声大于网格步长，分类退化）⇒ 判定用绝对界（网格项 + 非舍入项）
[check_ref] PASS S8 Y slot143: n=2560 越界=0（非有限 0） | dev-ref| mean=6.512e-06 p50=7.629e-06 p90=1.526e-05 p99=3.052e-05 max=6.104e-05 | 最差占预算=0.917 (tol = 1.45×spacing(x)（中位等效倍数；= nulp×spacing + noise，noise 来源见调用点注释与 README §5.3）) | 常规 792 / 边界 1768（δ=noise；绝对界已覆盖方向翻转）
[check_ref] PASS S6 GU slot186 (t=1): n=1280 越界=0（非有限 0） | dev-ref| mean=2.054e-04 p50=1.221e-04 p90=4.883e-04 p99=9.155e-04 max=1.831e-03 | 最差占预算=0.512 (tol = 7.31×spacing(x)（中位等效倍数；= nulp×spacing + noise，noise 来源见调用点注释与 README §5.3）) | δ=noise ≥ spacing/2 ⇒ 全部 1280 个元素记为「边界元素」（非舍入噪声大于网格步长，分类退化）⇒ 判定用绝对界（网格项 + 非舍入项）
[check_ref] PASS S7 H_swiglu slot186: n=640 越界=0（非有限 0） | dev-ref| mean=1.509e-05 p50=5.642e-06 p90=4.387e-05 p99=1.138e-04 max=2.162e-04 | 最差占预算=0.321 (tol = 3.85×spacing(x)（中位等效倍数；= nulp×spacing + noise，noise 来源见调用点注释与 README §5.3）) | δ=noise ≥ spacing/2 ⇒ 全部 640 个元素记为「边界元素」（非舍入噪声大于网格步长，分类退化）⇒ 判定用绝对界（网格项 + 非舍入项）
[check_ref] PASS S8 Y slot186: n=2560 越界=0（非有限 0） | dev-ref| mean=6.018e-06 p50=3.815e-06 p90=1.526e-05 p99=3.052e-05 max=6.104e-05 | 最差占预算=0.924 (tol = 1.58×spacing(x)（中位等效倍数；= nulp×spacing + noise，noise 来源见调用点注释与 README §5.3）) | 常规 485 / 边界 2075（δ=noise；绝对界已覆盖方向翻转）
[check_ref] PASS S6 GU slot251 (t=1): n=1280 越界=0（非有限 0） | dev-ref| mean=2.214e-04 p50=1.221e-04 p90=5.493e-04 p99=9.766e-04 max=1.770e-03 | 最差占预算=0.485 (tol = 4.72×spacing(x)（中位等效倍数；= nulp×spacing + noise，noise 来源见调用点注释与 README §5.3）) | δ=noise ≥ spacing/2 ⇒ 全部 1280 个元素记为「边界元素」（非舍入噪声大于网格步长，分类退化）⇒ 判定用绝对界（网格项 + 非舍入项）
[check_ref] PASS S7 H_swiglu slot251: n=640 越界=0（非有限 0） | dev-ref| mean=1.703e-05 p50=6.574e-06 p90=4.561e-05 p99=1.175e-04 max=3.626e-04 | 最差占预算=0.329 (tol = 3.82×spacing(x)（中位等效倍数；= nulp×spacing + noise，noise 来源见调用点注释与 README §5.3）) | δ=noise ≥ spacing/2 ⇒ 全部 640 个元素记为「边界元素」（非舍入噪声大于网格步长，分类退化）⇒ 判定用绝对界（网格项 + 非舍入项）
[check_ref] PASS S8 Y slot251: n=2560 越界=0（非有限 0） | dev-ref| mean=7.599e-06 p50=3.815e-06 p90=1.907e-05 p99=3.815e-05 max=6.104e-05 | 最差占预算=0.903 (tol = 1.43×spacing(x)（中位等效倍数；= nulp×spacing + noise，noise 来源见调用点注释与 README §5.3）) | 常规 618 / 边界 1942（δ=noise；绝对界已覆盖方向翻转）
[check_ref] PASS S6 GU slot295 (t=1): n=1280 越界=0（非有限 0） | dev-ref| mean=2.166e-04 p50=1.221e-04 p90=4.883e-04 p99=9.283e-04 max=1.831e-03 | 最差占预算=0.498 (tol = 4.78×spacing(x)（中位等效倍数；= nulp×spacing + noise，noise 来源见调用点注释与 README §5.3）) | δ=noise ≥ spacing/2 ⇒ 全部 1280 个元素记为「边界元素」（非舍入噪声大于网格步长，分类退化）⇒ 判定用绝对界（网格项 + 非舍入项）
[check_ref] PASS S7 H_swiglu slot295: n=640 越界=0（非有限 0） | dev-ref| mean=1.912e-05 p50=7.495e-06 p90=5.479e-05 p99=1.424e-04 max=2.582e-04 | 最差占预算=0.326 (tol = 3.83×spacing(x)（中位等效倍数；= nulp×spacing + noise，noise 来源见调用点注释与 README §5.3）) | δ=noise ≥ spacing/2 ⇒ 全部 640 个元素记为「边界元素」（非舍入噪声大于网格步长，分类退化）⇒ 判定用绝对界（网格项 + 非舍入项）
[check_ref] PASS S8 Y slot295: n=2560 越界=0（非有限 0） | dev-ref| mean=7.665e-06 p50=7.629e-06 p90=2.289e-05 p99=3.815e-05 max=6.104e-05 | 最差占预算=0.909 (tol = 1.46×spacing(x)（中位等效倍数；= nulp×spacing + noise，noise 来源见调用点注释与 README §5.3）) | 常规 879 / 边界 1681（δ=noise；绝对界已覆盖方向翻转）
[check_ref] PASS S6 GU slot507 (t=1): n=1280 越界=0（非有限 0） | dev-ref| mean=2.152e-04 p50=1.221e-04 p90=4.883e-04 p99=9.155e-04 max=1.831e-03 | 最差占预算=0.492 (tol = 4.73×spacing(x)（中位等效倍数；= nulp×spacing + noise，noise 来源见调用点注释与 README §5.3）) | δ=noise ≥ spacing/2 ⇒ 全部 1280 个元素记为「边界元素」（非舍入噪声大于网格步长，分类退化）⇒ 判定用绝对界（网格项 + 非舍入项）
[check_ref] PASS S7 H_swiglu slot507: n=640 越界=0（非有限 0） | dev-ref| mean=1.646e-05 p50=6.619e-06 p90=4.708e-05 p99=1.158e-04 max=2.009e-04 | 最差占预算=0.327 (tol = 3.86×spacing(x)（中位等效倍数；= nulp×spacing + noise，noise 来源见调用点注释与 README §5.3）) | 常规 1 / 边界 639（δ=noise；绝对界已覆盖方向翻转）
[check_ref] PASS S8 Y slot507: n=2560 越界=0（非有限 0） | dev-ref| mean=6.545e-06 p50=7.629e-06 p90=1.526e-05 p99=3.052e-05 max=6.104e-05 | 最差占预算=0.893 (tol = 1.45×spacing(x)（中位等效倍数；= nulp×spacing + noise，noise 来源见调用点注释与 README §5.3）) | 常规 788 / 边界 1772（δ=noise；绝对界已覆盖方向翻转）
[check_ref] PASS S7 H_qx 逐字节 vs numpy(MxQuant 硬件规范): 0/3200 字节不符
[check_ref] PASS S7 H_scale 逐字节 vs numpy(MxQuant 硬件规范): 0/200 字节不符
[check_ref] PASS S6 GU_shd (真实共享专家): n=1280 越界=0（非有限 0） | dev-ref| mean=1.950e-04 p50=1.221e-04 p90=4.883e-04 p99=9.155e-04 max=1.648e-03 | 最差占预算=0.465 (tol = 6.99×spacing(x)（中位等效倍数；= nulp×spacing + noise，noise 来源见调用点注释与 README §5.3）) | δ=noise ≥ spacing/2 ⇒ 全部 1280 个元素记为「边界元素」（非舍入噪声大于网格步长，分类退化）⇒ 判定用绝对界（网格项 + 非舍入项）
[check_ref] PASS S7 H_shd: n=640 越界=0（非有限 0） | dev-ref| mean=1.372e-05 p50=6.313e-06 p90=3.260e-05 p99=1.016e-04 max=1.319e-04 | 最差占预算=0.319 (tol = 3.85×spacing(x)（中位等效倍数；= nulp×spacing + noise，noise 来源见调用点注释与 README §5.3）) | δ=noise ≥ spacing/2 ⇒ 全部 640 个元素记为「边界元素」（非舍入噪声大于网格步长，分类退化）⇒ 判定用绝对界（网格项 + 非舍入项）
[check_ref] PASS S7 H_shd_qx 逐字节 vs numpy: 0/320
[check_ref] PASS S7 H_shd_scale 逐字节 vs numpy: 0/20
[check_ref] PASS S8 Y_shd: n=2560 越界=0（非有限 0） | dev-ref| mean=5.235e-06 p50=3.815e-06 p90=1.526e-05 p99=3.052e-05 max=4.578e-05 | 最差占预算=0.889 (tol = 1.55×spacing(x)（中位等效倍数；= nulp×spacing + noise，noise 来源见调用点注释与 README §5.3）) | 常规 543 / 边界 2017（δ=noise；绝对界已覆盖方向翻转）
[check_ref] PASS S9a routed_output (加权折叠): n=2560 越界=0（非有限 0） | dev-ref| mean=2.446e-06 p50=1.589e-06 p90=6.080e-06 p99=1.322e-05 max=1.894e-05 | 最差占预算=0.999 (tol = 1×spacing(x)（中位等效倍数；= nulp×spacing + noise，noise 来源见调用点注释与 README §5.3）) | 常规 2527 / 边界 33（δ=noise；绝对界已覆盖方向翻转）
[check_ref] PASS S9b shared_output (sigmoid(g)·Y_shd): n=2560 越界=0（非有限 0） | dev-ref| mean=2.651e-06 p50=1.641e-06 p90=6.562e-06 p99=1.433e-05 max=3.023e-05 | 最差占预算=0.313 (tol = 3.81×spacing(x)（中位等效倍数；= nulp×spacing + noise，noise 来源见调用点注释与 README §5.3）) | 常规 2 / 边界 2558（δ=noise；绝对界已覆盖方向翻转）
[check_ref] PASS S9b moe_output (routed + 未取整 gated shared): n=2560 越界=0（非有限 0） | dev-ref| mean=3.471e-06 p50=2.263e-06 p90=8.039e-06 p99=1.481e-05 max=3.036e-05 | 最差占预算=0.928 (tol = 3.07×spacing(x)（中位等效倍数；= nulp×spacing + noise，noise 来源见调用点注释与 README §5.3）) | 常规 136 / 边界 2424（δ=noise；绝对界已覆盖方向翻转）
[check_ref] PASS S10 y_final (RMSNorm#2 over res2, gamma=真实 hc_norm): n=2560 越界=0（非有限 0） | dev-ref| mean=4.448e-04 p50=2.192e-04 p90=1.218e-03 p99=2.991e-03 max=3.880e-03 | 最差占预算=0.328 (tol = 3.85×spacing(x)（中位等效倍数；= nulp×spacing + noise，noise 来源见调用点注释与 README §5.3）) | 常规 7 / 边界 2553（δ=noise；绝对界已覆盖方向翻转）
[check_ref] PASS S10 res2 (fp32(res1+bf16(moe)) 逐位): 0/2560 不符
[check_ref] PASS e2e router ids == device topk_ids（链上重算）: 0/10 元素不符
[check_ref] PASS e2e counts == device counts: 0/512 元素不符
[check_ref] PASS e2e 链上量化字节 == device 字节（A_qx/A_scale/H_qx/H_scale）: 0/17000 字节不符（A 侧应 0：x_sorted 逐位一致；H 侧差异来自 GU 的舍入）
[check_ref] PASS e2e moe_output（A 链，输入=真实 x）: n=2560 越界=0（非有限 0） | dev-ref| mean=0.000e+00 p50=0.000e+00 p90=0.000e+00 p99=0.000e+00 max=0.000e+00 | 最差占预算=0.000 (tol = 3.81×spacing(x)（中位等效倍数；= nulp×spacing + noise，noise 来源见调用点注释与 README §5.3）) | δ=noise ≥ spacing/2 ⇒ 全部 2560 个元素记为「边界元素」（非舍入噪声大于网格步长，分类退化）⇒ 判定用绝对界（网格项 + 非舍入项）
[check_ref] PASS e2e y_final（A 链，输入=真实 x）: n=2560 越界=0（非有限 0） | dev-ref| mean=0.000e+00 p50=0.000e+00 p90=0.000e+00 p99=0.000e+00 max=0.000e+00 | 最差占预算=0.000 (tol = 3.83×spacing(x)（中位等效倍数；= nulp×spacing + noise，noise 来源见调用点注释与 README §5.3）) | 常规 7 / 边界 2553（δ=noise；绝对界已覆盖方向翻转）
[check_ref] PASS W1 量化规则方向定点（amax∈{0.5,1,2} ⇒ scale 字节 124/125/126、code 6、反量化回 amax；设备无关、规则不敏感）: quant_hw: byte=(124, 125, 126) code=(6, 6, 6) 反量化=(0.5, 1.0, 2.0) | quantize_ocp: byte=(124, 125, 126) code=(6, 6, 6) 反量化=(0.5, 1.0, 2.0)
[check_ref] PASS 自检-W2 负向对照：方向反的 legacy 规则必须在定点上分叉（code ≠ 6）: 方向反（x × 2^(byte−127)）：code=(0, 1, 2)，而 scale 字节与正确规则**逐字节相同** = (124, 125, 126) ⇒ 只比 scale 字节的 vf-probe 对 data 侧翻转完全无感（M59 §6 第 3 步）
[check_ref] PASS W3 角落平价：quant_hw == tools/golden::quantize_ocp（±Inf/NaN / 次正规 / 全零，逐字节；设备无关）: ±Inf/NaN 组: byte=(255, 255) code=((0, 0, 0, 0), (0, 0, 0, 0)) == quantize_ocp | 次正规/最小正规组: byte=(0, 0) code=((0, 0, 0, 0), (8, 0, 0, 0)) == quantize_ocp | 全零组: byte=(0,) code=((0, 0, 0, 0),) == quantize_ocp
[check_ref] PASS 自检-W3n 负向对照：M60 修复前的镜像必须在角落上与官方分叉: f0286f6:m17_moe_real/check_ref.py::quant_hw：与 quantize_ocp 失配 5/85 字节（+Inf 组给 scale 253/code 7，官方 255/code 0；`amax=2⁻¹²⁶` 组给 code 4，官方 code 0）⇒ M29 以来既有判据从未覆盖这两个角落（真实数据 0 个这样的组）
[check_ref] PASS W4 device 量化字节 == tools/golden::quantize_ocp（A/H routed + 共享，含 scale 与 nibble，逐字节；S1 输入 + 同源转录规则）: 0/18700 字节不符
[check_ref] PASS 自检-W4n 负向对照：方向反的 legacy 规则 vs device 字节必须失配: 16700/18700 字节不符 = 89.3%（M59 在 m3 上的归档同类读数 94.8%、在 m1 golden 上 44.2%）
[check_ref] PASS W5 设备侧方向定点：每个活动组的 |amax| 元素码必须 ∈ {6,7}（= 值 4.0/6.0）: 违反 0/1100 组（A/H routed + 共享；分母 = 全部活动组）
[check_ref] PASS 自检-W5n 负向对照：方向反的规则在同一统计上必须违反: 违反 1100/1100 组 ⇒ 该统计对方向翻转是活的
[check_ref] PASS W6 值域往返：|dequant(device H 字节) − h_ref| ≤ 2·scale + (1×spacing + EPS_FAST·|h_ref|)（h_ref = host double SwiGLU，**不由 device 字节反推**）: n=7040 越界=0 | |Δ| p50=1.285e-03 p99=1.039e-02 max=3.081e-02 | 预算 max=6.462e-02 最差占预算=0.951 | 相对误差（h_ref ≠ 0，p50/p99/max）=1.870e-01/1.000e+00/1.004e+00
[check_ref] PASS 自检-W6n 负向对照：方向反的编码在同一判据上必须越界: 越界=1360/7040 | 相对误差 p50/max=1.000e+00/1.000e+00（同口径下 M59 在 m3 上的归档读数 = p50 142 / max 5.79e76；本数据组的尺度更小，方向反后码被压到 0，相对误差饱和在 1.0 —— 这也是本判据用**绝对界 + 预算比**而不是相对误差作判定的原因）
[check_ref] ===== 判定项 74 条，74 PASS / 0 FAIL （分段 58 + e2e 5 + 量化规则见证 11，其中负向自检 5）=====
[check_ref][coverage] 本次实际比较：判定项 74（分段 58 + e2e 5 + 量化规则见证 11，其中负向自检 5）；guard 1（单列）
[check_ref][coverage]   全量比较：x_norm/res1/logits(全部 512 个专家)/topk_ids/topk_weights/perm_src/perm_expert/inv_slot/w_tk_packed/sgate/x_sorted(前 10 行)/routed/shared/moe/y_final/res2（m=1 行全部元素）
[check_ref][coverage]   部分比较：A/H 量化字节与 GU/h_swiglu/Y/共享四段只比**非空槽位的前 t_e 行**（活动槽 10/512，跳过 502 个空槽）
[check_ref][coverage]   不在本脚本范围（各由 host 不变量 / guard / device 日志见证）：counts 与 offsets 的前缀和一致性、t_e∈[0,64]、ids 范围与行内唯一、perm 分组有序、inv_slot 自洽、w_tk 低 16 位、全体有限、topk 行和≈1、offsets[E+1] 之后的诊断槽
[check_ref][coverage]   量化规则见证（M60）的三态分栏：**W1/W2/W3/W3n 设备无关**（只吃合成输入，不读 dump；可与装置无关地复跑）；**W0/W4/W4n/W5/W5n/W6/W6n 吃已归档 dump**（`W0` 读整段 `ws_*.bin` 的 sha256，其余读段内字节；身份与 `evidence/dump_manifest.md` 逐份核对），覆盖 = 全部 10 个活动槽（A/H routed + 共享）的**前 t_e 行**，即 18700 个 A/H 量化字节与 1100 个活动组 —— 计数与匹配器同源（同一循环，不另写数字）；**不在覆盖内**：空槽（502 个）与各行 padding、scale 行距尾部字节（`hs[:, :, 20:]` 等 device 不写或不用的槽位）、`W6` 的 h_ref 自身误差（由 S7 判据见证，本判据只把它的界并入预算）
[check_ref][coverage]   ⇒ **本脚本的 OK 不等于「整个 workspace 都比过了」**：空槽位/各段 padding 行/上述 host 侧项不在**内容**判据的比较范围（负向对照见 README §5.3.1：**在归档 dump 上篡改空槽位或行距尾部的字节 ⇒ 内容判据仍全 OK，但 `W0` 会因整段 sha 变化而 FAIL** —— 此时要按「**除 W0 外全 PASS**」读；内容是覆盖边界、不是漏判。历史口径：M29 时这条篡改只报「内容判据 OK」，M60 新增的 `W0`（整段身份 pin）把它变成「内容 OK + 身份 FAIL」，逐条对照见 README §5.3.1 的「M29 → M60 的一处行为变化」注）
[check_ref] RESULT: OK (74 条判定项全部比较通过：分段判据 58 + e2e 链 5 + 量化规则见证 11（含负向自检 5）；另有 1 条非空洞性 guard 单列、未计入)
exit=0
